method,signal_date,entry_date,exit_observation_date,symbol,selected_surge_label,market_days_including_end,missing_or_nontrade_days,recorded_action_count,factor_drift_across_interval,recorded_action_ids,entry_raw_open,exit_raw_open,complete_action_free,open_to_open_price_return
logistic,2025-12-31,2026-01-02,2026-02-02,6205,False,22,0,0,False,,60.3,51.8,True,-0.14096185737976785
logistic,2025-12-31,2026-01-02,2026-02-02,3701,False,22,0,0,False,,53.8,55.8,True,0.037174721189590976
logistic,2025-12-31,2026-01-02,2026-02-02,3092,False,22,0,0,False,,25.6,24.9,True,-0.02734375000000011
logistic,2025-12-31,2026-01-02,2026-02-02,2413,False,22,0,0,False,,44.8,38.85,True,-0.1328124999999999
logistic,2025-12-31,2026-01-02,2026-02-02,1721,True,22,0,0,False,,17.95,17.45,True,-0.027855153203342642
logistic,2025-12-31,2026-01-02,2026-02-02,6442,False,22,0,0,False,,1385.0,1745.0,True,0.25992779783393494
logistic,2025-12-31,2026-01-02,2026-02-02,6706,False,22,0,0,False,,141.5,112.0,True,-0.20848056537102477
logistic,2025-12-31,2026-01-02,2026-02-02,6443,True,22,0,0,False,,28.35,40.8,True,0.4391534391534391
logistic,2025-12-31,2026-01-02,2026-02-02,6426,False,22,0,0,False,,101.5,123.0,True,0.21182266009852224
logistic,2025-12-31,2026-01-02,2026-02-02,4967,True,22,0,0,False,,190.0,242.0,True,0.27368421052631575
logistic,2025-12-31,2026-01-02,2026-02-02,8438,True,22,0,0,False,,44.85,58.0,True,0.29319955406911924
logistic,2025-12-31,2026-01-02,2026-02-02,3006,True,22,0,0,False,,119.5,195.0,True,0.6317991631799162
logistic,2025-12-31,2026-01-02,2026-02-02,2491,False,22,0,0,False,,20.2,17.9,True,-0.11386138613861385
logistic,2025-12-31,2026-01-02,2026-02-02,5521,False,22,0,0,False,,23.7,21.15,True,-0.10759493670886078
logistic,2025-12-31,2026-01-02,2026-02-02,1528,True,22,0,0,False,,23.0,27.3,True,0.18695652173913047
logistic,2025-12-31,2026-01-02,2026-02-02,4989,True,22,0,0,False,,53.8,52.7,True,-0.020446096654274992
logistic,2025-12-31,2026-01-02,2026-02-02,3550,False,22,0,0,False,,16.75,16.95,True,0.011940298507462588
logistic,2025-12-31,2026-01-02,2026-02-02,6152,True,22,0,0,False,,10.6,12.9,True,0.21698113207547176
logistic,2025-12-31,2026-01-02,2026-02-02,4722,False,22,0,0,False,,187.5,153.5,True,-0.18133333333333335
logistic,2025-12-31,2026-01-02,2026-02-02,8131,True,22,0,0,False,,66.9,76.2,True,0.13901345291479816
logistic,2025-12-31,2026-01-02,2026-02-02,3060,False,22,0,0,False,,31.9,33.85,True,0.06112852664576818
logistic,2025-12-31,2026-01-02,2026-02-02,2406,True,22,0,0,False,,25.35,27.65,True,0.09072978303747514
logistic,2025-12-31,2026-01-02,2026-02-02,6155,True,22,0,0,False,,47.2,54.2,True,0.14830508474576276
logistic,2025-12-31,2026-01-02,2026-02-02,2344,True,22,0,0,False,,83.1,121.5,True,0.4620938628158846
logistic,2025-12-31,2026-01-02,2026-02-02,3229,False,22,0,0,False,,27.0,22.0,True,-0.18518518518518523
logistic,2025-12-31,2026-01-02,2026-02-02,2451,True,22,0,0,False,,198.0,252.0,True,0.2727272727272727
logistic,2025-12-31,2026-01-02,2026-02-02,8271,False,22,0,0,False,,114.0,119.0,True,0.04385964912280693
logistic,2025-12-31,2026-01-02,2026-02-02,2441,False,22,0,0,False,,89.5,87.4,True,-0.02346368715083791
logistic,2025-12-31,2026-01-02,2026-02-02,3481,True,22,0,0,False,,16.95,20.85,True,0.23008849557522137
logistic,2025-12-31,2026-01-02,2026-02-02,2313,True,22,0,0,False,,93.9,173.0,True,0.8423855165069221
logistic,2025-12-31,2026-01-02,2026-02-02,4927,False,22,0,0,False,,32.8,31.55,True,-0.03810975609756084
logistic,2025-12-31,2026-01-02,2026-02-02,3138,True,22,0,0,False,,109.0,181.5,True,0.665137614678899
logistic,2025-12-31,2026-01-02,2026-02-02,6164,False,22,0,0,False,,12.55,12.6,True,0.003984063745019917
logistic,2025-12-31,2026-01-02,2026-02-02,2402,False,22,0,0,False,,64.1,53.3,True,-0.1684867394695787
logistic,2025-12-31,2026-01-02,2026-02-02,2329,False,22,0,0,False,,56.0,56.7,True,0.012499999999999956
logistic,2025-12-31,2026-01-02,2026-02-02,8110,True,22,0,0,False,,58.2,76.2,True,0.30927835051546393
logistic,2025-12-31,2026-01-02,2026-02-02,1727,False,22,0,0,False,,43.75,43.05,True,-0.016000000000000014
logistic,2025-12-31,2026-01-02,2026-02-02,8021,True,22,0,1,True,exrights:8021:20260113,193.5,196.5,False,
logistic,2025-12-31,2026-01-02,2026-02-02,6133,True,22,0,0,False,,21.0,24.35,True,0.15952380952380962
logistic,2025-12-31,2026-01-02,2026-02-02,6209,False,22,0,0,False,,67.3,65.5,True,-0.026745913818722045
logistic,2025-12-31,2026-01-02,2026-02-02,2349,False,22,0,0,False,,15.5,13.5,True,-0.12903225806451613
logistic,2025-12-31,2026-01-02,2026-02-02,2485,True,22,0,0,False,,26.5,40.1,True,0.5132075471698114
logistic,2025-12-31,2026-01-02,2026-02-02,1587,False,22,0,0,False,,49.95,45.2,True,-0.09509509509509506
logistic,2025-12-31,2026-01-02,2026-02-02,2009,False,22,0,0,False,,48.0,47.8,True,-0.004166666666666763
logistic,2025-12-31,2026-01-02,2026-02-02,2429,False,22,0,0,False,,80.3,61.6,True,-0.23287671232876705
logistic,2025-12-31,2026-01-02,2026-02-02,6431,False,22,0,0,False,,25.05,27.6,True,0.10179640718562877
logistic,2025-12-31,2026-01-02,2026-02-02,2493,False,22,0,0,False,,122.5,106.5,True,-0.1306122448979592
logistic,2025-12-31,2026-01-02,2026-02-02,6139,False,22,0,0,False,,554.0,560.0,True,0.010830324909747224
logistic,2025-12-31,2026-01-02,2026-02-02,2495,False,22,0,0,False,,33.05,34.25,True,0.036308623298033416
logistic,2025-12-31,2026-01-02,2026-02-02,8467,False,22,0,0,False,,180.0,181.0,True,0.005555555555555536
logistic,2025-12-31,2026-01-02,2026-02-02,3715,False,22,0,0,False,,128.0,140.5,True,0.09765625
logistic,2025-12-31,2026-01-02,2026-02-02,6658,False,22,0,0,False,,60.5,50.4,True,-0.16694214876033064
logistic,2025-12-31,2026-01-02,2026-02-02,3011,False,22,0,0,False,,15.15,13.35,True,-0.1188118811881188
logistic,2025-12-31,2026-01-02,2026-02-02,6515,True,22,0,0,False,,2880.0,3945.0,True,0.36979166666666674
logistic,2025-12-31,2026-01-02,2026-02-02,6257,False,22,0,0,False,,119.5,128.0,True,0.07112970711297062
logistic,2025-12-31,2026-01-02,2026-02-02,7740,False,22,0,0,False,,158.5,153.0,True,-0.034700315457413256
logistic,2025-12-31,2026-01-02,2026-02-02,2408,True,22,0,0,False,,192.5,310.0,True,0.6103896103896105
logistic,2025-12-31,2026-01-02,2026-02-02,2337,True,22,0,0,False,,40.55,87.0,True,1.1454993834771887
logistic,2025-12-31,2026-01-02,2026-02-02,6243,False,22,0,0,False,,36.65,34.1,True,-0.0695770804911322
mom60_skip5,2025-12-31,2026-01-02,2026-02-02,8110,True,22,0,0,False,,58.2,76.2,True,0.30927835051546393
mom60_skip5,2025-12-31,2026-01-02,2026-02-02,2485,True,22,0,0,False,,26.5,40.1,True,0.5132075471698114
mom60_skip5,2025-12-31,2026-01-02,2026-02-02,2408,True,22,0,0,False,,192.5,310.0,True,0.6103896103896105
mom60_skip5,2025-12-31,2026-01-02,2026-02-02,2344,True,22,0,0,False,,83.1,121.5,True,0.4620938628158846
mom60_skip5,2025-12-31,2026-01-02,2026-02-02,5521,False,22,0,0,False,,23.7,21.15,True,-0.10759493670886078
mom60_skip5,2025-12-31,2026-01-02,2026-02-02,6431,False,22,0,0,False,,25.05,27.6,True,0.10179640718562877
mom60_skip5,2025-12-31,2026-01-02,2026-02-02,6155,True,22,0,0,False,,47.2,54.2,True,0.14830508474576276
mom60_skip5,2025-12-31,2026-01-02,2026-02-02,6443,True,22,0,0,False,,28.35,40.8,True,0.4391534391534391
mom60_skip5,2025-12-31,2026-01-02,2026-02-02,8131,True,22,0,0,False,,66.9,76.2,True,0.13901345291479816
mom60_skip5,2025-12-31,2026-01-02,2026-02-02,2413,False,22,0,0,False,,44.8,38.85,True,-0.1328124999999999
mom60_skip5,2025-12-31,2026-01-02,2026-02-02,4967,True,22,0,0,False,,190.0,242.0,True,0.27368421052631575
mom60_skip5,2025-12-31,2026-01-02,2026-02-02,3229,False,22,0,0,False,,27.0,22.0,True,-0.18518518518518523
mom60_skip5,2025-12-31,2026-01-02,2026-02-02,2491,False,22,0,0,False,,20.2,17.9,True,-0.11386138613861385
mom60_skip5,2025-12-31,2026-01-02,2026-02-02,6209,False,22,0,0,False,,67.3,65.5,True,-0.026745913818722045
mom60_skip5,2025-12-31,2026-01-02,2026-02-02,3002,False,22,0,0,False,,25.15,21.5,True,-0.14512922465208744
mom60_skip5,2025-12-31,2026-01-02,2026-02-02,6805,False,22,0,0,False,,1635.0,1410.0,True,-0.13761467889908252
mom60_skip5,2025-12-31,2026-01-02,2026-02-02,6706,False,22,0,0,False,,141.5,112.0,True,-0.20848056537102477
mom60_skip5,2025-12-31,2026-01-02,2026-02-02,8112,False,22,0,0,False,,75.5,82.7,True,0.09536423841059616
mom60_skip5,2025-12-31,2026-01-02,2026-02-02,4989,True,22,0,0,False,,53.8,52.7,True,-0.020446096654274992
mom60_skip5,2025-12-31,2026-01-02,2026-02-02,2451,True,22,0,0,False,,198.0,252.0,True,0.2727272727272727
mom60_skip5,2025-12-31,2026-01-02,2026-02-02,8210,False,22,0,0,False,,1000.0,891.0,True,-0.10899999999999999
mom60_skip5,2025-12-31,2026-01-02,2026-02-02,8499,False,22,0,0,False,,341.0,291.5,True,-0.14516129032258063
mom60_skip5,2025-12-31,2026-01-02,2026-02-02,3025,False,22,0,0,False,,65.0,65.1,True,0.0015384615384614886
mom60_skip5,2025-12-31,2026-01-02,2026-02-02,8039,False,22,0,0,False,,85.8,85.5,True,-0.0034965034965034336
mom60_skip5,2025-12-31,2026-01-02,2026-02-02,6139,False,22,0,0,False,,554.0,560.0,True,0.010830324909747224
mom60_skip5,2025-12-31,2026-01-02,2026-02-02,2337,True,22,0,0,False,,40.55,87.0,True,1.1454993834771887
mom60_skip5,2025-12-31,2026-01-02,2026-02-02,1303,True,22,0,0,False,,60.2,74.6,True,0.23920265780730876
mom60_skip5,2025-12-31,2026-01-02,2026-02-02,6442,False,22,0,0,False,,1385.0,1745.0,True,0.25992779783393494
mom60_skip5,2025-12-31,2026-01-02,2026-02-02,2368,False,22,0,0,False,,684.0,703.0,True,0.02777777777777768
mom60_skip5,2025-12-31,2026-01-02,2026-02-02,6426,False,22,0,0,False,,101.5,123.0,True,0.21182266009852224
mom60_skip5,2025-12-31,2026-01-02,2026-02-02,5515,False,22,0,0,False,,36.0,32.1,True,-0.10833333333333328
mom60_skip5,2025-12-31,2026-01-02,2026-02-02,2349,False,22,0,0,False,,15.5,13.5,True,-0.12903225806451613
mom60_skip5,2025-12-31,2026-01-02,2026-02-02,3443,True,22,0,0,False,,2180.0,2580.0,True,0.1834862385321101
mom60_skip5,2025-12-31,2026-01-02,2026-02-02,8150,True,22,0,0,False,,47.85,59.0,True,0.23301985370950895
mom60_skip5,2025-12-31,2026-01-02,2026-02-02,2495,False,22,0,0,False,,33.05,34.25,True,0.036308623298033416
mom60_skip5,2025-12-31,2026-01-02,2026-02-02,3711,False,22,0,0,False,,253.0,294.0,True,0.1620553359683794
mom60_skip5,2025-12-31,2026-01-02,2026-02-02,3665,False,22,0,0,False,,1525.0,1270.0,True,-0.1672131147540984
mom60_skip5,2025-12-31,2026-01-02,2026-02-02,3037,True,22,0,0,False,,222.5,375.0,True,0.6853932584269662
mom60_skip5,2025-12-31,2026-01-02,2026-02-02,8996,True,22,0,0,False,,580.0,717.0,True,0.2362068965517241
mom60_skip5,2025-12-31,2026-01-02,2026-02-02,6770,True,22,0,0,False,,39.85,66.3,True,0.6637390213299874
mom60_skip5,2025-12-31,2026-01-02,2026-02-02,8021,True,22,0,1,True,exrights:8021:20260113,193.5,196.5,False,
mom60_skip5,2025-12-31,2026-01-02,2026-02-02,1519,True,22,0,0,False,,770.0,950.0,True,0.23376623376623384
mom60_skip5,2025-12-31,2026-01-02,2026-02-02,2313,True,22,0,0,False,,93.9,173.0,True,0.8423855165069221
mom60_skip5,2025-12-31,2026-01-02,2026-02-02,2441,False,22,0,0,False,,89.5,87.4,True,-0.02346368715083791
mom60_skip5,2025-12-31,2026-01-02,2026-02-02,3017,False,22,0,0,False,,1535.0,1440.0,True,-0.061889250814332275
mom60_skip5,2025-12-31,2026-01-02,2026-02-02,2406,True,22,0,0,False,,25.35,27.65,True,0.09072978303747514
mom60_skip5,2025-12-31,2026-01-02,2026-02-02,2399,False,22,0,0,False,,26.15,23.2,True,-0.11281070745697896
mom60_skip5,2025-12-31,2026-01-02,2026-02-02,3060,False,22,0,0,False,,31.9,33.85,True,0.06112852664576818
mom60_skip5,2025-12-31,2026-01-02,2026-02-02,1419,False,22,0,0,False,,66.6,72.6,True,0.09009009009009006
mom60_skip5,2025-12-31,2026-01-02,2026-02-02,1587,False,22,0,0,False,,49.95,45.2,True,-0.09509509509509506
mom60_skip5,2025-12-31,2026-01-02,2026-02-02,8271,False,22,0,0,False,,114.0,119.0,True,0.04385964912280693
mom60_skip5,2025-12-31,2026-01-02,2026-02-02,6282,True,22,0,0,False,,42.9,48.8,True,0.13752913752913742
mom60_skip5,2025-12-31,2026-01-02,2026-02-02,5522,False,22,0,0,False,,77.0,65.7,True,-0.14675324675324675
mom60_skip5,2025-12-31,2026-01-02,2026-02-02,3543,True,22,0,0,False,,41.75,44.2,True,0.05868263473053892
mom60_skip5,2025-12-31,2026-01-02,2026-02-02,6691,False,22,0,0,False,,565.0,588.0,True,0.04070796460176984
mom60_skip5,2025-12-31,2026-01-02,2026-02-02,2515,False,22,0,0,False,,12.8,13.7,True,0.07031249999999978
mom60_skip5,2025-12-31,2026-01-02,2026-02-02,3715,False,22,0,0,False,,128.0,140.5,True,0.09765625
mom60_skip5,2025-12-31,2026-01-02,2026-02-02,2449,True,22,0,0,False,,253.5,289.5,True,0.1420118343195267
mom60_skip5,2025-12-31,2026-01-02,2026-02-02,1802,True,22,0,0,False,,34.6,46.45,True,0.34248554913294793
logistic,2026-01-30,2026-02-02,2026-03-02,2408,False,13,0,0,False,,310.0,268.0,True,-0.13548387096774195
logistic,2026-01-30,2026-02-02,2026-03-02,2337,False,13,0,0,False,,87.0,105.5,True,0.21264367816091956
logistic,2026-01-30,2026-02-02,2026-03-02,6426,True,13,0,0,False,,123.0,180.5,True,0.467479674796748
logistic,2026-01-30,2026-02-02,2026-03-02,8110,False,13,0,0,False,,76.2,62.0,True,-0.18635170603674545
logistic,2026-01-30,2026-02-02,2026-03-02,6770,False,13,0,0,False,,66.3,71.4,True,0.0769230769230771
logistic,2026-01-30,2026-02-02,2026-03-02,3006,False,13,0,0,False,,195.0,149.0,True,-0.23589743589743595
logistic,2026-01-30,2026-02-02,2026-03-02,3481,True,13,0,0,False,,20.85,25.5,True,0.2230215827338129
logistic,2026-01-30,2026-02-02,2026-03-02,3135,False,13,0,0,False,,114.0,118.0,True,0.03508771929824572
logistic,2026-01-30,2026-02-02,2026-03-02,2344,False,13,0,0,False,,121.5,115.0,True,-0.053497942386831254
logistic,2026-01-30,2026-02-02,2026-03-02,6443,True,13,0,0,False,,40.8,44.8,True,0.0980392156862746
logistic,2026-01-30,2026-02-02,2026-03-02,6155,False,13,0,0,False,,54.2,50.3,True,-0.07195571955719571
logistic,2026-01-30,2026-02-02,2026-03-02,6282,False,13,0,0,False,,48.8,49.8,True,0.020491803278688492
logistic,2026-01-30,2026-02-02,2026-03-02,6442,True,13,0,0,False,,1745.0,2030.0,True,0.16332378223495692
logistic,2026-01-30,2026-02-02,2026-03-02,4764,False,13,0,0,False,,113.0,130.0,True,0.1504424778761062
logistic,2026-01-30,2026-02-02,2026-03-02,1809,False,13,0,0,False,,24.35,24.5,True,0.006160164271047153
logistic,2026-01-30,2026-02-02,2026-03-02,1721,False,13,0,0,False,,17.45,17.55,True,0.005730659025787954
logistic,2026-01-30,2026-02-02,2026-03-02,6152,True,13,0,0,False,,12.9,17.1,True,0.32558139534883734
logistic,2026-01-30,2026-02-02,2026-03-02,8104,False,13,0,0,False,,39.75,37.5,True,-0.05660377358490565
logistic,2026-01-30,2026-02-02,2026-03-02,2457,False,13,0,0,False,,28.75,30.2,True,0.050434782608695716
logistic,2026-01-30,2026-02-02,2026-03-02,3189,True,13,0,0,False,,245.0,300.0,True,0.22448979591836737
logistic,2026-01-30,2026-02-02,2026-03-02,8476,False,13,0,0,False,,18.7,20.1,True,0.07486631016042788
logistic,2026-01-30,2026-02-02,2026-03-02,2367,True,13,0,0,False,,52.5,61.0,True,0.161904761904762
logistic,2026-01-30,2026-02-02,2026-03-02,6133,False,13,0,0,False,,24.35,23.6,True,-0.030800821355236097
logistic,2026-01-30,2026-02-02,2026-03-02,2485,True,13,0,0,False,,40.1,42.45,True,0.05860349127182052
logistic,2026-01-30,2026-02-02,2026-03-02,2312,False,13,0,0,False,,25.7,25.0,True,-0.027237354085603127
logistic,2026-01-30,2026-02-02,2026-03-02,3701,True,13,0,0,False,,55.8,56.8,True,0.017921146953405076
logistic,2026-01-30,2026-02-02,2026-03-02,2451,False,13,0,0,False,,252.0,202.0,True,-0.19841269841269837
logistic,2026-01-30,2026-02-02,2026-03-02,3550,True,13,0,0,False,,16.95,17.75,True,0.0471976401179941
logistic,2026-01-30,2026-02-02,2026-03-02,8131,False,13,0,0,False,,76.2,66.0,True,-0.13385826771653542
logistic,2026-01-30,2026-02-02,2026-03-02,3576,True,13,0,0,False,,10.95,21.5,True,0.9634703196347034
logistic,2026-01-30,2026-02-02,2026-03-02,2028,False,13,0,0,False,,20.1,19.45,True,-0.03233830845771157
logistic,2026-01-30,2026-02-02,2026-03-02,2431,False,13,0,0,False,,15.65,15.25,True,-0.025559105431309903
logistic,2026-01-30,2026-02-02,2026-03-02,2303,False,13,0,0,False,,62.3,64.1,True,0.028892455858748
logistic,2026-01-30,2026-02-02,2026-03-02,2233,False,13,0,0,False,,279.0,226.0,True,-0.1899641577060932
logistic,2026-01-30,2026-02-02,2026-03-02,6949,False,13,0,0,False,,588.0,694.0,True,0.1802721088435375
logistic,2026-01-30,2026-02-02,2026-03-02,6285,False,13,0,0,False,,190.5,177.5,True,-0.06824146981627299
logistic,2026-01-30,2026-02-02,2026-03-02,3535,True,13,0,0,False,,101.0,125.5,True,0.24257425742574257
logistic,2026-01-30,2026-02-02,2026-03-02,3532,False,13,0,0,False,,139.0,133.5,True,-0.03956834532374098
logistic,2026-01-30,2026-02-02,2026-03-02,2369,False,13,0,0,False,,26.5,27.2,True,0.026415094339622636
logistic,2026-01-30,2026-02-02,2026-03-02,1717,False,13,0,0,False,,59.7,67.2,True,0.12562814070351758
logistic,2026-01-30,2026-02-02,2026-03-02,6657,False,13,0,0,False,,51.6,47.7,True,-0.07558139534883723
logistic,2026-01-30,2026-02-02,2026-03-02,3645,True,13,0,0,False,,62.5,61.1,True,-0.022399999999999975
logistic,2026-01-30,2026-02-02,2026-03-02,3037,True,13,0,0,False,,375.0,463.5,True,0.236
logistic,2026-01-30,2026-02-02,2026-03-02,9955,False,13,0,0,False,,33.0,36.95,True,0.11969696969696986
logistic,2026-01-30,2026-02-02,2026-03-02,2481,False,13,0,0,False,,89.6,88.0,True,-0.017857142857142794
logistic,2026-01-30,2026-02-02,2026-03-02,2419,False,13,0,0,False,,29.6,28.6,True,-0.03378378378378377
logistic,2026-01-30,2026-02-02,2026-03-02,3016,False,13,0,0,False,,61.6,60.2,True,-0.022727272727272707
logistic,2026-01-30,2026-02-02,2026-03-02,2484,False,13,0,0,False,,27.05,28.1,True,0.038817005545286554
logistic,2026-01-30,2026-02-02,2026-03-02,8150,False,13,0,0,False,,59.0,69.5,True,0.17796610169491522
logistic,2026-01-30,2026-02-02,2026-03-02,4958,False,13,0,0,False,,195.5,198.5,True,0.01534526854219953
logistic,2026-01-30,2026-02-02,2026-03-02,6706,False,13,0,0,False,,112.0,128.0,True,0.1428571428571428
logistic,2026-01-30,2026-02-02,2026-03-02,3060,False,13,0,0,False,,33.85,32.0,True,-0.05465288035450522
logistic,2026-01-30,2026-02-02,2026-03-02,3092,True,13,0,0,False,,24.9,35.0,True,0.4056224899598395
logistic,2026-01-30,2026-02-02,2026-03-02,2413,True,13,0,0,False,,38.85,53.6,True,0.3796653796653797
logistic,2026-01-30,2026-02-02,2026-03-02,1802,True,13,0,0,False,,46.45,56.5,True,0.21636167922497296
logistic,2026-01-30,2026-02-02,2026-03-02,6415,False,13,0,0,False,,278.0,272.0,True,-0.021582733812949617
logistic,2026-01-30,2026-02-02,2026-03-02,1503,False,13,0,0,False,,224.5,225.0,True,0.00222717149220486
logistic,2026-01-30,2026-02-02,2026-03-02,4967,False,13,0,0,False,,242.0,197.0,True,-0.18595041322314054
logistic,2026-01-30,2026-02-02,2026-03-02,1514,False,13,0,0,False,,120.0,123.0,True,0.02499999999999991
logistic,2026-01-30,2026-02-02,2026-03-02,4934,True,13,0,0,False,,15.5,18.0,True,0.16129032258064524
logistic,2026-01-30,2026-02-02,2026-03-02,2025,False,13,0,0,False,,13.35,12.05,True,-0.09737827715355796
logistic,2026-01-30,2026-02-02,2026-03-02,1528,False,13,0,0,False,,27.3,22.15,True,-0.18864468864468875
logistic,2026-01-30,2026-02-02,2026-03-02,2444,False,13,0,0,False,,12.4,13.4,True,0.08064516129032251
logistic,2026-01-30,2026-02-02,2026-03-02,1526,False,13,0,0,False,,19.8,19.85,True,0.002525252525252597
logistic,2026-01-30,2026-02-02,2026-03-02,8046,True,13,0,0,False,,381.0,540.0,True,0.4173228346456692
logistic,2026-01-30,2026-02-02,2026-03-02,1471,False,13,0,0,False,,12.2,13.35,True,0.09426229508196715
logistic,2026-01-30,2026-02-02,2026-03-02,2406,True,13,0,0,False,,27.65,32.8,True,0.1862567811934901
logistic,2026-01-30,2026-02-02,2026-03-02,3543,True,13,0,0,False,,44.2,50.5,True,0.14253393665158365
logistic,2026-01-30,2026-02-02,2026-03-02,2313,True,13,0,0,False,,173.0,196.0,True,0.13294797687861282
mom60_skip5,2026-01-30,2026-02-02,2026-03-02,8110,False,13,0,0,False,,76.2,62.0,True,-0.18635170603674545
mom60_skip5,2026-01-30,2026-02-02,2026-03-02,6443,True,13,0,0,False,,40.8,44.8,True,0.0980392156862746
mom60_skip5,2026-01-30,2026-02-02,2026-03-02,3135,False,13,0,0,False,,114.0,118.0,True,0.03508771929824572
mom60_skip5,2026-01-30,2026-02-02,2026-03-02,2485,True,13,0,0,False,,40.1,42.45,True,0.05860349127182052
mom60_skip5,2026-01-30,2026-02-02,2026-03-02,2413,True,13,0,0,False,,38.85,53.6,True,0.3796653796653797
mom60_skip5,2026-01-30,2026-02-02,2026-03-02,8438,True,13,0,0,False,,58.0,68.5,True,0.18103448275862077
mom60_skip5,2026-01-30,2026-02-02,2026-03-02,6155,False,13,0,0,False,,54.2,50.3,True,-0.07195571955719571
mom60_skip5,2026-01-30,2026-02-02,2026-03-02,2337,False,13,0,0,False,,87.0,105.5,True,0.21264367816091956
mom60_skip5,2026-01-30,2026-02-02,2026-03-02,8131,False,13,0,0,False,,76.2,66.0,True,-0.13385826771653542
mom60_skip5,2026-01-30,2026-02-02,2026-03-02,3037,True,13,0,0,False,,375.0,463.5,True,0.236
mom60_skip5,2026-01-30,2026-02-02,2026-03-02,1528,False,13,0,0,False,,27.3,22.15,True,-0.18864468864468875
mom60_skip5,2026-01-30,2026-02-02,2026-03-02,2313,True,13,0,0,False,,173.0,196.0,True,0.13294797687861282
mom60_skip5,2026-01-30,2026-02-02,2026-03-02,8150,False,13,0,0,False,,59.0,69.5,True,0.17796610169491522
mom60_skip5,2026-01-30,2026-02-02,2026-03-02,2408,False,13,0,0,False,,310.0,268.0,True,-0.13548387096774195
mom60_skip5,2026-01-30,2026-02-02,2026-03-02,6770,False,13,0,0,False,,66.3,71.4,True,0.0769230769230771
mom60_skip5,2026-01-30,2026-02-02,2026-03-02,3138,True,13,0,0,False,,181.5,193.0,True,0.06336088154269981
mom60_skip5,2026-01-30,2026-02-02,2026-03-02,8021,True,13,0,0,False,,196.5,248.0,True,0.2620865139949109
mom60_skip5,2026-01-30,2026-02-02,2026-03-02,3092,True,13,0,0,False,,24.9,35.0,True,0.4056224899598395
mom60_skip5,2026-01-30,2026-02-02,2026-03-02,1303,False,13,0,0,False,,74.6,88.3,True,0.1836461126005362
mom60_skip5,2026-01-30,2026-02-02,2026-03-02,2451,False,13,0,0,False,,252.0,202.0,True,-0.19841269841269837
mom60_skip5,2026-01-30,2026-02-02,2026-03-02,2344,False,13,0,0,False,,121.5,115.0,True,-0.053497942386831254
mom60_skip5,2026-01-30,2026-02-02,2026-03-02,4927,True,13,0,0,False,,31.55,44.65,True,0.41521394611727414
mom60_skip5,2026-01-30,2026-02-02,2026-03-02,3481,True,13,0,0,False,,20.85,25.5,True,0.2230215827338129
mom60_skip5,2026-01-30,2026-02-02,2026-03-02,6431,False,13,0,0,False,,27.6,25.3,True,-0.08333333333333337
mom60_skip5,2026-01-30,2026-02-02,2026-03-02,2367,True,13,0,0,False,,52.5,61.0,True,0.161904761904762
mom60_skip5,2026-01-30,2026-02-02,2026-03-02,1802,True,13,0,0,False,,46.45,56.5,True,0.21636167922497296
mom60_skip5,2026-01-30,2026-02-02,2026-03-02,3443,False,13,0,0,False,,2580.0,2700.0,True,0.04651162790697683
mom60_skip5,2026-01-30,2026-02-02,2026-03-02,4764,False,13,0,0,False,,113.0,130.0,True,0.1504424778761062
mom60_skip5,2026-01-30,2026-02-02,2026-03-02,6152,True,13,0,0,False,,12.9,17.1,True,0.32558139534883734
mom60_skip5,2026-01-30,2026-02-02,2026-03-02,1717,False,13,0,0,False,,59.7,67.2,True,0.12562814070351758
mom60_skip5,2026-01-30,2026-02-02,2026-03-02,6515,True,13,0,0,False,,3945.0,4895.0,True,0.24081115335868186
mom60_skip5,2026-01-30,2026-02-02,2026-03-02,3189,True,13,0,0,False,,245.0,300.0,True,0.22448979591836737
mom60_skip5,2026-01-30,2026-02-02,2026-03-02,3025,False,13,0,0,False,,65.1,58.5,True,-0.10138248847926257
mom60_skip5,2026-01-30,2026-02-02,2026-03-02,3006,False,13,0,0,False,,195.0,149.0,True,-0.23589743589743595
mom60_skip5,2026-01-30,2026-02-02,2026-03-02,1721,False,13,0,0,False,,17.45,17.55,True,0.005730659025787954
mom60_skip5,2026-01-30,2026-02-02,2026-03-02,3532,False,13,0,0,False,,139.0,133.5,True,-0.03956834532374098
mom60_skip5,2026-01-30,2026-02-02,2026-03-02,2406,True,13,0,0,False,,27.65,32.8,True,0.1862567811934901
mom60_skip5,2026-01-30,2026-02-02,2026-03-02,3308,False,13,0,0,False,,20.85,24.1,True,0.15587529976019177
mom60_skip5,2026-01-30,2026-02-02,2026-03-02,6706,False,13,0,0,False,,112.0,128.0,True,0.1428571428571428
mom60_skip5,2026-01-30,2026-02-02,2026-03-02,5521,True,13,0,0,False,,21.15,28.0,True,0.32387706855791976
mom60_skip5,2026-01-30,2026-02-02,2026-03-02,2349,False,13,0,0,False,,13.5,13.9,True,0.029629629629629672
mom60_skip5,2026-01-30,2026-02-02,2026-03-02,6442,True,13,0,0,False,,1745.0,2030.0,True,0.16332378223495692
mom60_skip5,2026-01-30,2026-02-02,2026-03-02,3715,False,13,0,0,False,,140.5,151.0,True,0.07473309608540935
mom60_skip5,2026-01-30,2026-02-02,2026-03-02,4967,False,13,0,0,False,,242.0,197.0,True,-0.18595041322314054
mom60_skip5,2026-01-30,2026-02-02,2026-03-02,3701,True,13,0,0,False,,55.8,56.8,True,0.017921146953405076
mom60_skip5,2026-01-30,2026-02-02,2026-03-02,3576,True,13,0,0,False,,10.95,21.5,True,0.9634703196347034
mom60_skip5,2026-01-30,2026-02-02,2026-03-02,6133,False,13,0,0,False,,24.35,23.6,True,-0.030800821355236097
mom60_skip5,2026-01-30,2026-02-02,2026-03-02,2495,False,13,0,0,False,,34.25,31.0,True,-0.0948905109489051
mom60_skip5,2026-01-30,2026-02-02,2026-03-02,5292,False,13,0,0,False,,192.5,178.0,True,-0.07532467532467535
mom60_skip5,2026-01-30,2026-02-02,2026-03-02,6209,False,13,0,0,False,,65.5,61.7,True,-0.05801526717557248
mom60_skip5,2026-01-30,2026-02-02,2026-03-02,1789,False,13,0,0,False,,25.0,21.4,True,-0.14400000000000002
mom60_skip5,2026-01-30,2026-02-02,2026-03-02,3060,False,13,0,0,False,,33.85,32.0,True,-0.05465288035450522
mom60_skip5,2026-01-30,2026-02-02,2026-03-02,6282,False,13,0,0,False,,48.8,49.8,True,0.020491803278688492
mom60_skip5,2026-01-30,2026-02-02,2026-03-02,2486,False,13,0,0,False,,125.0,133.0,True,0.06400000000000006
mom60_skip5,2026-01-30,2026-02-02,2026-03-02,2460,True,13,0,0,False,,22.55,29.6,True,0.31263858093126395
mom60_skip5,2026-01-30,2026-02-02,2026-03-02,2491,False,13,0,0,False,,17.9,17.5,True,-0.022346368715083775
mom60_skip5,2026-01-30,2026-02-02,2026-03-02,8039,True,13,0,0,False,,85.5,95.5,True,0.11695906432748537
mom60_skip5,2026-01-30,2026-02-02,2026-03-02,2484,False,13,0,0,False,,27.05,28.1,True,0.038817005545286554
mom60_skip5,2026-01-30,2026-02-02,2026-03-02,6239,False,13,0,0,False,,250.5,250.0,True,-0.001996007984031989
mom60_skip5,2026-01-30,2026-02-02,2026-03-02,1809,False,13,0,0,False,,24.35,24.5,True,0.006160164271047153
mom60_skip5,2026-01-30,2026-02-02,2026-03-02,8046,True,13,0,0,False,,381.0,540.0,True,0.4173228346456692
mom60_skip5,2026-01-30,2026-02-02,2026-03-02,3051,False,13,0,0,False,,24.05,22.3,True,-0.07276507276507271
mom60_skip5,2026-01-30,2026-02-02,2026-03-02,1560,True,13,0,0,False,,400.0,495.0,True,0.23750000000000004
mom60_skip5,2026-01-30,2026-02-02,2026-03-02,1419,False,13,0,0,False,,72.6,67.6,True,-0.06887052341597799
mom60_skip5,2026-01-30,2026-02-02,2026-03-02,2331,False,13,0,0,False,,26.4,26.2,True,-0.007575757575757569
mom60_skip5,2026-01-30,2026-02-02,2026-03-02,2368,False,13,0,0,False,,703.0,784.0,True,0.11522048364153625
mom60_skip5,2026-01-30,2026-02-02,2026-03-02,2305,False,13,0,0,False,,13.35,13.4,True,0.0037453183520599342
mom60_skip5,2026-01-30,2026-02-02,2026-03-02,3653,False,13,0,0,False,,2750.0,3045.0,True,0.10727272727272719
mom60_skip5,2026-01-30,2026-02-02,2026-03-02,2303,False,13,0,0,False,,62.3,64.1,True,0.028892455858748
logistic,2026-02-26,2026-03-02,2026-04-01,3576,False,23,0,0,False,,21.5,22.7,True,0.05581395348837215
logistic,2026-02-26,2026-03-02,2026-04-01,2485,True,23,0,0,False,,42.45,84.0,True,0.978798586572438
logistic,2026-02-26,2026-03-02,2026-04-01,2413,False,23,0,0,False,,53.6,51.9,True,-0.03171641791044777
logistic,2026-02-26,2026-03-02,2026-04-01,2337,True,23,0,0,False,,105.5,125.0,True,0.18483412322274884
logistic,2026-02-26,2026-03-02,2026-04-01,6706,False,23,0,0,False,,128.0,119.0,True,-0.0703125
logistic,2026-02-26,2026-03-02,2026-04-01,3138,False,23,0,0,False,,193.0,176.0,True,-0.08808290155440412
logistic,2026-02-26,2026-03-02,2026-04-01,4764,False,23,0,0,False,,130.0,122.5,True,-0.05769230769230771
logistic,2026-02-26,2026-03-02,2026-04-01,6426,False,23,0,0,False,,180.5,143.0,True,-0.20775623268698062
logistic,2026-02-26,2026-03-02,2026-04-01,2344,False,23,0,1,True,exrights:2344:20260327,115.0,97.1,False,
logistic,2026-02-26,2026-03-02,2026-04-01,2367,False,23,0,0,False,,61.0,78.0,True,0.278688524590164
logistic,2026-02-26,2026-03-02,2026-04-01,2408,False,23,0,0,False,,268.0,211.5,True,-0.21082089552238803
logistic,2026-02-26,2026-03-02,2026-04-01,3135,False,23,0,0,False,,118.0,108.0,True,-0.0847457627118644
logistic,2026-02-26,2026-03-02,2026-04-01,8438,False,23,0,0,False,,68.5,69.6,True,0.016058394160583855
logistic,2026-02-26,2026-03-02,2026-04-01,6443,False,23,0,0,False,,44.8,42.8,True,-0.044642857142857095
logistic,2026-02-26,2026-03-02,2026-04-01,3308,False,23,0,0,False,,24.1,20.2,True,-0.16182572614107893
logistic,2026-02-26,2026-03-02,2026-04-01,6451,True,23,0,0,False,,200.0,319.0,True,0.595
logistic,2026-02-26,2026-03-02,2026-04-01,6770,False,23,0,0,False,,71.4,57.0,True,-0.20168067226890762
logistic,2026-02-26,2026-03-02,2026-04-01,3006,True,23,0,0,False,,149.0,158.5,True,0.06375838926174504
logistic,2026-02-26,2026-03-02,2026-04-01,3028,False,23,0,0,False,,53.0,51.0,True,-0.037735849056603765
logistic,2026-02-26,2026-03-02,2026-04-01,4977,False,23,0,0,False,,166.0,190.0,True,0.14457831325301207
logistic,2026-02-26,2026-03-02,2026-04-01,3037,False,23,0,0,False,,463.5,484.0,True,0.04422869471413171
logistic,2026-02-26,2026-03-02,2026-04-01,8046,False,23,0,0,False,,540.0,561.0,True,0.03888888888888897
logistic,2026-02-26,2026-03-02,2026-04-01,1528,False,23,0,0,False,,22.15,27.95,True,0.2618510158013545
logistic,2026-02-26,2026-03-02,2026-04-01,3189,False,23,0,0,False,,300.0,335.0,True,0.1166666666666667
logistic,2026-02-26,2026-03-02,2026-04-01,8021,False,23,0,0,False,,248.0,257.0,True,0.03629032258064524
logistic,2026-02-26,2026-03-02,2026-04-01,4927,False,23,0,0,False,,44.65,41.75,True,-0.06494960806270988
logistic,2026-02-26,2026-03-02,2026-04-01,8110,False,23,0,0,False,,62.0,50.8,True,-0.1806451612903226
logistic,2026-02-26,2026-03-02,2026-04-01,1802,False,23,0,0,False,,56.5,54.1,True,-0.04247787610619469
logistic,2026-02-26,2026-03-02,2026-04-01,6830,True,23,0,0,False,,283.0,505.0,True,0.784452296819788
logistic,2026-02-26,2026-03-02,2026-04-01,6152,False,23,0,0,False,,17.1,16.35,True,-0.04385964912280704
logistic,2026-02-26,2026-03-02,2026-04-01,3550,False,23,0,0,False,,17.75,18.3,True,0.030985915492957705
logistic,2026-02-26,2026-03-02,2026-04-01,4967,True,23,0,0,False,,197.0,211.5,True,0.07360406091370564
logistic,2026-02-26,2026-03-02,2026-04-01,3481,False,23,0,0,False,,25.5,25.05,True,-0.01764705882352935
logistic,2026-02-26,2026-03-02,2026-04-01,6285,False,23,0,0,False,,177.5,180.0,True,0.014084507042253502
logistic,2026-02-26,2026-03-02,2026-04-01,4956,True,23,0,0,False,,24.5,33.0,True,0.346938775510204
logistic,2026-02-26,2026-03-02,2026-04-01,2406,False,23,0,0,False,,32.8,34.5,True,0.051829268292683084
logistic,2026-02-26,2026-03-02,2026-04-01,6715,True,23,0,0,False,,165.0,340.0,True,1.0606060606060606
logistic,2026-02-26,2026-03-02,2026-04-01,4934,False,23,0,0,False,,18.0,17.0,True,-0.05555555555555558
logistic,2026-02-26,2026-03-02,2026-04-01,6861,True,23,0,0,False,,125.0,132.0,True,0.05600000000000005
logistic,2026-02-26,2026-03-02,2026-04-01,6155,False,23,0,0,False,,50.3,46.4,True,-0.07753479125248508
logistic,2026-02-26,2026-03-02,2026-04-01,2313,True,23,0,0,False,,196.0,266.5,True,0.35969387755102034
logistic,2026-02-26,2026-03-02,2026-04-01,6271,False,23,0,0,False,,170.5,145.5,True,-0.14662756598240467
logistic,2026-02-26,2026-03-02,2026-04-01,6230,False,23,0,0,False,,152.0,144.0,True,-0.052631578947368474
logistic,2026-02-26,2026-03-02,2026-04-01,3701,False,23,0,0,False,,56.8,58.0,True,0.021126760563380254
logistic,2026-02-26,2026-03-02,2026-04-01,8150,False,23,0,0,False,,69.5,56.0,True,-0.19424460431654678
logistic,2026-02-26,2026-03-02,2026-04-01,1326,False,23,0,0,False,,52.0,44.65,True,-0.1413461538461539
logistic,2026-02-26,2026-03-02,2026-04-01,3535,False,23,0,0,False,,125.5,110.0,True,-0.12350597609561753
logistic,2026-02-26,2026-03-02,2026-04-01,1303,False,23,0,0,False,,88.3,76.2,True,-0.13703284258210635
logistic,2026-02-26,2026-03-02,2026-04-01,3040,True,23,0,0,False,,40.1,52.5,True,0.30922693266832924
logistic,2026-02-26,2026-03-02,2026-04-01,1711,True,23,0,0,False,,26.2,38.1,True,0.4541984732824429
logistic,2026-02-26,2026-03-02,2026-04-01,3092,False,23,0,0,False,,35.0,28.7,True,-0.18000000000000005
logistic,2026-02-26,2026-03-02,2026-04-01,4958,False,23,0,0,False,,198.5,219.0,True,0.10327455919395456
logistic,2026-02-26,2026-03-02,2026-04-01,2455,True,23,0,0,False,,221.0,261.0,True,0.1809954751131222
logistic,2026-02-26,2026-03-02,2026-04-01,6862,False,23,0,0,False,,214.5,169.5,True,-0.2097902097902098
logistic,2026-02-26,2026-03-02,2026-04-01,3686,False,23,0,0,False,,19.5,18.0,True,-0.07692307692307687
logistic,2026-02-26,2026-03-02,2026-04-01,3049,True,23,0,0,False,,10.3,11.95,True,0.16019417475728148
logistic,2026-02-26,2026-03-02,2026-04-01,3060,False,23,0,0,False,,32.0,29.55,True,-0.07656249999999998
logistic,2026-02-26,2026-03-02,2026-04-01,2467,True,23,0,0,False,,311.0,435.0,True,0.3987138263665595
logistic,2026-02-26,2026-03-02,2026-04-01,1717,False,23,0,0,False,,67.2,60.0,True,-0.1071428571428572
logistic,2026-02-26,2026-03-02,2026-04-01,2451,True,23,0,0,False,,202.0,228.0,True,0.1287128712871286
logistic,2026-02-26,2026-03-02,2026-04-01,2431,False,23,0,0,False,,15.25,11.85,True,-0.22295081967213115
logistic,2026-02-26,2026-03-02,2026-04-01,6515,True,23,0,0,False,,4895.0,7795.0,True,0.5924412665985699
logistic,2026-02-26,2026-03-02,2026-04-01,6202,False,23,0,0,False,,60.7,48.2,True,-0.20593080724876445
logistic,2026-02-26,2026-03-02,2026-04-01,2460,False,23,0,0,False,,29.6,25.0,True,-0.15540540540540548
logistic,2026-02-26,2026-03-02,2026-04-01,1471,False,23,0,0,False,,13.35,12.2,True,-0.08614232209737827
logistic,2026-02-26,2026-03-02,2026-04-01,6854,False,23,0,0,False,,147.0,139.5,True,-0.05102040816326525
logistic,2026-02-26,2026-03-02,2026-04-01,4919,True,23,0,0,False,,71.2,93.5,True,0.3132022471910112
logistic,2026-02-26,2026-03-02,2026-04-01,6442,False,23,0,0,False,,2030.0,2030.0,True,0.0
mom60_skip5,2026-02-26,2026-03-02,2026-04-01,6443,False,23,0,0,False,,44.8,42.8,True,-0.044642857142857095
mom60_skip5,2026-02-26,2026-03-02,2026-04-01,2337,True,23,0,0,False,,105.5,125.0,True,0.18483412322274884
mom60_skip5,2026-02-26,2026-03-02,2026-04-01,3135,False,23,0,0,False,,118.0,108.0,True,-0.0847457627118644
mom60_skip5,2026-02-26,2026-03-02,2026-04-01,2313,True,23,0,0,False,,196.0,266.5,True,0.35969387755102034
mom60_skip5,2026-02-26,2026-03-02,2026-04-01,3037,False,23,0,0,False,,463.5,484.0,True,0.04422869471413171
mom60_skip5,2026-02-26,2026-03-02,2026-04-01,3576,False,23,0,0,False,,21.5,22.7,True,0.05581395348837215
mom60_skip5,2026-02-26,2026-03-02,2026-04-01,2367,False,23,0,0,False,,61.0,78.0,True,0.278688524590164
mom60_skip5,2026-02-26,2026-03-02,2026-04-01,2485,True,23,0,0,False,,42.45,84.0,True,0.978798586572438
mom60_skip5,2026-02-26,2026-03-02,2026-04-01,6426,False,23,0,0,False,,180.5,143.0,True,-0.20775623268698062
mom60_skip5,2026-02-26,2026-03-02,2026-04-01,6515,True,23,0,0,False,,4895.0,7795.0,True,0.5924412665985699
mom60_skip5,2026-02-26,2026-03-02,2026-04-01,3189,False,23,0,0,False,,300.0,335.0,True,0.1166666666666667
mom60_skip5,2026-02-26,2026-03-02,2026-04-01,8438,False,23,0,0,False,,68.5,69.6,True,0.016058394160583855
mom60_skip5,2026-02-26,2026-03-02,2026-04-01,8996,False,23,0,1,True,exrights:8996:20260327,856.0,892.0,False,
mom60_skip5,2026-02-26,2026-03-02,2026-04-01,2344,False,23,0,1,True,exrights:2344:20260327,115.0,97.1,False,
mom60_skip5,2026-02-26,2026-03-02,2026-04-01,3138,False,23,0,0,False,,193.0,176.0,True,-0.08808290155440412
mom60_skip5,2026-02-26,2026-03-02,2026-04-01,6770,False,23,0,0,False,,71.4,57.0,True,-0.20168067226890762
mom60_skip5,2026-02-26,2026-03-02,2026-04-01,2408,False,23,0,0,False,,268.0,211.5,True,-0.21082089552238803
mom60_skip5,2026-02-26,2026-03-02,2026-04-01,3006,True,23,0,0,False,,149.0,158.5,True,0.06375838926174504
mom60_skip5,2026-02-26,2026-03-02,2026-04-01,4764,False,23,0,0,False,,130.0,122.5,True,-0.05769230769230771
mom60_skip5,2026-02-26,2026-03-02,2026-04-01,6949,False,23,0,0,False,,694.0,560.0,True,-0.19308357348703165
mom60_skip5,2026-02-26,2026-03-02,2026-04-01,2413,False,23,0,0,False,,53.6,51.9,True,-0.03171641791044777
mom60_skip5,2026-02-26,2026-03-02,2026-04-01,8110,False,23,0,0,False,,62.0,50.8,True,-0.1806451612903226
mom60_skip5,2026-02-26,2026-03-02,2026-04-01,6152,False,23,0,0,False,,17.1,16.35,True,-0.04385964912280704
mom60_skip5,2026-02-26,2026-03-02,2026-04-01,3532,False,23,0,0,False,,133.5,137.0,True,0.02621722846441954
mom60_skip5,2026-02-26,2026-03-02,2026-04-01,6442,False,23,0,0,False,,2030.0,2030.0,True,0.0
mom60_skip5,2026-02-26,2026-03-02,2026-04-01,6285,False,23,0,0,False,,177.5,180.0,True,0.014084507042253502
mom60_skip5,2026-02-26,2026-03-02,2026-04-01,2460,False,23,0,0,False,,29.6,25.0,True,-0.15540540540540548
mom60_skip5,2026-02-26,2026-03-02,2026-04-01,3481,False,23,0,0,False,,25.5,25.05,True,-0.01764705882352935
mom60_skip5,2026-02-26,2026-03-02,2026-04-01,6715,True,23,0,0,False,,165.0,340.0,True,1.0606060606060606
mom60_skip5,2026-02-26,2026-03-02,2026-04-01,8131,False,23,0,0,False,,66.0,60.6,True,-0.08181818181818179
mom60_skip5,2026-02-26,2026-03-02,2026-04-01,3701,False,23,0,0,False,,56.8,58.0,True,0.021126760563380254
mom60_skip5,2026-02-26,2026-03-02,2026-04-01,8021,False,23,0,0,False,,248.0,257.0,True,0.03629032258064524
mom60_skip5,2026-02-26,2026-03-02,2026-04-01,3711,False,23,0,0,False,,358.5,345.0,True,-0.03765690376569042
mom60_skip5,2026-02-26,2026-03-02,2026-04-01,2454,False,23,0,0,False,,1945.0,1550.0,True,-0.20308483290488433
mom60_skip5,2026-02-26,2026-03-02,2026-04-01,8046,False,23,0,0,False,,540.0,561.0,True,0.03888888888888897
mom60_skip5,2026-02-26,2026-03-02,2026-04-01,3550,False,23,0,0,False,,17.75,18.3,True,0.030985915492957705
mom60_skip5,2026-02-26,2026-03-02,2026-04-01,3308,False,23,0,0,False,,24.1,20.2,True,-0.16182572614107893
mom60_skip5,2026-02-26,2026-03-02,2026-04-01,2383,False,23,0,0,False,,2280.0,2800.0,True,0.22807017543859653
mom60_skip5,2026-02-26,2026-03-02,2026-04-01,2486,False,23,0,0,False,,133.0,140.0,True,0.05263157894736836
mom60_skip5,2026-02-26,2026-03-02,2026-04-01,1721,False,23,0,0,False,,17.55,17.5,True,-0.002849002849002913
mom60_skip5,2026-02-26,2026-03-02,2026-04-01,4967,True,23,0,0,False,,197.0,211.5,True,0.07360406091370564
mom60_skip5,2026-02-26,2026-03-02,2026-04-01,6239,False,23,0,0,False,,250.0,195.0,True,-0.21999999999999997
mom60_skip5,2026-02-26,2026-03-02,2026-04-01,2467,True,23,0,0,False,,311.0,435.0,True,0.3987138263665595
mom60_skip5,2026-02-26,2026-03-02,2026-04-01,3092,False,23,0,0,False,,35.0,28.7,True,-0.18000000000000005
mom60_skip5,2026-02-26,2026-03-02,2026-04-01,1528,False,23,0,0,False,,22.15,27.95,True,0.2618510158013545
mom60_skip5,2026-02-26,2026-03-02,2026-04-01,6446,False,23,0,0,False,,713.0,620.0,True,-0.13043478260869568
mom60_skip5,2026-02-26,2026-03-02,2026-04-01,4927,False,23,0,0,False,,44.65,41.75,True,-0.06494960806270988
mom60_skip5,2026-02-26,2026-03-02,2026-04-01,2368,False,23,0,0,False,,784.0,905.0,True,0.15433673469387754
mom60_skip5,2026-02-26,2026-03-02,2026-04-01,6133,False,23,0,0,False,,23.6,23.0,True,-0.025423728813559365
mom60_skip5,2026-02-26,2026-03-02,2026-04-01,2345,False,23,0,0,False,,1360.0,1585.0,True,0.1654411764705883
mom60_skip5,2026-02-26,2026-03-02,2026-04-01,6431,False,23,0,0,False,,25.3,22.5,True,-0.11067193675889331
mom60_skip5,2026-02-26,2026-03-02,2026-04-01,3535,False,23,0,0,False,,125.5,110.0,True,-0.12350597609561753
mom60_skip5,2026-02-26,2026-03-02,2026-04-01,6830,True,23,0,0,False,,283.0,505.0,True,0.784452296819788
mom60_skip5,2026-02-26,2026-03-02,2026-04-01,6706,False,23,0,0,False,,128.0,119.0,True,-0.0703125
mom60_skip5,2026-02-26,2026-03-02,2026-04-01,6415,False,23,0,1,True,exrights:6415:20260326,272.0,293.0,False,
mom60_skip5,2026-02-26,2026-03-02,2026-04-01,2349,False,23,0,0,False,,13.9,13.3,True,-0.043165467625899234
mom60_skip5,2026-02-26,2026-03-02,2026-04-01,2449,False,23,0,0,False,,313.5,277.0,True,-0.11642743221690588
mom60_skip5,2026-02-26,2026-03-02,2026-04-01,6202,False,23,0,0,False,,60.7,48.2,True,-0.20593080724876445
mom60_skip5,2026-02-26,2026-03-02,2026-04-01,1717,False,23,0,0,False,,67.2,60.0,True,-0.1071428571428572
mom60_skip5,2026-02-26,2026-03-02,2026-04-01,3167,True,23,0,0,False,,285.5,396.5,True,0.3887915936952715
mom60_skip5,2026-02-26,2026-03-02,2026-04-01,4916,False,23,0,0,False,,65.0,58.0,True,-0.10769230769230764
mom60_skip5,2026-02-26,2026-03-02,2026-04-01,5521,False,23,0,0,False,,28.0,12.65,True,-0.5482142857142858
mom60_skip5,2026-02-26,2026-03-02,2026-04-01,1471,False,23,0,0,False,,13.35,12.2,True,-0.08614232209737827
mom60_skip5,2026-02-26,2026-03-02,2026-04-01,2406,False,23,0,0,False,,32.8,34.5,True,0.051829268292683084
mom60_skip5,2026-02-26,2026-03-02,2026-04-01,2455,True,23,0,0,False,,221.0,261.0,True,0.1809954751131222
mom60_skip5,2026-02-26,2026-03-02,2026-04-01,4977,False,23,0,0,False,,166.0,190.0,True,0.14457831325301207
mom60_skip5,2026-02-26,2026-03-02,2026-04-01,3533,False,23,0,0,False,,1700.0,2150.0,True,0.2647058823529411
mom60_skip5,2026-02-26,2026-03-02,2026-04-01,4540,False,23,0,0,False,,49.15,42.2,True,-0.1414038657171922
logistic,2026-03-31,2026-04-01,2026-05-04,2337,True,21,0,0,False,,125.0,161.0,True,0.28800000000000003
logistic,2026-03-31,2026-04-01,2026-05-04,3054,False,21,0,0,False,,72.3,66.2,True,-0.0843706777316735
logistic,2026-03-31,2026-04-01,2026-05-04,3049,False,21,0,0,False,,11.95,13.2,True,0.10460251046025104
logistic,2026-03-31,2026-04-01,2026-05-04,8271,True,21,0,0,False,,139.0,229.0,True,0.6474820143884892
logistic,2026-03-31,2026-04-01,2026-05-04,3006,False,21,0,0,False,,158.5,176.0,True,0.11041009463722395
logistic,2026-03-31,2026-04-01,2026-05-04,6426,True,21,0,0,False,,143.0,224.5,True,0.56993006993007
logistic,2026-03-31,2026-04-01,2026-05-04,3576,False,21,0,0,False,,22.7,16.0,True,-0.2951541850220264
logistic,2026-03-31,2026-04-01,2026-05-04,1309,False,21,0,0,False,,22.0,19.7,True,-0.10454545454545461
logistic,2026-03-31,2026-04-01,2026-05-04,6861,True,21,0,0,False,,132.0,350.0,True,1.6515151515151514
logistic,2026-03-31,2026-04-01,2026-05-04,3167,True,21,0,0,False,,396.5,869.0,True,1.1916771752837327
logistic,2026-03-31,2026-04-01,2026-05-04,6451,True,21,0,0,False,,319.0,456.0,True,0.42946708463949834
logistic,2026-03-31,2026-04-01,2026-05-04,4949,True,21,0,0,False,,69.2,109.5,True,0.5823699421965318
logistic,2026-03-31,2026-04-01,2026-05-04,1308,False,21,0,0,False,,17.65,14.65,True,-0.16997167138810187
logistic,2026-03-31,2026-04-01,2026-05-04,1305,False,21,0,0,False,,16.5,14.3,True,-0.1333333333333333
logistic,2026-03-31,2026-04-01,2026-05-04,6141,True,21,0,0,False,,20.5,33.5,True,0.6341463414634145
logistic,2026-03-31,2026-04-01,2026-05-04,3135,True,21,0,0,False,,108.0,154.0,True,0.4259259259259258
logistic,2026-03-31,2026-04-01,2026-05-04,3189,True,21,0,0,False,,335.0,544.0,True,0.6238805970149253
logistic,2026-03-31,2026-04-01,2026-05-04,4967,True,21,0,0,False,,211.5,288.0,True,0.36170212765957444
logistic,2026-03-31,2026-04-01,2026-05-04,6830,True,21,0,1,True,exrights:6830:20260409,505.0,935.0,False,
logistic,2026-03-31,2026-04-01,2026-05-04,8046,True,21,0,0,False,,561.0,1020.0,True,0.8181818181818181
logistic,2026-03-31,2026-04-01,2026-05-04,6715,True,21,0,0,False,,340.0,416.0,True,0.22352941176470598
logistic,2026-03-31,2026-04-01,2026-05-04,4764,True,21,0,1,True,exrights:4764:20260423,122.5,283.5,False,
logistic,2026-03-31,2026-04-01,2026-05-04,3037,True,21,0,0,False,,484.0,912.0,True,0.884297520661157
logistic,2026-03-31,2026-04-01,2026-05-04,4906,False,21,0,0,False,,37.6,34.3,True,-0.0877659574468086
logistic,2026-03-31,2026-04-01,2026-05-04,4956,True,21,0,0,False,,33.0,48.0,True,0.4545454545454546
logistic,2026-03-31,2026-04-01,2026-05-04,2313,False,21,0,0,False,,266.5,254.5,True,-0.04502814258911825
logistic,2026-03-31,2026-04-01,2026-05-04,2408,False,21,0,0,False,,211.5,223.0,True,0.05437352245862881
logistic,2026-03-31,2026-04-01,2026-05-04,6152,False,21,0,0,False,,16.35,13.85,True,-0.15290519877675846
logistic,2026-03-31,2026-04-01,2026-05-04,3715,False,21,0,0,False,,185.5,176.0,True,-0.05121293800539084
logistic,2026-03-31,2026-04-01,2026-05-04,6226,False,21,0,0,False,,12.7,12.65,True,-0.00393700787401563
logistic,2026-03-31,2026-04-01,2026-05-04,6770,False,21,0,0,False,,57.0,52.7,True,-0.07543859649122797
logistic,2026-03-31,2026-04-01,2026-05-04,1735,True,21,0,0,False,,25.05,27.45,True,0.0958083832335328
logistic,2026-03-31,2026-04-01,2026-05-04,1304,False,21,0,0,False,,17.0,13.85,True,-0.18529411764705883
logistic,2026-03-31,2026-04-01,2026-05-04,2344,False,21,0,0,False,,97.1,91.9,True,-0.05355303810504619
logistic,2026-03-31,2026-04-01,2026-05-04,3701,True,21,0,0,False,,58.0,67.1,True,0.15689655172413786
logistic,2026-03-31,2026-04-01,2026-05-04,2451,True,21,0,0,False,,228.0,258.0,True,0.13157894736842102
logistic,2026-03-31,2026-04-01,2026-05-04,8438,True,21,0,0,False,,69.6,88.6,True,0.2729885057471264
logistic,2026-03-31,2026-04-01,2026-05-04,8021,True,21,0,0,False,,257.0,416.0,True,0.6186770428015564
logistic,2026-03-31,2026-04-01,2026-05-04,2485,False,21,0,0,False,,84.0,59.5,True,-0.29166666666666663
logistic,2026-03-31,2026-04-01,2026-05-04,1802,True,21,0,0,False,,54.1,68.0,True,0.2569316081330868
logistic,2026-03-31,2026-04-01,2026-05-04,1711,True,21,0,0,False,,38.1,57.7,True,0.5144356955380578
logistic,2026-03-31,2026-04-01,2026-05-04,3437,True,21,0,0,False,,21.5,27.0,True,0.2558139534883721
logistic,2026-03-31,2026-04-01,2026-05-04,2426,True,21,0,0,False,,33.9,58.9,True,0.7374631268436578
logistic,2026-03-31,2026-04-01,2026-05-04,6456,True,21,0,0,False,,54.0,78.0,True,0.4444444444444444
logistic,2026-03-31,2026-04-01,2026-05-04,4960,True,21,0,0,False,,24.3,40.65,True,0.6728395061728394
logistic,2026-03-31,2026-04-01,2026-05-04,2455,True,21,0,0,False,,261.0,362.5,True,0.38888888888888884
logistic,2026-03-31,2026-04-01,2026-05-04,2369,False,21,0,0,False,,29.65,29.7,True,0.001686340640809414
logistic,2026-03-31,2026-04-01,2026-05-04,2360,True,21,0,0,False,,1530.0,2265.0,True,0.48039215686274517
logistic,2026-03-31,2026-04-01,2026-05-04,5244,True,21,0,0,False,,39.05,43.0,True,0.10115236875800271
logistic,2026-03-31,2026-04-01,2026-05-04,4977,True,21,0,0,False,,190.0,222.5,True,0.17105263157894735
logistic,2026-03-31,2026-04-01,2026-05-04,1528,False,21,0,0,False,,27.95,28.5,True,0.019677996422182487
logistic,2026-03-31,2026-04-01,2026-05-04,2399,True,21,0,0,False,,31.5,42.75,True,0.3571428571428572
logistic,2026-03-31,2026-04-01,2026-05-04,2367,False,21,0,0,False,,78.0,58.2,True,-0.25384615384615383
logistic,2026-03-31,2026-04-01,2026-05-04,2413,False,21,0,0,False,,51.9,44.2,True,-0.1483622350674373
logistic,2026-03-31,2026-04-01,2026-05-04,6550,False,21,0,0,False,,19.3,17.5,True,-0.09326424870466321
logistic,2026-03-31,2026-04-01,2026-05-04,1725,False,21,0,0,False,,30.75,31.0,True,0.008130081300812941
logistic,2026-03-31,2026-04-01,2026-05-04,2467,True,21,0,0,False,,435.0,643.0,True,0.4781609195402299
logistic,2026-03-31,2026-04-01,2026-05-04,6205,True,21,0,0,False,,52.7,86.1,True,0.6337760910815937
logistic,2026-03-31,2026-04-01,2026-05-04,8996,True,21,0,0,False,,892.0,1255.0,True,0.4069506726457399
logistic,2026-03-31,2026-04-01,2026-05-04,4919,True,21,0,0,False,,93.5,151.0,True,0.6149732620320856
logistic,2026-03-31,2026-04-01,2026-05-04,1727,True,21,0,0,False,,50.0,81.0,True,0.6200000000000001
logistic,2026-03-31,2026-04-01,2026-05-04,1310,False,21,0,0,False,,10.6,9.45,True,-0.10849056603773588
logistic,2026-03-31,2026-04-01,2026-05-04,3563,True,21,0,0,False,,798.0,883.0,True,0.10651629072681712
logistic,2026-03-31,2026-04-01,2026-05-04,6442,False,21,0,0,False,,2030.0,2220.0,True,0.09359605911330049
logistic,2026-03-31,2026-04-01,2026-05-04,1809,False,21,0,0,False,,26.6,26.2,True,-0.015037593984962516
logistic,2026-03-31,2026-04-01,2026-05-04,7610,True,21,0,0,False,,356.5,675.0,True,0.8934081346423561
logistic,2026-03-31,2026-04-01,2026-05-04,2616,False,21,0,0,False,,16.7,14.2,True,-0.14970059880239517
mom60_skip5,2026-03-31,2026-04-01,2026-05-04,2337,True,21,0,0,False,,125.0,161.0,True,0.28800000000000003
mom60_skip5,2026-03-31,2026-04-01,2026-05-04,6515,True,21,0,0,False,,7795.0,10800.0,True,0.38550352790250164
mom60_skip5,2026-03-31,2026-04-01,2026-05-04,7610,True,21,0,0,False,,356.5,675.0,True,0.8934081346423561
mom60_skip5,2026-03-31,2026-04-01,2026-05-04,6715,True,21,0,0,False,,340.0,416.0,True,0.22352941176470598
mom60_skip5,2026-03-31,2026-04-01,2026-05-04,2485,False,21,0,0,False,,84.0,59.5,True,-0.29166666666666663
mom60_skip5,2026-03-31,2026-04-01,2026-05-04,6861,True,21,0,0,False,,132.0,350.0,True,1.6515151515151514
mom60_skip5,2026-03-31,2026-04-01,2026-05-04,2367,False,21,0,0,False,,78.0,58.2,True,-0.25384615384615383
mom60_skip5,2026-03-31,2026-04-01,2026-05-04,3189,True,21,0,0,False,,335.0,544.0,True,0.6238805970149253
mom60_skip5,2026-03-31,2026-04-01,2026-05-04,6830,True,21,0,1,True,exrights:6830:20260409,505.0,935.0,False,
mom60_skip5,2026-03-31,2026-04-01,2026-05-04,3054,False,21,0,0,False,,72.3,66.2,True,-0.0843706777316735
mom60_skip5,2026-03-31,2026-04-01,2026-05-04,3576,False,21,0,0,False,,22.7,16.0,True,-0.2951541850220264
mom60_skip5,2026-03-31,2026-04-01,2026-05-04,3037,True,21,0,0,False,,484.0,912.0,True,0.884297520661157
mom60_skip5,2026-03-31,2026-04-01,2026-05-04,8438,True,21,0,0,False,,69.6,88.6,True,0.2729885057471264
mom60_skip5,2026-03-31,2026-04-01,2026-05-04,3135,True,21,0,0,False,,108.0,154.0,True,0.4259259259259258
mom60_skip5,2026-03-31,2026-04-01,2026-05-04,2313,False,21,0,0,False,,266.5,254.5,True,-0.04502814258911825
mom60_skip5,2026-03-31,2026-04-01,2026-05-04,8046,True,21,0,0,False,,561.0,1020.0,True,0.8181818181818181
mom60_skip5,2026-03-31,2026-04-01,2026-05-04,3049,False,21,0,0,False,,11.95,13.2,True,0.10460251046025104
mom60_skip5,2026-03-31,2026-04-01,2026-05-04,2426,True,21,0,0,False,,33.9,58.9,True,0.7374631268436578
mom60_skip5,2026-03-31,2026-04-01,2026-05-04,1711,True,21,0,0,False,,38.1,57.7,True,0.5144356955380578
mom60_skip5,2026-03-31,2026-04-01,2026-05-04,2360,True,21,0,0,False,,1530.0,2265.0,True,0.48039215686274517
mom60_skip5,2026-03-31,2026-04-01,2026-05-04,4919,True,21,0,0,False,,93.5,151.0,True,0.6149732620320856
mom60_skip5,2026-03-31,2026-04-01,2026-05-04,6141,True,21,0,0,False,,20.5,33.5,True,0.6341463414634145
mom60_skip5,2026-03-31,2026-04-01,2026-05-04,3092,True,21,0,0,False,,28.7,31.8,True,0.10801393728222997
mom60_skip5,2026-03-31,2026-04-01,2026-05-04,3481,False,21,0,0,False,,25.05,24.15,True,-0.03592814371257491
mom60_skip5,2026-03-31,2026-04-01,2026-05-04,3006,False,21,0,0,False,,158.5,176.0,True,0.11041009463722395
mom60_skip5,2026-03-31,2026-04-01,2026-05-04,4960,True,21,0,0,False,,24.3,40.65,True,0.6728395061728394
mom60_skip5,2026-03-31,2026-04-01,2026-05-04,1309,False,21,0,0,False,,22.0,19.7,True,-0.10454545454545461
mom60_skip5,2026-03-31,2026-04-01,2026-05-04,6451,True,21,0,0,False,,319.0,456.0,True,0.42946708463949834
mom60_skip5,2026-03-31,2026-04-01,2026-05-04,6226,False,21,0,0,False,,12.7,12.65,True,-0.00393700787401563
mom60_skip5,2026-03-31,2026-04-01,2026-05-04,2243,True,21,0,0,False,,21.2,28.5,True,0.3443396226415094
mom60_skip5,2026-03-31,2026-04-01,2026-05-04,2383,True,21,0,0,False,,2800.0,4605.0,True,0.6446428571428571
mom60_skip5,2026-03-31,2026-04-01,2026-05-04,4967,True,21,0,0,False,,211.5,288.0,True,0.36170212765957444
mom60_skip5,2026-03-31,2026-04-01,2026-05-04,6285,True,21,0,0,False,,180.0,221.0,True,0.22777777777777786
mom60_skip5,2026-03-31,2026-04-01,2026-05-04,6443,False,21,0,0,False,,42.8,36.0,True,-0.1588785046728971
mom60_skip5,2026-03-31,2026-04-01,2026-05-04,6770,False,21,0,0,False,,57.0,52.7,True,-0.07543859649122797
mom60_skip5,2026-03-31,2026-04-01,2026-05-04,6442,False,21,0,0,False,,2030.0,2220.0,True,0.09359605911330049
mom60_skip5,2026-03-31,2026-04-01,2026-05-04,3036,False,21,0,0,False,,227.0,206.0,True,-0.09251101321585908
mom60_skip5,2026-03-31,2026-04-01,2026-05-04,8271,True,21,0,0,False,,139.0,229.0,True,0.6474820143884892
mom60_skip5,2026-03-31,2026-04-01,2026-05-04,2455,True,21,0,0,False,,261.0,362.5,True,0.38888888888888884
mom60_skip5,2026-03-31,2026-04-01,2026-05-04,2486,True,21,0,0,False,,140.0,280.0,True,1.0
mom60_skip5,2026-03-31,2026-04-01,2026-05-04,2605,False,21,0,0,False,,41.8,34.7,True,-0.16985645933014337
mom60_skip5,2026-03-31,2026-04-01,2026-05-04,4956,True,21,0,0,False,,33.0,48.0,True,0.4545454545454546
mom60_skip5,2026-03-31,2026-04-01,2026-05-04,1305,False,21,0,0,False,,16.5,14.3,True,-0.1333333333333333
mom60_skip5,2026-03-31,2026-04-01,2026-05-04,2467,True,21,0,0,False,,435.0,643.0,True,0.4781609195402299
mom60_skip5,2026-03-31,2026-04-01,2026-05-04,3702,False,21,0,0,False,,92.6,103.0,True,0.11231101511879049
mom60_skip5,2026-03-31,2026-04-01,2026-05-04,6205,True,21,0,0,False,,52.7,86.1,True,0.6337760910815937
mom60_skip5,2026-03-31,2026-04-01,2026-05-04,1809,False,21,0,0,False,,26.6,26.2,True,-0.015037593984962516
mom60_skip5,2026-03-31,2026-04-01,2026-05-04,3437,True,21,0,0,False,,21.5,27.0,True,0.2558139534883721
mom60_skip5,2026-03-31,2026-04-01,2026-05-04,3138,False,21,0,0,False,,176.0,154.5,True,-0.12215909090909094
mom60_skip5,2026-03-31,2026-04-01,2026-05-04,6152,False,21,0,0,False,,16.35,13.85,True,-0.15290519877675846
mom60_skip5,2026-03-31,2026-04-01,2026-05-04,4949,True,21,0,0,False,,69.2,109.5,True,0.5823699421965318
mom60_skip5,2026-03-31,2026-04-01,2026-05-04,3533,True,21,0,0,False,,2150.0,2695.0,True,0.2534883720930232
mom60_skip5,2026-03-31,2026-04-01,2026-05-04,2308,True,21,0,0,False,,1465.0,2250.0,True,0.5358361774744027
mom60_skip5,2026-03-31,2026-04-01,2026-05-04,1471,False,21,0,0,False,,12.2,11.3,True,-0.07377049180327855
mom60_skip5,2026-03-31,2026-04-01,2026-05-04,6949,True,21,0,0,False,,560.0,764.0,True,0.3642857142857143
mom60_skip5,2026-03-31,2026-04-01,2026-05-04,1802,True,21,0,0,False,,54.1,68.0,True,0.2569316081330868
mom60_skip5,2026-03-31,2026-04-01,2026-05-04,2369,False,21,0,0,False,,29.65,29.7,True,0.001686340640809414
mom60_skip5,2026-03-31,2026-04-01,2026-05-04,7750,True,21,0,1,False,exrights:7750:20260401,1300.0,2600.0,False,
mom60_skip5,2026-03-31,2026-04-01,2026-05-04,3653,True,21,0,0,False,,3980.0,5265.0,True,0.32286432160804024
mom60_skip5,2026-03-31,2026-04-01,2026-05-04,6415,True,21,0,0,False,,293.0,442.0,True,0.5085324232081911
mom60_skip5,2026-03-31,2026-04-01,2026-05-04,1717,True,21,0,1,True,exrights:1717:20260424,60.0,79.4,False,
mom60_skip5,2026-03-31,2026-04-01,2026-05-04,2413,False,21,0,0,False,,51.9,44.2,True,-0.1483622350674373
mom60_skip5,2026-03-31,2026-04-01,2026-05-04,3167,True,21,0,0,False,,396.5,869.0,True,1.1916771752837327
mom60_skip5,2026-03-31,2026-04-01,2026-05-04,3714,True,21,0,0,False,,48.05,76.0,True,0.5816857440166494
mom60_skip5,2026-03-31,2026-04-01,2026-05-04,3711,True,21,0,0,False,,345.0,497.0,True,0.4405797101449276
mom60_skip5,2026-03-31,2026-04-01,2026-05-04,3532,True,21,0,0,False,,137.0,192.5,True,0.4051094890510949
mom60_skip5,2026-03-31,2026-04-01,2026-05-04,8021,True,21,0,0,False,,257.0,416.0,True,0.6186770428015564
logistic,2026-04-30,2026-05-04,2026-06-01,6861,True,21,0,0,False,,350.0,435.0,True,0.24285714285714288
logistic,2026-04-30,2026-05-04,2026-06-01,3167,False,21,0,0,False,,869.0,809.0,True,-0.0690448791714614
logistic,2026-04-30,2026-05-04,2026-06-01,6426,True,21,0,0,False,,224.5,270.0,True,0.20267260579064583
logistic,2026-04-30,2026-05-04,2026-06-01,6830,False,21,0,0,False,,935.0,678.0,True,-0.27486631016042784
logistic,2026-04-30,2026-05-04,2026-06-01,4764,True,21,0,0,False,,283.5,310.0,True,0.09347442680776008
logistic,2026-04-30,2026-05-04,2026-06-01,2337,False,21,0,0,False,,161.0,169.5,True,0.052795031055900665
logistic,2026-04-30,2026-05-04,2026-06-01,6205,False,21,0,0,False,,86.1,78.0,True,-0.0940766550522647
logistic,2026-04-30,2026-05-04,2026-06-01,2426,True,21,0,1,True,exrights:2426:20260525,58.9,81.9,False,
logistic,2026-04-30,2026-05-04,2026-06-01,6715,True,21,0,0,False,,416.0,443.0,True,0.06490384615384626
logistic,2026-04-30,2026-05-04,2026-06-01,1711,False,21,0,0,False,,57.7,49.1,True,-0.14904679376083185
logistic,2026-04-30,2026-05-04,2026-06-01,3437,False,21,0,0,False,,27.0,24.05,True,-0.10925925925925928
logistic,2026-04-30,2026-05-04,2026-06-01,1735,False,21,0,0,False,,27.45,25.05,True,-0.08743169398907102
logistic,2026-04-30,2026-05-04,2026-06-01,4960,False,21,0,0,False,,40.65,32.1,True,-0.21033210332103314
logistic,2026-04-30,2026-05-04,2026-06-01,6278,True,21,0,0,False,,173.0,221.5,True,0.28034682080924855
logistic,2026-04-30,2026-05-04,2026-06-01,2467,False,21,0,0,False,,643.0,634.0,True,-0.013996889580093264
logistic,2026-04-30,2026-05-04,2026-06-01,3026,True,21,0,0,False,,215.0,671.0,True,2.1209302325581394
logistic,2026-04-30,2026-05-04,2026-06-01,2486,False,21,0,1,True,exrights:2486:20260525,280.0,267.0,False,
logistic,2026-04-30,2026-05-04,2026-06-01,3645,False,21,0,0,False,,105.5,107.0,True,0.014218009478673022
logistic,2026-04-30,2026-05-04,2026-06-01,6531,True,21,0,0,False,,906.0,1240.0,True,0.3686534216335542
logistic,2026-04-30,2026-05-04,2026-06-01,4919,True,21,0,0,False,,151.0,199.5,True,0.3211920529801324
logistic,2026-04-30,2026-05-04,2026-06-01,3229,False,21,0,0,False,,44.05,51.7,True,0.1736662883087403
logistic,2026-04-30,2026-05-04,2026-06-01,7610,True,21,0,0,False,,675.0,1580.0,True,1.3407407407407406
logistic,2026-04-30,2026-05-04,2026-06-01,3576,False,21,0,0,False,,16.0,18.4,True,0.1499999999999999
logistic,2026-04-30,2026-05-04,2026-06-01,4956,False,21,0,0,False,,48.0,45.4,True,-0.054166666666666696
logistic,2026-04-30,2026-05-04,2026-06-01,6226,False,21,0,0,False,,12.65,13.05,True,0.031620553359683834
logistic,2026-04-30,2026-05-04,2026-06-01,1727,True,21,0,0,False,,81.0,94.5,True,0.16666666666666674
logistic,2026-04-30,2026-05-04,2026-06-01,4720,False,21,0,0,False,,26.3,25.25,True,-0.03992395437262364
logistic,2026-04-30,2026-05-04,2026-06-01,6706,True,21,0,0,False,,166.0,206.0,True,0.24096385542168686
logistic,2026-04-30,2026-05-04,2026-06-01,1597,True,21,0,0,False,,144.0,180.5,True,0.2534722222222223
logistic,2026-04-30,2026-05-04,2026-06-01,4540,False,21,0,0,False,,69.6,70.8,True,0.017241379310344973
logistic,2026-04-30,2026-05-04,2026-06-01,2340,False,21,0,0,False,,38.0,38.2,True,0.0052631578947368585
logistic,2026-04-30,2026-05-04,2026-06-01,3054,False,21,0,0,False,,66.2,66.7,True,0.007552870090634434
logistic,2026-04-30,2026-05-04,2026-06-01,4927,False,21,0,0,False,,53.0,56.2,True,0.060377358490566024
logistic,2026-04-30,2026-05-04,2026-06-01,8996,False,21,0,0,False,,1255.0,1080.0,True,-0.1394422310756972
logistic,2026-04-30,2026-05-04,2026-06-01,2464,True,21,0,0,False,,116.0,194.5,True,0.6767241379310345
logistic,2026-04-30,2026-05-04,2026-06-01,1721,True,21,0,0,False,,24.55,28.5,True,0.16089613034623218
logistic,2026-04-30,2026-05-04,2026-06-01,6902,True,21,0,0,False,,104.5,147.0,True,0.40669856459330145
logistic,2026-04-30,2026-05-04,2026-06-01,2489,True,21,0,0,False,,42.1,50.1,True,0.1900237529691211
logistic,2026-04-30,2026-05-04,2026-06-01,2484,True,21,0,0,False,,40.75,54.7,True,0.3423312883435583
logistic,2026-04-30,2026-05-04,2026-06-01,3583,False,21,0,0,False,,824.0,867.0,True,0.05218446601941751
logistic,2026-04-30,2026-05-04,2026-06-01,6456,False,21,0,0,False,,78.0,78.4,True,0.00512820512820511
logistic,2026-04-30,2026-05-04,2026-06-01,6451,True,21,0,0,False,,456.0,573.0,True,0.256578947368421
logistic,2026-04-30,2026-05-04,2026-06-01,3701,False,21,0,0,False,,67.1,53.3,True,-0.20566318926974658
logistic,2026-04-30,2026-05-04,2026-06-01,6672,False,21,0,0,False,,222.5,223.0,True,0.0022471910112360494
logistic,2026-04-30,2026-05-04,2026-06-01,6442,False,21,0,0,False,,2220.0,1855.0,True,-0.1644144144144144
logistic,2026-04-30,2026-05-04,2026-06-01,3189,True,21,0,0,False,,544.0,740.0,True,0.3602941176470589
logistic,2026-04-30,2026-05-04,2026-06-01,3016,True,21,0,0,False,,98.6,138.5,True,0.4046653144016228
logistic,2026-04-30,2026-05-04,2026-06-01,3673,True,21,0,0,False,,60.9,87.5,True,0.43678160919540243
logistic,2026-04-30,2026-05-04,2026-06-01,7750,False,21,0,0,False,,2600.0,2400.0,True,-0.07692307692307687
logistic,2026-04-30,2026-05-04,2026-06-01,6552,False,21,0,0,False,,31.8,35.35,True,0.1116352201257862
logistic,2026-04-30,2026-05-04,2026-06-01,1802,False,21,0,0,False,,68.0,72.0,True,0.05882352941176472
logistic,2026-04-30,2026-05-04,2026-06-01,2485,True,21,0,0,False,,59.5,74.6,True,0.253781512605042
logistic,2026-04-30,2026-05-04,2026-06-01,4576,True,21,0,0,False,,232.5,268.0,True,0.15268817204301066
logistic,2026-04-30,2026-05-04,2026-06-01,6141,True,21,0,0,False,,33.5,46.05,True,0.3746268656716416
logistic,2026-04-30,2026-05-04,2026-06-01,4949,False,21,0,0,False,,109.5,97.5,True,-0.1095890410958904
logistic,2026-04-30,2026-05-04,2026-06-01,6658,True,21,0,0,False,,154.5,221.5,True,0.43365695792880254
logistic,2026-04-30,2026-05-04,2026-06-01,3055,True,21,0,0,False,,79.0,109.0,True,0.379746835443038
logistic,2026-04-30,2026-05-04,2026-06-01,2399,False,21,0,0,False,,42.75,48.7,True,0.13918128654970774
logistic,2026-04-30,2026-05-04,2026-06-01,8046,False,21,0,0,False,,1020.0,842.0,True,-0.17450980392156867
logistic,2026-04-30,2026-05-04,2026-06-01,2233,True,21,0,0,False,,315.5,353.0,True,0.11885895404120439
logistic,2026-04-30,2026-05-04,2026-06-01,2388,False,21,0,0,False,,83.0,77.4,True,-0.06746987951807226
logistic,2026-04-30,2026-05-04,2026-06-01,3714,False,21,0,0,False,,76.0,73.5,True,-0.03289473684210531
logistic,2026-04-30,2026-05-04,2026-06-01,8271,False,21,0,0,False,,229.0,248.5,True,0.08515283842794763
logistic,2026-04-30,2026-05-04,2026-06-01,2455,True,21,0,0,False,,362.5,428.0,True,0.18068965517241375
logistic,2026-04-30,2026-05-04,2026-06-01,6515,False,21,0,0,False,,10800.0,8820.0,True,-0.18333333333333335
logistic,2026-04-30,2026-05-04,2026-06-01,3042,True,21,0,0,False,,156.5,217.0,True,0.3865814696485623
logistic,2026-04-30,2026-05-04,2026-06-01,6909,False,21,0,1,True,exrights:6909:20260601,62.7,53.3,False,
logistic,2026-04-30,2026-05-04,2026-06-01,4958,True,21,0,0,False,,429.0,542.0,True,0.2634032634032635
logistic,2026-04-30,2026-05-04,2026-06-01,2351,True,21,0,0,False,,156.5,211.0,True,0.3482428115015974
mom60_skip5,2026-04-30,2026-05-04,2026-06-01,6830,False,21,0,0,False,,935.0,678.0,True,-0.27486631016042784
mom60_skip5,2026-04-30,2026-05-04,2026-06-01,6715,True,21,0,0,False,,416.0,443.0,True,0.06490384615384626
mom60_skip5,2026-04-30,2026-05-04,2026-06-01,6861,True,21,0,0,False,,350.0,435.0,True,0.24285714285714288
mom60_skip5,2026-04-30,2026-05-04,2026-06-01,7610,True,21,0,0,False,,675.0,1580.0,True,1.3407407407407406
mom60_skip5,2026-04-30,2026-05-04,2026-06-01,6451,True,21,0,0,False,,456.0,573.0,True,0.256578947368421
mom60_skip5,2026-04-30,2026-05-04,2026-06-01,4960,False,21,0,0,False,,40.65,32.1,True,-0.21033210332103314
mom60_skip5,2026-04-30,2026-05-04,2026-06-01,6515,False,21,0,0,False,,10800.0,8820.0,True,-0.18333333333333335
mom60_skip5,2026-04-30,2026-05-04,2026-06-01,3167,False,21,0,0,False,,869.0,809.0,True,-0.0690448791714614
mom60_skip5,2026-04-30,2026-05-04,2026-06-01,3583,False,21,0,0,False,,824.0,867.0,True,0.05218446601941751
mom60_skip5,2026-04-30,2026-05-04,2026-06-01,7750,False,21,0,0,False,,2600.0,2400.0,True,-0.07692307692307687
mom60_skip5,2026-04-30,2026-05-04,2026-06-01,6426,True,21,0,0,False,,224.5,270.0,True,0.20267260579064583
mom60_skip5,2026-04-30,2026-05-04,2026-06-01,2426,True,21,0,1,True,exrights:2426:20260525,58.9,81.9,False,
mom60_skip5,2026-04-30,2026-05-04,2026-06-01,4919,True,21,0,0,False,,151.0,199.5,True,0.3211920529801324
mom60_skip5,2026-04-30,2026-05-04,2026-06-01,6141,True,21,0,0,False,,33.5,46.05,True,0.3746268656716416
mom60_skip5,2026-04-30,2026-05-04,2026-06-01,1711,False,21,0,0,False,,57.7,49.1,True,-0.14904679376083185
mom60_skip5,2026-04-30,2026-05-04,2026-06-01,2383,False,21,0,0,False,,4605.0,5130.0,True,0.1140065146579805
mom60_skip5,2026-04-30,2026-05-04,2026-06-01,3189,True,21,0,0,False,,544.0,740.0,True,0.3602941176470589
mom60_skip5,2026-04-30,2026-05-04,2026-06-01,4956,False,21,0,0,False,,48.0,45.4,True,-0.054166666666666696
mom60_skip5,2026-04-30,2026-05-04,2026-06-01,2486,False,21,0,1,True,exrights:2486:20260525,280.0,267.0,False,
mom60_skip5,2026-04-30,2026-05-04,2026-06-01,3054,False,21,0,0,False,,66.2,66.7,True,0.007552870090634434
mom60_skip5,2026-04-30,2026-05-04,2026-06-01,6213,False,21,0,0,False,,280.5,283.0,True,0.00891265597147961
mom60_skip5,2026-04-30,2026-05-04,2026-06-01,3037,False,21,0,0,False,,912.0,1070.0,True,0.17324561403508776
mom60_skip5,2026-04-30,2026-05-04,2026-06-01,4949,False,21,0,0,False,,109.5,97.5,True,-0.1095890410958904
mom60_skip5,2026-04-30,2026-05-04,2026-06-01,2467,False,21,0,0,False,,643.0,634.0,True,-0.013996889580093264
mom60_skip5,2026-04-30,2026-05-04,2026-06-01,8046,False,21,0,0,False,,1020.0,842.0,True,-0.17450980392156867
mom60_skip5,2026-04-30,2026-05-04,2026-06-01,2243,False,21,0,0,False,,28.5,27.3,True,-0.04210526315789476
mom60_skip5,2026-04-30,2026-05-04,2026-06-01,3653,False,21,0,0,False,,5265.0,3550.0,True,-0.32573599240265905
mom60_skip5,2026-04-30,2026-05-04,2026-06-01,2368,False,21,0,0,False,,1430.0,1345.0,True,-0.05944055944055948
mom60_skip5,2026-04-30,2026-05-04,2026-06-01,3026,True,21,0,0,False,,215.0,671.0,True,2.1209302325581394
mom60_skip5,2026-04-30,2026-05-04,2026-06-01,3714,False,21,0,0,False,,76.0,73.5,True,-0.03289473684210531
mom60_skip5,2026-04-30,2026-05-04,2026-06-01,3017,False,21,0,0,False,,2920.0,2705.0,True,-0.07363013698630139
mom60_skip5,2026-04-30,2026-05-04,2026-06-01,4958,True,21,0,0,False,,429.0,542.0,True,0.2634032634032635
mom60_skip5,2026-04-30,2026-05-04,2026-06-01,6949,False,21,0,0,False,,764.0,667.0,True,-0.12696335078534027
mom60_skip5,2026-04-30,2026-05-04,2026-06-01,2455,True,21,0,0,False,,362.5,428.0,True,0.18068965517241375
mom60_skip5,2026-04-30,2026-05-04,2026-06-01,8021,False,21,0,0,False,,416.0,466.0,True,0.12019230769230771
mom60_skip5,2026-04-30,2026-05-04,2026-06-01,6672,False,21,0,0,False,,222.5,223.0,True,0.0022471910112360494
mom60_skip5,2026-04-30,2026-05-04,2026-06-01,3665,False,21,0,0,False,,2950.0,2150.0,True,-0.27118644067796616
mom60_skip5,2026-04-30,2026-05-04,2026-06-01,2360,True,21,0,0,False,,2265.0,2520.0,True,0.11258278145695355
mom60_skip5,2026-04-30,2026-05-04,2026-06-01,8271,False,21,0,0,False,,229.0,248.5,True,0.08515283842794763
mom60_skip5,2026-04-30,2026-05-04,2026-06-01,3563,False,21,0,0,False,,883.0,833.0,True,-0.05662514156285392
mom60_skip5,2026-04-30,2026-05-04,2026-06-01,2485,True,21,0,0,False,,59.5,74.6,True,0.253781512605042
mom60_skip5,2026-04-30,2026-05-04,2026-06-01,6789,False,21,0,0,False,,588.0,532.0,True,-0.09523809523809523
mom60_skip5,2026-04-30,2026-05-04,2026-06-01,2345,False,21,0,0,False,,2380.0,2460.0,True,0.03361344537815136
mom60_skip5,2026-04-30,2026-05-04,2026-06-01,6658,True,21,0,0,False,,154.5,221.5,True,0.43365695792880254
mom60_skip5,2026-04-30,2026-05-04,2026-06-01,2489,True,21,0,0,False,,42.1,50.1,True,0.1900237529691211
mom60_skip5,2026-04-30,2026-05-04,2026-06-01,3030,True,21,0,0,False,,347.0,415.0,True,0.19596541786743527
mom60_skip5,2026-04-30,2026-05-04,2026-06-01,6456,False,21,0,0,False,,78.0,78.4,True,0.00512820512820511
mom60_skip5,2026-04-30,2026-05-04,2026-06-01,2460,False,21,0,0,False,,35.0,33.05,True,-0.05571428571428583
mom60_skip5,2026-04-30,2026-05-04,2026-06-01,1309,False,21,0,0,False,,19.7,15.85,True,-0.19543147208121825
mom60_skip5,2026-04-30,2026-05-04,2026-06-01,3042,True,21,0,0,False,,156.5,217.0,True,0.3865814696485623
mom60_skip5,2026-04-30,2026-05-04,2026-06-01,2337,False,21,0,0,False,,161.0,169.5,True,0.052795031055900665
mom60_skip5,2026-04-30,2026-05-04,2026-06-01,4764,True,21,0,0,False,,283.5,310.0,True,0.09347442680776008
mom60_skip5,2026-04-30,2026-05-04,2026-06-01,2351,True,21,0,0,False,,156.5,211.0,True,0.3482428115015974
mom60_skip5,2026-04-30,2026-05-04,2026-06-01,1735,False,21,0,0,False,,27.45,25.05,True,-0.08743169398907102
mom60_skip5,2026-04-30,2026-05-04,2026-06-01,3533,False,21,0,0,False,,2695.0,2675.0,True,-0.007421150278293154
mom60_skip5,2026-04-30,2026-05-04,2026-06-01,8996,False,21,0,0,False,,1255.0,1080.0,True,-0.1394422310756972
mom60_skip5,2026-04-30,2026-05-04,2026-06-01,6531,True,21,0,0,False,,906.0,1240.0,True,0.3686534216335542
mom60_skip5,2026-04-30,2026-05-04,2026-06-01,8039,False,21,0,0,False,,138.0,161.5,True,0.17028985507246386
mom60_skip5,2026-04-30,2026-05-04,2026-06-01,3229,False,21,0,0,False,,44.05,51.7,True,0.1736662883087403
mom60_skip5,2026-04-30,2026-05-04,2026-06-01,7721,False,21,0,0,False,,83.1,74.1,True,-0.10830324909747291
mom60_skip5,2026-04-30,2026-05-04,2026-06-01,6415,True,21,0,0,False,,442.0,600.0,True,0.35746606334841635
mom60_skip5,2026-04-30,2026-05-04,2026-06-01,3645,False,21,0,0,False,,105.5,107.0,True,0.014218009478673022
mom60_skip5,2026-04-30,2026-05-04,2026-06-01,2308,False,21,0,0,False,,2250.0,2450.0,True,0.0888888888888888
mom60_skip5,2026-04-30,2026-05-04,2026-06-01,3437,False,21,0,0,False,,27.0,24.05,True,-0.10925925925925928
mom60_skip5,2026-04-30,2026-05-04,2026-06-01,1721,True,21,0,0,False,,24.55,28.5,True,0.16089613034623218
mom60_skip5,2026-04-30,2026-05-04,2026-06-01,6442,False,21,0,0,False,,2220.0,1855.0,True,-0.1644144144144144
mom60_skip5,2026-04-30,2026-05-04,2026-06-01,3711,True,21,0,0,False,,497.0,603.0,True,0.21327967806841053
mom60_skip5,2026-04-30,2026-05-04,2026-06-01,2484,True,21,0,0,False,,40.75,54.7,True,0.3423312883435583
mom60_skip5,2026-04-30,2026-05-04,2026-06-01,4576,True,21,0,0,False,,232.5,268.0,True,0.15268817204301066
logistic,2026-05-29,2026-06-01,2026-07-01,7610,True,22,0,0,False,,1580.0,2295.0,True,0.4525316455696202
logistic,2026-05-29,2026-06-01,2026-07-01,6861,False,22,0,1,True,exrights:6861:20260615,435.0,336.0,False,
logistic,2026-05-29,2026-06-01,2026-07-01,6141,False,22,0,0,False,,46.05,39.6,True,-0.1400651465798045
logistic,2026-05-29,2026-06-01,2026-07-01,3026,True,22,0,1,True,exrights:3026:20260622,671.0,888.0,False,
logistic,2026-05-29,2026-06-01,2026-07-01,6531,False,22,0,1,True,exrights:6531:20260622,1240.0,1020.0,False,
logistic,2026-05-29,2026-06-01,2026-07-01,4764,False,22,0,0,False,,310.0,305.0,True,-0.016129032258064502
logistic,2026-05-29,2026-06-01,2026-07-01,6658,False,22,0,1,True,exrights:6658:20260608,221.5,257.0,False,
logistic,2026-05-29,2026-06-01,2026-07-01,3229,False,22,0,0,False,,51.7,43.5,True,-0.1586073500967119
logistic,2026-05-29,2026-06-01,2026-07-01,6834,True,22,0,1,True,exrights:6834:20260611,78.0,126.0,False,
logistic,2026-05-29,2026-06-01,2026-07-01,3481,True,22,0,1,True,exrights:3481:20260611,54.5,70.8,False,
logistic,2026-05-29,2026-06-01,2026-07-01,2472,False,22,0,0,False,,383.0,461.5,True,0.20496083550913835
logistic,2026-05-29,2026-06-01,2026-07-01,1568,False,22,0,0,False,,46.5,38.0,True,-0.18279569892473113
logistic,2026-05-29,2026-06-01,2026-07-01,3016,False,22,0,1,True,exrights:3016:20260629,138.5,136.5,False,
logistic,2026-05-29,2026-06-01,2026-07-01,2302,True,22,0,1,True,exrights:2302:20260701,37.35,49.4,False,
logistic,2026-05-29,2026-06-01,2026-07-01,3443,False,22,0,1,True,exrights:3443:20260608,4655.0,4865.0,False,
logistic,2026-05-29,2026-06-01,2026-07-01,6449,False,22,0,1,True,exrights:6449:20260623,403.5,353.5,False,
logistic,2026-05-29,2026-06-01,2026-07-01,6451,True,22,0,0,False,,573.0,582.0,True,0.015706806282722585
logistic,2026-05-29,2026-06-01,2026-07-01,8021,True,22,0,0,False,,466.0,591.0,True,0.26824034334763946
logistic,2026-05-29,2026-06-01,2026-07-01,2481,False,22,0,0,False,,163.5,194.0,True,0.18654434250764518
logistic,2026-05-29,2026-06-01,2026-07-01,3189,False,22,0,0,False,,740.0,900.0,True,0.21621621621621623
logistic,2026-05-29,2026-06-01,2026-07-01,3042,False,22,0,1,True,exrights:3042:20260616,217.0,201.5,False,
logistic,2026-05-29,2026-06-01,2026-07-01,1597,False,22,0,0,False,,180.5,141.0,True,-0.21883656509695293
logistic,2026-05-29,2026-06-01,2026-07-01,6116,True,22,0,0,False,,18.25,19.85,True,0.08767123287671241
logistic,2026-05-29,2026-06-01,2026-07-01,4919,False,22,0,0,False,,199.5,177.5,True,-0.11027568922305764
logistic,2026-05-29,2026-06-01,2026-07-01,3673,False,22,0,0,False,,87.5,82.0,True,-0.06285714285714283
logistic,2026-05-29,2026-06-01,2026-07-01,6415,False,22,0,0,False,,600.0,610.0,True,0.016666666666666607
logistic,2026-05-29,2026-06-01,2026-07-01,6155,True,22,0,0,False,,63.0,93.6,True,0.48571428571428554
logistic,2026-05-29,2026-06-01,2026-07-01,6515,False,22,0,0,False,,8820.0,8345.0,True,-0.05385487528344668
logistic,2026-05-29,2026-06-01,2026-07-01,2426,False,22,0,0,False,,81.9,78.0,True,-0.04761904761904767
logistic,2026-05-29,2026-06-01,2026-07-01,2241,True,22,0,0,False,,34.6,45.95,True,0.3280346820809248
logistic,2026-05-29,2026-06-01,2026-07-01,6442,False,22,0,0,False,,1855.0,1665.0,True,-0.10242587601078168
logistic,2026-05-29,2026-06-01,2026-07-01,2375,True,22,0,0,False,,163.5,220.0,True,0.345565749235474
logistic,2026-05-29,2026-06-01,2026-07-01,2492,True,22,0,0,False,,408.0,598.0,True,0.4656862745098038
logistic,2026-05-29,2026-06-01,2026-07-01,2305,True,22,0,0,False,,23.85,39.05,True,0.6373165618448635
logistic,2026-05-29,2026-06-01,2026-07-01,2464,False,22,0,0,False,,194.5,174.0,True,-0.1053984575835476
logistic,2026-05-29,2026-06-01,2026-07-01,3090,True,22,0,0,False,,225.0,323.0,True,0.4355555555555555
logistic,2026-05-29,2026-06-01,2026-07-01,6405,False,22,0,0,False,,86.0,62.5,True,-0.2732558139534884
logistic,2026-05-29,2026-06-01,2026-07-01,6830,False,22,0,0,False,,678.0,496.5,True,-0.2676991150442478
logistic,2026-05-29,2026-06-01,2026-07-01,2337,False,22,0,0,False,,169.5,156.0,True,-0.07964601769911506
logistic,2026-05-29,2026-06-01,2026-07-01,8039,False,22,0,1,True,exrights:8039:20260630,161.5,149.0,False,
logistic,2026-05-29,2026-06-01,2026-07-01,8261,True,22,0,0,False,,182.5,297.5,True,0.6301369863013699
logistic,2026-05-29,2026-06-01,2026-07-01,3532,True,22,0,0,False,,350.5,400.0,True,0.14122681883024257
logistic,2026-05-29,2026-06-01,2026-07-01,2351,False,22,0,0,False,,211.0,216.5,True,0.026066350710900466
logistic,2026-05-29,2026-06-01,2026-07-01,8114,False,22,0,1,True,exrights:8114:20260625,247.0,185.0,False,
logistic,2026-05-29,2026-06-01,2026-07-01,2484,True,22,0,0,False,,54.7,79.5,True,0.453382084095064
logistic,2026-05-29,2026-06-01,2026-07-01,5243,False,22,0,0,False,,128.5,104.0,True,-0.19066147859922178
logistic,2026-05-29,2026-06-01,2026-07-01,1721,False,22,0,0,False,,28.5,23.25,True,-0.1842105263157895
logistic,2026-05-29,2026-06-01,2026-07-01,2303,False,22,0,0,False,,143.0,170.0,True,0.18881118881118875
logistic,2026-05-29,2026-06-01,2026-07-01,2409,True,22,0,0,False,,23.8,33.6,True,0.41176470588235303
logistic,2026-05-29,2026-06-01,2026-07-01,6456,False,22,0,0,False,,78.4,70.0,True,-0.1071428571428572
logistic,2026-05-29,2026-06-01,2026-07-01,2478,True,22,0,0,False,,140.5,242.5,True,0.7259786476868328
logistic,2026-05-29,2026-06-01,2026-07-01,4960,False,22,0,0,False,,32.1,26.25,True,-0.18224299065420568
logistic,2026-05-29,2026-06-01,2026-07-01,3528,False,22,0,0,False,,129.0,100.0,True,-0.22480620155038755
logistic,2026-05-29,2026-06-01,2026-07-01,2313,False,22,0,2,True,exrights:2313:20260602|exrights:2313:20260622,288.5,237.5,False,
logistic,2026-05-29,2026-06-01,2026-07-01,3006,False,22,0,0,False,,251.5,226.5,True,-0.09940357852882709
logistic,2026-05-29,2026-06-01,2026-07-01,1582,False,22,0,1,True,exrights:1582:20260616,121.0,84.2,False,
logistic,2026-05-29,2026-06-01,2026-07-01,3055,False,22,0,0,False,,109.0,127.5,True,0.16972477064220182
logistic,2026-05-29,2026-06-01,2026-07-01,2454,False,22,0,0,False,,4440.0,4315.0,True,-0.028153153153153143
logistic,2026-05-29,2026-06-01,2026-07-01,2344,True,22,0,0,False,,168.0,207.0,True,0.2321428571428572
logistic,2026-05-29,2026-06-01,2026-07-01,8028,False,22,0,1,True,exrights:8028:20260612,329.0,315.0,False,
logistic,2026-05-29,2026-06-01,2026-07-01,2489,False,22,0,1,True,exrights:2489:20260625,50.1,44.0,False,
logistic,2026-05-29,2026-06-01,2026-07-01,6715,True,22,0,0,False,,443.0,440.0,True,-0.006772009029345383
logistic,2026-05-29,2026-06-01,2026-07-01,2327,True,22,0,1,True,exrights:2327:20260612,765.0,1200.0,False,
logistic,2026-05-29,2026-06-01,2026-07-01,3048,False,22,0,0,False,,72.0,64.3,True,-0.10694444444444451
logistic,2026-05-29,2026-06-01,2026-07-01,6706,False,22,0,0,False,,206.0,152.0,True,-0.2621359223300971
logistic,2026-05-29,2026-06-01,2026-07-01,7750,False,22,0,0,False,,2400.0,2005.0,True,-0.1645833333333333
logistic,2026-05-29,2026-06-01,2026-07-01,3583,False,22,0,0,False,,867.0,909.0,True,0.04844290657439454
logistic,2026-05-29,2026-06-01,2026-07-01,4958,False,22,0,1,True,exrights:4958:20260608,542.0,641.0,False,
logistic,2026-05-29,2026-06-01,2026-07-01,3645,False,22,0,0,False,,107.0,92.0,True,-0.14018691588785048
logistic,2026-05-29,2026-06-01,2026-07-01,3037,False,22,0,0,False,,1070.0,1085.0,True,0.014018691588784993
logistic,2026-05-29,2026-06-01,2026-07-01,3135,False,22,0,0,False,,259.5,181.5,True,-0.3005780346820809
logistic,2026-05-29,2026-06-01,2026-07-01,3167,False,22,0,0,False,,809.0,831.0,True,0.027194066749072876
mom60_skip5,2026-05-29,2026-06-01,2026-07-01,3026,True,22,0,1,True,exrights:3026:20260622,671.0,888.0,False,
mom60_skip5,2026-05-29,2026-06-01,2026-07-01,2426,False,22,0,0,False,,81.9,78.0,True,-0.04761904761904767
mom60_skip5,2026-05-29,2026-06-01,2026-07-01,7610,True,22,0,0,False,,1580.0,2295.0,True,0.4525316455696202
mom60_skip5,2026-05-29,2026-06-01,2026-07-01,6658,False,22,0,1,True,exrights:6658:20260608,221.5,257.0,False,
mom60_skip5,2026-05-29,2026-06-01,2026-07-01,6861,False,22,0,1,True,exrights:6861:20260615,435.0,336.0,False,
mom60_skip5,2026-05-29,2026-06-01,2026-07-01,3167,False,22,0,0,False,,809.0,831.0,True,0.027194066749072876
mom60_skip5,2026-05-29,2026-06-01,2026-07-01,4958,False,22,0,1,True,exrights:4958:20260608,542.0,641.0,False,
mom60_skip5,2026-05-29,2026-06-01,2026-07-01,6831,False,22,0,0,False,,752.0,948.0,True,0.2606382978723405
mom60_skip5,2026-05-29,2026-06-01,2026-07-01,4764,False,22,0,0,False,,310.0,305.0,True,-0.016129032258064502
mom60_skip5,2026-05-29,2026-06-01,2026-07-01,6451,True,22,0,0,False,,573.0,582.0,True,0.015706806282722585
mom60_skip5,2026-05-29,2026-06-01,2026-07-01,4960,False,22,0,0,False,,32.1,26.25,True,-0.18224299065420568
mom60_skip5,2026-05-29,2026-06-01,2026-07-01,4919,False,22,0,0,False,,199.5,177.5,True,-0.11027568922305764
mom60_skip5,2026-05-29,2026-06-01,2026-07-01,6278,False,22,0,0,False,,221.5,214.5,True,-0.03160270880361171
mom60_skip5,2026-05-29,2026-06-01,2026-07-01,6715,True,22,0,0,False,,443.0,440.0,True,-0.006772009029345383
mom60_skip5,2026-05-29,2026-06-01,2026-07-01,3583,False,22,0,0,False,,867.0,909.0,True,0.04844290657439454
mom60_skip5,2026-05-29,2026-06-01,2026-07-01,1597,False,22,0,0,False,,180.5,141.0,True,-0.21883656509695293
mom60_skip5,2026-05-29,2026-06-01,2026-07-01,6834,True,22,0,1,True,exrights:6834:20260611,78.0,126.0,False,
mom60_skip5,2026-05-29,2026-06-01,2026-07-01,6830,False,22,0,0,False,,678.0,496.5,True,-0.2676991150442478
mom60_skip5,2026-05-29,2026-06-01,2026-07-01,3090,True,22,0,0,False,,225.0,323.0,True,0.4355555555555555
mom60_skip5,2026-05-29,2026-06-01,2026-07-01,6531,False,22,0,1,True,exrights:6531:20260622,1240.0,1020.0,False,
mom60_skip5,2026-05-29,2026-06-01,2026-07-01,2351,False,22,0,0,False,,211.0,216.5,True,0.026066350710900466
mom60_skip5,2026-05-29,2026-06-01,2026-07-01,6141,False,22,0,0,False,,46.05,39.6,True,-0.1400651465798045
mom60_skip5,2026-05-29,2026-06-01,2026-07-01,2472,False,22,0,0,False,,383.0,461.5,True,0.20496083550913835
mom60_skip5,2026-05-29,2026-06-01,2026-07-01,2327,True,22,0,1,True,exrights:2327:20260612,765.0,1200.0,False,
mom60_skip5,2026-05-29,2026-06-01,2026-07-01,6415,False,22,0,0,False,,600.0,610.0,True,0.016666666666666607
mom60_skip5,2026-05-29,2026-06-01,2026-07-01,3209,False,22,0,0,False,,76.5,59.6,True,-0.22091503267973855
mom60_skip5,2026-05-29,2026-06-01,2026-07-01,2383,False,22,0,0,False,,5130.0,5475.0,True,0.067251461988304
mom60_skip5,2026-05-29,2026-06-01,2026-07-01,3714,False,22,0,1,True,exrights:3714:20260630,73.5,65.9,False,
mom60_skip5,2026-05-29,2026-06-01,2026-07-01,2454,False,22,0,0,False,,4440.0,4315.0,True,-0.028153153153153143
mom60_skip5,2026-05-29,2026-06-01,2026-07-01,4576,False,22,0,0,False,,268.0,213.5,True,-0.20335820895522383
mom60_skip5,2026-05-29,2026-06-01,2026-07-01,3037,False,22,0,0,False,,1070.0,1085.0,True,0.014018691588784993
mom60_skip5,2026-05-29,2026-06-01,2026-07-01,2492,True,22,0,0,False,,408.0,598.0,True,0.4656862745098038
mom60_skip5,2026-05-29,2026-06-01,2026-07-01,4949,False,22,0,0,False,,97.5,78.0,True,-0.19999999999999996
mom60_skip5,2026-05-29,2026-06-01,2026-07-01,3016,False,22,0,1,True,exrights:3016:20260629,138.5,136.5,False,
mom60_skip5,2026-05-29,2026-06-01,2026-07-01,3443,False,22,0,1,True,exrights:3443:20260608,4655.0,4865.0,False,
mom60_skip5,2026-05-29,2026-06-01,2026-07-01,6166,False,22,0,0,False,,135.0,140.5,True,0.040740740740740744
mom60_skip5,2026-05-29,2026-06-01,2026-07-01,6224,False,22,0,0,False,,93.7,78.0,True,-0.1675560298826041
mom60_skip5,2026-05-29,2026-06-01,2026-07-01,7730,False,22,0,0,False,,214.0,190.0,True,-0.11214953271028039
mom60_skip5,2026-05-29,2026-06-01,2026-07-01,1727,False,22,0,1,True,exrights:1727:20260630,94.5,90.5,False,
mom60_skip5,2026-05-29,2026-06-01,2026-07-01,3048,False,22,0,0,False,,72.0,64.3,True,-0.10694444444444451
mom60_skip5,2026-05-29,2026-06-01,2026-07-01,2464,False,22,0,0,False,,194.5,174.0,True,-0.1053984575835476
mom60_skip5,2026-05-29,2026-06-01,2026-07-01,2486,False,22,0,0,False,,267.0,241.5,True,-0.0955056179775281
mom60_skip5,2026-05-29,2026-06-01,2026-07-01,6672,True,22,0,0,False,,223.0,302.5,True,0.3565022421524664
mom60_skip5,2026-05-29,2026-06-01,2026-07-01,8271,False,22,0,1,True,exrights:8271:20260701,248.5,193.0,False,
mom60_skip5,2026-05-29,2026-06-01,2026-07-01,3532,True,22,0,0,False,,350.5,400.0,True,0.14122681883024257
mom60_skip5,2026-05-29,2026-06-01,2026-07-01,3189,False,22,0,0,False,,740.0,900.0,True,0.21621621621621623
mom60_skip5,2026-05-29,2026-06-01,2026-07-01,6213,True,22,0,0,False,,283.0,379.0,True,0.33922261484098937
mom60_skip5,2026-05-29,2026-06-01,2026-07-01,4956,False,22,0,0,False,,45.4,39.1,True,-0.13876651982378851
mom60_skip5,2026-05-29,2026-06-01,2026-07-01,3042,False,22,0,1,True,exrights:3042:20260616,217.0,201.5,False,
mom60_skip5,2026-05-29,2026-06-01,2026-07-01,7750,False,22,0,0,False,,2400.0,2005.0,True,-0.1645833333333333
mom60_skip5,2026-05-29,2026-06-01,2026-07-01,2243,True,22,0,0,False,,27.3,59.1,True,1.1648351648351647
mom60_skip5,2026-05-29,2026-06-01,2026-07-01,3229,False,22,0,0,False,,51.7,43.5,True,-0.1586073500967119
mom60_skip5,2026-05-29,2026-06-01,2026-07-01,6405,False,22,0,0,False,,86.0,62.5,True,-0.2732558139534884
mom60_skip5,2026-05-29,2026-06-01,2026-07-01,8046,True,22,0,1,True,exrights:8046:20260625,842.0,1200.0,False,
mom60_skip5,2026-05-29,2026-06-01,2026-07-01,3135,False,22,0,0,False,,259.5,181.5,True,-0.3005780346820809
mom60_skip5,2026-05-29,2026-06-01,2026-07-01,2399,False,22,0,0,False,,48.7,49.3,True,0.012320328542094305
mom60_skip5,2026-05-29,2026-06-01,2026-07-01,6515,False,22,0,0,False,,8820.0,8345.0,True,-0.05385487528344668
mom60_skip5,2026-05-29,2026-06-01,2026-07-01,3673,False,22,0,0,False,,87.5,82.0,True,-0.06285714285714283
mom60_skip5,2026-05-29,2026-06-01,2026-07-01,2388,False,22,0,1,True,exrights:2388:20260622,77.4,74.4,False,
mom60_skip5,2026-05-29,2026-06-01,2026-07-01,2303,False,22,0,0,False,,143.0,170.0,True,0.18881118881118875
mom60_skip5,2026-05-29,2026-06-01,2026-07-01,3054,False,22,0,1,True,exrights:3054:20260626,66.7,61.8,False,
mom60_skip5,2026-05-29,2026-06-01,2026-07-01,3030,False,22,0,1,True,exrights:3030:20260611,415.0,336.0,False,
mom60_skip5,2026-05-29,2026-06-01,2026-07-01,3055,False,22,0,0,False,,109.0,127.5,True,0.16972477064220182
mom60_skip5,2026-05-29,2026-06-01,2026-07-01,6449,False,22,0,1,True,exrights:6449:20260623,403.5,353.5,False,
mom60_skip5,2026-05-29,2026-06-01,2026-07-01,2478,True,22,0,0,False,,140.5,242.5,True,0.7259786476868328
mom60_skip5,2026-05-29,2026-06-01,2026-07-01,3033,False,22,0,0,False,,50.3,49.8,True,-0.00994035785288272
mom60_skip5,2026-05-29,2026-06-01,2026-07-01,1711,False,22,0,0,False,,49.1,45.8,True,-0.06720977596741351
mom60_skip5,2026-05-29,2026-06-01,2026-07-01,3702,False,22,0,0,False,,117.5,107.5,True,-0.08510638297872342
mom60_skip5,2026-05-29,2026-06-01,2026-07-01,2345,False,22,0,0,False,,2460.0,2600.0,True,0.05691056910569103
mom60_skip5,2026-05-29,2026-06-01,2026-07-01,2368,False,22,0,1,True,exrights:2368:20260623,1345.0,1245.0,False,
mom60_skip5,2026-05-29,2026-06-01,2026-07-01,2484,True,22,0,0,False,,54.7,79.5,True,0.453382084095064
mom60_skip5,2026-05-29,2026-06-01,2026-07-01,3481,True,22,0,1,True,exrights:3481:20260611,54.5,70.8,False,
logistic,2026-06-30,2026-07-01,2026-08-03,7610,True,23,0,1,True,exrights:7610:20260713,2295.0,1320.0,False,
logistic,2026-06-30,2026-07-01,2026-08-03,3026,False,23,0,0,False,,888.0,430.0,True,-0.5157657657657657
logistic,2026-06-30,2026-07-01,2026-08-03,2472,False,23,0,0,False,,461.5,218.5,True,-0.5265438786565547
logistic,2026-06-30,2026-07-01,2026-08-03,6449,False,23,0,0,False,,353.5,212.0,True,-0.40028288543140034
logistic,2026-06-30,2026-07-01,2026-08-03,2492,False,23,0,1,True,exrights:2492:20260709,598.0,226.5,False,
logistic,2026-06-30,2026-07-01,2026-08-03,2243,False,23,0,0,False,,59.1,41.85,True,-0.29187817258883253
logistic,2026-06-30,2026-07-01,2026-08-03,6405,False,23,0,0,False,,62.5,35.15,True,-0.4376
logistic,2026-06-30,2026-07-01,2026-08-03,3189,False,23,0,1,True,exrights:3189:20260702,900.0,695.0,False,
logistic,2026-06-30,2026-07-01,2026-08-03,2426,False,23,0,0,False,,78.0,49.7,True,-0.36282051282051275
logistic,2026-06-30,2026-07-01,2026-08-03,6861,False,23,0,0,False,,336.0,200.0,True,-0.40476190476190477
logistic,2026-06-30,2026-07-01,2026-08-03,2327,False,23,0,0,False,,1200.0,534.0,True,-0.5549999999999999
logistic,2026-06-30,2026-07-01,2026-08-03,6834,False,23,0,0,False,,126.0,80.7,True,-0.35952380952380947
logistic,2026-06-30,2026-07-01,2026-08-03,2483,False,23,0,0,False,,58.0,35.25,True,-0.39224137931034486
logistic,2026-06-30,2026-07-01,2026-08-03,4919,False,23,0,0,False,,177.5,115.5,True,-0.3492957746478873
logistic,2026-06-30,2026-07-01,2026-08-03,3090,False,23,0,1,True,exrights:3090:20260702,323.0,133.0,False,
logistic,2026-06-30,2026-07-01,2026-08-03,3016,False,23,0,0,False,,136.5,77.5,True,-0.43223443223443225
logistic,2026-06-30,2026-07-01,2026-08-03,2484,True,23,0,0,False,,79.5,61.2,True,-0.23018867924528297
logistic,2026-06-30,2026-07-01,2026-08-03,2478,False,23,0,1,True,exrights:2478:20260709,242.5,108.0,False,
logistic,2026-06-30,2026-07-01,2026-08-03,2375,False,23,0,0,False,,220.0,116.0,True,-0.4727272727272728
logistic,2026-06-30,2026-07-01,2026-08-03,4764,False,23,0,1,True,exrights:4764:20260724,305.0,261.5,False,
logistic,2026-06-30,2026-07-01,2026-08-03,6658,False,23,0,0,False,,257.0,139.5,True,-0.4571984435797666
logistic,2026-06-30,2026-07-01,2026-08-03,6715,False,23,0,2,True,exrights:6715:20260702|exrights:6715:20260729,440.0,300.0,False,
logistic,2026-06-30,2026-07-01,2026-08-03,8150,False,23,0,0,False,,102.5,73.0,True,-0.2878048780487805
logistic,2026-06-30,2026-07-01,2026-08-03,8454,False,23,0,0,False,,299.5,242.0,True,-0.19198664440734559
logistic,2026-06-30,2026-07-01,2026-08-03,2302,False,23,0,1,False,exrights:2302:20260701,49.4,36.75,False,
logistic,2026-06-30,2026-07-01,2026-08-03,3481,False,23,0,0,False,,70.8,45.0,True,-0.364406779661017
logistic,2026-06-30,2026-07-01,2026-08-03,8261,True,23,0,1,True,exrights:8261:20260709,297.5,158.0,False,
logistic,2026-06-30,2026-07-01,2026-08-03,6451,False,23,0,1,True,exrights:6451:20260727,582.0,338.0,False,
logistic,2026-06-30,2026-07-01,2026-08-03,6271,False,23,0,0,False,,277.0,158.0,True,-0.4296028880866426
logistic,2026-06-30,2026-07-01,2026-08-03,6213,False,23,0,1,True,exrights:6213:20260702,379.0,289.0,False,
logistic,2026-06-30,2026-07-01,2026-08-03,6573,True,23,0,0,False,,22.75,16.75,True,-0.2637362637362637
logistic,2026-06-30,2026-07-01,2026-08-03,3550,False,23,0,0,False,,33.7,19.8,True,-0.41246290801186947
logistic,2026-06-30,2026-07-01,2026-08-03,6862,False,23,0,1,True,exrights:6862:20260707,204.0,125.0,False,
logistic,2026-06-30,2026-07-01,2026-08-03,3037,False,23,0,1,True,exrights:3037:20260706,1085.0,842.0,False,
logistic,2026-06-30,2026-07-01,2026-08-03,2493,False,23,0,1,True,exrights:2493:20260709,309.0,184.0,False,
logistic,2026-06-30,2026-07-01,2026-08-03,8996,False,23,0,0,False,,1620.0,889.0,True,-0.4512345679012346
logistic,2026-06-30,2026-07-01,2026-08-03,2434,True,23,0,0,False,,44.5,49.3,True,0.1078651685393257
logistic,2026-06-30,2026-07-01,2026-08-03,4722,False,23,0,0,False,,294.0,170.0,True,-0.4217687074829932
logistic,2026-06-30,2026-07-01,2026-08-03,2409,False,23,0,1,True,exrights:2409:20260730,33.6,23.7,False,
logistic,2026-06-30,2026-07-01,2026-08-03,2305,False,23,0,0,False,,39.05,31.2,True,-0.2010243277848911
logistic,2026-06-30,2026-07-01,2026-08-03,3042,True,23,0,0,False,,201.5,148.0,True,-0.2655086848635235
logistic,2026-06-30,2026-07-01,2026-08-03,3094,False,23,0,0,False,,39.55,34.0,True,-0.1403286978508217
logistic,2026-06-30,2026-07-01,2026-08-03,6155,False,23,0,1,True,exrights:6155:20260706,93.6,51.7,False,
logistic,2026-06-30,2026-07-01,2026-08-03,8046,False,23,0,0,False,,1200.0,945.0,True,-0.21250000000000002
logistic,2026-06-30,2026-07-01,2026-08-03,6830,False,23,0,0,False,,496.5,353.0,True,-0.2890231621349446
logistic,2026-06-30,2026-07-01,2026-08-03,6269,False,23,0,0,False,,72.0,49.0,True,-0.3194444444444444
logistic,2026-06-30,2026-07-01,2026-08-03,2425,False,23,0,1,True,exrights:2425:20260703,46.0,48.0,False,
logistic,2026-06-30,2026-07-01,2026-08-03,2316,False,23,0,1,True,exrights:2316:20260713,225.0,145.5,False,
logistic,2026-06-30,2026-07-01,2026-08-03,6116,False,23,0,0,False,,19.85,12.35,True,-0.37783375314861467
logistic,2026-06-30,2026-07-01,2026-08-03,6531,False,23,0,0,False,,1020.0,659.0,True,-0.35392156862745094
logistic,2026-06-30,2026-07-01,2026-08-03,7788,False,23,0,1,True,exrights:7788:20260724,258.5,187.5,False,
logistic,2026-06-30,2026-07-01,2026-08-03,6202,False,23,0,0,False,,67.8,54.0,True,-0.20353982300884954
logistic,2026-06-30,2026-07-01,2026-08-03,6831,False,23,0,0,False,,948.0,524.0,True,-0.4472573839662447
logistic,2026-06-30,2026-07-01,2026-08-03,3532,True,23,0,1,True,exrights:3532:20260714,400.0,254.0,False,
logistic,2026-06-30,2026-07-01,2026-08-03,3450,False,23,0,0,False,,540.0,383.0,True,-0.29074074074074074
logistic,2026-06-30,2026-07-01,2026-08-03,6239,False,23,0,1,True,exrights:6239:20260730,345.0,235.5,False,
logistic,2026-06-30,2026-07-01,2026-08-03,4958,False,23,0,0,False,,641.0,418.0,True,-0.3478939157566303
logistic,2026-06-30,2026-07-01,2026-08-03,3229,False,23,0,0,False,,43.5,43.75,True,0.005747126436781658
logistic,2026-06-30,2026-07-01,2026-08-03,6141,False,23,0,0,False,,39.6,30.1,True,-0.23989898989898994
logistic,2026-06-30,2026-07-01,2026-08-03,1303,True,23,0,1,True,exrights:1303:20260708,177.5,166.0,False,
logistic,2026-06-30,2026-07-01,2026-08-03,6672,False,23,0,0,False,,302.5,198.0,True,-0.34545454545454546
logistic,2026-06-30,2026-07-01,2026-08-03,6226,True,23,0,0,False,,24.25,19.2,True,-0.2082474226804124
logistic,2026-06-30,2026-07-01,2026-08-03,2464,False,23,0,0,False,,174.0,134.5,True,-0.2270114942528736
logistic,2026-06-30,2026-07-01,2026-08-03,1809,False,23,0,1,True,exrights:1809:20260723,55.5,31.6,False,
logistic,2026-06-30,2026-07-01,2026-08-03,2481,False,23,0,0,False,,194.0,117.0,True,-0.3969072164948454
logistic,2026-06-30,2026-07-01,2026-08-03,8021,False,23,0,1,True,exrights:8021:20260715,591.0,331.5,False,
logistic,2026-06-30,2026-07-01,2026-08-03,3055,True,23,0,1,True,exrights:3055:20260710,127.5,87.8,False,
logistic,2026-06-30,2026-07-01,2026-08-03,2351,False,23,0,0,False,,216.5,142.5,True,-0.34180138568129326
logistic,2026-06-30,2026-07-01,2026-08-03,6415,False,23,0,0,False,,610.0,433.0,True,-0.29016393442622945
logistic,2026-06-30,2026-07-01,2026-08-03,2233,True,23,0,1,True,exrights:2233:20260730,233.0,197.0,False,
logistic,2026-06-30,2026-07-01,2026-08-03,2406,False,23,0,0,False,,45.0,30.55,True,-0.3211111111111111
logistic,2026-06-30,2026-07-01,2026-08-03,6525,True,23,0,0,False,,158.5,124.0,True,-0.21766561514195581
logistic,2026-06-30,2026-07-01,2026-08-03,2379,False,23,0,0,False,,831.0,666.0,True,-0.1985559566787004
logistic,2026-06-30,2026-07-01,2026-08-03,6166,False,23,0,1,True,exrights:6166:20260709,140.5,111.5,False,
logistic,2026-06-30,2026-07-01,2026-08-03,2408,False,23,0,1,True,exrights:2408:20260707,455.0,374.5,False,
mom60_skip5,2026-06-30,2026-07-01,2026-08-03,7610,True,23,0,1,True,exrights:7610:20260713,2295.0,1320.0,False,
mom60_skip5,2026-06-30,2026-07-01,2026-08-03,3026,False,23,0,0,False,,888.0,430.0,True,-0.5157657657657657
mom60_skip5,2026-06-30,2026-07-01,2026-08-03,2492,False,23,0,1,True,exrights:2492:20260709,598.0,226.5,False,
mom60_skip5,2026-06-30,2026-07-01,2026-08-03,2327,False,23,0,0,False,,1200.0,534.0,True,-0.5549999999999999
mom60_skip5,2026-06-30,2026-07-01,2026-08-03,2478,False,23,0,1,True,exrights:2478:20260709,242.5,108.0,False,
mom60_skip5,2026-06-30,2026-07-01,2026-08-03,6834,False,23,0,0,False,,126.0,80.7,True,-0.35952380952380947
mom60_skip5,2026-06-30,2026-07-01,2026-08-03,3090,False,23,0,1,True,exrights:3090:20260702,323.0,133.0,False,
mom60_skip5,2026-06-30,2026-07-01,2026-08-03,2454,False,23,0,1,True,exrights:2454:20260707,4315.0,3910.0,False,
mom60_skip5,2026-06-30,2026-07-01,2026-08-03,4807,False,23,0,0,False,,36.65,37.4,True,0.02046384720327432
mom60_skip5,2026-06-30,2026-07-01,2026-08-03,2303,False,23,0,1,True,exrights:2303:20260708,170.0,125.5,False,
mom60_skip5,2026-06-30,2026-07-01,2026-08-03,3016,False,23,0,0,False,,136.5,77.5,True,-0.43223443223443225
mom60_skip5,2026-06-30,2026-07-01,2026-08-03,4764,False,23,0,1,True,exrights:4764:20260724,305.0,261.5,False,
mom60_skip5,2026-06-30,2026-07-01,2026-08-03,3532,True,23,0,1,True,exrights:3532:20260714,400.0,254.0,False,
mom60_skip5,2026-06-30,2026-07-01,2026-08-03,2491,False,23,0,0,False,,41.0,23.0,True,-0.4390243902439024
mom60_skip5,2026-06-30,2026-07-01,2026-08-03,6861,False,23,0,0,False,,336.0,200.0,True,-0.40476190476190477
mom60_skip5,2026-06-30,2026-07-01,2026-08-03,2472,False,23,0,0,False,,461.5,218.5,True,-0.5265438786565547
mom60_skip5,2026-06-30,2026-07-01,2026-08-03,2426,False,23,0,0,False,,78.0,49.7,True,-0.36282051282051275
mom60_skip5,2026-06-30,2026-07-01,2026-08-03,6166,False,23,0,1,True,exrights:6166:20260709,140.5,111.5,False,
mom60_skip5,2026-06-30,2026-07-01,2026-08-03,3481,False,23,0,0,False,,70.8,45.0,True,-0.364406779661017
mom60_skip5,2026-06-30,2026-07-01,2026-08-03,4958,False,23,0,0,False,,641.0,418.0,True,-0.3478939157566303
mom60_skip5,2026-06-30,2026-07-01,2026-08-03,2375,False,23,0,0,False,,220.0,116.0,True,-0.4727272727272728
mom60_skip5,2026-06-30,2026-07-01,2026-08-03,8261,True,23,0,1,True,exrights:8261:20260709,297.5,158.0,False,
mom60_skip5,2026-06-30,2026-07-01,2026-08-03,2302,False,23,0,1,False,exrights:2302:20260701,49.4,36.75,False,
mom60_skip5,2026-06-30,2026-07-01,2026-08-03,6449,False,23,0,0,False,,353.5,212.0,True,-0.40028288543140034
mom60_skip5,2026-06-30,2026-07-01,2026-08-03,6658,False,23,0,0,False,,257.0,139.5,True,-0.4571984435797666
mom60_skip5,2026-06-30,2026-07-01,2026-08-03,2464,False,23,0,0,False,,174.0,134.5,True,-0.2270114942528736
mom60_skip5,2026-06-30,2026-07-01,2026-08-03,3229,False,23,0,0,False,,43.5,43.75,True,0.005747126436781658
mom60_skip5,2026-06-30,2026-07-01,2026-08-03,3450,False,23,0,0,False,,540.0,383.0,True,-0.29074074074074074
mom60_skip5,2026-06-30,2026-07-01,2026-08-03,2493,False,23,0,1,True,exrights:2493:20260709,309.0,184.0,False,
mom60_skip5,2026-06-30,2026-07-01,2026-08-03,2305,False,23,0,0,False,,39.05,31.2,True,-0.2010243277848911
mom60_skip5,2026-06-30,2026-07-01,2026-08-03,6116,False,23,0,0,False,,19.85,12.35,True,-0.37783375314861467
mom60_skip5,2026-06-30,2026-07-01,2026-08-03,6531,False,23,0,0,False,,1020.0,659.0,True,-0.35392156862745094
mom60_skip5,2026-06-30,2026-07-01,2026-08-03,8021,False,23,0,1,True,exrights:8021:20260715,591.0,331.5,False,
mom60_skip5,2026-06-30,2026-07-01,2026-08-03,6415,False,23,0,0,False,,610.0,433.0,True,-0.29016393442622945
mom60_skip5,2026-06-30,2026-07-01,2026-08-03,3008,False,23,0,0,False,,4490.0,3970.0,True,-0.11581291759465484
mom60_skip5,2026-06-30,2026-07-01,2026-08-03,2344,False,23,0,0,False,,207.0,134.0,True,-0.3526570048309179
mom60_skip5,2026-06-30,2026-07-01,2026-08-03,2481,False,23,0,0,False,,194.0,117.0,True,-0.3969072164948454
mom60_skip5,2026-06-30,2026-07-01,2026-08-03,6525,True,23,0,0,False,,158.5,124.0,True,-0.21766561514195581
mom60_skip5,2026-06-30,2026-07-01,2026-08-03,3189,False,23,0,1,True,exrights:3189:20260702,900.0,695.0,False,
mom60_skip5,2026-06-30,2026-07-01,2026-08-03,2316,False,23,0,1,True,exrights:2316:20260713,225.0,145.5,False,
mom60_skip5,2026-06-30,2026-07-01,2026-08-03,8162,False,23,0,0,False,,80.9,48.5,True,-0.4004944375772559
mom60_skip5,2026-06-30,2026-07-01,2026-08-03,2059,False,23,0,0,False,,7395.0,8380.0,True,0.1331981068289385
mom60_skip5,2026-06-30,2026-07-01,2026-08-03,2408,False,23,0,1,True,exrights:2408:20260707,455.0,374.5,False,
mom60_skip5,2026-06-30,2026-07-01,2026-08-03,6278,False,23,0,1,True,exrights:6278:20260709,214.5,137.0,False,
mom60_skip5,2026-06-30,2026-07-01,2026-08-03,6197,False,23,0,1,True,exrights:6197:20260702,354.5,286.0,False,
mom60_skip5,2026-06-30,2026-07-01,2026-08-03,2243,False,23,0,0,False,,59.1,41.85,True,-0.29187817258883253
mom60_skip5,2026-06-30,2026-07-01,2026-08-03,3042,True,23,0,0,False,,201.5,148.0,True,-0.2655086848635235
mom60_skip5,2026-06-30,2026-07-01,2026-08-03,1809,False,23,0,1,True,exrights:1809:20260723,55.5,31.6,False,
mom60_skip5,2026-06-30,2026-07-01,2026-08-03,4919,False,23,0,0,False,,177.5,115.5,True,-0.3492957746478873
mom60_skip5,2026-06-30,2026-07-01,2026-08-03,6831,False,23,0,0,False,,948.0,524.0,True,-0.4472573839662447
mom60_skip5,2026-06-30,2026-07-01,2026-08-03,5285,False,23,0,0,False,,97.6,70.8,True,-0.27459016393442626
mom60_skip5,2026-06-30,2026-07-01,2026-08-03,1568,False,23,0,0,False,,38.0,26.7,True,-0.2973684210526316
mom60_skip5,2026-06-30,2026-07-01,2026-08-03,7788,False,23,0,1,True,exrights:7788:20260724,258.5,187.5,False,
mom60_skip5,2026-06-30,2026-07-01,2026-08-03,2484,True,23,0,0,False,,79.5,61.2,True,-0.23018867924528297
mom60_skip5,2026-06-30,2026-07-01,2026-08-03,3443,False,23,0,0,False,,4865.0,4150.0,True,-0.14696813977389522
mom60_skip5,2026-06-30,2026-07-01,2026-08-03,2483,False,23,0,0,False,,58.0,35.25,True,-0.39224137931034486
mom60_skip5,2026-06-30,2026-07-01,2026-08-03,6224,False,23,0,0,False,,78.0,51.0,True,-0.34615384615384615
mom60_skip5,2026-06-30,2026-07-01,2026-08-03,6405,False,23,0,0,False,,62.5,35.15,True,-0.4376
mom60_skip5,2026-06-30,2026-07-01,2026-08-03,3048,False,23,0,1,True,exrights:3048:20260707,64.3,45.5,False,
mom60_skip5,2026-06-30,2026-07-01,2026-08-03,3037,False,23,0,1,True,exrights:3037:20260706,1085.0,842.0,False,
mom60_skip5,2026-06-30,2026-07-01,2026-08-03,2383,False,23,0,0,False,,5475.0,5135.0,True,-0.06210045662100461
mom60_skip5,2026-06-30,2026-07-01,2026-08-03,6155,False,23,0,1,True,exrights:6155:20260706,93.6,51.7,False,
mom60_skip5,2026-06-30,2026-07-01,2026-08-03,2342,False,23,0,0,False,,58.0,32.05,True,-0.4474137931034483
mom60_skip5,2026-06-30,2026-07-01,2026-08-03,1303,True,23,0,1,True,exrights:1303:20260708,177.5,166.0,False,
mom60_skip5,2026-06-30,2026-07-01,2026-08-03,1727,False,23,0,0,False,,90.5,66.8,True,-0.2618784530386741
mom60_skip5,2026-06-30,2026-07-01,2026-08-03,6672,False,23,0,0,False,,302.5,198.0,True,-0.34545454545454546
mom60_skip5,2026-06-30,2026-07-01,2026-08-03,6451,False,23,0,1,True,exrights:6451:20260727,582.0,338.0,False,
mom60_skip5,2026-06-30,2026-07-01,2026-08-03,3021,False,23,0,0,False,,32.0,19.55,True,-0.3890625
mom60_skip5,2026-06-30,2026-07-01,2026-08-03,2428,False,23,0,0,False,,319.0,216.0,True,-0.322884012539185
mom60_skip5,2026-06-30,2026-07-01,2026-08-03,6196,False,23,0,0,False,,573.0,461.0,True,-0.1954624781849913
mom60_skip5,2026-06-30,2026-07-01,2026-08-03,3167,False,23,0,1,True,exrights:3167:20260709,831.0,513.0,False,
mom60_skip5,2026-06-30,2026-07-01,2026-08-03,8150,False,23,0,0,False,,102.5,73.0,True,-0.2878048780487805
mom60_skip5,2026-06-30,2026-07-01,2026-08-03,2351,False,23,0,0,False,,216.5,142.5,True,-0.34180138568129326
mom60_skip5,2026-06-30,2026-07-01,2026-08-03,3583,False,23,0,1,True,exrights:3583:20260730,909.0,629.0,False,
mom60_skip5,2026-06-30,2026-07-01,2026-08-03,3673,False,23,0,1,True,exrights:3673:20260716,82.0,53.9,False,
logistic,2026-07-31,2026-08-03,2026-09-01,3532,True,22,0,0,False,,254.0,378.0,True,0.4881889763779528
logistic,2026-07-31,2026-08-03,2026-09-01,7610,True,22,0,0,False,,1320.0,1525.0,True,0.15530303030303028
logistic,2026-07-31,2026-08-03,2026-09-01,2923,False,22,0,0,False,,35.0,24.05,True,-0.31285714285714283
logistic,2026-07-31,2026-08-03,2026-09-01,3055,True,22,0,0,False,,87.8,119.0,True,0.3553530751708429
logistic,2026-07-31,2026-08-03,2026-09-01,3026,True,22,0,0,False,,430.0,769.0,True,0.7883720930232558
logistic,2026-07-31,2026-08-03,2026-09-01,8261,False,22,0,0,False,,158.0,179.5,True,0.13607594936708867
logistic,2026-07-31,2026-08-03,2026-09-01,4764,False,22,0,1,True,exrights:4764:20260820,261.5,239.0,False,
logistic,2026-07-31,2026-08-03,2026-09-01,6226,True,22,0,0,False,,19.2,32.8,True,0.7083333333333333
logistic,2026-07-31,2026-08-03,2026-09-01,6141,True,22,0,0,False,,30.1,58.9,True,0.9568106312292357
logistic,2026-07-31,2026-08-03,2026-09-01,3167,True,22,0,0,False,,513.0,794.0,True,0.5477582846003899
logistic,2026-07-31,2026-08-03,2026-09-01,6715,True,22,0,0,False,,300.0,312.5,True,0.04166666666666674
logistic,2026-07-31,2026-08-03,2026-09-01,6451,True,22,0,0,False,,338.0,453.5,True,0.34171597633136086
logistic,2026-07-31,2026-08-03,2026-09-01,6834,True,22,0,0,False,,80.7,90.1,True,0.11648079306071857
logistic,2026-07-31,2026-08-03,2026-09-01,2478,False,22,0,0,False,,108.0,123.0,True,0.13888888888888884
logistic,2026-07-31,2026-08-03,2026-09-01,8046,True,22,0,0,False,,945.0,1260.0,True,0.33333333333333326
logistic,2026-07-31,2026-08-03,2026-09-01,2493,True,22,0,0,False,,184.0,179.5,True,-0.024456521739130488
logistic,2026-07-31,2026-08-03,2026-09-01,8150,True,22,0,0,False,,73.0,89.3,True,0.22328767123287663
logistic,2026-07-31,2026-08-03,2026-09-01,6243,False,22,0,0,False,,50.0,39.9,True,-0.20200000000000007
logistic,2026-07-31,2026-08-03,2026-09-01,2492,True,22,0,0,False,,226.5,295.5,True,0.304635761589404
logistic,2026-07-31,2026-08-03,2026-09-01,3090,True,22,0,0,False,,133.0,172.0,True,0.29323308270676685
logistic,2026-07-31,2026-08-03,2026-09-01,6831,True,22,0,0,False,,524.0,618.0,True,0.17938931297709915
logistic,2026-07-31,2026-08-03,2026-09-01,3450,True,22,0,0,False,,383.0,648.0,True,0.6919060052219321
logistic,2026-07-31,2026-08-03,2026-09-01,6166,True,22,0,0,False,,111.5,115.5,True,0.03587443946188351
logistic,2026-07-31,2026-08-03,2026-09-01,8039,True,22,0,0,False,,170.5,328.0,True,0.9237536656891496
logistic,2026-07-31,2026-08-03,2026-09-01,6531,True,22,0,0,False,,659.0,936.0,True,0.4203338391502276
logistic,2026-07-31,2026-08-03,2026-09-01,8033,False,22,0,0,False,,169.5,187.0,True,0.1032448377581121
logistic,2026-07-31,2026-08-03,2026-09-01,8021,True,22,0,0,False,,331.5,435.0,True,0.31221719457013575
logistic,2026-07-31,2026-08-03,2026-09-01,3189,True,22,0,0,False,,695.0,838.0,True,0.20575539568345325
logistic,2026-07-31,2026-08-03,2026-09-01,2434,False,22,0,0,False,,49.3,68.1,True,0.38133874239350907
logistic,2026-07-31,2026-08-03,2026-09-01,6573,False,22,0,0,False,,16.75,17.25,True,0.029850746268656803
logistic,2026-07-31,2026-08-03,2026-09-01,2484,True,22,0,1,True,exrights:2484:20260824,61.2,74.2,False,
logistic,2026-07-31,2026-08-03,2026-09-01,7795,True,22,0,0,False,,355.0,507.0,True,0.42816901408450714
logistic,2026-07-31,2026-08-03,2026-09-01,2327,True,22,0,0,False,,534.0,551.0,True,0.03183520599250933
logistic,2026-07-31,2026-08-03,2026-09-01,1303,True,22,0,0,False,,166.0,250.0,True,0.5060240963855422
logistic,2026-07-31,2026-08-03,2026-09-01,2486,True,22,0,0,False,,199.0,266.0,True,0.33668341708542715
logistic,2026-07-31,2026-08-03,2026-09-01,1810,False,22,0,0,False,,24.2,25.15,True,0.03925619834710736
logistic,2026-07-31,2026-08-03,2026-09-01,2408,True,22,0,0,False,,374.5,551.0,True,0.4712950600801069
logistic,2026-07-31,2026-08-03,2026-09-01,4958,False,22,0,0,False,,418.0,512.0,True,0.22488038277511957
logistic,2026-07-31,2026-08-03,2026-09-01,2426,True,22,0,0,False,,49.7,98.5,True,0.9818913480885312
logistic,2026-07-31,2026-08-03,2026-09-01,6213,True,22,0,0,False,,289.0,550.0,True,0.9031141868512111
logistic,2026-07-31,2026-08-03,2026-09-01,3229,True,22,0,0,False,,43.75,53.6,True,0.2251428571428571
logistic,2026-07-31,2026-08-03,2026-09-01,4722,True,22,0,0,False,,170.0,208.5,True,0.2264705882352942
logistic,2026-07-31,2026-08-03,2026-09-01,8996,True,22,0,0,False,,889.0,1175.0,True,0.3217097862767153
logistic,2026-07-31,2026-08-03,2026-09-01,2472,False,22,0,1,True,exrights:2472:20260820,218.5,223.0,False,
logistic,2026-07-31,2026-08-03,2026-09-01,2332,False,22,0,0,False,,20.8,20.1,True,-0.033653846153846145
logistic,2026-07-31,2026-08-03,2026-09-01,3016,True,22,0,1,True,exrights:3016:20260827,77.5,102.0,False,
logistic,2026-07-31,2026-08-03,2026-09-01,2302,True,22,0,0,False,,36.75,44.75,True,0.217687074829932
logistic,2026-07-31,2026-08-03,2026-09-01,6830,True,22,0,0,False,,353.0,527.0,True,0.4929178470254958
logistic,2026-07-31,2026-08-03,2026-09-01,2429,False,22,0,0,False,,30.65,33.2,True,0.0831973898858076
logistic,2026-07-31,2026-08-03,2026-09-01,6525,False,22,0,0,False,,124.0,142.0,True,0.14516129032258074
logistic,2026-07-31,2026-08-03,2026-09-01,6449,False,22,0,0,False,,212.0,234.0,True,0.10377358490566047
logistic,2026-07-31,2026-08-03,2026-09-01,6505,False,22,0,0,False,,71.4,73.7,True,0.03221288515406151
logistic,2026-07-31,2026-08-03,2026-09-01,2305,False,22,0,0,False,,31.2,29.7,True,-0.04807692307692313
logistic,2026-07-31,2026-08-03,2026-09-01,2481,True,22,0,0,False,,117.0,151.0,True,0.2905982905982907
logistic,2026-07-31,2026-08-03,2026-09-01,2483,False,22,0,0,False,,35.25,35.5,True,0.007092198581560183
logistic,2026-07-31,2026-08-03,2026-09-01,6442,True,22,0,0,False,,1175.0,1630.0,True,0.3872340425531915
logistic,2026-07-31,2026-08-03,2026-09-01,6426,True,22,0,0,False,,150.5,260.5,True,0.7308970099667773
logistic,2026-07-31,2026-08-03,2026-09-01,3037,True,22,0,0,False,,842.0,921.0,True,0.09382422802850354
logistic,2026-07-31,2026-08-03,2026-09-01,4919,False,22,0,0,False,,115.5,120.0,True,0.03896103896103886
logistic,2026-07-31,2026-08-03,2026-09-01,2455,True,22,0,0,False,,301.5,490.0,True,0.6252072968490878
logistic,2026-07-31,2026-08-03,2026-09-01,2466,False,22,0,0,False,,88.6,99.8,True,0.12641083521444707
logistic,2026-07-31,2026-08-03,2026-09-01,2342,True,22,0,0,False,,32.05,40.3,True,0.25741029641185653
logistic,2026-07-31,2026-08-03,2026-09-01,2375,False,22,0,1,True,exrights:2375:20260806,116.0,127.0,False,
logistic,2026-07-31,2026-08-03,2026-09-01,2337,True,22,0,0,False,,102.5,126.0,True,0.2292682926829268
logistic,2026-07-31,2026-08-03,2026-09-01,8131,False,22,0,0,False,,54.9,63.5,True,0.15664845173041897
logistic,2026-07-31,2026-08-03,2026-09-01,2360,False,22,0,0,False,,2170.0,1975.0,True,-0.08986175115207373
logistic,2026-07-31,2026-08-03,2026-09-01,2344,True,22,0,0,False,,134.0,183.5,True,0.36940298507462677
logistic,2026-07-31,2026-08-03,2026-09-01,2243,False,22,0,0,False,,41.85,42.05,True,0.004778972520907976
logistic,2026-07-31,2026-08-03,2026-09-01,3006,True,22,0,0,False,,188.5,298.5,True,0.5835543766578248
logistic,2026-07-31,2026-08-03,2026-09-01,6239,False,22,0,0,False,,235.5,274.0,True,0.16348195329087045
logistic,2026-07-31,2026-08-03,2026-09-01,1515,True,22,0,0,False,,28.0,33.5,True,0.1964285714285714
logistic,2026-07-31,2026-08-03,2026-09-01,2351,True,22,0,1,True,exrights:2351:20260804,142.5,229.0,False,
mom60_skip5,2026-07-31,2026-08-03,2026-09-01,7610,True,22,0,0,False,,1320.0,1525.0,True,0.15530303030303028
mom60_skip5,2026-07-31,2026-08-03,2026-09-01,3026,True,22,0,0,False,,430.0,769.0,True,0.7883720930232558
mom60_skip5,2026-07-31,2026-08-03,2026-09-01,6834,True,22,0,0,False,,80.7,90.1,True,0.11648079306071857
mom60_skip5,2026-07-31,2026-08-03,2026-09-01,2302,True,22,0,0,False,,36.75,44.75,True,0.217687074829932
mom60_skip5,2026-07-31,2026-08-03,2026-09-01,6166,True,22,0,0,False,,111.5,115.5,True,0.03587443946188351
mom60_skip5,2026-07-31,2026-08-03,2026-09-01,2434,False,22,0,0,False,,49.3,68.1,True,0.38133874239350907
mom60_skip5,2026-07-31,2026-08-03,2026-09-01,6446,True,22,0,0,False,,1100.0,1375.0,True,0.25
mom60_skip5,2026-07-31,2026-08-03,2026-09-01,2305,False,22,0,0,False,,31.2,29.7,True,-0.04807692307692313
mom60_skip5,2026-07-31,2026-08-03,2026-09-01,2327,True,22,0,0,False,,534.0,551.0,True,0.03183520599250933
mom60_skip5,2026-07-31,2026-08-03,2026-09-01,2243,False,22,0,0,False,,41.85,42.05,True,0.004778972520907976
mom60_skip5,2026-07-31,2026-08-03,2026-09-01,1303,True,22,0,0,False,,166.0,250.0,True,0.5060240963855422
mom60_skip5,2026-07-31,2026-08-03,2026-09-01,2492,True,22,0,0,False,,226.5,295.5,True,0.304635761589404
mom60_skip5,2026-07-31,2026-08-03,2026-09-01,8261,False,22,0,0,False,,158.0,179.5,True,0.13607594936708867
mom60_skip5,2026-07-31,2026-08-03,2026-09-01,3481,False,22,0,0,False,,45.0,49.9,True,0.10888888888888881
mom60_skip5,2026-07-31,2026-08-03,2026-09-01,8039,True,22,0,0,False,,170.5,328.0,True,0.9237536656891496
mom60_skip5,2026-07-31,2026-08-03,2026-09-01,4807,False,22,0,0,False,,37.4,28.7,True,-0.23262032085561501
mom60_skip5,2026-07-31,2026-08-03,2026-09-01,2466,False,22,0,0,False,,88.6,99.8,True,0.12641083521444707
mom60_skip5,2026-07-31,2026-08-03,2026-09-01,2484,True,22,0,1,True,exrights:2484:20260824,61.2,74.2,False,
mom60_skip5,2026-07-31,2026-08-03,2026-09-01,2059,True,22,0,1,True,exrights:2059:20260827,8380.0,14010.0,False,
mom60_skip5,2026-07-31,2026-08-03,2026-09-01,2478,False,22,0,0,False,,108.0,123.0,True,0.13888888888888884
mom60_skip5,2026-07-31,2026-08-03,2026-09-01,3055,True,22,0,0,False,,87.8,119.0,True,0.3553530751708429
mom60_skip5,2026-07-31,2026-08-03,2026-09-01,2483,False,22,0,0,False,,35.25,35.5,True,0.007092198581560183
mom60_skip5,2026-07-31,2026-08-03,2026-09-01,4916,False,22,0,0,False,,94.0,100.5,True,0.06914893617021267
mom60_skip5,2026-07-31,2026-08-03,2026-09-01,1714,True,22,0,1,True,exrights:1714:20260820,13.05,17.65,False,
mom60_skip5,2026-07-31,2026-08-03,2026-09-01,6116,False,22,0,0,False,,12.35,14.35,True,0.16194331983805665
mom60_skip5,2026-07-31,2026-08-03,2026-09-01,6505,False,22,0,0,False,,71.4,73.7,True,0.03221288515406151
mom60_skip5,2026-07-31,2026-08-03,2026-09-01,1515,True,22,0,0,False,,28.0,33.5,True,0.1964285714285714
mom60_skip5,2026-07-31,2026-08-03,2026-09-01,3090,True,22,0,0,False,,133.0,172.0,True,0.29323308270676685
mom60_skip5,2026-07-31,2026-08-03,2026-09-01,2332,False,22,0,0,False,,20.8,20.1,True,-0.033653846153846145
mom60_skip5,2026-07-31,2026-08-03,2026-09-01,3008,True,22,0,1,True,exrights:3008:20260813,3970.0,7655.0,False,
mom60_skip5,2026-07-31,2026-08-03,2026-09-01,2493,True,22,0,0,False,,184.0,179.5,True,-0.024456521739130488
mom60_skip5,2026-07-31,2026-08-03,2026-09-01,1810,False,22,0,0,False,,24.2,25.15,True,0.03925619834710736
mom60_skip5,2026-07-31,2026-08-03,2026-09-01,6243,False,22,0,0,False,,50.0,39.9,True,-0.20200000000000007
mom60_skip5,2026-07-31,2026-08-03,2026-09-01,2491,True,22,0,0,False,,23.0,45.75,True,0.9891304347826086
mom60_skip5,2026-07-31,2026-08-03,2026-09-01,6226,True,22,0,0,False,,19.2,32.8,True,0.7083333333333333
mom60_skip5,2026-07-31,2026-08-03,2026-09-01,3532,True,22,0,0,False,,254.0,378.0,True,0.4881889763779528
mom60_skip5,2026-07-31,2026-08-03,2026-09-01,6573,False,22,0,0,False,,16.75,17.25,True,0.029850746268656803
mom60_skip5,2026-07-31,2026-08-03,2026-09-01,6585,False,22,0,0,False,,112.0,113.5,True,0.013392857142857206
mom60_skip5,2026-07-31,2026-08-03,2026-09-01,6414,False,22,0,0,False,,399.0,390.0,True,-0.022556390977443663
mom60_skip5,2026-07-31,2026-08-03,2026-09-01,2425,False,22,0,0,False,,48.0,37.4,True,-0.22083333333333333
mom60_skip5,2026-07-31,2026-08-03,2026-09-01,2887,False,22,0,0,False,,35.5,38.9,True,0.09577464788732382
mom60_skip5,2026-07-31,2026-08-03,2026-09-01,6957,False,22,0,1,False,exrights:6957:20260803,210.5,217.0,False,
mom60_skip5,2026-07-31,2026-08-03,2026-09-01,2375,False,22,0,1,True,exrights:2375:20260806,116.0,127.0,False,
mom60_skip5,2026-07-31,2026-08-03,2026-09-01,3189,True,22,0,0,False,,695.0,838.0,True,0.20575539568345325
mom60_skip5,2026-07-31,2026-08-03,2026-09-01,2377,False,22,0,1,True,exrights:2377:20260820,140.5,155.0,False,
mom60_skip5,2026-07-31,2026-08-03,2026-09-01,2395,False,22,0,0,False,,555.0,689.0,True,0.24144144144144142
mom60_skip5,2026-07-31,2026-08-03,2026-09-01,6525,False,22,0,0,False,,124.0,142.0,True,0.14516129032258074
mom60_skip5,2026-07-31,2026-08-03,2026-09-01,2883,False,22,0,0,False,,30.5,33.9,True,0.11147540983606552
mom60_skip5,2026-07-31,2026-08-03,2026-09-01,2408,True,22,0,0,False,,374.5,551.0,True,0.4712950600801069
mom60_skip5,2026-07-31,2026-08-03,2026-09-01,6449,False,22,0,0,False,,212.0,234.0,True,0.10377358490566047
mom60_skip5,2026-07-31,2026-08-03,2026-09-01,8926,False,22,0,0,False,,59.1,55.8,True,-0.055837563451776706
mom60_skip5,2026-07-31,2026-08-03,2026-09-01,2303,False,22,0,0,False,,125.5,127.5,True,0.015936254980079667
mom60_skip5,2026-07-31,2026-08-03,2026-09-01,2344,True,22,0,0,False,,134.0,183.5,True,0.36940298507462677
mom60_skip5,2026-07-31,2026-08-03,2026-09-01,2881,False,22,0,0,False,,129.0,143.5,True,0.11240310077519378
mom60_skip5,2026-07-31,2026-08-03,2026-09-01,1709,True,22,0,1,True,exrights:1709:20260828,23.2,33.8,False,
mom60_skip5,2026-07-31,2026-08-03,2026-09-01,2409,False,22,0,0,False,,23.7,26.8,True,0.13080168776371304
mom60_skip5,2026-07-31,2026-08-03,2026-09-01,5285,False,22,0,0,False,,70.8,80.5,True,0.13700564971751428
mom60_skip5,2026-07-31,2026-08-03,2026-09-01,1708,False,22,0,0,False,,47.5,50.6,True,0.06526315789473691
mom60_skip5,2026-07-31,2026-08-03,2026-09-01,9914,True,22,0,1,True,exrights:9914:20260806,76.7,82.2,False,
mom60_skip5,2026-07-31,2026-08-03,2026-09-01,2472,False,22,0,1,True,exrights:2472:20260820,218.5,223.0,False,
mom60_skip5,2026-07-31,2026-08-03,2026-09-01,1409,False,22,0,1,True,exrights:1409:20260827,20.8,25.0,False,
mom60_skip5,2026-07-31,2026-08-03,2026-09-01,2481,True,22,0,0,False,,117.0,151.0,True,0.2905982905982907
mom60_skip5,2026-07-31,2026-08-03,2026-09-01,6579,False,22,0,0,False,,152.5,146.0,True,-0.042622950819672156
mom60_skip5,2026-07-31,2026-08-03,2026-09-01,8114,False,22,0,0,False,,195.5,194.5,True,-0.005115089514066473
mom60_skip5,2026-07-31,2026-08-03,2026-09-01,2379,False,22,0,0,False,,666.0,723.0,True,0.0855855855855856
mom60_skip5,2026-07-31,2026-08-03,2026-09-01,4551,False,22,0,0,False,,163.0,162.0,True,-0.006134969325153339
mom60_skip5,2026-07-31,2026-08-03,2026-09-01,8476,False,22,0,0,False,,19.35,19.45,True,0.0051679586563306845
mom60_skip5,2026-07-31,2026-08-03,2026-09-01,2527,False,22,0,1,True,exrights:2527:20260824,43.9,42.75,False,
mom60_skip5,2026-07-31,2026-08-03,2026-09-01,2634,False,22,0,0,False,,61.2,67.0,True,0.09477124183006524
mom60_skip5,2026-07-31,2026-08-03,2026-09-01,2356,False,22,0,0,False,,60.7,66.7,True,0.098846787479407
mom60_skip5,2026-07-31,2026-08-03,2026-09-01,2923,False,22,0,0,False,,35.0,24.05,True,-0.31285714285714283
mom60_skip5,2026-07-31,2026-08-03,2026-09-01,8454,False,22,0,0,False,,242.0,247.0,True,0.02066115702479343
logistic,2026-08-31,2026-09-01,2026-10-01,6715,True,21,0,0,False,,312.5,445.0,True,0.42399999999999993
logistic,2026-08-31,2026-09-01,2026-10-01,3026,False,21,0,0,False,,769.0,796.0,True,0.03511053315994794
logistic,2026-08-31,2026-09-01,2026-10-01,8039,False,21,0,0,False,,328.0,297.0,True,-0.09451219512195119
logistic,2026-08-31,2026-09-01,2026-10-01,6226,True,21,0,0,False,,32.8,44.55,True,0.3582317073170731
logistic,2026-08-31,2026-09-01,2026-10-01,7610,True,21,0,0,False,,1525.0,1730.0,True,0.13442622950819683
logistic,2026-08-31,2026-09-01,2026-10-01,2426,False,21,0,0,False,,98.5,106.5,True,0.08121827411167515
logistic,2026-08-31,2026-09-01,2026-10-01,6141,False,21,0,0,False,,58.9,51.8,True,-0.12054329371816641
logistic,2026-08-31,2026-09-01,2026-10-01,8046,False,21,0,0,False,,1260.0,1390.0,True,0.10317460317460325
logistic,2026-08-31,2026-09-01,2026-10-01,3229,True,21,0,0,False,,53.6,59.0,True,0.10074626865671643
logistic,2026-08-31,2026-09-01,2026-10-01,3406,False,21,0,0,False,,1005.0,885.0,True,-0.11940298507462688
logistic,2026-08-31,2026-09-01,2026-10-01,3532,False,21,0,0,False,,378.0,475.0,True,0.2566137566137565
logistic,2026-08-31,2026-09-01,2026-10-01,3605,True,21,0,0,False,,128.5,171.0,True,0.3307392996108949
logistic,2026-08-31,2026-09-01,2026-10-01,1709,True,21,0,0,False,,33.8,51.8,True,0.5325443786982249
logistic,2026-08-31,2026-09-01,2026-10-01,7788,False,21,0,0,False,,321.0,299.0,True,-0.06853582554517135
logistic,2026-08-31,2026-09-01,2026-10-01,2464,False,21,0,1,True,exrights:2464:20260902,183.5,193.5,False,
logistic,2026-08-31,2026-09-01,2026-10-01,2491,False,21,0,0,False,,45.75,41.05,True,-0.10273224043715856
logistic,2026-08-31,2026-09-01,2026-10-01,7795,False,21,0,0,False,,507.0,490.5,True,-0.03254437869822491
logistic,2026-08-31,2026-09-01,2026-10-01,2434,False,21,0,0,False,,68.1,65.8,True,-0.033773861967694496
logistic,2026-08-31,2026-09-01,2026-10-01,2492,False,21,0,0,False,,295.5,302.5,True,0.02368866328257191
logistic,2026-08-31,2026-09-01,2026-10-01,3450,False,21,0,0,False,,648.0,525.0,True,-0.18981481481481477
logistic,2026-08-31,2026-09-01,2026-10-01,3008,False,21,0,0,False,,7655.0,5950.0,True,-0.22273024167210975
logistic,2026-08-31,2026-09-01,2026-10-01,6919,False,21,0,0,False,,95.0,79.4,True,-0.16421052631578936
logistic,2026-08-31,2026-09-01,2026-10-01,1303,False,21,0,0,False,,250.0,256.0,True,0.02400000000000002
logistic,2026-08-31,2026-09-01,2026-10-01,3167,False,21,0,0,False,,794.0,908.0,True,0.1435768261964736
logistic,2026-08-31,2026-09-01,2026-10-01,6213,False,21,0,0,False,,550.0,623.0,True,0.1327272727272728
logistic,2026-08-31,2026-09-01,2026-10-01,6108,False,21,0,0,False,,24.0,25.25,True,0.05208333333333326
logistic,2026-08-31,2026-09-01,2026-10-01,8996,True,21,0,0,False,,1175.0,1515.0,True,0.28936170212765955
logistic,2026-08-31,2026-09-01,2026-10-01,2478,False,21,0,0,False,,123.0,120.5,True,-0.020325203252032575
logistic,2026-08-31,2026-09-01,2026-10-01,3189,False,21,0,0,False,,838.0,976.0,True,0.1646778042959427
logistic,2026-08-31,2026-09-01,2026-10-01,1515,False,21,0,0,False,,33.5,30.2,True,-0.09850746268656718
logistic,2026-08-31,2026-09-01,2026-10-01,6451,False,21,0,0,False,,453.5,422.0,True,-0.06945975744211685
logistic,2026-08-31,2026-09-01,2026-10-01,3055,True,21,0,0,False,,119.0,208.0,True,0.7478991596638656
logistic,2026-08-31,2026-09-01,2026-10-01,2305,True,21,0,0,False,,29.7,65.3,True,1.1986531986531985
logistic,2026-08-31,2026-09-01,2026-10-01,4764,False,21,0,0,False,,239.0,193.0,True,-0.19246861924686187
logistic,2026-08-31,2026-09-01,2026-10-01,6933,True,21,0,0,False,,296.0,370.0,True,0.25
logistic,2026-08-31,2026-09-01,2026-10-01,2033,True,21,0,0,False,,24.45,45.1,True,0.8445807770961147
logistic,2026-08-31,2026-09-01,2026-10-01,8103,False,21,0,0,False,,120.5,122.0,True,0.012448132780082943
logistic,2026-08-31,2026-09-01,2026-10-01,8261,False,21,0,0,False,,179.5,177.0,True,-0.013927576601671321
logistic,2026-08-31,2026-09-01,2026-10-01,2489,False,21,0,0,False,,42.2,42.0,True,-0.004739336492891044
logistic,2026-08-31,2026-09-01,2026-10-01,6831,False,21,0,0,False,,618.0,474.0,True,-0.23300970873786409
logistic,2026-08-31,2026-09-01,2026-10-01,6426,True,21,0,1,True,exrights:6426:20260902,260.5,343.0,False,
logistic,2026-08-31,2026-09-01,2026-10-01,6834,True,21,0,0,False,,90.1,110.0,True,0.22086570477247514
logistic,2026-08-31,2026-09-01,2026-10-01,2481,False,21,0,0,False,,151.0,172.0,True,0.13907284768211925
logistic,2026-08-31,2026-09-01,2026-10-01,6446,False,21,0,0,False,,1375.0,1235.0,True,-0.10181818181818181
logistic,2026-08-31,2026-09-01,2026-10-01,3543,False,21,0,0,False,,53.3,51.3,True,-0.03752345215759845
logistic,2026-08-31,2026-09-01,2026-10-01,2351,False,21,0,0,False,,229.0,210.0,True,-0.08296943231441045
logistic,2026-08-31,2026-09-01,2026-10-01,3037,False,21,0,0,False,,921.0,1195.0,True,0.2975027144408251
logistic,2026-08-31,2026-09-01,2026-10-01,3443,True,21,0,0,False,,6490.0,8040.0,True,0.23882896764252703
logistic,2026-08-31,2026-09-01,2026-10-01,3042,False,21,0,0,False,,186.0,210.0,True,0.12903225806451624
logistic,2026-08-31,2026-09-01,2026-10-01,1727,False,21,0,0,False,,100.0,108.0,True,0.08000000000000007
logistic,2026-08-31,2026-09-01,2026-10-01,8021,False,21,0,0,False,,435.0,487.0,True,0.11954022988505741
logistic,2026-08-31,2026-09-01,2026-10-01,2368,False,21,0,0,False,,1175.0,1120.0,True,-0.04680851063829783
logistic,2026-08-31,2026-09-01,2026-10-01,2375,False,21,0,0,False,,127.0,119.0,True,-0.06299212598425197
logistic,2026-08-31,2026-09-01,2026-10-01,7711,False,21,0,0,False,,535.0,561.0,True,0.04859813084112141
logistic,2026-08-31,2026-09-01,2026-10-01,8033,False,21,0,0,False,,187.0,173.0,True,-0.07486631016042777
logistic,2026-08-31,2026-09-01,2026-10-01,1597,False,21,0,0,False,,139.5,147.0,True,0.053763440860215006
logistic,2026-08-31,2026-09-01,2026-10-01,2484,False,21,0,0,False,,74.2,78.4,True,0.05660377358490565
logistic,2026-08-31,2026-09-01,2026-10-01,3653,False,21,0,0,False,,6075.0,6720.0,True,0.10617283950617273
logistic,2026-08-31,2026-09-01,2026-10-01,6805,False,21,0,0,False,,2305.0,2475.0,True,0.07375271149674623
logistic,2026-08-31,2026-09-01,2026-10-01,2465,False,21,0,0,False,,94.1,91.5,True,-0.02763018065887346
logistic,2026-08-31,2026-09-01,2026-10-01,3090,False,21,0,0,False,,172.0,162.0,True,-0.05813953488372092
logistic,2026-08-31,2026-09-01,2026-10-01,2327,False,21,0,0,False,,551.0,560.0,True,0.016333938294010864
logistic,2026-08-31,2026-09-01,2026-10-01,6269,False,21,0,0,False,,76.6,66.5,True,-0.13185378590078323
logistic,2026-08-31,2026-09-01,2026-10-01,3504,False,21,0,0,False,,90.3,79.2,True,-0.12292358803986703
logistic,2026-08-31,2026-09-01,2026-10-01,2455,False,21,0,0,False,,490.0,552.0,True,0.12653061224489792
mom60_skip5,2026-08-31,2026-09-01,2026-10-01,2059,False,21,0,0,False,,14010.0,12270.0,True,-0.12419700214132767
mom60_skip5,2026-08-31,2026-09-01,2026-10-01,2466,False,21,0,0,False,,99.8,128.0,True,0.282565130260521
mom60_skip5,2026-08-31,2026-09-01,2026-10-01,8039,False,21,0,0,False,,328.0,297.0,True,-0.09451219512195119
mom60_skip5,2026-08-31,2026-09-01,2026-10-01,6213,False,21,0,0,False,,550.0,623.0,True,0.1327272727272728
mom60_skip5,2026-08-31,2026-09-01,2026-10-01,6446,False,21,0,0,False,,1375.0,1235.0,True,-0.10181818181818181
mom60_skip5,2026-08-31,2026-09-01,2026-10-01,6226,True,21,0,0,False,,32.8,44.55,True,0.3582317073170731
mom60_skip5,2026-08-31,2026-09-01,2026-10-01,1709,True,21,0,0,False,,33.8,51.8,True,0.5325443786982249
mom60_skip5,2026-08-31,2026-09-01,2026-10-01,1303,False,21,0,0,False,,250.0,256.0,True,0.02400000000000002
mom60_skip5,2026-08-31,2026-09-01,2026-10-01,2615,False,21,0,0,False,,112.5,113.0,True,0.004444444444444473
mom60_skip5,2026-08-31,2026-09-01,2026-10-01,3605,True,21,0,0,False,,128.5,171.0,True,0.3307392996108949
mom60_skip5,2026-08-31,2026-09-01,2026-10-01,2434,False,21,0,0,False,,68.1,65.8,True,-0.033773861967694496
mom60_skip5,2026-08-31,2026-09-01,2026-10-01,2634,False,21,0,0,False,,67.0,64.0,True,-0.04477611940298509
mom60_skip5,2026-08-31,2026-09-01,2026-10-01,9921,False,21,0,0,False,,101.5,93.1,True,-0.08275862068965523
mom60_skip5,2026-08-31,2026-09-01,2026-10-01,7795,False,21,0,0,False,,507.0,490.5,True,-0.03254437869822491
mom60_skip5,2026-08-31,2026-09-01,2026-10-01,2546,False,21,0,0,False,,105.0,105.0,True,0.0
mom60_skip5,2026-08-31,2026-09-01,2026-10-01,2484,False,21,0,0,False,,74.2,78.4,True,0.05660377358490565
mom60_skip5,2026-08-31,2026-09-01,2026-10-01,3008,False,21,0,0,False,,7655.0,5950.0,True,-0.22273024167210975
mom60_skip5,2026-08-31,2026-09-01,2026-10-01,5515,False,21,0,0,False,,51.9,52.1,True,0.003853564547206201
mom60_skip5,2026-08-31,2026-09-01,2026-10-01,1714,False,21,0,0,False,,17.65,16.6,True,-0.05949008498583552
mom60_skip5,2026-08-31,2026-09-01,2026-10-01,8033,False,21,0,0,False,,187.0,173.0,True,-0.07486631016042777
mom60_skip5,2026-08-31,2026-09-01,2026-10-01,3653,False,21,0,0,False,,6075.0,6720.0,True,0.10617283950617273
mom60_skip5,2026-08-31,2026-09-01,2026-10-01,2033,True,21,0,0,False,,24.45,45.1,True,0.8445807770961147
mom60_skip5,2026-08-31,2026-09-01,2026-10-01,1515,False,21,0,0,False,,33.5,30.2,True,-0.09850746268656718
mom60_skip5,2026-08-31,2026-09-01,2026-10-01,7711,False,21,0,0,False,,535.0,561.0,True,0.04859813084112141
mom60_skip5,2026-08-31,2026-09-01,2026-10-01,2887,False,21,0,0,False,,38.9,41.9,True,0.07712082262210807
mom60_skip5,2026-08-31,2026-09-01,2026-10-01,8462,False,21,0,0,False,,167.5,159.0,True,-0.05074626865671639
mom60_skip5,2026-08-31,2026-09-01,2026-10-01,2483,False,21,0,0,False,,35.5,36.15,True,0.018309859154929553
mom60_skip5,2026-08-31,2026-09-01,2026-10-01,2637,False,21,0,0,False,,93.3,96.5,True,0.03429796355841375
mom60_skip5,2026-08-31,2026-09-01,2026-10-01,3532,False,21,0,0,False,,378.0,475.0,True,0.2566137566137565
mom60_skip5,2026-08-31,2026-09-01,2026-10-01,8046,False,21,0,0,False,,1260.0,1390.0,True,0.10317460317460325
mom60_skip5,2026-08-31,2026-09-01,2026-10-01,4119,False,21,0,0,False,,55.3,55.8,True,0.009041591320072317
mom60_skip5,2026-08-31,2026-09-01,2026-10-01,2103,False,21,0,0,False,,28.35,28.1,True,-0.00881834215167554
mom60_skip5,2026-08-31,2026-09-01,2026-10-01,2395,False,21,0,0,False,,689.0,731.0,True,0.060957910014513894
mom60_skip5,2026-08-31,2026-09-01,2026-10-01,3229,True,21,0,0,False,,53.6,59.0,True,0.10074626865671643
mom60_skip5,2026-08-31,2026-09-01,2026-10-01,6472,False,21,0,0,False,,433.5,436.0,True,0.005767012687427853
mom60_skip5,2026-08-31,2026-09-01,2026-10-01,3022,False,21,0,0,False,,90.5,92.3,True,0.019889502762430844
mom60_skip5,2026-08-31,2026-09-01,2026-10-01,9914,False,21,0,0,False,,82.2,68.3,True,-0.16909975669099764
mom60_skip5,2026-08-31,2026-09-01,2026-10-01,2408,False,21,0,0,False,,551.0,515.0,True,-0.06533575317604357
mom60_skip5,2026-08-31,2026-09-01,2026-10-01,2030,True,21,0,0,False,,22.65,37.2,True,0.6423841059602651
mom60_skip5,2026-08-31,2026-09-01,2026-10-01,2915,False,21,0,0,False,,55.9,58.7,True,0.050089445438282754
mom60_skip5,2026-08-31,2026-09-01,2026-10-01,2609,False,21,0,0,False,,59.4,58.9,True,-0.008417508417508435
mom60_skip5,2026-08-31,2026-09-01,2026-10-01,6834,True,21,0,0,False,,90.1,110.0,True,0.22086570477247514
mom60_skip5,2026-08-31,2026-09-01,2026-10-01,7788,False,21,0,0,False,,321.0,299.0,True,-0.06853582554517135
mom60_skip5,2026-08-31,2026-09-01,2026-10-01,6214,False,21,0,0,False,,182.5,188.0,True,0.03013698630136985
mom60_skip5,2026-08-31,2026-09-01,2026-10-01,6505,True,21,0,0,False,,73.7,97.5,True,0.3229308005427407
mom60_skip5,2026-08-31,2026-09-01,2026-10-01,6409,False,21,0,0,False,,1035.0,907.0,True,-0.1236714975845411
mom60_skip5,2026-08-31,2026-09-01,2026-10-01,6243,False,21,0,0,False,,39.9,39.5,True,-0.010025062656641603
mom60_skip5,2026-08-31,2026-09-01,2026-10-01,2302,False,21,0,0,False,,44.75,44.9,True,0.003351955307262511
mom60_skip5,2026-08-31,2026-09-01,2026-10-01,2851,False,21,0,0,False,,45.0,47.2,True,0.04888888888888898
mom60_skip5,2026-08-31,2026-09-01,2026-10-01,1810,False,21,0,0,False,,25.15,24.45,True,-0.027833001988071593
mom60_skip5,2026-08-31,2026-09-01,2026-10-01,2890,False,21,0,0,False,,40.8,44.25,True,0.08455882352941191
mom60_skip5,2026-08-31,2026-09-01,2026-10-01,2332,False,21,0,0,False,,20.1,20.6,True,0.02487562189054726
mom60_skip5,2026-08-31,2026-09-01,2026-10-01,3443,True,21,0,0,False,,6490.0,8040.0,True,0.23882896764252703
mom60_skip5,2026-08-31,2026-09-01,2026-10-01,2006,False,21,0,0,False,,79.9,85.6,True,0.07133917396745915
mom60_skip5,2026-08-31,2026-09-01,2026-10-01,3617,False,21,0,0,False,,254.0,242.5,True,-0.04527559055118113
mom60_skip5,2026-08-31,2026-09-01,2026-10-01,1907,False,21,0,0,False,,30.1,28.4,True,-0.056478405315614655
mom60_skip5,2026-08-31,2026-09-01,2026-10-01,2723,False,21,0,0,False,,81.2,77.0,True,-0.051724137931034475
mom60_skip5,2026-08-31,2026-09-01,2026-10-01,6108,False,21,0,0,False,,24.0,25.25,True,0.05208333333333326
mom60_skip5,2026-08-31,2026-09-01,2026-10-01,2905,False,21,0,0,False,,17.35,18.3,True,0.054755043227665556
mom60_skip5,2026-08-31,2026-09-01,2026-10-01,5608,False,21,0,0,False,,16.95,17.0,True,0.002949852507374784
mom60_skip5,2026-08-31,2026-09-01,2026-10-01,2630,False,21,0,0,False,,51.1,47.15,True,-0.0772994129158513
mom60_skip5,2026-08-31,2026-09-01,2026-10-01,2520,False,21,0,0,False,,35.8,36.5,True,0.019553072625698498
mom60_skip5,2026-08-31,2026-09-01,2026-10-01,2027,False,21,0,0,False,,48.6,48.2,True,-0.008230452674897082
mom60_skip5,2026-08-31,2026-09-01,2026-10-01,7610,True,21,0,0,False,,1525.0,1730.0,True,0.13442622950819683
mom60_skip5,2026-08-31,2026-09-01,2026-10-01,9945,False,21,0,0,False,,27.6,29.45,True,0.06702898550724634
