date,year,eligible,top_n,base_target_rate,population_fixed20_relative,logistic_target_rate,logistic_barrier_net50bp,logistic_fixed20_relative50bp,hist_gradient_boosting_target_rate,hist_gradient_boosting_barrier_net50bp,hist_gradient_boosting_fixed20_relative50bp,mom60_skip5_target_rate,mom60_skip5_barrier_net50bp,mom60_skip5_fixed20_relative50bp,volatility20_target_rate,volatility20_barrier_net50bp,volatility20_fixed20_relative50bp,atr14_target_rate,atr14_barrier_net50bp,atr14_fixed20_relative50bp
2024-01-02,2024,641,65,0.0499219968798752,-0.07196554492465998,0.13846153846153847,-0.025332680804241642,-0.0712145693242333,0.09230769230769231,-0.036471295826854704,-0.07474126851087218,0.12307692307692308,-0.013124245393682506,-0.0644185923922286,0.15384615384615385,-0.011075862056929666,-0.05993847616509151,0.15384615384615385,-0.015435102803718556,-0.061626083233823216
2024-01-03,2024,643,65,0.049766718506998445,-0.06413904322481834,0.1076923076923077,-0.035982618675018126,-0.06456990789961066,0.09230769230769231,-0.03290588694011467,-0.05986031845235541,0.1076923076923077,-0.021879235374852844,-0.051608836768621165,0.13846153846153847,-0.0218831627698557,-0.05142723248332187,0.13846153846153847,-0.018717851375407348,-0.052853227281381795
2024-01-04,2024,639,64,0.054773082942097026,-0.05699980496429678,0.125,-0.02338710193515847,-0.06031898443677824,0.125,-0.02388428858320763,-0.05706730284763152,0.109375,-0.020270241762234388,-0.05417543081783041,0.125,-0.01786786496511142,-0.04832688196435293,0.125,-0.015035077423138032,-0.05319603470303136
2024-01-05,2024,636,64,0.055031446540880505,-0.06182256145241135,0.09375,-0.04084425569290624,-0.07510713673809635,0.09375,-0.030285149374307967,-0.06454061582409279,0.078125,-0.03121721333399658,-0.06516244929801907,0.125,-0.009858613711536226,-0.03187979485778525,0.140625,-0.02137543754133245,-0.0517285179264665
2024-01-08,2024,633,64,0.053712480252764615,-0.06585858480038852,0.109375,-0.03652304066800839,-0.07104829144033853,0.078125,-0.04432180119976181,-0.08445711307538971,0.109375,-0.024679650704732374,-0.0702231239532787,0.140625,-0.019314075594063965,-0.05079861448270251,0.171875,-0.02499061100768806,-0.054937831455943
2024-01-09,2024,633,64,0.07740916271721959,-0.0992907196836644,0.21875,0.007465852453518329,-0.07366615964040174,0.125,-0.019806129523883727,-0.10685956556896672,0.109375,-0.012335120641676921,-0.10706993336767089,0.171875,0.00470312622604015,-0.07565092047293909,0.203125,0.0005795290295833901,-0.0804072559071646
2024-01-10,2024,628,63,0.08280254777070063,-0.07048556199015517,0.19047619047619047,0.010907464544898127,-0.03683295313334253,0.14285714285714285,0.013331474421129945,-0.03965971424727712,0.09523809523809523,-0.006031570369719248,-0.07733451728404188,0.1746031746031746,0.011346303663414029,-0.035633883303799914,0.19047619047619047,0.009438093821349006,-0.04030315334211513
2024-01-11,2024,631,64,0.0919175911251981,-0.06393722489011924,0.21875,0.0295082101831328,-0.014448832625975287,0.171875,0.02964750630241847,-0.023225751672108434,0.109375,0.0031756421815951202,-0.06252388121371338,0.171875,0.011515705832588138,-0.03613041374771604,0.203125,0.0223511249845978,-0.02819963387432317
2024-01-12,2024,628,63,0.10191082802547771,-0.061678566685648556,0.20634920634920634,0.015149641253204957,-0.025140713746878905,0.20634920634920634,0.02709592139558278,-0.010572879138077924,0.1746031746031746,0.008575106866680391,-0.04710495915577054,0.2222222222222222,0.007197033008126988,-0.03440683106597829,0.2857142857142857,0.026409076009184646,-0.02421731924409203
2024-01-15,2024,623,63,0.10593900481540931,-0.06613205867202294,0.23809523809523808,0.031020899856090235,-0.03069096485260962,0.23809523809523808,0.03869330096568856,-0.002808046639531624,0.1746031746031746,0.009416725573198208,-0.0515264801535356,0.2222222222222222,0.017011708337198644,-0.0399968080853271,0.23809523809523808,0.021898100328729714,-0.023357612200129014
2024-01-16,2024,625,63,0.112,-0.05393473244646403,0.25396825396825395,0.043476034994076845,-0.024579452610556222,0.23809523809523808,0.03468744039701332,-0.022091115049541022,0.19047619047619047,0.016932766544794232,-0.04611154554587711,0.2698412698412698,0.03868154083929481,-0.016292777188680777,0.2698412698412698,0.03807574230438082,-0.009418332297109871
2024-01-17,2024,625,63,0.1504,-0.07359533447729191,0.2698412698412698,0.04067312517191086,-0.05142342147189578,0.19047619047619047,0.029299680001989153,-0.06693569245818569,0.2698412698412698,0.03959521193862451,-0.0675691653209444,0.31746031746031744,0.04696727542299964,-0.042822172658453755,0.30158730158730157,0.04238324556218372,-0.037439882773893
2024-01-18,2024,625,63,0.1536,-0.034795885358142035,0.2857142857142857,0.03818438016868257,-0.021123519484589195,0.2857142857142857,0.03733062119290155,-0.007554118121308018,0.20634920634920634,0.03322951202578436,-0.030895767828268143,0.30158730158730157,0.04377491044863893,-0.003919207146397617,0.25396825396825395,0.03441024090635893,-0.006064755903845086
2024-01-19,2024,623,63,0.1637239165329053,-0.026610244198955073,0.30158730158730157,0.037885645943959094,-0.0005837125954725733,0.23809523809523808,0.03419246709213506,-0.03406189029883781,0.31746031746031744,0.045565964085540665,-0.02032481320011073,0.36507936507936506,0.0529884214288408,0.00693739414032247,0.2698412698412698,0.025715127987657897,-0.013420330321291512
2024-01-22,2024,623,63,0.15730337078651685,-0.02218592659098195,0.31746031746031744,0.044727631082789175,-0.000767782402681397,0.2698412698412698,0.03702550468855637,0.0031641835197613708,0.3333333333333333,0.042200416744364214,-0.01036892932786717,0.3492063492063492,0.04931418655285153,0.0114847545902241,0.3333333333333333,0.031817088563705145,0.0006291474603739692
2024-01-23,2024,619,62,0.1631663974151858,-0.02213396803363688,0.3387096774193548,0.04582110021274924,0.022192671157402706,0.27419354838709675,0.032604103787226835,0.0064451450665004165,0.3225806451612903,0.04096682870726528,0.0048521717224486996,0.4032258064516129,0.05981245142160134,0.04345175746628379,0.3387096774193548,0.03611098839681389,0.0018642705564445331
2024-01-24,2024,622,63,0.17845659163987138,-0.044254494375068745,0.42857142857142855,0.05404076864258476,0.009319126387665777,0.3333333333333333,0.042970029922337866,-0.024962622392182814,0.3492063492063492,0.05284057058702102,-0.015016871728400726,0.42857142857142855,0.06411169632177666,0.0199780179600328,0.3333333333333333,0.03376283621359509,-0.01839497648180896
2024-01-25,2024,625,63,0.1936,-0.03521999624817652,0.36507936507936506,0.057943798087955294,0.03261002356188545,0.25396825396825395,0.030078985958672394,-0.03070775876932165,0.38095238095238093,0.0599703352068492,-0.004472700781700396,0.4603174603174603,0.08013225020472536,0.06024040069118207,0.4126984126984127,0.05012437530979468,0.014632617485457428
2024-01-26,2024,625,63,0.208,-0.033938825165854045,0.42857142857142855,0.08754043249586224,0.05181787271202058,0.31746031746031744,0.056033864588997215,0.023197395989175015,0.3968253968253968,0.07586988351378955,0.009343971538170957,0.4444444444444444,0.08000860241813658,0.04236764273937765,0.47619047619047616,0.0803280719285209,0.03840574021840137
2024-01-29,2024,623,63,0.20064205457463885,-0.07597676210987782,0.4603174603174603,0.07154611670894172,0.0072464768190643285,0.3333333333333333,0.04422262117677074,-0.03795402415261786,0.3333333333333333,0.05154183054518013,-0.056862280487176044,0.42857142857142855,0.06214539395196998,-0.02924166799819399,0.4603174603174603,0.070074973728697,-0.034516075565969924
2024-01-30,2024,617,62,0.22366288492706646,-0.11519232959965696,0.5483870967741935,0.07997600140602762,-0.05799605104483991,0.3709677419354839,0.05114511071287287,-0.09074099833000508,0.41935483870967744,0.05786396241548816,-0.0971681536598886,0.5161290322580645,0.07490733714842239,-0.07969551642422941,0.5483870967741935,0.08117133720089162,-0.08882573056079685
2024-01-31,2024,619,62,0.23424878836833601,-0.10354960383178569,0.45161290322580644,0.05855688111008428,-0.08643480486803991,0.4032258064516129,0.05709443112356788,-0.06686794483797978,0.41935483870967744,0.06639046085804776,-0.09062108825825857,0.5161290322580645,0.07328178421578331,-0.07036248139198,0.5645161290322581,0.08837468288680435,-0.06291158653339834
2024-02-01,2024,614,62,0.2182410423452769,-0.10421990518687065,0.45161290322580644,0.06182250354316868,-0.08323819910706716,0.3064516129032258,0.035589305299547305,-0.09968611850598906,0.43548387096774194,0.05766835031303877,-0.08678948393328836,0.43548387096774194,0.05992038155151857,-0.072205195536809,0.45161290322580644,0.058670122500135674,-0.07850076328871174
2024-02-02,2024,613,62,0.24143556280587275,-0.11682373278089288,0.43548387096774194,0.04987179565209022,-0.0990238818748516,0.2903225806451613,0.0195111651575585,-0.14967699684471,0.5,0.0754540893077432,-0.1017855121884364,0.45161290322580644,0.04881878387511635,-0.1109681792824334,0.5161290322580645,0.05968356502781515,-0.11170969765966171
2024-02-05,2024,608,61,0.24177631578947367,-0.06239561023252606,0.5081967213114754,0.0560481642069158,-0.04241326572931573,0.3442622950819672,0.0468977778615949,-0.06461929552951243,0.47540983606557374,0.06342297188840855,-0.04743956333270547,0.4262295081967213,0.03140385006586353,-0.0936417969547911,0.4918032786885246,0.04057465370523535,-0.07004729057556128
2024-02-15,2024,614,62,0.21009771986970685,-0.06403340677524397,0.43548387096774194,0.04232222125484553,-0.06418629952814424,0.14516129032258066,0.013209357891659461,-0.05849046281241063,0.43548387096774194,0.04725190348026567,-0.0698849658817558,0.3225806451612903,0.0046739031170905,-0.10798406198730426,0.3870967741935484,0.01862641422056738,-0.08206896645044698
2024-02-16,2024,617,62,0.16531604538087522,-0.09031083773701801,0.3548387096774194,0.015471011566866368,-0.08855248494859871,0.12903225806451613,0.004046409365246331,-0.0816969316874272,0.3709677419354839,0.03011003431877841,-0.08089727441965637,0.2903225806451613,0.0018869934892696031,-0.1092195350826147,0.3548387096774194,0.016216882639298567,-0.0859803358793904
2024-02-19,2024,627,63,0.15311004784688995,-0.0984721675244994,0.2857142857142857,-0.0008124295365712882,-0.12345705242873391,0.15873015873015872,-0.01626067721924448,-0.12191889087801175,0.3333333333333333,0.023707179069599148,-0.09404306392984563,0.2857142857142857,0.0009126596121667114,-0.12540164815672106,0.3333333333333333,0.012724654908310512,-0.10300430772939555
2024-02-20,2024,632,64,0.16455696202531644,-0.08461539965253063,0.296875,-0.008320213818009362,-0.11845343671924294,0.1875,-0.0072490794064671155,-0.09673551517914589,0.3125,0.0038283123413067333,-0.1124681324765328,0.265625,-0.014521051337387032,-0.1297705031187461,0.359375,0.008187594212224144,-0.10762918783853773
2024-02-21,2024,636,64,0.15251572327044025,-0.09918770872628914,0.1875,-0.03311404475808449,-0.1528287522861095,0.15625,-0.008938026567767729,-0.12212126194218034,0.234375,-0.001962840718068277,-0.12600396316142778,0.203125,-0.03233940542565076,-0.1570477350214314,0.25,-0.020989146904734496,-0.1470695268556024
2024-02-22,2024,632,64,0.14873417721518986,-0.09389899338651711,0.234375,-0.021001386053319367,-0.14463704208634046,0.125,-0.021674031451724113,-0.1192012827509244,0.234375,-0.005497355912865744,-0.11802238197120171,0.21875,-0.024196855731463955,-0.14291930390350205,0.25,-0.012274203771349506,-0.13740758470208292
2024-02-23,2024,633,64,0.1627172195892575,-0.07972785053014046,0.1875,-0.02414469200433812,-0.1298156146143636,0.09375,-0.01611283018187898,-0.10823881156083223,0.28125,0.003526938354181908,-0.08351090514275457,0.25,-0.0070917011443659556,-0.10439701884474886,0.25,-0.016015797755207548,-0.11040745973856823
2024-02-26,2024,639,64,0.14710485133020346,-0.09972399314329938,0.125,-0.04569070703491813,-0.16246521278532236,0.140625,-0.009463490037423247,-0.10776736343460351,0.265625,-0.0028113509573571716,-0.10267247058637664,0.1875,-0.030077495545535154,-0.13018615229268304,0.21875,-0.028816084312168953,-0.13774539014852638
2024-02-27,2024,649,65,0.15716486902927582,-0.08909574245013269,0.2,-0.02271083885740154,-0.14698655719864565,0.26153846153846155,0.016029098001266368,-0.08824736444196749,0.27692307692307694,0.0040711726311022925,-0.09977510968675767,0.2,-0.01875573688358453,-0.12267778679286909,0.24615384615384617,-0.01477421172194025,-0.12607994458761895
2024-02-29,2024,651,66,0.1443932411674347,-0.09083338333812481,0.21212121212121213,-0.030169585737215017,-0.14508716781666509,0.2878787878787879,-0.001450370720854417,-0.12420218005173787,0.24242424242424243,-0.016027931152445028,-0.11681432874431882,0.19696969696969696,-0.03241546582680308,-0.14233490351493028,0.21212121212121213,-0.03436802017520757,-0.14639851334516774
2024-03-01,2024,657,66,0.1308980213089802,-0.09120070179081896,0.12121212121212122,-0.04254308942587819,-0.15965988257955535,0.19696969696969696,-0.015091321145337715,-0.12514838812377796,0.21212121212121213,-0.02289034429341894,-0.12218702849414449,0.15151515151515152,-0.0426459981019674,-0.15539885473932022,0.15151515151515152,-0.0466052099042457,-0.15332015136800106
2024-03-04,2024,661,67,0.11800302571860817,-0.0601608199258281,0.08955223880597014,-0.057197663399380094,-0.1244604369609467,0.13432835820895522,-0.013911899457381246,-0.07789748348643755,0.1791044776119403,-0.02909559424500583,-0.08406043052464997,0.13432835820895522,-0.04971667923707457,-0.11273573026151232,0.13432835820895522,-0.054825749027550955,-0.11289286669199383
2024-03-05,2024,673,68,0.11738484398216939,-0.0783972865282631,0.08823529411764706,-0.06725076094599557,-0.15150921264426903,0.10294117647058823,-0.02152476447640081,-0.1115560152018241,0.10294117647058823,-0.04405927948673137,-0.10239954207433477,0.08823529411764706,-0.06709923134292065,-0.14013142596046138,0.10294117647058823,-0.06148729783723262,-0.13579564813707728
2024-03-06,2024,672,68,0.09523809523809523,-0.053480696264487995,0.04411764705882353,-0.09126244783298496,-0.1365142216530719,0.058823529411764705,-0.04645329758116367,-0.09045710745246553,0.10294117647058823,-0.05807780842858631,-0.08508981816509088,0.058823529411764705,-0.07887559849976715,-0.10968621156520995,0.04411764705882353,-0.0856597887210991,-0.11637601893808824
2024-03-07,2024,689,69,0.11901306240928883,-0.010088211035684937,0.10144927536231885,-0.05877248164068401,-0.06979236646392328,0.13043478260869565,-0.006774082712663477,-0.03211563988482551,0.13043478260869565,-0.040122680761328,-0.03738956623225284,0.14492753623188406,-0.036324447188260264,-0.04535197089347755,0.10144927536231885,-0.040685123343821045,-0.05018863188220085
2024-03-08,2024,697,70,0.1649928263988522,-0.018274342764738816,0.18571428571428572,0.002606308578989404,-0.03815681016075287,0.17142857142857143,0.010476692558652143,-0.03580981021218857,0.22857142857142856,0.008357387829349036,-0.016162645298196342,0.24285714285714285,0.01135947945166847,-0.018572300453450534,0.22857142857142856,0.013226193629532704,-0.01238215986199822
2024-03-11,2024,701,71,0.14978601997146934,-0.034115008663918596,0.23943661971830985,0.0014295227681607424,-0.06500789671649347,0.16901408450704225,0.01989716962909763,-0.04003742074044503,0.22535211267605634,-0.00017724880733428625,-0.04186063267258121,0.2112676056338028,0.000630592677475916,-0.041544884250159904,0.16901408450704225,0.0001471745029060395,-0.04820379686375922
2024-03-12,2024,708,71,0.1115819209039548,-0.02766281721645473,0.15492957746478872,-0.027326550525392405,-0.04999694042991354,0.14084507042253522,0.008810829160238362,-0.03975984014556663,0.16901408450704225,-0.012861924595477334,-0.029109990850513245,0.1267605633802817,-0.03588151648049446,-0.05429356305468302,0.14084507042253522,-0.035935219156589766,-0.05000443086913403
2024-03-13,2024,713,72,0.1458625525946704,-0.011108037376247172,0.2361111111111111,0.0022000402124918487,0.00033883259267338445,0.1527777777777778,0.013510269887966974,-0.016731636910595843,0.2222222222222222,0.016480467708399806,0.020737704731306414,0.16666666666666666,-0.0009928715837548008,-0.00954345817100855,0.2222222222222222,0.011130046051289968,0.002114983548416381
2024-03-14,2024,715,72,0.17202797202797201,-0.005891654596754614,0.3472222222222222,0.03599670322882595,0.01299413892634192,0.18055555555555555,0.017796836459574195,-0.012926250223350963,0.3055555555555556,0.04472000530426555,0.017501032950556796,0.3055555555555556,0.03490349437664264,0.008486684697964002,0.3333333333333333,0.037393316060441856,0.01375662077367628
2024-03-15,2024,717,72,0.16875871687587168,-0.016223044468461952,0.3055555555555556,0.01213116461854333,-0.013070572951456963,0.2638888888888889,0.01702313985953912,0.0030613721103921,0.2777777777777778,0.02112623377235813,-0.006674107320767988,0.2916666666666667,0.010267933359878965,-0.014434626952953626,0.2916666666666667,0.00952452093944895,-0.01369017657473241
2024-03-18,2024,715,72,0.15244755244755245,-0.01109520145710481,0.3055555555555556,0.02579318614433614,0.00821427787926321,0.19444444444444445,0.015586815752949845,0.007218506437023926,0.2222222222222222,0.014306584224406727,-0.0018324690864449393,0.2638888888888889,0.009677784081971124,-0.014854552467610792,0.2222222222222222,-0.0020776031873461377,-0.026099362348828353
2024-03-19,2024,717,72,0.14644351464435146,-0.011319244502736794,0.2916666666666667,0.024829397878359232,0.012593919443140556,0.16666666666666666,0.013204538972090571,-0.012123804139504793,0.2361111111111111,0.012259955302808188,-0.0031866061416182443,0.2638888888888889,0.010738925036389214,-0.009638626861221359,0.2222222222222222,0.0021542370067881905,-0.020468715712521148
2024-03-20,2024,717,72,0.14504881450488144,0.026761483594210572,0.2916666666666667,0.006308407746836938,0.0392846700760562,0.2638888888888889,0.010093700407751881,0.0541895672852028,0.3194444444444444,0.023339135579917746,0.05566866197054943,0.2916666666666667,0.009122404857600401,0.025629084697465918,0.25,-0.0005850027948049884,0.01969601710204007
2024-03-21,2024,718,72,0.13509749303621169,0.024441163823501776,0.2638888888888889,-0.004380843039262058,0.012493896069953745,0.19444444444444445,-0.0031781380297644887,0.03684394589375039,0.25,-0.008151427744856932,0.021284601150377048,0.2638888888888889,-0.0051194095855192,-0.0003954807159895706,0.20833333333333334,-0.021462834711901767,-0.011529273575594974
2024-03-22,2024,715,72,0.1258741258741259,0.019157710637216115,0.2361111111111111,-0.004744116004540204,0.009161185976709063,0.18055555555555555,0.004280600220940598,0.03990862079193312,0.2361111111111111,-0.0044161405611929895,0.013264456700090965,0.2638888888888889,-0.0032409142852541017,0.0016765095673764519,0.20833333333333334,-0.014364805228272862,-0.009165552127624247
2024-03-25,2024,716,72,0.10893854748603352,0.007145344781985233,0.19444444444444445,-0.01647465109528158,0.015276023453981253,0.1111111111111111,-0.024154944213304712,-0.005364144798005411,0.20833333333333334,-0.012189277094020982,-0.0019908060095543165,0.20833333333333334,-0.023530421268881465,-0.00848465542869624,0.16666666666666666,-0.02018102523554673,-0.004744871297010146
2024-03-26,2024,716,72,0.1270949720670391,0.028790685623890956,0.3333333333333333,0.024437750827925514,0.07016688581055333,0.19444444444444445,0.01616413819255114,0.05165556522390899,0.19444444444444445,-0.00014993781230572545,0.027722969336557532,0.2222222222222222,-0.0028696404957546475,0.03124069303040335,0.2361111111111111,0.0019101826138002169,0.030663402559542325
2024-03-27,2024,719,72,0.12239221140472879,0.008821611443216087,0.3333333333333333,0.015254974779985312,0.032859026604213276,0.16666666666666666,-0.0065538117437272175,0.00940498979769875,0.2777777777777778,0.015591658517001672,0.02747197108953388,0.2638888888888889,-0.0026807935445260687,0.01938218964605161,0.2777777777777778,0.00024324539051940843,0.025996037596518043
2024-03-28,2024,715,72,0.14265734265734265,0.004251069909031808,0.3472222222222222,0.021548504932197888,0.026997518202617216,0.1527777777777778,-3.467194205810129e-05,-0.0052159159006673166,0.3472222222222222,0.03593085982340552,0.03610363620865541,0.2777777777777778,0.010050826620628388,0.005177588136322117,0.3194444444444444,0.013149314650166622,0.008461300564575239
2024-03-29,2024,714,72,0.14565826330532214,0.01563538754567541,0.2916666666666667,0.01083582907450798,0.030145483085440836,0.19444444444444445,0.016488771770797987,0.02647145278034003,0.375,0.031295033008205825,0.04873208323028408,0.3055555555555556,0.009968716078770453,0.0263578313886054,0.3611111111111111,0.013928781034238632,0.02804639510401859
2024-04-01,2024,713,72,0.13604488078541374,0.025624172476018985,0.2916666666666667,0.01223191200997754,0.04226461602483716,0.25,0.022606653055566583,0.05825898736829396,0.3055555555555556,0.015631802362301654,0.05024260769391755,0.20833333333333334,-0.015605276824062049,0.013806472192513726,0.3194444444444444,0.0029623756762556658,0.03507221002269653
2024-04-02,2024,711,72,0.15049226441631505,0.023159559498245358,0.2916666666666667,0.0011730794162880453,0.042147888314691864,0.2222222222222222,-0.0010459110225235029,0.038929056540994766,0.3611111111111111,0.025413617958173245,0.06429281365712788,0.2638888888888889,-0.009517057567306643,0.024213806638438504,0.2916666666666667,-0.008430768256241568,0.02571402961985488
2024-04-03,2024,711,72,0.15471167369901548,0.011727246324284374,0.2916666666666667,0.005375605945983234,0.02800861469610773,0.1388888888888889,-0.02218131488491996,0.015358674786757972,0.3333333333333333,0.0178746064543473,0.040194123000986376,0.2222222222222222,-0.0226249307085759,0.001854996748508213,0.2916666666666667,-0.007502597338649343,0.01144331937053451
2024-04-08,2024,711,72,0.13642756680731363,0.0035210992609602506,0.2777777777777778,-0.012793705382971947,0.023727177050312694,0.20833333333333334,-0.01811797383346416,0.020755371347030097,0.3333333333333333,0.010908328139279071,0.018076225825145564,0.20833333333333334,-0.030220552787869132,-0.004623744325846984,0.2222222222222222,-0.03511254546797942,-0.010716072681266906
2024-04-09,2024,707,71,0.1272984441301273,0.009441890791763882,0.29577464788732394,-0.01173802277837863,0.035392169851086154,0.22535211267605634,-0.021490812920658346,0.0058076226195514545,0.29577464788732394,-0.0005086558318630873,0.025804766340041127,0.23943661971830985,-0.027886958043080744,0.010932367209159865,0.19718309859154928,-0.041380575317504976,0.007623839601111962
2024-04-10,2024,709,71,0.1311706629055007,-0.001797907563083094,0.30985915492957744,0.0012434165405974357,0.03880598003636347,0.2112676056338028,-0.019265591659662844,0.0076538478717941266,0.29577464788732394,-0.0035100242496193617,0.026600457753460476,0.28169014084507044,-0.012418983898044602,0.014045308213849266,0.2535211267605634,-0.02301434018059453,0.011693312362280238
2024-04-11,2024,711,72,0.12658227848101267,0.0011326325344330195,0.2777777777777778,-0.0012796575387344449,0.02120512584475568,0.20833333333333334,-0.012539133198697663,-0.002585240680731196,0.2361111111111111,-0.026767894953985023,0.010803972577565702,0.2222222222222222,-0.024732842636747618,0.0005948577932990479,0.20833333333333334,-0.03475589675746358,0.003474525840890524
2024-04-12,2024,709,71,0.1156558533145275,-0.02556176173811604,0.3380281690140845,0.0040035162022941375,-0.026200383369950057,0.2676056338028169,-0.0027974038336396763,-0.03300167576181967,0.15492957746478872,-0.047156157843333206,-0.05291251104145275,0.18309859154929578,-0.03968258146406595,-0.06135767271338092,0.18309859154929578,-0.04083840732912594,-0.05308377116598857
2024-04-15,2024,709,71,0.14950634696755993,-0.030997031066046316,0.38028169014084506,0.014174935164717807,-0.032441490486000486,0.36619718309859156,0.021898030964456784,-0.02216254978637734,0.23943661971830985,-0.02113989902732425,-0.04225272344541806,0.323943661971831,-0.004036219771665547,-0.04221807215945091,0.352112676056338,0.006820993053979677,-0.01791603009140668
2024-04-16,2024,709,71,0.2143864598025388,-0.03760748493331195,0.39436619718309857,0.030744501433129522,-0.04133825313612848,0.4084507042253521,0.045080818040579854,-0.03619787530903799,0.3380281690140845,0.021335249638159838,-0.042356487056103696,0.29577464788732394,0.010801487978551653,-0.04894898793276364,0.3380281690140845,0.01972396452826711,-0.03231438410142502
2024-04-17,2024,711,72,0.17158931082981715,-0.040304536752610975,0.2777777777777778,-0.0048789971245223945,-0.064484445594333,0.2777777777777778,0.000702263723981112,-0.06230782005211096,0.3055555555555556,0.01568049601998346,-0.04702875672833076,0.2361111111111111,-0.004199100570722177,-0.06001015340920287,0.2777777777777778,0.008924044118395619,-0.04582293846907059
2024-04-18,2024,710,71,0.14788732394366197,-0.05853990215984033,0.2112676056338028,-0.027102662150104664,-0.0882073735562239,0.23943661971830985,-0.01229308847506418,-0.08678320763212184,0.23943661971830985,0.0012418592443048018,-0.06351289534368044,0.16901408450704225,-0.02610141795462019,-0.07987072042556553,0.23943661971830985,-0.01001266253492214,-0.06910872770335219
2024-04-19,2024,710,71,0.18873239436619718,-0.07073936742055799,0.30985915492957744,0.004063951214810546,-0.10422769566333398,0.2535211267605634,-0.005599691824148739,-0.1239876370131117,0.323943661971831,0.028300090386329635,-0.07508894200311095,0.28169014084507044,0.012744478605794236,-0.08594112350676048,0.3380281690140845,0.026425202199913143,-0.07815905899728301
2024-04-22,2024,714,72,0.20168067226890757,-0.0511269735569375,0.375,0.029797118897259653,-0.04641997222221436,0.4444444444444444,0.059935200619672314,-0.03583151301451048,0.4166666666666667,0.05693111810997821,-0.023470462408394895,0.3611111111111111,0.03882309347716764,-0.027886417764281794,0.4166666666666667,0.046764274551713766,-0.01695786369508462
2024-04-23,2024,712,72,0.18820224719101122,-0.06298809404529683,0.4027777777777778,0.03933768495069548,-0.06333518126553855,0.3888888888888889,0.04705025003832944,-0.05497068612510905,0.4305555555555556,0.0502484269099379,-0.04023763402839014,0.375,0.028929385901896545,-0.0615167594724564,0.4305555555555556,0.04562273260307576,-0.04558562666905116
2024-04-24,2024,713,72,0.17391304347826086,-0.08880378094994984,0.4027777777777778,0.041082317299239605,-0.0899951759946502,0.375,0.038606858334550194,-0.08480503667190914,0.4166666666666667,0.04935259159659493,-0.06798618098886536,0.3611111111111111,0.034944000414497474,-0.08070385948405893,0.375,0.030192518569297784,-0.08911425984147985
2024-04-25,2024,713,72,0.1697054698457223,-0.07122173921613065,0.3472222222222222,0.020856853184969163,-0.08288426582555967,0.3055555555555556,0.020947877801460495,-0.08726539991895223,0.3611111111111111,0.02740758979141822,-0.08594726756512511,0.3055555555555556,0.017384509615287008,-0.07849227209767037,0.3055555555555556,0.0098700381576669,-0.08671264667820101
2024-04-26,2024,711,72,0.14345991561181434,-0.07638874806245838,0.2638888888888889,-0.00013811366525065847,-0.0813174500488128,0.19444444444444445,-0.012065465031104956,-0.09697870119034259,0.25,-0.0015480040686313052,-0.1023845466316746,0.20833333333333334,-0.013146715663934255,-0.08185064663508458,0.20833333333333334,-0.01509440641300728,-0.09671884498661314
2024-04-29,2024,714,72,0.1400560224089636,-0.06622972700947381,0.2361111111111111,-0.005696162006044762,-0.06846901344261334,0.20833333333333334,-0.011215690931362815,-0.09340798087205464,0.25,-0.013717030259820054,-0.09319820465744755,0.25,0.003955402685647304,-0.055404297974382684,0.25,-0.006011763884600577,-0.06248703440131287
2024-04-30,2024,714,72,0.14425770308123248,-0.05678340136266298,0.2777777777777778,-0.0017735754411168985,-0.052871984674897364,0.2222222222222222,-0.012633328586547149,-0.07390859229301354,0.2361111111111111,-0.012503886897297476,-0.07988700223692037,0.3055555555555556,0.013701036797244298,-0.03986973593340594,0.2222222222222222,-0.018512585297218838,-0.07179004284785277
2024-05-02,2024,716,72,0.12988826815642457,-0.051720415500726834,0.20833333333333334,-0.027020641687551798,-0.06807473469104158,0.1527777777777778,-0.0346768440242813,-0.06438156946205893,0.20833333333333334,-0.02064309046736034,-0.07135104207546683,0.25,-0.012987928812855532,-0.04857908224080583,0.19444444444444445,-0.03489131156932541,-0.07528223206863259
2024-05-03,2024,713,72,0.13183730715287517,-0.031542898709235795,0.2222222222222222,-0.017225543425978044,-0.045706509750898495,0.1388888888888889,-0.0377350209503086,-0.057951348453620835,0.2361111111111111,-0.01186235600713164,-0.03787427964128512,0.2916666666666667,0.00369949797329021,-0.021736199135626015,0.25,-0.014009324806288255,-0.04888368898283879
2024-05-06,2024,717,72,0.13528591352859135,-0.03844180983445339,0.19444444444444445,-0.01758493127121642,-0.020534927544327727,0.18055555555555555,-0.03272444708258022,-0.048945597485716,0.2361111111111111,-0.019490729625245118,-0.03628440272926962,0.2916666666666667,0.00743855395030999,-0.008663895737275972,0.20833333333333334,-0.020706706017034213,-0.04373470496631219
2024-05-07,2024,715,72,0.13986013986013987,-0.024390509263465636,0.2222222222222222,-0.012705876630648032,-0.016158207385139352,0.2777777777777778,0.002388790835710126,0.013411819958977549,0.2361111111111111,-0.009185606140147866,-0.02561964752955133,0.2638888888888889,0.0024320030406938717,-0.005237994528432158,0.20833333333333334,-0.01056037523445544,-0.0361972024478368
2024-05-08,2024,713,72,0.14305750350631136,-0.03524198848738086,0.2638888888888889,-0.00419011706351929,-0.019884347200595093,0.2777777777777778,0.0027049124428487597,-0.017764071717164886,0.2638888888888889,-0.0008295844428903529,-0.030823497886414968,0.2916666666666667,-0.0007420183797134445,-0.0282029051735508,0.2361111111111111,-0.016065210907849497,-0.04752244788222946
2024-05-09,2024,716,72,0.1494413407821229,-0.06304641434503429,0.3333333333333333,0.021999917487923373,-0.048705133405651455,0.3194444444444444,0.02069089076731598,-0.059364927957342176,0.3055555555555556,0.030330615193773874,-0.048156491652610905,0.3194444444444444,0.023220027299483876,-0.05746132471992825,0.2916666666666667,0.019593331707621096,-0.06185995458655233
2024-05-10,2024,719,72,0.15299026425591097,-0.027675009222571705,0.4305555555555556,0.05820635373362299,0.024913094586160613,0.4027777777777778,0.051964628148673336,0.01243725386624955,0.3611111111111111,0.06124154053139032,0.019002729305806074,0.3611111111111111,0.04448840903928673,-0.0005440419467671489,0.3611111111111111,0.04526239797068468,-0.0020785239866397084
2024-05-13,2024,717,72,0.15202231520223153,-0.04025408821581475,0.4305555555555556,0.05721491301158663,0.022300741394108523,0.4027777777777778,0.059005507473943127,0.012183903002122052,0.3472222222222222,0.05400146360712166,0.01141648301381073,0.3888888888888889,0.060293374157905526,0.0066426687618556975,0.3888888888888889,0.055076308962307766,0.0053444827916362915
2024-05-14,2024,716,72,0.138268156424581,-0.04972137553454206,0.4305555555555556,0.05515932561392878,-0.008930299196988555,0.4027777777777778,0.04808572960538891,-0.010759614002953641,0.3611111111111111,0.061164961776374364,0.007820245481794842,0.3888888888888889,0.04994510951058384,-0.005712300698944566,0.3888888888888889,0.05173617051504228,0.0028446399958644334
2024-05-15,2024,721,73,0.13314840499306518,-0.043229776695750975,0.3835616438356164,0.04607059079760526,0.0034240537349283025,0.3287671232876712,0.041349257080869894,0.004825433630005917,0.3287671232876712,0.04005540230272817,0.0069663177092784,0.3835616438356164,0.04189674205347327,-0.0019116412405045238,0.3561643835616438,0.03840079389148403,0.0189159160641122
2024-05-16,2024,728,73,0.1346153846153846,-0.05430029531960783,0.3424657534246575,0.03818664868128742,0.001984097358414111,0.2328767123287671,0.02558145034105892,-0.007636402201922673,0.3013698630136986,0.03516988955194042,-0.0006150287497625846,0.3561643835616438,0.0407060795913284,0.002741252646807655,0.3287671232876712,0.03703174637176542,0.011656728393437633
2024-05-17,2024,730,73,0.13150684931506848,-0.05885983969718061,0.3150684931506849,0.012359780331998114,-0.026476295095445072,0.2465753424657534,0.01804064180327183,-0.03752261663383219,0.2876712328767123,0.012048596965131683,-0.025833464150995373,0.3424657534246575,0.02316678670215503,-0.01924623788970041,0.3150684931506849,0.013078784563672178,-0.009956416311013277
2024-05-20,2024,729,73,0.149519890260631,-0.07831962325554119,0.3150684931506849,0.011555621496313336,-0.05695123625034681,0.1780821917808219,0.020828237200099086,-0.07370979500839368,0.3287671232876712,0.03809287307097936,-0.027228851775870828,0.3835616438356164,0.038447688248528906,-0.03173561820481666,0.3698630136986301,0.04000177055958977,-0.015225945447240891
2024-05-21,2024,729,73,0.1440329218106996,-0.10854205091608264,0.3013698630136986,0.018893582746370565,-0.1043385192600414,0.2054794520547945,0.02222289449795434,-0.11764666338540192,0.3561643835616438,0.04334095940636011,-0.0775793443642694,0.3972602739726027,0.039845471812723625,-0.08083248133995433,0.3561643835616438,0.03220716057092266,-0.08767249985070688
2024-05-22,2024,730,73,0.13150684931506848,-0.08914254794510143,0.3150684931506849,0.024012358455791097,-0.07221077353252836,0.1095890410958904,0.014064811884089565,-0.09539095143259278,0.2876712328767123,0.039740484835226915,-0.05381045948118958,0.3698630136986301,0.037989313579523384,-0.04683414295020852,0.3698630136986301,0.0354795129408296,-0.05474420366533144
2024-05-23,2024,738,74,0.17208672086720866,-0.06717290411274585,0.40540540540540543,0.061167229389571365,-0.04325090048531736,0.16216216216216217,0.03869742916809832,-0.0710699845970481,0.36486486486486486,0.06630420262531904,-0.045384077340181114,0.44594594594594594,0.0708428829846664,-0.013403930654291985,0.4864864864864865,0.08127144410157988,-0.016066630638592955
2024-05-24,2024,738,74,0.14363143631436315,-0.047996453646618885,0.3783783783783784,0.04846593306993587,-0.014787340111633032,0.1891891891891892,0.023605848236569405,-0.03418334004125051,0.33783783783783783,0.04720699938646473,-0.036230690316042244,0.32432432432432434,0.03375401033174388,-0.021273083015065933,0.4189189189189189,0.058923128411093983,-0.01578950372150453
2024-05-27,2024,741,75,0.12010796221322537,-0.04786692482488725,0.36,0.02588913074018658,-0.02486816584942974,0.17333333333333334,0.010624569994173839,-0.04103441334068154,0.32,0.03887151076365117,-0.042549499710105854,0.3466666666666667,0.022218565008107115,-0.029247234708211303,0.37333333333333335,0.037003389237822606,-0.03076887172969923
2024-05-28,2024,747,75,0.09906291834002677,-0.0683765164389008,0.25333333333333335,-0.005742470334441038,-0.06402497990433621,0.13333333333333333,-0.008867320669578167,-0.06482338608995013,0.24,0.018372225651863944,-0.06747364382884652,0.25333333333333335,0.00045947922364085957,-0.059366363048240035,0.28,0.009177161281710944,-0.04754716789645514
2024-05-29,2024,752,76,0.11037234042553191,-0.09534390141262213,0.27631578947368424,0.003968953514391588,-0.08716606184606898,0.11842105263157894,-0.018942047413788868,-0.10876068234529157,0.21052631578947367,0.0041849239817184315,-0.09594340480875381,0.27631578947368424,-0.0003956890130976825,-0.09431932657754602,0.27631578947368424,0.001359912959279765,-0.08385972740397059
2024-05-30,2024,753,76,0.11686586985391766,-0.08975852226580867,0.2631578947368421,0.00178049229910487,-0.09504793026985589,0.17105263157894737,0.009224771810072207,-0.08259421778383898,0.19736842105263158,0.011533258555982443,-0.09154729778129711,0.27631578947368424,0.006278150590166899,-0.07905710851177422,0.2894736842105263,0.010471030732474478,-0.0636776570267602
2024-05-31,2024,751,76,0.10386151797603196,-0.09467408445282817,0.17105263157894737,-0.023787017561636856,-0.0735060172981101,0.11842105263157894,-0.012187134875549165,-0.09227184972981373,0.15789473684210525,-0.008824063773745405,-0.0952219216299583,0.19736842105263158,-0.02492607669143155,-0.09409425240488957,0.2236842105263158,-0.021989815907058632,-0.07602780555029368
2024-06-03,2024,753,76,0.11553784860557768,-0.08476695148788023,0.2236842105263158,-0.021251437307572337,-0.06410955516609339,0.13157894736842105,-0.013065718978042148,-0.07154024194301402,0.23684210526315788,0.003967222536795861,-0.0870878799972871,0.23684210526315788,-0.016753156025132897,-0.08884911297521038,0.3026315789473684,0.0030787224908632813,-0.06632632231147721
2024-06-04,2024,749,75,0.12416555407209613,-0.09647169348084952,0.22666666666666666,-0.012669378813353453,-0.08029829642354278,0.21333333333333335,-0.004470473327604577,-0.06646891638163753,0.2,-0.0031920521449624924,-0.08705947845492565,0.25333333333333335,-0.005002288048785094,-0.06872875909275923,0.26666666666666666,0.0027254234786010818,-0.059008820818075534
2024-06-05,2024,749,75,0.12550066755674233,-0.07820462290199102,0.24,0.00635998646548409,-0.020362040381020186,0.22666666666666666,0.021031101654312167,-0.012506382146947152,0.21333333333333335,0.007870023331244452,-0.06374814510185096,0.25333333333333335,0.009630144076847091,-0.029065419136680978,0.32,0.02883971467779539,-0.0004923906931473103
2024-06-06,2024,749,75,0.15220293724966621,-0.050975836574130906,0.3333333333333333,0.050089220752745266,0.04344001683516946,0.16,0.03196203389048719,-0.011771294124235322,0.26666666666666666,0.03570039404364028,-0.024413100034979464,0.32,0.03722668217657464,0.03924225039920498,0.36,0.06219388565901238,0.055648824824391145
2024-06-07,2024,753,76,0.15139442231075698,-0.10800243528032728,0.3157894736842105,0.019916922905356925,-0.032569528052205594,0.2894736842105263,0.035025043928094635,-0.020738480039736728,0.2631578947368421,0.006922374975273064,-0.0945385138444089,0.34210526315789475,0.032506260443023585,-0.023998376740461656,0.32894736842105265,0.03081904648583288,-0.04554179896542558
2024-06-11,2024,756,76,0.1746031746031746,-0.10450682553165437,0.39473684210526316,0.05435316015965625,-0.029707913515307438,0.34210526315789475,0.05262215237901852,-0.039056606258081404,0.32894736842105265,0.031934504929342966,-0.06190305295079316,0.40789473684210525,0.05866912765448384,-0.01937758979586877,0.40789473684210525,0.05939411989951433,-0.036356214003652805
2024-06-12,2024,758,76,0.158311345646438,-0.06633055246279039,0.39473684210526316,0.05351691550968227,0.03541987184519256,0.3026315789473684,0.0534057992934043,0.020884298465169118,0.2631578947368421,0.03253487396284248,-0.007630373808738228,0.3684210526315789,0.04406917564544703,0.006422005245511363,0.35526315789473684,0.04263519704638643,0.023727999199660645
2024-06-13,2024,754,76,0.16445623342175067,-0.0922257418376285,0.3815789473684211,0.04856482561306309,-0.013860049718784781,0.3026315789473684,0.04730765007297031,-0.03132941938903346,0.2631578947368421,0.028860207270243122,-0.04577384248103572,0.3815789473684211,0.042689754982215306,-0.030255480221865944,0.35526315789473684,0.039569189084954715,-0.023140840439504384
2024-06-14,2024,755,76,0.14834437086092717,-0.06454405505183906,0.3815789473684211,0.03739252299923311,0.0026809384484676544,0.27631578947368424,0.02922030922646558,-0.02971549854000793,0.25,0.0051227238708880865,-0.04583218209481734,0.3815789473684211,0.031145343475115227,-0.0042274971975176335,0.35526315789473684,0.028012496268420856,-0.01237920943458394
2024-06-17,2024,754,76,0.14588859416445624,-0.05270747439554619,0.3026315789473684,0.0065574049662995276,0.00861333413755709,0.21052631578947367,0.009666506853945,-0.021301000386304246,0.19736842105263158,-0.006436363825555623,-0.018753171322854117,0.2894736842105263,0.006359066399216852,-0.00582623397592075,0.27631578947368424,-0.0015723007318948431,-0.0037676352732647226
2024-06-18,2024,746,75,0.15013404825737264,-0.042360774639661106,0.28,0.008574643044952137,0.015151846243104733,0.17333333333333334,0.008534991189352099,-0.02920473860835274,0.21333333333333335,0.0015168168099228222,-0.0004385142614346534,0.29333333333333333,0.012555401564317382,0.008875409162686672,0.26666666666666666,0.004387718238941433,0.00990490957531073
2024-06-19,2024,744,75,0.17338709677419356,0.002067064524678394,0.44,0.06745523351881169,0.10388308326209889,0.2,0.02629911789916996,0.017549923553605084,0.3333333333333333,0.041420340726372226,0.06282037873664972,0.41333333333333333,0.05355976607629501,0.07382927613689273,0.4266666666666667,0.059952677406311834,0.07903430047240222
2024-06-20,2024,742,75,0.16172506738544473,-1.6887353246623646e-05,0.38666666666666666,0.03388557220832749,0.06416462032083835,0.18666666666666668,0.011467674191410619,0.018946237599623914,0.3466666666666667,0.03420565434740847,0.05646377731059953,0.38666666666666666,0.033360450292257135,0.056168254188662094,0.36,0.024792883079976614,0.041742122065237565
2024-06-21,2024,744,75,0.15725806451612903,-0.004919639213297487,0.38666666666666666,0.028156838969188868,0.0507446151037116,0.16,-0.01044823915342131,0.01530993319826949,0.3466666666666667,0.027171176231053983,0.04502928952880435,0.3333333333333333,0.016245289962880965,0.038003517984389446,0.3466666666666667,0.019203358737406296,0.031027063593922898
2024-06-24,2024,744,75,0.17473118279569894,-0.01686917970462582,0.4666666666666667,0.0434142723521459,0.03808040496526506,0.26666666666666666,-0.0015222992550543986,0.002516974296576633,0.4,0.03552915489379791,0.02648562962907422,0.44,0.03764283615889634,0.030294410363242506,0.4533333333333333,0.03983710653811659,0.019792487510118147
2024-06-25,2024,742,75,0.16442048517520216,-0.020043563493191637,0.4666666666666667,0.044078442222104545,0.03421778691959348,0.29333333333333333,0.018962856731926384,0.019242234628291055,0.38666666666666666,0.038263547876328956,0.023198457133298944,0.3466666666666667,0.01415853892359477,0.013863615209537281,0.36,0.01958138297685647,0.010002410724183288
2024-06-26,2024,742,75,0.15902964959568733,0.002051153781680351,0.38666666666666666,0.017108695056663417,0.0377124417699071,0.25333333333333335,0.0006946926488392435,0.014533003032336176,0.38666666666666666,0.026055840453378894,0.04430124048713474,0.38666666666666666,0.02103911540649983,0.03561675101260561,0.37333333333333335,0.014501409949634236,0.026342402800154107
2024-06-27,2024,743,75,0.16689098250336473,-0.01179051422712654,0.4666666666666667,0.03603086150584675,0.020603858735629737,0.22666666666666666,-0.0039384239309081,-0.007515520344089369,0.41333333333333333,0.0316480882822489,0.014677168696144166,0.38666666666666666,0.01455141694950029,-0.007468151729019425,0.4,0.014537471478835424,-0.0033855716670361928
2024-06-28,2024,746,75,0.1447721179624665,-0.0029657181949537064,0.38666666666666666,0.012590644346759522,0.013467058878740884,0.25333333333333335,0.009067451772690424,0.018986059334996086,0.3333333333333333,0.015441687902441164,0.02158450540362883,0.32,-0.006794916526322877,-0.011680779231474123,0.30666666666666664,-0.01376717251810258,-0.01745070494672865
2024-07-01,2024,748,75,0.14304812834224598,-0.007498775961052082,0.4,0.02666609835316646,0.007848249727707967,0.28,0.017643993036967717,0.014179500075349379,0.36,0.02451720860918129,0.016080851400709962,0.36,0.015589257787918873,-0.011294818887020327,0.29333333333333333,-0.005036720449419529,-0.04037038385797854
2024-07-02,2024,749,75,0.14018691588785046,0.0023244775391070257,0.32,0.00503525762185649,-0.0026079871245724877,0.24,0.010135447816856664,0.0059098485433688305,0.3333333333333333,0.02218814609665932,0.022419390174650545,0.30666666666666664,0.00022447795044507223,-0.01387116796420612,0.28,-0.013363429971430862,-0.03527038799024144
2024-07-03,2024,752,76,0.1276595744680851,0.022494974430154146,0.3026315789473684,-0.015120702978522792,-0.009838330940563945,0.18421052631578946,-0.02422353047485772,0.009854976584475896,0.27631578947368424,-0.01202764703333512,0.013074263078689481,0.25,-0.029986935087482753,-0.027323805169483458,0.2236842105263158,-0.03902182761858372,-0.037404571986790355
2024-07-04,2024,752,76,0.09840425531914894,0.027931561044899748,0.19736842105263158,-0.05469477186486145,-0.006737985863374327,0.10526315789473684,-0.07405947759542826,0.019249077100456636,0.17105263157894737,-0.062967453975569,-0.00701174119090491,0.13157894736842105,-0.07519755996386288,-0.034052127729038116,0.13157894736842105,-0.07643941689280802,-0.03791862627559768
2024-07-05,2024,756,76,0.07142857142857142,-0.04133107585959592,0.11842105263157894,-0.0803025925257915,-0.10938264175074405,0.10526315789473684,-0.07810001886965502,-0.053232759276040736,0.11842105263157894,-0.07909115869675176,-0.09815252047581964,0.09210526315789473,-0.0865610571231596,-0.13064144792025464,0.13157894736842105,-0.07492158136328002,-0.1314471705593351
2024-07-08,2024,758,76,0.07783641160949868,3.9782942070468476e-05,0.17105263157894737,-0.06435875050587786,-0.05374622665120834,0.09210526315789473,-0.07961360242041589,-0.01516858701253608,0.19736842105263158,-0.0521040298901758,-0.03036120948524583,0.13157894736842105,-0.07681091915425801,-0.06474387267639013,0.18421052631578946,-0.061094726622273034,-0.0667867149082884
2024-07-09,2024,761,77,0.07884362680683311,0.015639133291244892,0.16883116883116883,-0.06426596108305016,-0.005091153650176729,0.1038961038961039,-0.0732855244849994,0.01415956866343276,0.19480519480519481,-0.052846800747645466,-0.003194380922219209,0.12987012987012986,-0.0746258953322167,-0.030038468677964687,0.12987012987012986,-0.07501752154646399,-0.04358997672615267
2024-07-10,2024,764,77,0.0549738219895288,0.010512307975739144,0.15584415584415584,-0.06618864418065547,-0.0034070659135717837,0.07792207792207792,-0.08941226681630637,0.007085037679232017,0.09090909090909091,-0.08611823952054319,-0.02676024325888627,0.1038961038961039,-0.0844040198130847,-0.04762552147589998,0.07792207792207792,-0.0925953156551363,-0.05985956505969925
2024-07-11,2024,766,77,0.04960835509138381,0.0041635418352194385,0.12987012987012986,-0.07483106082688165,0.006268206208557806,0.07792207792207792,-0.08564179855019431,0.004752858921356673,0.09090909090909091,-0.08430307917846036,-0.02297355985032007,0.09090909090909091,-0.09053029267722852,-0.04349298386611673,0.09090909090909091,-0.0898300729583743,-0.04514938772564581
2024-07-12,2024,768,77,0.040364583333333336,-0.0061298136806615805,0.14285714285714285,-0.07046336197551632,-0.010981474872653574,0.12987012987012986,-0.0729785637486082,0.002030596242861921,0.06493506493506493,-0.09306045361227883,-0.03359949348339408,0.07792207792207792,-0.09133484287723585,-0.049106533655765054,0.05194805194805195,-0.098662770931695,-0.049519970741823086
2024-07-15,2024,769,77,0.031209362808842653,-0.009611728581033572,0.12987012987012986,-0.07867831396942152,-0.011268520714399152,0.1038961038961039,-0.08163241154205703,0.0014106698867746782,0.05194805194805195,-0.10115819431706068,-0.035432051079602796,0.1038961038961039,-0.08544067600630513,-0.028699964374032914,0.06493506493506493,-0.09703492997175486,-0.049966201197633
2024-07-16,2024,762,77,0.02230971128608924,-0.007402754715089817,0.1038961038961039,-0.08474150555947181,-0.008958917797881504,0.06493506493506493,-0.09099258184711667,-0.0064900610933619814,0.06493506493506493,-0.09024688890988578,-0.014444311445626365,0.09090909090909091,-0.08803655064358931,-0.01102733920612248,0.05194805194805195,-0.09629131632690928,-0.03313337674153516
2024-07-17,2024,765,77,0.0196078431372549,-0.0490243117547533,0.1038961038961039,-0.08504851319121473,-0.02057998097728832,0.1038961038961039,-0.0834642736767197,-0.03085673564278259,0.09090909090909091,-0.08359230811701686,-0.025866352102951448,0.09090909090909091,-0.08911660974129151,-0.0334826722764042,0.07792207792207792,-0.09132990709314333,-0.053285517933351505
2024-07-18,2024,765,77,0.018300653594771243,-0.044111329107128575,0.09090909090909091,-0.08912806629256793,-0.021041657811056297,0.09090909090909091,-0.08815334655159934,-0.024476921928440344,0.06493506493506493,-0.09461988975381824,-0.009077578120160894,0.07792207792207792,-0.09352621642246423,-0.016182953228965548,0.09090909090909091,-0.09139461679778287,-0.027545875378214072
2024-07-19,2024,768,77,0.0234375,-0.041998992970102934,0.09090909090909091,-0.0902607001205167,-0.03101858741648193,0.09090909090909091,-0.08855677572073463,-0.020749785036039668,0.05194805194805195,-0.09918008838478186,-0.019030676183014676,0.09090909090909091,-0.09010877176710291,-0.014217717469682183,0.09090909090909091,-0.09071241221012233,-0.015149626408474587
2024-07-22,2024,768,77,0.029947916666666668,-0.03060039509580524,0.11688311688311688,-0.08246802387046782,-0.02008952764691551,0.12987012987012986,-0.07947664207156224,-0.020286378395506042,0.1038961038961039,-0.08223155464535024,-0.011331991730432454,0.11688311688311688,-0.08122918554794593,-0.005705285031909858,0.11688311688311688,-0.08193622393935468,-0.010446676503773756
2024-07-23,2024,765,77,0.0457516339869281,-0.03926430936783568,0.23376623376623376,-0.046302115804335776,-0.0072129312326130925,0.18181818181818182,-0.06251665126433417,-0.012722451291261826,0.16883116883116883,-0.05879612448512285,-0.0031366036054042957,0.22077922077922077,-0.05210588931194781,0.0041840921733252035,0.22077922077922077,-0.05335834930550296,0.007730672686572037
2024-07-26,2024,765,77,0.0196078431372549,-0.03539464969511847,0.09090909090909091,-0.09017803076907725,-0.019750423462659605,0.1038961038961039,-0.08666852095855442,-0.01724082337292266,0.05194805194805195,-0.10195163221717006,-0.02471238623083653,0.07792207792207792,-0.0917312330458077,-0.007831380193348952,0.07792207792207792,-0.09265511739156805,-0.016824336508871822
2024-07-29,2024,766,77,0.03655352480417755,-0.021104800971799745,0.23376623376623376,-0.046526691389178476,0.020161681509256082,0.2077922077922078,-0.055515401292445185,0.016199188569348353,0.18181818181818182,-0.05828898341039499,0.016864013403868065,0.19480519480519481,-0.05861232342130788,0.01846985384393128,0.19480519480519481,-0.057076814006637104,0.01712358413274982
2024-07-30,2024,764,77,0.020942408376963352,-0.021596512959452228,0.09090909090909091,-0.09017636086739109,0.012257504613204254,0.09090909090909091,-0.08943623383285122,0.00952810986590083,0.09090909090909091,-0.09017980669151389,0.021911640164165188,0.06493506493506493,-0.09622893119540703,0.012957498440961914,0.06493506493506493,-0.09816646411588523,0.017110460275616454
2024-07-31,2024,761,77,0.010512483574244415,-0.015876098827176697,0.03896103896103896,-0.11083926323467982,0.005830473664572141,0.03896103896103896,-0.11219842797249482,-0.0011133203181071228,0.05194805194805195,-0.1047702100808805,0.011554412939273801,0.03896103896103896,-0.1102261976148578,0.007705688142420646,0.03896103896103896,-0.1145269827046934,0.004536183711352699
2024-08-01,2024,763,77,0.009174311926605505,-0.03030619801267751,0.03896103896103896,-0.10749467399091588,-0.006643525583635254,0.03896103896103896,-0.10646401480959798,0.0005029204701379687,0.03896103896103896,-0.10425306451054488,-0.0006389980919187817,0.025974025974025976,-0.10963097652187032,0.0019438386925360242,0.025974025974025976,-0.11208131442699792,0.002762408892607117
2024-08-02,2024,764,77,0.04450261780104712,-0.049223083925803254,0.09090909090909091,-0.08275729936326362,-0.004143059257770363,0.05194805194805195,-0.08404203561664782,-0.022134577629686188,0.09090909090909091,-0.07876142812095839,-0.009184000549951261,0.12987012987012986,-0.06666903547267183,-0.004573168456096901,0.12987012987012986,-0.07123913178843429,0.0006396451939805636
2024-08-05,2024,766,77,0.16318537859007834,-0.00042307044400512363,0.19480519480519481,-0.029477757567578144,0.01718544613516104,0.15584415584415584,-0.02628959948213375,0.0020062704950101033,0.2077922077922078,-0.02907783341470217,0.02022127150710719,0.19480519480519481,-0.028723816508497754,0.019836847291836938,0.18181818181818182,-0.036205627449032815,0.022748810337457907
2024-08-06,2024,763,77,0.3381389252948886,0.03779801695841683,0.8311688311688312,0.15409141179380023,0.09321804278452094,0.6623376623376623,0.1345055663101362,0.07697405400370105,0.7012987012987013,0.14021210392002179,0.08344931513583483,0.7922077922077922,0.15253473325906036,0.08775482379499094,0.8311688311688312,0.15723214404268704,0.09913044161124884
2024-08-07,2024,762,77,0.2204724409448819,0.016560149474163136,0.6103896103896104,0.08930920756011207,0.05083985317452357,0.4805194805194805,0.06939211545736182,0.02766209166367829,0.5194805194805194,0.07961154900003573,0.048753369385330314,0.5714285714285714,0.08452605361234507,0.04614129370748483,0.5974025974025974,0.08639408971864955,0.04641205569416736
2024-08-08,2024,757,76,0.142668428005284,0.012873714041968414,0.42105263157894735,0.03481687402959623,0.026054505459673354,0.3157894736842105,0.018751988073643942,0.02089797176763333,0.32894736842105265,0.016030675359167187,0.014371122392259187,0.3684210526315789,0.02386565287426248,0.010702472205200075,0.42105263157894735,0.03011191116252613,0.013768781335112116
2024-08-09,2024,754,76,0.13925729442970822,0.0094911572255164,0.40789473684210525,0.03745477634045486,0.02627303428507378,0.34210526315789475,0.025306171544279162,0.005773129520698158,0.32894736842105265,0.017677233279876796,0.013732898174506928,0.34210526315789475,0.024382027131048967,0.005753118592883594,0.40789473684210525,0.0352495137092305,0.016012388632466325
2024-08-12,2024,749,75,0.12817089452603472,0.02364906311859186,0.4533333333333333,0.04127511603674082,0.03874020702437645,0.37333333333333335,0.028993467353309973,0.03209553819390246,0.38666666666666666,0.027135807937407476,0.027701781348678532,0.3466666666666667,0.0177416633831047,0.019443519759570007,0.4266666666666667,0.03358739527885138,0.028351209732593096
2024-08-13,2024,746,75,0.09919571045576407,0.002523768103056927,0.3466666666666667,0.010661068426317828,-0.007769006436372744,0.18666666666666668,-0.02763666062461637,-0.0360662457152929,0.24,-0.014481024683764249,-0.014879977664529538,0.25333333333333335,-0.011146845194261696,-0.024399510474945478,0.36,0.0054395387439136154,-0.021456215915154255
2024-08-14,2024,746,75,0.10455764075067024,0.004328562247226853,0.41333333333333333,0.02865498824801202,0.0012863177587989954,0.29333333333333333,-0.0034848448181890954,-0.02232523932232801,0.32,0.006532720903669286,-0.012936693975078904,0.3333333333333333,0.006992411279817626,-0.017418481186097564,0.38666666666666666,0.014874571014162619,-0.015717414824953823
2024-08-15,2024,745,75,0.0738255033557047,-0.011605239681952404,0.22666666666666666,-0.02202763836466989,-0.03981238303610867,0.17333333333333334,-0.033048345839050114,-0.0427862777620575,0.21333333333333335,-0.01911058313392078,-0.020802323813642644,0.18666666666666668,-0.029463139417126485,-0.03277784839109303,0.24,-0.01868171185329096,-0.025571713904909293
2024-08-16,2024,746,75,0.07372654155495978,-0.0037014475076969284,0.21333333333333335,-0.03980079311564286,-0.041536434958223976,0.16,-0.0498567339272973,-0.04218751572770488,0.17333333333333334,-0.038796536664982874,-0.016888766946323,0.14666666666666667,-0.05303702460970874,-0.04689446334090923,0.22666666666666666,-0.0373697739230973,-0.03097702332912895
2024-08-19,2024,745,75,0.06577181208053691,0.0034846967879506928,0.13333333333333333,-0.06210495104113403,-0.02835559053762736,0.13333333333333333,-0.05538355171795038,-0.025789580092127864,0.08,-0.07118365107112229,-0.02968593313801937,0.10666666666666667,-0.06850409581092792,-0.043037293448297674,0.14666666666666667,-0.061849442059257194,-0.025706584625694896
2024-08-20,2024,745,75,0.0697986577181208,-0.0019087957463250435,0.14666666666666667,-0.05062365239855061,-0.02546542890343984,0.14666666666666667,-0.046595290465845395,-0.030267248121063826,0.10666666666666667,-0.05749269821527898,-0.027813181487820266,0.10666666666666667,-0.06330861221486474,-0.03871711931388035,0.16,-0.05216171766646974,-0.027205386848764224
2024-08-21,2024,736,74,0.06929347826086957,-0.004797672684704736,0.10810810810810811,-0.06497407507878132,-0.03651895757050251,0.0945945945945946,-0.05315394340412816,-0.03913440450944623,0.10810810810810811,-0.048953897158556525,-0.02121797048394506,0.08108108108108109,-0.06848884839060655,-0.03394479329268247,0.1891891891891892,-0.039788696935001124,0.005746440997878347
2024-08-22,2024,732,74,0.08060109289617487,-0.027663129954164714,0.17567567567567569,-0.04476164717791244,-0.04612566961885524,0.12162162162162163,-0.04275698217758995,-0.06562701714185144,0.16216216216216217,-0.03650928526794972,-0.03672362207030455,0.10810810810810811,-0.05586187415052225,-0.05575722457895685,0.24324324324324326,-0.01872510567464074,-0.022714296535695972
2024-08-23,2024,731,74,0.06976744186046512,-0.02291895197332788,0.13513513513513514,-0.0658206938360078,-0.06789796349153207,0.08108108108108109,-0.05958632532685402,-0.0703847212137853,0.12162162162162163,-0.06218492010661711,-0.05553709692262211,0.10810810810810811,-0.0754906892637039,-0.06292666355502088,0.16216216216216217,-0.05856083154554881,-0.049828555470563154
2024-08-26,2024,733,74,0.07366984993178717,-0.0415919554997689,0.14864864864864866,-0.05400354596798618,-0.06567629996366132,0.16216216216216217,-0.040777976577124155,-0.05974367581280564,0.16216216216216217,-0.04158421995716364,-0.058725464505340774,0.14864864864864866,-0.04697375542242961,-0.05826525057139431,0.17567567567567569,-0.04749696742354153,-0.05159032505747654
2024-08-27,2024,732,74,0.06967213114754098,-0.05442557177151417,0.14864864864864866,-0.05783613122711189,-0.06864927759591397,0.14864864864864866,-0.04863335204155326,-0.0765077447061088,0.13513513513513514,-0.05360667671945138,-0.08182757777069063,0.10810810810810811,-0.06707248991136894,-0.08091493415361098,0.12162162162162163,-0.06356078915155408,-0.08320112092721414
2024-08-28,2024,734,74,0.07493188010899182,-0.06703143874845627,0.13513513513513514,-0.05718309928460545,-0.0938765427362906,0.12162162162162163,-0.054380564595621246,-0.09738703435243332,0.14864864864864866,-0.05208486442212708,-0.09148427582098555,0.12162162162162163,-0.05489123418105676,-0.08802231711980589,0.14864864864864866,-0.055779017227987296,-0.08990499119371195
2024-08-29,2024,733,74,0.05593451568894952,-0.060093947818224594,0.0945945945945946,-0.07976986304865773,-0.09940492110696293,0.10810810810810811,-0.0688166991134964,-0.1054707612510684,0.13513513513513514,-0.06367342384535349,-0.09116087922909438,0.08108108108108109,-0.08846358951447339,-0.09893585131580773,0.12162162162162163,-0.07995277765787118,-0.0989589528509659
2024-08-30,2024,732,74,0.040983606557377046,-0.04175505148394053,0.12162162162162163,-0.07539512798570833,-0.07280301678515727,0.06756756756756757,-0.08431621105438022,-0.08273674300930503,0.0945945945945946,-0.08637967854194302,-0.07187431086846052,0.06756756756756757,-0.0917675404754218,-0.0654030583477568,0.10810810810810811,-0.07977994185702704,-0.05622080662399326
2024-09-02,2024,717,72,0.04602510460251046,-0.036184135498305105,0.1388888888888889,-0.060802817834700366,-0.0653939695268289,0.06944444444444445,-0.051023857376203484,-0.06419480144651245,0.09722222222222222,-0.0757799137946872,-0.061273935338343896,0.09722222222222222,-0.07534476472171135,-0.06046220766743203,0.1388888888888889,-0.058557702189773436,-0.0434097291451521
2024-09-03,2024,707,71,0.14285714285714285,-0.059131885472324924,0.16901408450704225,-0.020692815759444497,-0.11686482566229138,0.23943661971830985,0.00825431206570096,-0.08907148446464512,0.28169014084507044,0.014240117605665988,-0.07875663114928415,0.2676056338028169,0.0035929704508760865,-0.07676837120501881,0.323943661971831,0.020858087852793746,-0.06089692721571642
2024-09-04,2024,707,71,0.13012729844413012,-0.0693556036253625,0.1267605633802817,-0.03704908780621318,-0.12576728245229704,0.14084507042253522,-0.03328930604483761,-0.12999467373724838,0.14084507042253522,-0.027377167567294795,-0.10685121737462099,0.19718309859154928,-0.01958143491467431,-0.08233931107183025,0.19718309859154928,-0.017846067050757624,-0.08687611614278762
2024-09-05,2024,709,71,0.14104372355430184,-0.06995374681833486,0.15492957746478872,-0.03491643048662932,-0.12530107574606117,0.18309859154929578,-0.02262006668594253,-0.11173660069368899,0.18309859154929578,-0.01753651475583936,-0.10698879788917254,0.23943661971830985,-0.00879983249421552,-0.08327193956324278,0.28169014084507044,0.00563700123651616,-0.0679318030451354
2024-09-06,2024,706,71,0.17988668555240794,-0.08686985781222949,0.23943661971830985,0.0007885866360749427,-0.13098758501704189,0.2535211267605634,0.01046110635317538,-0.11570872451011323,0.28169014084507044,0.016941265283691158,-0.10503462012762857,0.352112676056338,0.03297019228347206,-0.08289620060864415,0.4225352112676056,0.04585362611783961,-0.07205394122106382
2024-09-09,2024,702,71,0.12393162393162394,-0.11754867415340148,0.2112676056338028,-0.028583719126827292,-0.16133071708455246,0.2535211267605634,-0.005727872192931843,-0.14094999689213963,0.18309859154929578,-0.017850362351242613,-0.14560649153511449,0.28169014084507044,0.004239201723160868,-0.11081265000118927,0.2676056338028169,-0.0027843729218785694,-0.12933489094752207
2024-09-10,2024,703,71,0.17496443812233287,-0.09533826865352986,0.38028169014084506,0.03458254557884641,-0.08409724018075618,0.38028169014084506,0.03308718472909784,-0.10115888678256729,0.352112676056338,0.029351912491069835,-0.10277092847705785,0.43661971830985913,0.043787360251691644,-0.07546241140290258,0.4507042253521127,0.05182698723222781,-0.06709694489521072
2024-09-11,2024,695,70,0.1539568345323741,-0.10896743307105516,0.3142857142857143,0.010894620054476122,-0.11741095462348998,0.38571428571428573,0.035085493913809794,-0.11750462109541733,0.2714285714285714,0.000981511456886722,-0.1421567502994862,0.37142857142857144,0.029291826684455735,-0.10602300513634995,0.35714285714285715,0.028263228072143824,-0.10682605791313494
2024-09-12,2024,690,69,0.14492753623188406,-0.07357273486872118,0.3188405797101449,0.008160714817082235,-0.0717838875589838,0.36231884057971014,0.02071927294307956,-0.08702289378101376,0.21739130434782608,-0.011771504165112046,-0.10350720407561648,0.3188405797101449,0.013127777451180843,-0.06380362367966783,0.3188405797101449,0.012569739313697337,-0.07067788930105351
2024-09-13,2024,687,69,0.12081513828238719,-0.08135893463761142,0.2463768115942029,-0.0073907038112890604,-0.08186828742743503,0.21739130434782608,-0.011653421719606927,-0.1105044232569942,0.17391304347826086,-0.016275957706429315,-0.09603107478144206,0.2608695652173913,-0.0008850406307239437,-0.07863664007538826,0.2898550724637681,0.006683170334399855,-0.06498052811542414
2024-09-16,2024,689,69,0.11756168359941944,-0.12041179578050747,0.2463768115942029,-0.019191978470390246,-0.12649986974962046,0.2028985507246377,-0.029550937262102638,-0.149740816028889,0.2028985507246377,-0.024546152038976834,-0.13551352061053076,0.21739130434782608,-0.022584486094518155,-0.12617695237880738,0.2318840579710145,-0.020426318316490538,-0.1228300246351558
2024-09-18,2024,683,69,0.12005856515373353,-0.10782737789938604,0.2028985507246377,-0.015437446958469308,-0.11203373000826242,0.2028985507246377,-0.025243290566307953,-0.12192874240629373,0.2028985507246377,-0.018471123324438277,-0.11673997543332125,0.21739130434782608,-0.013800524123811733,-0.1043391355281183,0.2028985507246377,-0.007309298221080245,-0.093389184486834
2024-09-19,2024,680,68,0.08676470588235294,-0.08681789185775471,0.14705882352941177,-0.04265848747432264,-0.0905395744101207,0.17647058823529413,-0.0366710809018621,-0.08268931539659893,0.14705882352941177,-0.045676682120341566,-0.09584578154464063,0.20588235294117646,-0.036448501265343276,-0.07843114931833128,0.16176470588235295,-0.04384295077159722,-0.09116056724415104
2024-09-20,2024,684,69,0.0891812865497076,-0.07923699037701917,0.13043478260869565,-0.05045089395964186,-0.08723710179949183,0.13043478260869565,-0.03344052657837678,-0.08593041347692568,0.14492753623188406,-0.04179807165872409,-0.07875896265832431,0.17391304347826086,-0.03656801181148403,-0.07454287303071291,0.21739130434782608,-0.022020179615883227,-0.05983025268445416
2024-09-23,2024,688,69,0.08866279069767442,-0.08046223806485381,0.14492753623188406,-0.04620282977021169,-0.09959168709682671,0.13043478260869565,-0.04417741716818083,-0.0993831567523796,0.18840579710144928,-0.030862354637363015,-0.08107081168358037,0.17391304347826086,-0.038103443889327376,-0.09178211735473578,0.18840579710144928,-0.03452639668418152,-0.07438713394487126
2024-09-24,2024,689,69,0.07692307692307693,-0.06612898632074994,0.14492753623188406,-0.04905557788229994,-0.07790059298262253,0.11594202898550725,-0.05088609710959248,-0.07787430749826728,0.2028985507246377,-0.03290805890021282,-0.052168097459426716,0.17391304347826086,-0.04598586961867762,-0.07994434428826387,0.18840579710144928,-0.04344505557207185,-0.05849356155684623
2024-09-25,2024,686,69,0.06559766763848396,-0.07056614590178593,0.14492753623188406,-0.05906467911134414,-0.10185975294653274,0.10144927536231885,-0.05929459156332064,-0.08292177705592926,0.17391304347826086,-0.037739473017386775,-0.06743394616716807,0.17391304347826086,-0.042226552929175126,-0.08488891574633815,0.17391304347826086,-0.048075906762737104,-0.07199189765676306
2024-09-26,2024,684,69,0.07017543859649122,-0.05237566830332136,0.14492753623188406,-0.055118397330567344,-0.06665384309560834,0.14492753623188406,-0.044329022759893456,-0.05680520149359105,0.17391304347826086,-0.040958532989067174,-0.042075658030848936,0.14492753623188406,-0.0530427166657488,-0.06923292759762158,0.17391304347826086,-0.05061068806803092,-0.06207900861870919
2024-09-27,2024,691,70,0.06657018813314038,-0.07669924277554652,0.11428571428571428,-0.062684220532002,-0.09014780375374047,0.07142857142857142,-0.04920382420215271,-0.08010796726799048,0.14285714285714285,-0.04023420485178631,-0.05934474366165025,0.15714285714285714,-0.04689658927233948,-0.08007001484459553,0.2,-0.03750380932637318,-0.07509246198214095
2024-09-30,2024,690,69,0.08260869565217391,-0.07121052552956758,0.17391304347826086,-0.04356693797622709,-0.08032875823929783,0.18840579710144928,-0.026412022492135912,-0.06062407533202243,0.21739130434782608,-0.019442172761380418,-0.06097638466461062,0.21739130434782608,-0.028710273564526205,-0.07678172750315268,0.2318840579710145,-0.021531897271751078,-0.07410915351262254
2024-10-01,2024,692,70,0.08236994219653179,-0.08827497015750677,0.21428571428571427,-0.034374910256401166,-0.10817348558032026,0.22857142857142856,-0.011326713748075272,-0.06786431133994182,0.21428571428571427,-0.013925783650070512,-0.05502503571242899,0.22857142857142856,-0.02416810017861639,-0.0901912902153806,0.24285714285714285,-0.016377102554109513,-0.08763622662869912
2024-10-04,2024,694,70,0.0792507204610951,-0.07568466076755302,0.15714285714285714,-0.046816665820343085,-0.09170835322978661,0.22857142857142856,-0.0076646299691423446,-0.0361943532469527,0.18571428571428572,-0.016266742718357166,-0.04857608107846687,0.18571428571428572,-0.03513688622868398,-0.08073812257030431,0.21428571428571427,-0.02314939367374361,-0.06302345508034464
2024-10-07,2024,686,69,0.08600583090379009,-0.07797827222061952,0.2028985507246377,-0.035468116229730444,-0.07609243144888038,0.17391304347826086,-0.010248847011561547,-0.03916001997312287,0.2028985507246377,-0.0184410908333108,-0.054148202355515276,0.18840579710144928,-0.03438886921542019,-0.08858227445887246,0.21739130434782608,-0.03245451453290803,-0.07512644637966295
2024-10-08,2024,683,69,0.07906295754026355,-0.061872461833582235,0.21739130434782608,-0.03240680803687337,-0.05607580982510525,0.15942028985507245,-0.011641299961693092,-0.047448881005380174,0.2028985507246377,-0.01923167369169409,-0.03391399185985515,0.14492753623188406,-0.04848675422902438,-0.08945916221593041,0.2028985507246377,-0.02873345515443666,-0.0644960836651917
2024-10-09,2024,687,69,0.09461426491994178,-0.06723371259593924,0.21739130434782608,-0.022206706322123647,-0.07062246903842845,0.18840579710144928,-0.00590528000967858,-0.04750332213090681,0.2318840579710145,0.0018525919577898299,-0.04406114406290168,0.2028985507246377,-0.020922965722605012,-0.09146470354460051,0.2463768115942029,-0.010112024184333721,-0.0673136789133826
2024-10-11,2024,692,70,0.10838150289017341,-0.04527743487045841,0.2714285714285714,0.005874402578856313,-0.0359007512758954,0.15714285714285714,0.0025753696208652946,-0.049184951262929745,0.2857142857142857,0.024402129735172695,-0.010228030035754107,0.2571428571428571,-0.0024428799812679348,-0.06445184111924919,0.24285714285714285,-0.007610437032401896,-0.048344133112118326
2024-10-14,2024,688,69,0.08430232558139535,-0.041886404174037876,0.18840579710144928,-0.020719311073618386,-0.03652612472743958,0.15942028985507245,-0.016979209492901076,-0.031026938373452908,0.2028985507246377,-0.01173418887692014,-0.01809620475688661,0.21739130434782608,-0.017011861435839257,-0.040266182217432674,0.17391304347826086,-0.03308971890870566,-0.05771997570298141
2024-10-15,2024,692,70,0.10404624277456648,-0.028894675109944316,0.34285714285714286,0.014145585183927474,-0.012484736559651906,0.17142857142857143,-0.0024649556971661998,-0.015258557667933095,0.24285714285714285,8.105678189541506e-05,-0.011002330137031474,0.3,0.008996078158951128,-0.01147136623570798,0.2571428571428571,-0.002419391976122398,-0.03675255873150946
2024-10-16,2024,691,70,0.07814761215629522,-0.03628270703161571,0.21428571428571427,-0.020635806015757596,-0.04230897500146634,0.18571428571428572,-0.014996639572456423,-0.024999828277298634,0.21428571428571427,-0.011600925500624035,-0.015483053121401394,0.2,-0.02289693812039807,-0.046421524462379335,0.15714285714285714,-0.025970099544557167,-0.036314826985217284
2024-10-17,2024,692,70,0.06791907514450866,-0.01976024685622254,0.2,-0.028917052656321784,-0.02797565633270251,0.11428571428571428,-0.04435619419220427,-0.03349070364535951,0.17142857142857143,-0.033747871545133375,-0.015199190913508952,0.18571428571428572,-0.035550722098239854,-0.03281600490889634,0.11428571428571428,-0.04726530531115578,-0.03097105076017702
2024-10-18,2024,687,69,0.06550218340611354,-0.01246536582362079,0.15942028985507245,-0.05038781134129775,-0.030207385158586297,0.07246376811594203,-0.049586629331491196,-0.024168712231835178,0.08695652173913043,-0.06913352944836655,-0.035322877906888386,0.10144927536231885,-0.061988086580915064,-0.041456233330898075,0.13043478260869565,-0.055287103661771406,-0.03461377221798715
2024-10-21,2024,685,69,0.05401459854014599,-0.027152539200759884,0.14492753623188406,-0.04480012293070545,-0.0590998800315628,0.08695652173913043,-0.04400462633882316,-0.0335789540977069,0.08695652173913043,-0.05877626351498595,-0.04370034325246136,0.13043478260869565,-0.04813521537105059,-0.055944567529115884,0.07246376811594203,-0.06122056695423913,-0.04811989285463417
2024-10-22,2024,688,69,0.04215116279069767,-0.033653793792885016,0.07246376811594203,-0.07025140418064649,-0.07861752959024323,0.057971014492753624,-0.06106915663643692,-0.05645778067267642,0.057971014492753624,-0.07464861269837203,-0.06603487553717025,0.057971014492753624,-0.07473500534650981,-0.0769305304709925,0.057971014492753624,-0.07664404334296022,-0.07117314293348194
2024-10-23,2024,685,69,0.051094890510948905,-0.021061459799674772,0.08695652173913043,-0.0732803892875719,-0.0749893550062826,0.057971014492753624,-0.06743912339051131,-0.05460507511864484,0.043478260869565216,-0.08525483119557993,-0.07785967261523696,0.057971014492753624,-0.07919529543667174,-0.07364324244864856,0.043478260869565216,-0.08382102909259433,-0.0726138170312086
2024-10-24,2024,683,69,0.05417276720351391,-0.031135668932345373,0.057971014492753624,-0.07537932222883834,-0.07918241414765077,0.08695652173913043,-0.054853560668966864,-0.0499441000650938,0.057971014492753624,-0.07691657074547313,-0.07822564113293824,0.028985507246376812,-0.07677333425213438,-0.08211933997836743,0.028985507246376812,-0.08012156720015992,-0.07745560042699937
2024-10-25,2024,689,69,0.047895500725689405,-0.0029978114346136254,0.057971014492753624,-0.06503026671184016,-0.03864561225760461,0.08695652173913043,-0.05025506478160358,-0.019280340371618927,0.057971014492753624,-0.07029070936421876,-0.0449266592642565,0.043478260869565216,-0.06530936067114856,-0.0491333751813638,0.043478260869565216,-0.0687804759398083,-0.047380068821342776
2024-10-28,2024,692,70,0.05346820809248555,-0.005470955513496458,0.08571428571428572,-0.041281116149029726,-0.034527289719941075,0.05714285714285714,-0.04691867635180838,-0.03793201583869967,0.08571428571428572,-0.04010986595821467,-0.0330424937548145,0.08571428571428572,-0.045448610058685855,-0.04244214719783185,0.07142857142857142,-0.04368716387670591,-0.03381857348081321
2024-10-29,2024,694,70,0.06628242074927954,-0.006421793043932869,0.08571428571428572,-0.05757896324460797,-0.055996794627554976,0.1,-0.048331813416453095,-0.03299298257943277,0.08571428571428572,-0.057132232724343306,-0.04538695895500362,0.05714285714285714,-0.06797246128649176,-0.0628256481016823,0.05714285714285714,-0.06578193111652449,-0.053736663871393434
2024-10-30,2024,686,69,0.10349854227405247,-0.027928566722300856,0.17391304347826086,-0.037392342663453745,-0.07885326277508733,0.14492753623188406,-0.03139978754455539,-0.06707214758044844,0.13043478260869565,-0.04688056628846717,-0.07840883940426623,0.17391304347826086,-0.031326310168905504,-0.07037649123564829,0.17391304347826086,-0.031132588837921214,-0.06831466150681287
2024-11-01,2024,684,69,0.06578947368421052,-0.018852555622479172,0.08695652173913043,-0.06310100128952749,-0.07106445990508732,0.11594202898550725,-0.040170562004184465,-0.039156478753905856,0.08695652173913043,-0.06326787627726702,-0.061403893437380154,0.08695652173913043,-0.063364306144889,-0.07105672527020766,0.10144927536231885,-0.05873428102159201,-0.06035738348005109
2024-11-04,2024,681,69,0.06901615271659324,-0.02758832955937158,0.08695652173913043,-0.05805141429254006,-0.0719210410231749,0.11594202898550725,-0.032665071513324304,-0.04069662166762834,0.07246376811594203,-0.06488948727758473,-0.08035098517685041,0.08695652173913043,-0.06530669400767802,-0.08145802447980825,0.08695652173913043,-0.06388996771881343,-0.07862106961600879
2024-11-05,2024,681,69,0.06754772393538913,-0.02735977018550821,0.057971014492753624,-0.07627096010545609,-0.08744025962476375,0.11594202898550725,-0.029577407103652722,-0.032514105480972985,0.08695652173913043,-0.07093571587076933,-0.08791618394840003,0.07246376811594203,-0.07887788617815591,-0.09519658779871419,0.057971014492753624,-0.07896763935341104,-0.09108313652656076
2024-11-06,2024,673,68,0.06686478454680535,-0.020780660758109123,0.04411764705882353,-0.06915875224883898,-0.058477215796976074,0.07352941176470588,-0.04582560610441682,-0.04003914502177352,0.058823529411764705,-0.06621442336173597,-0.06536965254786255,0.058823529411764705,-0.07043431702613227,-0.07192004822833349,0.029411764705882353,-0.07465111186590978,-0.07483684911505299
2024-11-07,2024,673,68,0.0549777117384844,-0.023886216177272462,0.04411764705882353,-0.08651716018576339,-0.06929380566465382,0.029411764705882353,-0.06756843274540494,-0.04381738988262826,0.04411764705882353,-0.08394418184539315,-0.06842666376537906,0.058823529411764705,-0.07818885892166796,-0.06832752852973263,0.029411764705882353,-0.08563735503683717,-0.070848060417639
2024-11-08,2024,674,68,0.06676557863501484,-0.006320467119304592,0.08823529411764706,-0.06444351249227111,-0.05255287006191241,0.058823529411764705,-0.051705490162997456,-0.03817053260147172,0.04411764705882353,-0.07354326351769655,-0.05497343061227549,0.07352941176470588,-0.06157502967529839,-0.04340822787682222,0.058823529411764705,-0.06412847455178375,-0.05209236412083523
2024-11-11,2024,671,68,0.07302533532041729,-0.02407222715895071,0.14705882352941177,-0.04429476824943188,-0.04936372118827623,0.11764705882352941,-0.03941142954621851,-0.03662894132725463,0.10294117647058823,-0.05663017396710915,-0.06040914845533516,0.07352941176470588,-0.06276470363415196,-0.05353372990600191,0.029411764705882353,-0.07170737073797262,-0.06737145667932588
2024-11-12,2024,679,68,0.08100147275405008,-0.017808930638594084,0.17647058823529413,-0.028899483293475584,-0.03629390915062619,0.14705882352941177,-0.022279645501741538,-0.02911614279029334,0.11764705882352941,-0.04833624910736635,-0.05549911092534918,0.11764705882352941,-0.042222683867088266,-0.0459847330168132,0.07352941176470588,-0.049927626102772994,-0.05746429763392015
2024-11-13,2024,682,69,0.07331378299120235,-0.02103403211611491,0.17391304347826086,-0.026153243787146244,-0.02832657830108649,0.14492753623188406,-0.027274625884609792,-0.03868775748345068,0.15942028985507245,-0.039609092868816254,-0.04171549366030125,0.11594202898550725,-0.038985580533419426,-0.03941967782446986,0.07246376811594203,-0.04968500308372277,-0.055331877271392264
2024-11-14,2024,677,68,0.08714918759231906,-0.02618801001872221,0.20588235294117646,-0.014832467038673894,-0.05049767743814637,0.19117647058823528,-0.015013853734200918,-0.043281312381389506,0.10294117647058823,-0.04295252952094409,-0.06373015985176529,0.19117647058823528,-0.015001142630721935,-0.04188946962567303,0.11764705882352941,-0.03791399945825227,-0.06429481458339598
2024-11-15,2024,681,69,0.0881057268722467,-0.04905808185627972,0.18840579710144928,-0.021439527624602803,-0.06609924076490671,0.18840579710144928,-0.021036776119718065,-0.06468973184391405,0.11594202898550725,-0.03993355825796219,-0.06500221226920712,0.2318840579710145,-0.012130779327885413,-0.05351756997032382,0.08695652173913043,-0.04951410616119979,-0.08421298277209933
2024-11-18,2024,681,69,0.1027900146842878,-0.06391603617213554,0.18840579710144928,-0.03244587941368665,-0.09292250882241308,0.2028985507246377,-0.018491813740568176,-0.07372234070632343,0.21739130434782608,-0.020855763587947312,-0.07556283230160982,0.2463768115942029,-0.016831717632169334,-0.07697404160448906,0.17391304347826086,-0.03475661605771593,-0.0958713578985053
2024-11-19,2024,677,68,0.0827178729689808,-0.06352209233929575,0.16176470588235295,-0.04350981853905638,-0.10263346017829027,0.17647058823529413,-0.03693411090034749,-0.0822286500459364,0.1323529411764706,-0.04882514416112185,-0.08921614651278752,0.14705882352941177,-0.05079304698583845,-0.09294338012743497,0.10294117647058823,-0.06044923991882817,-0.10396582742907436
2024-11-20,2024,677,68,0.09601181683899557,-0.06346395055760325,0.20588235294117646,-0.029421419007318775,-0.09359368555980856,0.22058823529411764,-0.02378567950866176,-0.0785086607082152,0.16176470588235295,-0.03613423084468964,-0.09215579632166639,0.20588235294117646,-0.030887639897290885,-0.0858945212163335,0.19117647058823528,-0.02956683195018485,-0.08773029444677828
2024-11-21,2024,671,68,0.07451564828614009,-0.06158355389233592,0.22058823529411764,-0.02796044935187519,-0.07665565541873835,0.17647058823529413,-0.03909593320332148,-0.0753317989248775,0.14705882352941177,-0.045920115619725206,-0.07640078484750024,0.17647058823529413,-0.04372506796029909,-0.0795402579515408,0.16176470588235295,-0.04665412802179275,-0.08595909497969123
2024-11-22,2024,673,68,0.06537890044576523,-0.04803773627907703,0.17647058823529413,-0.04825812880942649,-0.06279384706521744,0.14705882352941177,-0.05629394378387378,-0.06152257247861668,0.08823529411764706,-0.0614495185834164,-0.06691617249925942,0.10294117647058823,-0.06617255280030687,-0.07180898154966164,0.1323529411764706,-0.05370470410443291,-0.07698253598857567
2024-11-25,2024,680,68,0.06323529411764706,-0.08653891884745649,0.14705882352941177,-0.04370536676678459,-0.10225483914279622,0.11764705882352941,-0.052194435797617476,-0.09734383385922453,0.10294117647058823,-0.047882860305817204,-0.09928553744807314,0.1323529411764706,-0.05531154102638797,-0.12457105080615316,0.16176470588235295,-0.04262221762209371,-0.10235974708596461
2024-11-26,2024,677,68,0.06942392909896603,-0.09235729851223286,0.19117647058823528,-0.04230773670432016,-0.1026208267070178,0.20588235294117646,-0.03630936512203481,-0.10284361354028733,0.17647058823529413,-0.03483491940807078,-0.09451118331892158,0.14705882352941177,-0.054982527355693284,-0.11904621305018527,0.19117647058823528,-0.04000892538300557,-0.10529049575738005
2024-11-27,2024,673,68,0.09361069836552749,-0.07663045934514369,0.25,-0.016721343235492597,-0.06991796256839689,0.22058823529411764,-0.014965032871411429,-0.069988796306114,0.20588235294117646,-0.01157387245187586,-0.07061036719767466,0.22058823529411764,-0.022609197844816683,-0.07904223157428539,0.23529411764705882,-0.019803094870772912,-0.07815083329757733
2024-11-28,2024,669,67,0.11659192825112108,-0.07045236028439966,0.22388059701492538,-0.005831358368699846,-0.07707604230630467,0.2537313432835821,-0.0071563328089412495,-0.07959169808032765,0.2835820895522388,0.005145814930030588,-0.05537442552651911,0.23880597014925373,-0.004667259957477586,-0.06675622776574479,0.29850746268656714,0.01191824174984274,-0.04620915483917474
2024-11-29,2024,665,67,0.09323308270676692,-0.07875002178881269,0.208955223880597,-0.028049751644442674,-0.09891314139032659,0.1791044776119403,-0.027688020246357005,-0.08429338985559962,0.23880597014925373,-0.02320967326524522,-0.07700647404448076,0.19402985074626866,-0.03322272386046995,-0.08813622371755557,0.2835820895522388,-0.009390015148593509,-0.06064539271081403
2024-12-02,2024,665,67,0.0887218045112782,-0.05026063520499211,0.22388059701492538,-0.028190036012237463,-0.06436654973529717,0.16417910447761194,-0.02697682190857569,-0.05750400402289613,0.16417910447761194,-0.038122412533758344,-0.0702525461286861,0.16417910447761194,-0.03977212070790782,-0.06175523872783012,0.208955223880597,-0.030659089623028903,-0.04813549309208303
2024-12-03,2024,663,67,0.07993966817496229,-0.04210440532639745,0.16417910447761194,-0.043145504732677226,-0.04867669430212742,0.1044776119402985,-0.04814141427613384,-0.048694595187584275,0.11940298507462686,-0.05053905428198813,-0.061405990493106084,0.1044776119402985,-0.056873938105877306,-0.05197215206244619,0.19402985074626866,-0.03073518754333087,-0.03302864249544726
2024-12-04,2024,664,67,0.06325301204819277,-0.0418843604588445,0.1044776119402985,-0.06985123309239656,-0.06368634787859428,0.05970149253731343,-0.07950787383412941,-0.06751454685213663,0.04477611940298507,-0.08196797614769342,-0.08136587922032737,0.05970149253731343,-0.08696331245740381,-0.07529736595860502,0.08955223880597014,-0.08139541991765248,-0.07707263464520528
2024-12-05,2024,658,66,0.057750759878419454,-0.04998232525550139,0.12121212121212122,-0.056388872916855695,-0.06568103531396798,0.10606060606060606,-0.06081690313010844,-0.07768293183303619,0.06060606060606061,-0.07088791437316848,-0.09025542458828321,0.07575757575757576,-0.07390924198330248,-0.07967938309920145,0.13636363636363635,-0.05677157392068045,-0.07117180045497411
2024-12-06,2024,659,66,0.0622154779969651,-0.07266338658159549,0.10606060606060606,-0.061707231836394705,-0.08741364587839394,0.045454545454545456,-0.07066347445919566,-0.10500027375180365,0.07575757575757576,-0.0563629754416232,-0.09999647525082796,0.06060606060606061,-0.0697358371189592,-0.09849879132903089,0.13636363636363635,-0.051012636890407984,-0.08284565653802518
2024-12-09,2024,652,66,0.0705521472392638,-0.0816487854587163,0.16666666666666666,-0.042904416646462676,-0.07382463581666227,0.12121212121212122,-0.04711874284268473,-0.0997013871332404,0.10606060606060606,-0.043311246279558686,-0.09818510929800955,0.10606060606060606,-0.04906751731454212,-0.08297671840724284,0.15151515151515152,-0.03460879439163423,-0.07853366286673868
2024-12-10,2024,645,65,0.07751937984496124,-0.06914878773889252,0.18461538461538463,-0.02044276854738265,-0.028405442076350023,0.16923076923076924,-0.01785565360239939,-0.03933587782663222,0.1076923076923077,-0.03189442998630754,-0.06496782092396969,0.1076923076923077,-0.029223030592536156,-0.051998467630577846,0.13846153846153847,-0.030263662210417094,-0.05917344018915611
2024-12-11,2024,644,65,0.059006211180124224,-0.07706337348941257,0.12307692307692308,-0.052540056792047075,-0.07068643524655252,0.12307692307692308,-0.05129777483223742,-0.06590230319879832,0.06153846153846154,-0.06956104425694791,-0.09486390049426315,0.07692307692307693,-0.06336008142309746,-0.08427174453168419,0.1076923076923077,-0.056754692648145755,-0.08641513259833003
2024-12-12,2024,644,65,0.06055900621118013,-0.07553097165232275,0.16923076923076924,-0.03539842172944629,-0.06235802608446717,0.12307692307692308,-0.04648562674379704,-0.07722666984708451,0.06153846153846154,-0.05462037868259259,-0.08494500703939104,0.1076923076923077,-0.046372166542646295,-0.07213799272972043,0.1076923076923077,-0.047846493527087815,-0.08419557426076554
2024-12-13,2024,640,64,0.06875,-0.05211991248800528,0.171875,-0.04639289873751562,-0.05841862803250361,0.125,-0.05254775034949704,-0.06960757982467988,0.078125,-0.05855308672675306,-0.0707607349298113,0.125,-0.053927572320392345,-0.06369953152685778,0.125,-0.05713725500035296,-0.07886954412889972
2024-12-16,2024,642,65,0.08411214953271028,-0.028919213388472767,0.23076923076923078,-0.01710839351564528,-0.021859047853630176,0.15384615384615385,-0.036217554243952454,-0.046441526410873804,0.15384615384615385,-0.026643994041021617,-0.0336483456568206,0.16923076923076924,-0.028366569701469717,-0.03495576293231444,0.18461538461538463,-0.0319120677862659,-0.0471140779826659
2024-12-17,2024,640,64,0.0796875,-0.02996399521576215,0.21875,-0.026831655206601857,-0.04074193479023046,0.203125,-0.023689217084521385,-0.03968361316824609,0.15625,-0.03026547002139344,-0.0369950921227704,0.1875,-0.030657009339901075,-0.041465586836347886,0.171875,-0.03650892205953565,-0.048251679754183305
2024-12-18,2024,644,65,0.09161490683229814,-0.044180929662328255,0.3076923076923077,0.004063705252412563,-0.032909251144111425,0.2153846153846154,-0.006052296492726456,-0.03452744340228443,0.2,-0.006768402433015076,-0.040450401876777994,0.2,-0.021105191255850097,-0.05415618202440428,0.23076923076923078,-0.011884177712648387,-0.050450056700899006
2024-12-19,2024,643,65,0.06998444790046657,-0.06019566169858723,0.2153846153846154,-0.02696837485194854,-0.07832660200457651,0.16923076923076924,-0.02974701653914263,-0.06959124371353444,0.15384615384615385,-0.0314331096729202,-0.07792318086020546,0.16923076923076924,-0.04091885236629997,-0.08680318605234433,0.2,-0.0270317540398617,-0.08097885320189642
2024-12-20,2024,643,65,0.06842923794712286,-0.059338105154708616,0.15384615384615385,-0.047271239537490795,-0.08687125410819051,0.16923076923076924,-0.029270368105644203,-0.06049485828398982,0.13846153846153847,-0.030687196228875578,-0.062147093825965866,0.13846153846153847,-0.048899946562132035,-0.08102934144896513,0.18461538461538463,-0.03045065353321206,-0.07201000279475173
2024-12-23,2024,638,64,0.050156739811912224,-0.053485281667957976,0.109375,-0.05645234774819842,-0.07478297547521524,0.109375,-0.0508929239516166,-0.05802458867783488,0.109375,-0.04391024813587198,-0.04913665783060337,0.109375,-0.056149296878892016,-0.06721517175877065,0.140625,-0.04540411053516477,-0.06323474498786656
2024-12-24,2024,638,64,0.045454545454545456,-0.060284233490887865,0.09375,-0.06511136066428432,-0.08976500716064789,0.09375,-0.05217651332757284,-0.07532143822791895,0.09375,-0.03916016208298615,-0.041453535754412255,0.09375,-0.0635189435142812,-0.07487685827800307,0.125,-0.049274302591974364,-0.06802628105929268
2024-12-25,2024,638,64,0.04075235109717868,-0.037310212697696604,0.078125,-0.07193323706256796,-0.08228682437709083,0.09375,-0.047057920429437475,-0.053401069662169204,0.078125,-0.057029021790195006,-0.05444496343710917,0.078125,-0.07486847897964195,-0.07890542042470056,0.09375,-0.06596470892994026,-0.06511743157862258
2024-12-26,2024,635,64,0.03622047244094488,-0.05097519457888322,0.078125,-0.07388978289841733,-0.0854622475689178,0.0625,-0.0524246777381225,-0.06036850208048017,0.078125,-0.05254148078645439,-0.05920432220802057,0.09375,-0.07371923990829672,-0.07424193972541299,0.109375,-0.05800773024649083,-0.07705351247811108
2024-12-27,2024,637,64,0.04866562009419152,-0.039380198684223856,0.09375,-0.06549352129473382,-0.06745085506810183,0.03125,-0.04742623643156782,-0.05004554881675675,0.09375,-0.04756389427521979,-0.03887330252770199,0.109375,-0.06893309623527291,-0.053536560060607,0.078125,-0.07074010982917461,-0.07680054037919831
2024-12-30,2024,642,65,0.05451713395638629,-0.03134785890223553,0.12307692307692308,-0.04564963407234337,-0.0438323646984593,0.07692307692307693,-0.048539288102742835,-0.04672508141598428,0.09230769230769231,-0.03915591369462533,-0.029856628030307447,0.09230769230769231,-0.0595192297583394,-0.039371574488770406,0.09230769230769231,-0.06475684560669479,-0.058290645944913726
2024-12-31,2024,643,65,0.04821150855365474,-0.03820495713137501,0.1076923076923077,-0.06342090723696872,-0.06138035797230021,0.07692307692307693,-0.04160920075022115,-0.04360682695612749,0.06153846153846154,-0.056613436140281345,-0.04440705780282123,0.1076923076923077,-0.059929139838350104,-0.0431849236308893,0.07692307692307693,-0.06933266367807786,-0.061380179909306984
2025-01-02,2025,642,65,0.05451713395638629,-0.02738384052693676,0.12307692307692308,-0.053567187403060997,-0.03451683212002143,0.1076923076923077,-0.056596551064561795,-0.027037824433097112,0.1076923076923077,-0.05365764757126379,-0.03310824513514136,0.16923076923076924,-0.048581514619308604,-0.020192076643512566,0.09230769230769231,-0.0670187233727411,-0.04384124305064156
2025-01-03,2025,642,65,0.056074766355140186,-0.014446457102471902,0.12307692307692308,-0.06142147618089653,-0.020159710883709023,0.13846153846153847,-0.04926011666572828,-0.015028307348806657,0.09230769230769231,-0.05490669579447912,-0.0065673921028944265,0.15384615384615385,-0.04320599298297039,-4.051040888075277e-05,0.1076923076923077,-0.05477643712321276,-0.008542583337838049
2025-01-06,2025,638,64,0.03761755485893417,0.006571868315605353,0.125,-0.06259820057638951,0.010568762815590018,0.109375,-0.06562860332365933,0.006937317794959569,0.0625,-0.06832434547813404,0.006390245524328663,0.140625,-0.04759060313357301,0.029003283830123856,0.109375,-0.05927023342102278,0.01623991708112659
2025-01-07,2025,639,64,0.054773082942097026,0.025295230226162188,0.125,-0.04004112353530173,0.03094607935505567,0.125,-0.035328277431601766,0.028707452598794328,0.09375,-0.05910312169495194,0.016002891225047527,0.15625,-0.04134743873926949,0.024264922474739603,0.125,-0.037864429307299406,0.026000317060502338
2025-01-08,2025,633,64,0.05845181674565561,0.024759669552334652,0.125,-0.057455859117034304,0.0022566579514510868,0.125,-0.026186297939468882,0.03363964053163475,0.09375,-0.056900898699933915,-0.0028242377729379535,0.140625,-0.048351914355250006,0.017104626199577345,0.109375,-0.04616746649185367,0.015936943683564055
2025-01-09,2025,631,64,0.10142630744849446,0.03860388757730983,0.1875,-0.024349329828497072,0.010204618798888706,0.1875,0.018826351569945082,0.04587704145455667,0.21875,9.26835484907889e-05,0.032782287754403866,0.234375,-0.0029988893779497802,0.03495292242057421,0.21875,2.412353199813047e-05,0.04054665504525834
2025-01-10,2025,633,64,0.11690363349131122,0.04888043168110235,0.234375,0.010435406418605728,0.04674145943219576,0.25,0.03270301496363014,0.06061653918490143,0.21875,0.01597819151777802,0.052757040216743545,0.265625,0.02325442712746601,0.054295872083732724,0.265625,0.030254575066400877,0.058125016749794374
2025-01-13,2025,634,64,0.16876971608832808,0.05363315257767792,0.296875,0.049758958064986925,0.04568540315423528,0.296875,0.07653927680376996,0.07821021270426534,0.234375,0.03266878361269286,0.04812651857937731,0.3125,0.059826390392508366,0.059197016976858356,0.296875,0.06426335044105,0.059896736539984605
2025-01-14,2025,636,64,0.1430817610062893,0.049984497391848536,0.234375,0.02006137428784057,0.028793137879101968,0.234375,0.03331235319611761,0.040495202132297174,0.234375,0.01992729660502035,0.031249011760580356,0.265625,0.03626568743594493,0.043273484856954245,0.265625,0.037846892541946175,0.04657261179929913
2025-01-15,2025,637,64,0.14285714285714285,0.05172529898347018,0.234375,0.028526467595684307,0.04506627974279665,0.296875,0.04492110140871115,0.056720951911016136,0.234375,0.028685489194344542,0.03853154033242881,0.234375,0.0328143178016822,0.04535006648014532,0.265625,0.03529753530992158,0.05122518311260841
2025-01-16,2025,640,64,0.159375,0.0696638149921645,0.21875,0.017556288146427013,0.04730807975863575,0.234375,0.03144053201781075,0.06331588579941688,0.28125,0.03667972043446947,0.052356243351472785,0.203125,0.01910415067269646,0.05752376811068785,0.265625,0.032494176014173995,0.06700522582279747
2025-01-17,2025,640,64,0.1625,0.0731736409499351,0.234375,0.019392187065720587,0.05447132835971615,0.265625,0.03473268425534448,0.07260970647212527,0.25,0.027415228569001172,0.05282041356311148,0.21875,0.028777370334086564,0.05943133435488063,0.3125,0.04071489967670791,0.07434731930312194
2025-01-20,2025,634,64,0.14826498422712933,0.06307509661573757,0.234375,0.0003247195105062668,0.049091989475974034,0.203125,0.005199810928144925,0.0481255648984391,0.203125,0.007249102670502014,0.04212018977116804,0.21875,0.006882477705994641,0.04643547133191715,0.265625,0.009516089201025701,0.0492016831905253
2025-01-21,2025,632,64,0.13449367088607594,0.07356984330970896,0.203125,-0.018595592259121423,0.03939215301325999,0.1875,-0.0005776905742936496,0.05885315263118444,0.171875,-0.015436170832103037,0.03327259311917248,0.203125,-0.004911216923804329,0.048203205320968,0.21875,-0.013181933678728752,0.04415806883176337
2025-01-22,2025,629,63,0.18600953895071543,0.05885140722151687,0.38095238095238093,0.040831980925050415,0.03402389019804748,0.31746031746031744,0.039377364932068656,0.0451285298768406,0.30158730158730157,0.03141967909907916,0.027723947362798776,0.36507936507936506,0.045328602671570524,0.03435228580856504,0.38095238095238093,0.04332844786671461,0.036569117965229624
2025-02-03,2025,628,63,0.1751592356687898,0.06783022658140721,0.3333333333333333,0.031376960227175114,0.044900873639579,0.3333333333333333,0.04246527229395156,0.05887856786283352,0.23809523809523808,0.006025859676764761,0.015030256274914836,0.30158730158730157,0.03240901717434614,0.03673957253369198,0.3333333333333333,0.02852964490292286,0.03425812906501867
2025-02-04,2025,624,63,0.18108974358974358,0.07493166188178094,0.4126984126984127,0.047465340764437744,0.05543026308172212,0.3492063492063492,0.04758595238681512,0.06412244995997603,0.23809523809523808,0.013889639855842078,0.026965517436830684,0.30158730158730157,0.040917880310941464,0.0510129611169199,0.38095238095238093,0.051222916745735564,0.060724649430529326
2025-02-05,2025,620,62,0.12741935483870967,0.06972237106502491,0.24193548387096775,-0.0019324421891425154,0.02846996875640172,0.24193548387096775,0.006064472996723467,0.052154757170445036,0.11290322580645161,-0.026935039078683266,0.012964266317472928,0.16129032258064516,-0.011073073622157,0.02522095714566365,0.22580645161290322,-0.0012816155541386053,0.035755022183794574
2025-02-06,2025,619,62,0.10339256865912763,0.05642919899015677,0.1935483870967742,-0.016967411291489046,0.021818874195622614,0.16129032258064516,-0.02530939396452962,0.019902930339809548,0.08064516129032258,-0.04758723984584357,-0.0039012572481378904,0.11290322580645161,-0.03466415454492388,0.00018550005132696572,0.14516129032258066,-0.031240333217044506,0.003971402170873579
2025-02-07,2025,620,62,0.11129032258064517,0.06273249702672887,0.24193548387096775,-0.020070600371849923,0.01260677882699736,0.1935483870967742,-0.029247507241149443,0.01172370800629403,0.06451612903225806,-0.056931294309086916,-0.014875524120538813,0.16129032258064516,-0.028910791263147287,0.008689356980619654,0.1935483870967742,-0.029402880243996656,0.00557262313751575
2025-02-10,2025,620,62,0.10161290322580645,0.05855334875545757,0.27419354838709675,-0.0069303952574353575,0.026528553668123026,0.1774193548387097,-0.03667816995253791,0.0039047659211003467,0.06451612903225806,-0.06202541778531987,-0.014967981923183146,0.16129032258064516,-0.03870155816499499,0.0007588656339387681,0.1935483870967742,-0.038055500423316437,-0.012820203445495164
2025-02-11,2025,622,63,0.09163987138263666,0.060054314224264375,0.19047619047619047,-0.034030284259869,0.0014546114495066328,0.15873015873015872,-0.04219676537741632,0.0011696280195651883,0.06349206349206349,-0.05630858703211546,-0.007341421510222142,0.12698412698412698,-0.047751259723987395,-0.008347970608222803,0.19047619047619047,-0.0378986520559632,-0.0054199609586044195
2025-02-12,2025,622,63,0.0932475884244373,0.051790487075405796,0.1746031746031746,-0.047187108607959105,0.0002326446145029711,0.12698412698412698,-0.06067294009631432,-0.0041603168294620145,0.06349206349206349,-0.07240361714330905,-0.008085154812293091,0.07936507936507936,-0.06800937925916746,-0.014067589173426669,0.14285714285714285,-0.05006418442490405,-0.007611062856040116
2025-02-13,2025,628,63,0.07006369426751592,0.03874831658974669,0.1746031746031746,-0.034244530021726866,0.011830889298335723,0.09523809523809523,-0.0654439759831141,-0.006697885519790652,0.07936507936507936,-0.06872460692749337,-0.011675016472029941,0.15873015873015872,-0.046945395099084054,0.0026662916737165963,0.14285714285714285,-0.04747070405080576,-0.003772132453005584
2025-02-14,2025,636,64,0.06289308176100629,0.02606894328411003,0.25,-0.014216443025141749,0.022218342540787354,0.171875,-0.04040565536359686,0.0032921167954164596,0.109375,-0.06555351003651871,-0.01518988696151466,0.15625,-0.049510187186556406,-0.011710089036649912,0.125,-0.05184577952935338,-0.011627684345993865
2025-02-17,2025,637,64,0.054945054945054944,0.03981675959953899,0.1875,-0.03721293829468332,0.01696750676515337,0.15625,-0.05336639097774118,0.01907395410805917,0.125,-0.06125700767012841,0.0036314243771117423,0.140625,-0.04852285353221852,0.015589044410221844,0.171875,-0.04784282470250478,0.0024372960275208157
2025-02-18,2025,639,64,0.050078247261345854,0.03729997982861917,0.140625,-0.04850466647574398,0.008624459445386206,0.125,-0.05649424746478175,0.013009671191741356,0.09375,-0.07445317023891829,-0.010927803112593467,0.09375,-0.06571177110657118,0.003753129757300482,0.09375,-0.07167813138805582,-0.020437420830546615
2025-02-19,2025,637,64,0.03453689167974882,0.02005648427022785,0.046875,-0.07488717089168172,-0.02069675228345272,0.0625,-0.0676694375519598,-0.004655272084786836,0.0625,-0.07492858240300583,-0.02540339184575244,0.03125,-0.0794587461163057,-0.027347754507342982,0.046875,-0.0814771450936736,-0.038176968374406615
2025-02-20,2025,643,65,0.041990668740279936,0.023511078264416854,0.09230769230769231,-0.06264951627642927,-0.0037976535813553877,0.12307692307692308,-0.05510280739033086,-0.00047669705254446736,0.06153846153846154,-0.07909723113552171,-0.012953526860956363,0.07692307692307693,-0.06588262072306893,-0.010686447894987142,0.06153846153846154,-0.07887138327610385,-0.026349565993924767
2025-02-21,2025,643,65,0.03421461897356143,0.01600036881614658,0.07692307692307693,-0.07268840532370423,-0.014310034912795248,0.09230769230769231,-0.06410421995795236,-0.0066019939882270545,0.09230769230769231,-0.060584532456733925,-0.003371263805936753,0.06153846153846154,-0.07554696736255931,-0.0276968574625314,0.07692307692307693,-0.07178241902000485,-0.02231977550760283
2025-02-24,2025,645,65,0.034108527131782945,-0.011105862771478774,0.09230769230769231,-0.07106362567647759,-0.03213856547478274,0.09230769230769231,-0.07002936896102188,-0.0423849333532302,0.09230769230769231,-0.06494964109173086,-0.02572831594881578,0.07692307692307693,-0.07555096406854818,-0.0524547613482744,0.09230769230769231,-0.07520881749143195,-0.04853514436758009
2025-02-25,2025,651,66,0.03533026113671275,-0.008540985942153833,0.09090909090909091,-0.07586296913854094,-0.02447329280352108,0.09090909090909091,-0.07199569453048359,-0.032599374285782724,0.06060606060606061,-0.06617188523522399,-0.031837328217009894,0.07575757575757576,-0.0681892150038014,-0.037457824539008346,0.07575757575757576,-0.07963721378303658,-0.04338171869423091
2025-02-26,2025,653,66,0.022970903522205207,0.008747281417732542,0.015151515151515152,-0.09604829232067429,-0.008429135267016764,0.015151515151515152,-0.08986420390558918,-0.00856022020794334,0.030303030303030304,-0.08261239126433573,-0.017316305695156315,0.0,-0.09836135553214219,-0.03693795540080737,0.015151515151515152,-0.09037238565811585,-0.017602408342102787
2025-02-27,2025,657,66,0.0471841704718417,-0.01649151577497722,0.15151515151515152,-0.05540029671238126,-0.025511490570228907,0.15151515151515152,-0.05623610073880831,-0.024335701792846998,0.07575757575757576,-0.06801999007572658,-0.02899475122207355,0.13636363636363635,-0.0574998046366524,-0.04602847994497398,0.15151515151515152,-0.056718514012003035,-0.03369078226830679
2025-03-03,2025,659,66,0.054628224582701064,-0.032378442997205964,0.18181818181818182,-0.05082558737324981,-0.045183264481606734,0.18181818181818182,-0.05233983947062325,-0.035371431857234126,0.12121212121212122,-0.06812542956352569,-0.04822521241329466,0.16666666666666666,-0.05558096213087577,-0.06205896126105804,0.19696969696969696,-0.05133591752599582,-0.05712079511841679
2025-03-04,2025,663,67,0.033182503770739065,-0.0319125491363937,0.08955223880597014,-0.0798208910979764,-0.05972163750001761,0.08955223880597014,-0.07792651759578563,-0.056599350872097554,0.05970149253731343,-0.08902732864815305,-0.06221873253647844,0.04477611940298507,-0.0964426347380798,-0.08519586382244829,0.08955223880597014,-0.08160528107479299,-0.06436119123450036
2025-03-05,2025,663,67,0.02865761689291101,-0.027628570311314927,0.07462686567164178,-0.08333434231249949,-0.050188624034590644,0.05970149253731343,-0.0890433140727954,-0.054421288216736086,0.05970149253731343,-0.08950920742760826,-0.059285929857072296,0.05970149253731343,-0.09315945895010765,-0.06770403086543146,0.07462686567164178,-0.08680150601697459,-0.06289413369665452
2025-03-06,2025,669,67,0.0343796711509716,-0.023319392808831538,0.1044776119402985,-0.08554858709415765,-0.05268950110029113,0.07462686567164178,-0.0970434340809589,-0.05002857398659884,0.05970149253731343,-0.10237004202841592,-0.04591716063920314,0.05970149253731343,-0.10149289193464538,-0.059628694696882006,0.08955223880597014,-0.09319288174264956,-0.05928979350537033
2025-03-07,2025,669,67,0.026905829596412557,-0.04731330200717667,0.08955223880597014,-0.09565038445506029,-0.07862710272739577,0.07462686567164178,-0.10248873945759795,-0.06657055180533945,0.04477611940298507,-0.11422619651687117,-0.08145098494865478,0.04477611940298507,-0.1099928632225083,-0.09279660910136367,0.05970149253731343,-0.10461239895087515,-0.08633121811569947
2025-03-10,2025,673,68,0.041604754829123326,-0.07859882247133675,0.1323529411764706,-0.084863486709945,-0.11004923919554377,0.11764705882352941,-0.09212427891214155,-0.10858760803758549,0.07352941176470588,-0.11293947091309585,-0.10221175037810698,0.10294117647058823,-0.09767129149623299,-0.11522076045751181,0.08823529411764706,-0.10046780853257442,-0.11681874584172681
2025-03-11,2025,673,68,0.03268945022288262,-0.09336215784435135,0.11764705882352941,-0.08566750483303973,-0.13398769138818883,0.08823529411764706,-0.09655048343300576,-0.1286836718281147,0.07352941176470588,-0.10451539549026125,-0.11857223885317533,0.11764705882352941,-0.08504808067936158,-0.1416854237308717,0.10294117647058823,-0.08833941359696755,-0.144797563639973
2025-03-12,2025,674,68,0.019287833827893175,-0.09633274520503504,0.07352941176470588,-0.09987582506993434,-0.14162766163269452,0.058823529411764705,-0.10580545880723523,-0.1294871775391496,0.029411764705882353,-0.11812948834241753,-0.14228902146531713,0.07352941176470588,-0.09833274212175205,-0.14090861993010176,0.08823529411764706,-0.09556333324257306,-0.14363049251980597
2025-03-13,2025,673,68,0.02526002971768202,-0.08589109832531093,0.10294117647058823,-0.09752930508609454,-0.12796452532226407,0.08823529411764706,-0.10310707299734011,-0.11922712614473413,0.029411764705882353,-0.11908967976490308,-0.12368437936515331,0.08823529411764706,-0.10229131598966204,-0.13210308948025642,0.08823529411764706,-0.10346479679592813,-0.13062196147525157
2025-03-14,2025,677,68,0.0206794682422452,-0.0632851208376571,0.10294117647058823,-0.09067838826730357,-0.09830899864548864,0.07352941176470588,-0.10137452553782153,-0.08487667370040167,0.04411764705882353,-0.11277011287626836,-0.08726606297820794,0.08823529411764706,-0.09616749417823603,-0.09779143363111246,0.10294117647058823,-0.09134385175038341,-0.09719352384655744
2025-03-17,2025,673,68,0.01634472511144131,-0.06195461903093326,0.07352941176470588,-0.1032231963878036,-0.10091033469561757,0.07352941176470588,-0.1003613833211422,-0.08677848156824282,0.04411764705882353,-0.10919806945596762,-0.07950126669926146,0.08823529411764706,-0.09616426546644696,-0.10222787052553543,0.058823529411764705,-0.10665671503376425,-0.10768307791793859
2025-03-18,2025,666,67,0.010510510510510511,-0.05764646337753608,0.04477611940298507,-0.11177913218866582,-0.0998839199993219,0.04477611940298507,-0.11110493205758971,-0.09278328869836791,0.029850746268656716,-0.11620573133590091,-0.07805799878844502,0.04477611940298507,-0.11095959605859713,-0.10778781513379287,0.029850746268656716,-0.11682764637896141,-0.11121366261558771
2025-03-19,2025,669,67,0.013452914798206279,-0.05671186501367571,0.07462686567164178,-0.0993396974095315,-0.08247837010317625,0.04477611940298507,-0.11142043111973962,-0.0769855906107844,0.029850746268656716,-0.1139432701567761,-0.07409692577933537,0.05970149253731343,-0.10313853068133857,-0.10334486195816908,0.05970149253731343,-0.10372287631690323,-0.10248828074910651
2025-03-20,2025,670,67,0.010447761194029851,-0.06079826191215568,0.05970149253731343,-0.10188778201665681,-0.0918479127794751,0.05970149253731343,-0.10880386672781815,-0.07731566693727324,0.029850746268656716,-0.12038841279423201,-0.07873525388733142,0.029850746268656716,-0.11187322043700981,-0.11741590407272526,0.029850746268656716,-0.1120191821095546,-0.11874679861238016
2025-03-21,2025,661,67,0.009077155824508321,-0.04896800701862201,0.04477611940298507,-0.11103518735535417,-0.08158187802858917,0.04477611940298507,-0.11338004795070158,-0.06452795257557861,0.014925373134328358,-0.12620592688242038,-0.0832884130947237,0.029850746268656716,-0.11824331979349756,-0.09681753780587377,0.04477611940298507,-0.10925368223526113,-0.1046386794065813
2025-03-24,2025,664,67,0.006024096385542169,-0.058333259599812816,0.029850746268656716,-0.11968446593903688,-0.0740295444464257,0.029850746268656716,-0.1176327686948139,-0.07725196826835797,0.0,-0.13020715933501817,-0.07601036416682823,0.014925373134328358,-0.12487704262652377,-0.09451445081429302,0.029850746268656716,-0.11876166222245955,-0.1010168726120769
2025-03-25,2025,671,68,0.005961251862891207,-0.04241811508792579,0.04411764705882353,-0.11432307008550494,-0.0500100133529961,0.04411764705882353,-0.11616841681703183,-0.03660185786943139,0.0,-0.13379658391725038,-0.04533716579371855,0.014705882352941176,-0.1250331887204719,-0.07435783942218128,0.029411764705882353,-0.11967504688851381,-0.06993514301738744
2025-03-26,2025,668,67,0.005988023952095809,-0.06437082727645305,0.04477611940298507,-0.12016455153883042,-0.05989225159376003,0.04477611940298507,-0.11649703798848195,-0.05760744942952254,0.014925373134328358,-0.13132466110245872,-0.056941965183052015,0.029850746268656716,-0.12281604697474133,-0.07814877863214122,0.04477611940298507,-0.11833446916997925,-0.06401454668277025
2025-03-27,2025,662,67,0.0030211480362537764,-0.06793831354603909,0.014925373134328358,-0.12596802932430073,-0.06390585738370132,0.014925373134328358,-0.12902758400496867,-0.053475677623134946,0.014925373134328358,-0.13247351929233736,-0.05692941693117186,0.014925373134328358,-0.12771285106522565,-0.06567085584807743,0.014925373134328358,-0.1284377404134697,-0.05706922403862383
2025-03-28,2025,658,66,0.0060790273556231,-0.03862451916400642,0.045454545454545456,-0.13060699371909618,-0.015133815545160242,0.045454545454545456,-0.12965660562637424,-0.019688948559814352,0.015151515151515152,-0.1416615987245259,-0.027167385999503857,0.030303030303030304,-0.139921227896585,-0.02156060130716035,0.045454545454545456,-0.13644574315636773,-0.011494438528954922
2025-03-31,2025,668,67,0.0029940119760479044,-0.039200755520427816,0.014925373134328358,-0.14254925676692332,-0.024770494238545476,0.014925373134328358,-0.15485189512913872,-0.017594065048708925,0.0,-0.14978921514719043,-0.034827141070552035,0.014925373134328358,-0.14958916722103485,-0.02453153386131578,0.014925373134328358,-0.15001774344172533,-0.02095015377697172
2025-04-01,2025,667,67,0.0014992503748125937,-0.04650965178508141,0.014925373134328358,-0.14732413583302179,-0.04129614885073914,0.014925373134328358,-0.15157236993861395,-0.028564902484906705,0.0,-0.14929246554045048,-0.030560415066940034,0.014925373134328358,-0.15396119940117184,-0.03242585203602493,0.014925373134328358,-0.15082758807153357,-0.0321228219926754
2025-04-02,2025,663,67,0.027149321266968326,-0.07546609110551852,0.05970149253731343,-0.1282713626541405,-0.09159815884659456,0.05970149253731343,-0.13377788184644532,-0.08040379146578097,0.04477611940298507,-0.0960485271622443,-0.06060067887107312,0.05970149253731343,-0.13003103794420262,-0.06905392250233612,0.04477611940298507,-0.1435616018250887,-0.08691141972480267
2025-04-07,2025,664,67,0.2394578313253012,-0.030597680751986853,0.2835820895522388,-0.003970565466533965,-0.026846692945577785,0.3283582089552239,0.014470458762433601,0.002150872449612437,0.3283582089552239,0.047046670585457445,-0.0039129675485350445,0.34328358208955223,0.010529338099059,-0.010165268441837603,0.2835820895522388,-0.014940191078604179,-0.020400827239553374
2025-04-08,2025,673,68,0.46656760772659733,0.012175216470131438,0.5441176470588235,0.08732638044801817,0.029214427975466983,0.6470588235294118,0.13306790900487406,0.02950723586116088,0.4117647058823529,0.0811564607309093,0.005507426585392172,0.5735294117647058,0.10133611957483667,0.04110221444284922,0.6323529411764706,0.10688405815360567,0.04708762409649564
2025-04-09,2025,671,68,0.2846497764530551,0.020954017573455382,0.4264705882352941,0.07787795294275339,0.05109482421901307,0.35294117647058826,0.09781818389290829,0.030937766170446607,0.25,0.07252261372912232,0.031031925565284564,0.4117647058823529,0.07563575681243849,0.04959338639125776,0.4411764705882353,0.07358951034848628,0.06372968553526182
2025-04-10,2025,682,69,0.45454545454545453,0.025560042543578458,0.6231884057971014,0.14092492973741286,0.06987620262127575,0.6231884057971014,0.14329030572105203,0.05560921255509635,0.42028985507246375,0.10962854951613984,0.026909434231240436,0.7101449275362319,0.14616106109028879,0.1015753809384772,0.6956521739130435,0.1449573083221482,0.09216083956495913
2025-04-11,2025,686,69,0.18075801749271136,0.033329310650770216,0.391304347826087,0.08077949852237763,0.0762733754877179,0.30434782608695654,0.08997167902834928,0.07981915025914839,0.2898550724637681,0.08107865944897405,0.05211530957866922,0.42028985507246375,0.09863122507194971,0.08363989983707797,0.391304347826087,0.07945057731540456,0.08314954390923761
2025-04-14,2025,683,69,0.18448023426061494,-0.011802077572064668,0.4057971014492754,0.0818879365322727,0.037559796125310005,0.3188405797101449,0.08561903349042238,0.04304555573655647,0.2463768115942029,0.05949415081622722,-0.0025690819937562886,0.4057971014492754,0.07899512683249,0.029567311992268374,0.42028985507246375,0.07740590039218344,0.04204513120455042
2025-04-15,2025,686,69,0.10932944606413994,-0.05119838879352823,0.2318840579710145,0.016099291493512382,-0.02307375772264511,0.15942028985507245,-0.0027269220667959755,-0.02411945786693567,0.17391304347826086,0.039437163909037905,-0.05397156740552126,0.2608695652173913,0.026615486145955977,-0.022162036272964356,0.2463768115942029,0.004362208299342896,-0.013058191218751958
2025-04-16,2025,684,69,0.21052631578947367,-0.04764424639694273,0.42028985507246375,0.07165528348567092,-0.011208989412982238,0.2898550724637681,0.07931974341817286,-0.004203314949379317,0.17391304347826086,0.03950606174456298,-0.07318701880456827,0.42028985507246375,0.07572217890794948,-0.014250139467230737,0.42028985507246375,0.07530169525634516,0.010348104091084786
2025-04-17,2025,679,68,0.18556701030927836,-0.052080257029933054,0.3382352941176471,0.06458996920208557,-0.040051234425116315,0.27941176470588236,0.06510300568985404,-0.012201068337780644,0.22058823529411764,0.05919447529594503,-0.06127112475609149,0.39705882352941174,0.07747867165843242,-0.011149158478112379,0.35294117647058826,0.05606107926738401,-0.007171570068405471
2025-04-18,2025,679,68,0.21354933726067746,-0.05134974625257209,0.35294117647058826,0.052961991581744174,-0.04577341298731841,0.29411764705882354,0.056012287231462676,-0.02832125617232528,0.16176470588235295,0.03796935573905306,-0.07005158538696164,0.45588235294117646,0.08164223336633429,-0.027994241945057476,0.35294117647058826,0.047302228566772,-0.032354178506134784
2025-04-21,2025,675,68,0.37925925925925924,-0.03310828749577098,0.6617647058823529,0.12066138428841289,-0.004397369242308748,0.6911764705882353,0.14490866396293556,0.02565935054159945,0.3088235294117647,0.08188095970122469,-0.056026012378668055,0.6470588235294118,0.11879703230579611,0.008596342927099135,0.7941176470588235,0.14945464259585314,0.03283914811739145
2025-04-22,2025,670,67,0.27313432835820894,-0.04758848712497606,0.5373134328358209,0.09296059135662266,-0.03289640650958772,0.5223880597014925,0.13099176093837028,0.006238143024090406,0.26865671641791045,0.07244382697935475,-0.060731470292897514,0.5373134328358209,0.10570289280427801,-0.014831234689958754,0.6417910447761194,0.1209524504723161,0.009851011917310776
2025-04-23,2025,674,68,0.22106824925816024,-0.03476821889918765,0.4117647058823529,0.07242971897507644,-0.01939327850214326,0.4117647058823529,0.09859676797576182,0.008384429341289575,0.20588235294117646,0.04524626712176943,-0.054873955595544734,0.5294117647058824,0.10538656972547021,0.025141293375416887,0.5147058823529411,0.09869789592779182,0.017511017015600913
2025-04-24,2025,668,67,0.17964071856287425,-0.02739682137283603,0.26865671641791045,0.04227703717138411,-0.027155706637202057,0.34328358208955223,0.07035927106802732,-0.0003167479913440569,0.13432835820895522,0.016438326051630522,-0.06313072047193385,0.3880597014925373,0.07076888920948457,0.013280707883493451,0.43283582089552236,0.07259617200436354,0.018258506439879557
2025-04-25,2025,665,67,0.1699248120300752,-0.02953583364871002,0.23880597014925373,0.02218595493693302,-0.043843185124118556,0.31343283582089554,0.053726625755195455,-0.00649623430220013,0.05970149253731343,0.008118919623985893,-0.06174940312866245,0.3582089552238806,0.058440058906201145,-0.003258379066634643,0.40298507462686567,0.0663633150390381,0.005966273353345421
2025-04-28,2025,665,67,0.1548872180451128,-0.036019205782022536,0.3283582089552239,0.014445525211909175,-0.05531507071794661,0.2537313432835821,0.025470699561583394,-0.03858076361094632,0.07462686567164178,0.001438268608906032,-0.061042566485324606,0.34328358208955223,0.036109306299798125,-0.019773276371232856,0.3880597014925373,0.03375096837759484,-0.025536930600133966
2025-04-29,2025,657,66,0.121765601217656,-0.05419725695485472,0.25757575757575757,-0.008491780548506462,-0.07923887830799754,0.15151515151515152,-0.012386269653094953,-0.07812153745806892,0.07575757575757576,-0.019655597494360324,-0.08572742054268101,0.2878787878787879,0.007347546978321499,-0.05696520651844541,0.2878787878787879,-0.0019178260485207645,-0.06170297534990825
2025-04-30,2025,647,65,0.125193199381762,-0.029676329695189626,0.15384615384615385,-0.040531700572735,-0.07459635325985117,0.15384615384615385,-0.010975982864949064,-0.05378416240146113,0.09230769230769231,-0.006631060480470149,-0.05623010636896501,0.23076923076923078,-0.013284703342995011,-0.036951199744711616,0.2923076923076923,0.004260183507597909,-0.030999470892452325
2025-05-02,2025,646,65,0.08513931888544891,-0.02563710105003452,0.13846153846153847,-0.038474493490560945,-0.03445758205806831,0.09230769230769231,-0.028313939916893138,-0.028477323519693492,0.09230769230769231,-0.021149282574459475,-0.02561146214342931,0.26153846153846155,-0.003414734862990747,-0.0028352944391001078,0.16923076923076924,-0.031039408938711825,-0.032721439454686335
2025-05-05,2025,653,66,0.1638591117917305,-0.02842938660416048,0.3787878787878788,0.046785544387201936,-0.019680185882139448,0.2727272727272727,0.02512903377872734,-0.02942868876048642,0.19696969696969696,0.020040556762475664,-0.02407825975407167,0.4696969696969697,0.0713652839069032,0.015062410988009445,0.4393939393939394,0.05522799009224618,-0.007042665561683676
2025-05-06,2025,655,66,0.12366412213740458,-0.04078084056159508,0.22727272727272727,0.019326395402072365,-0.04358417864902047,0.21212121212121213,0.009293272345438525,-0.042108093272740725,0.12121212121212122,-0.0016461013012293404,-0.05440614511678238,0.3484848484848485,0.05083041829998306,0.002356961629030862,0.3181818181818182,0.037442378598318865,-0.017430676365713046
2025-05-07,2025,636,64,0.13836477987421383,-0.04022824794042043,0.28125,0.020279647554490146,-0.04874548919253593,0.171875,-0.0002283923744589387,-0.05822724031180045,0.109375,-0.00928772437389603,-0.05929740148991759,0.359375,0.04598164479513432,-0.0038001794358475255,0.296875,0.033324178562434026,-0.023391063057131484
2025-05-08,2025,615,62,0.11219512195121951,-0.04749772470034547,0.20967741935483872,0.0077141864684051546,-0.050857727587284005,0.12903225806451613,-0.012092371352106723,-0.06554341254679934,0.08064516129032258,-0.011599155174551406,-0.06101331739532894,0.27419354838709675,0.025229769226800872,-0.02703256954762937,0.2903225806451613,0.02155566804148579,-0.034238547122028735
2025-05-09,2025,614,62,0.10423452768729642,-0.05260467515311746,0.24193548387096775,0.004846433209472601,-0.05130788029415617,0.20967741935483872,-0.000809468676320415,-0.0468529893798518,0.11290322580645161,-0.021661106915623417,-0.0678900598635955,0.25806451612903225,0.010439596347752354,-0.046941286224515474,0.27419354838709675,0.009066917832873236,-0.045689757095950904
2025-05-12,2025,607,61,0.060955518945634266,-0.06384723023805507,0.09836065573770492,-0.05508325962017712,-0.07904192642649499,0.14754098360655737,-0.03508533695526864,-0.06972885035454192,0.06557377049180328,-0.024229517169707386,-0.06587905879546078,0.09836065573770492,-0.05125684513168263,-0.07816454788156683,0.06557377049180328,-0.06104613163540924,-0.08789154367616203
2025-05-20,2025,619,62,0.06946688206785137,-0.06954018224293461,0.14516129032258066,-0.03150764049088779,-0.08324056939160825,0.20967741935483872,-0.010194141692989109,-0.04400485578617337,0.04838709677419355,-0.043085635310862645,-0.08448590289103944,0.12903225806451613,-0.036143896251288825,-0.07151062844990042,0.06451612903225806,-0.04420505498449791,-0.0761056997448867
2025-05-21,2025,619,62,0.0630048465266559,-0.06949363677710933,0.12903225806451613,-0.032514160833787345,-0.07584082861903135,0.16129032258064516,-0.018484167389582532,-0.05257751581017257,0.08064516129032258,-0.038430613788349714,-0.06985108532982919,0.14516129032258066,-0.030307881063256624,-0.06745326468637579,0.11290322580645161,-0.031030932955997566,-0.059107691826580544
2025-05-22,2025,619,62,0.061389337641357025,-0.07706553821258728,0.08064516129032258,-0.06313523523554948,-0.10424610139152789,0.16129032258064516,-0.03473292735900785,-0.06791959842798628,0.08064516129032258,-0.039943955184972985,-0.07090829760079138,0.0967741935483871,-0.05540972053456234,-0.0873206305688689,0.11290322580645161,-0.05483573416826518,-0.08650255971312051
2025-05-23,2025,621,63,0.06602254428341385,-0.08313632079473904,0.09523809523809523,-0.06362760737352983,-0.10828494872705648,0.19047619047619047,-0.02792653524627936,-0.06666712978035227,0.07936507936507936,-0.04454839256173163,-0.08237898599100461,0.12698412698412698,-0.05472871173646341,-0.09846787864389932,0.14285714285714285,-0.048034886194247985,-0.08857730108713918
2025-05-26,2025,623,63,0.06902086677367576,-0.08234397024264696,0.12698412698412698,-0.057279036151624135,-0.09257872374219606,0.1111111111111111,-0.05484296143487982,-0.08230444044349647,0.06349206349206349,-0.04997489260792141,-0.09829144975192326,0.09523809523809523,-0.060375612211420106,-0.1018930942452299,0.1111111111111111,-0.05724295662381537,-0.08757110946965323
2025-05-27,2025,624,63,0.06570512820512821,-0.0935102795269674,0.07936507936507936,-0.062042771400518414,-0.12381683068247978,0.15873015873015872,-0.035111597785967216,-0.08708980429478992,0.07936507936507936,-0.04349035945568129,-0.10765688559372957,0.06349206349206349,-0.056863928435730855,-0.11434327959543691,0.14285714285714285,-0.04069637117571311,-0.0942117891843432
2025-05-28,2025,626,63,0.06869009584664537,-0.07904229996451495,0.07936507936507936,-0.04403012733376042,-0.09521284497185266,0.12698412698412698,-0.026630985179774355,-0.07707039387046012,0.09523809523809523,-0.025645794894678806,-0.08703223985772077,0.07936507936507936,-0.047972486890352835,-0.10119761320507697,0.12698412698412698,-0.024754692927674536,-0.0732782129813449
2025-05-29,2025,623,63,0.07704654895666131,-0.08581847105458487,0.1111111111111111,-0.0211542008993403,-0.09743775461381944,0.14285714285714285,-0.010208848082876485,-0.08464885709200858,0.09523809523809523,-0.0192226823995594,-0.10001116964215659,0.06349206349206349,-0.03231567932555684,-0.10692885406193631,0.14285714285714285,-0.011444220690583599,-0.08008512520088938
2025-06-02,2025,620,62,0.09516129032258064,-0.09354331973425503,0.14516129032258066,-0.024107148561407794,-0.12432899314814229,0.14516129032258066,-0.008309394610784398,-0.09915181346882279,0.08064516129032258,-0.023815903460873034,-0.11971032638819716,0.11290322580645161,-0.015628208656887896,-0.1075357239952996,0.12903225806451613,-0.009933283032233257,-0.0982804448746593
2025-06-03,2025,612,62,0.08823529411764706,-0.08742150913053087,0.0967741935483871,-0.03966892644067212,-0.12738026740147845,0.1774193548387097,-0.0067436084001411024,-0.08827899662660824,0.08064516129032258,-0.028289337963131756,-0.10599698418749617,0.12903225806451613,-0.009637998126956492,-0.10111251829473918,0.16129032258064516,-0.014496905998278391,-0.10402711326443043
2025-06-04,2025,611,62,0.07037643207855974,-0.07671660018367676,0.12903225806451613,-0.0353850524531503,-0.10563870559448732,0.1774193548387097,-0.0181938561220727,-0.07574971124772291,0.0967741935483871,-0.021570994670657435,-0.090854043353733,0.14516129032258066,-0.015645583240498685,-0.08354890179473036,0.11290322580645161,-0.02808844926618921,-0.10713401590286867
2025-06-05,2025,610,61,0.07377049180327869,-0.0805728343316618,0.16393442622950818,-0.01123302510313884,-0.08932194390007804,0.14754098360655737,-0.014074624184667364,-0.07925456838263888,0.11475409836065574,-0.008017844203356887,-0.08551334293043086,0.16393442622950818,-0.004909849732422988,-0.08408131925424836,0.09836065573770492,-0.02207424955709602,-0.09993215373516766
2025-06-06,2025,610,61,0.07540983606557378,-0.0818825505289543,0.16393442622950818,-0.0304258385547616,-0.10945958083154783,0.18032786885245902,-0.02736400057654148,-0.09227377208573642,0.13114754098360656,-0.01047999604256534,-0.07725827898957398,0.13114754098360656,-0.02294938963124883,-0.09703472718190952,0.14754098360655737,-0.031094889994663394,-0.10544993214477463
2025-06-09,2025,608,61,0.06907894736842106,-0.07030777082517853,0.08196721311475409,-0.0459832240461371,-0.10040915666910813,0.13114754098360656,-0.02374204078104777,-0.08475511842820692,0.09836065573770492,-0.026907073345341478,-0.07089573484499902,0.09836065573770492,-0.036323033866152835,-0.09133586636684439,0.08196721311475409,-0.046680634907414066,-0.09976238873297008
2025-06-17,2025,591,60,0.06260575296108291,-0.06433461158883647,0.18333333333333332,-0.019884244795593378,-0.07753000855026468,0.13333333333333333,-0.034201599076096205,-0.08075962927408478,0.13333333333333333,-0.01182718341394146,-0.07116588074380209,0.1,-0.04282328934250139,-0.09143376710375588,0.11666666666666667,-0.03595672880265599,-0.07988619543894639
2025-06-18,2025,595,60,0.05042016806722689,-0.07388255040598114,0.11666666666666667,-0.03755926068082749,-0.09192050423736779,0.13333333333333333,-0.036474084725599584,-0.09811680433208016,0.11666666666666667,-0.015240797606922433,-0.08575924583699468,0.1,-0.037466242721025105,-0.0868992844558813,0.06666666666666667,-0.0438902753451644,-0.10263648327390505
2025-06-19,2025,597,60,0.07370184254606366,-0.060898666711308155,0.13333333333333333,-0.016196285811128728,-0.0868537210134284,0.2,0.0011003299956927578,-0.0772197613252166,0.11666666666666667,-0.00860084619605041,-0.09185592081194584,0.13333333333333333,-0.015197144535499887,-0.08102320085605691,0.11666666666666667,-0.020088067210055596,-0.083572792623805
2025-06-20,2025,595,60,0.11596638655462185,-0.06362276736147843,0.18333333333333332,0.013616093607780468,-0.08311871792059243,0.23333333333333334,0.02752904252223487,-0.05931836815912679,0.18333333333333332,0.01914083409751315,-0.08860847114107903,0.16666666666666666,0.016862089353720362,-0.07844403714928369,0.13333333333333333,0.002726398770478113,-0.09846307498322897
2025-06-23,2025,598,60,0.09197324414715718,-0.060329606477722494,0.13333333333333333,-0.014113272058228953,-0.09061905268497401,0.2,0.0026364370995804556,-0.07381877002879265,0.15,0.0030527327006022935,-0.08403213824578165,0.13333333333333333,-0.007184050123116096,-0.08604143895660021,0.11666666666666667,-0.012767757157759999,-0.08616396539382734
2025-06-24,2025,599,60,0.05843071786310518,-0.07745937122612398,0.13333333333333333,-0.043118144787309756,-0.10326775929047026,0.11666666666666667,-0.040470116176719716,-0.09940932930692031,0.13333333333333333,-0.029057233616293133,-0.11061162042882036,0.13333333333333333,-0.037663563190328916,-0.10262352626526497,0.1,-0.05660916503280709,-0.11628058461784664
2025-06-25,2025,595,60,0.06890756302521009,-0.05095172855799825,0.15,-0.030226245455134904,-0.07462679083795179,0.16666666666666666,-0.026011642785075017,-0.07555919034981555,0.15,-0.018809683532941116,-0.08335873546866321,0.13333333333333333,-0.02790926195401289,-0.07109387061125597,0.08333333333333333,-0.048663151845616356,-0.0870570806665907
2025-06-26,2025,592,60,0.05912162162162162,-0.06068492241697969,0.11666666666666667,-0.04718091125453134,-0.08368181678659067,0.15,-0.03319394645073051,-0.07330648466304321,0.2,-0.011118047470098083,-0.0736182970370649,0.08333333333333333,-0.03936717750988934,-0.07926017263911582,0.06666666666666667,-0.05350048383622972,-0.1040887089317186
2025-06-27,2025,591,60,0.06598984771573604,-0.05897984043455118,0.13333333333333333,-0.032743127039688,-0.07305087850658784,0.16666666666666666,-0.0287501334686212,-0.08312598876133821,0.16666666666666666,-0.0104708055426553,-0.06657078615948661,0.1,-0.034501033362481885,-0.07463240293884875,0.1,-0.031675571838771434,-0.0734825014866001
2025-06-30,2025,589,59,0.0831918505942275,-0.04751616157019995,0.15254237288135594,-0.017384915341932247,-0.06603977841361586,0.1694915254237288,-0.014359271472179877,-0.057425734065867734,0.15254237288135594,-0.005887531345905598,-0.05490562339471113,0.0847457627118644,-0.021803877023719647,-0.0765481361220815,0.11864406779661017,-0.018011798369762202,-0.0713322868615863
2025-07-01,2025,590,59,0.0847457627118644,-0.04039289219926532,0.11864406779661017,-0.04104981652154217,-0.0617865603171332,0.1864406779661017,-0.020341950654074768,-0.03988530365347703,0.15254237288135594,-0.009674189450912876,-0.045238492566664956,0.1016949152542373,-0.028911321457015568,-0.06588074147797933,0.15254237288135594,-0.017700244558063447,-0.05160786867851964
2025-07-02,2025,587,59,0.08347529812606473,-0.037987787236484334,0.13559322033898305,-0.05144739496615041,-0.0657134574389949,0.13559322033898305,-0.035147208132646574,-0.05362980917041953,0.1864406779661017,-0.015912826405198036,-0.04029544697461136,0.0847457627118644,-0.04747039687054144,-0.0760900323093534,0.11864406779661017,-0.04159595027961615,-0.06407680513201709
2025-07-03,2025,591,60,0.07614213197969544,-0.06016306479983641,0.16666666666666666,-0.0388939728049441,-0.04702676704519223,0.15,-0.0329199450588767,-0.05696474272664945,0.2,0.0011273980645093791,-0.023145258529256942,0.13333333333333333,-0.035947342404681004,-0.07214268280009943,0.1,-0.042564046904045555,-0.07328914787166953
2025-07-04,2025,588,59,0.11224489795918367,-0.035698219516724715,0.2542372881355932,0.00044912181070665017,-0.012919404806038962,0.1864406779661017,-0.0008302687236342742,-0.022335747262708105,0.3389830508474576,0.04473432530131588,0.010549994650665234,0.23728813559322035,0.009369211522708604,-0.010280196196377064,0.2711864406779661,0.01264961031402992,-0.0050793259525143625
2025-07-07,2025,590,59,0.13389830508474576,-0.022151112035762578,0.2711864406779661,0.017894156241920367,0.014013861604995917,0.22033898305084745,0.023372054590376137,0.00875543467335644,0.3728813559322034,0.050719155689061844,0.017232521213664694,0.2542372881355932,0.02554945215443753,-0.01198655765662753,0.3050847457627119,0.031941611585372676,0.011545005033162851
2025-07-08,2025,588,59,0.1564625850340136,-0.024295541442967517,0.3050847457627119,0.02826619249045831,-0.0009474099198154035,0.2542372881355932,0.024336600417524643,-0.0017786663475245583,0.3559322033898305,0.043705819647911245,-0.007516263209452249,0.2542372881355932,0.025570478603021023,-0.028731115104581605,0.3220338983050847,0.0316308036425372,-0.00623926312296953
2025-07-09,2025,584,59,0.14897260273972604,-0.00809291372101671,0.3728813559322034,0.039441220013546816,0.028972029357637773,0.2711864406779661,0.025569274768611143,0.0035575366079546025,0.3728813559322034,0.043610116453628216,0.01219554246307366,0.2542372881355932,0.02606718403790224,-0.006622715815268558,0.3559322033898305,0.040465071985450074,0.023225286721255473
2025-07-10,2025,582,59,0.1563573883161512,-0.029801424293850846,0.3728813559322034,0.04009966979889017,0.009925090488333786,0.3220338983050847,0.03587212994331186,0.005616002652943714,0.3559322033898305,0.05491776507546957,0.010050191573088221,0.288135593220339,0.04031174218867046,-0.00495095956117762,0.3389830508474576,0.03644097286298626,0.009471057365388216
2025-07-11,2025,579,58,0.14507772020725387,-0.03182503905008997,0.3275862068965517,0.03294438169006974,0.0002703596215655956,0.25862068965517243,0.02647008047423893,-0.004232687931518044,0.3448275862068966,0.061148420763422834,0.026984245981944446,0.27586206896551724,0.030824369170806956,-0.009102477894910083,0.3103448275862069,0.0334475813167978,0.003479839896117144
2025-07-14,2025,581,59,0.19965576592082615,-0.03334773690149746,0.3898305084745763,0.042093202689142406,-0.009561063258058897,0.3220338983050847,0.021729993487827035,-0.01692483209817837,0.4915254237288136,0.08381448926086026,0.055915807930241895,0.3389830508474576,0.03965610851262185,-0.015842647224008202,0.3559322033898305,0.043903376722693344,0.012123587126811558
2025-07-15,2025,579,58,0.18307426597582038,-0.018553638902453165,0.3275862068965517,0.03987916631709306,0.025519455282691048,0.29310344827586204,0.0364382409728128,0.0175368524655751,0.39655172413793105,0.06193391375840913,0.05211086541528141,0.25862068965517243,0.035213308511533384,0.0011304027978902497,0.27586206896551724,0.03864089386980645,0.022235447163264747
2025-07-16,2025,576,58,0.1857638888888889,-0.021939461567544456,0.3448275862068966,0.036639481641157656,0.018914471260013,0.3448275862068966,0.03661280904691527,0.016387023648342856,0.46551724137931033,0.06934323217012676,0.06383168029483989,0.29310344827586204,0.030560859964809298,-0.006347663713395492,0.3103448275862069,0.03584170533742137,0.010255444251101012
2025-07-17,2025,575,58,0.1617391304347826,-0.010484743508810485,0.3275862068965517,0.031879863260671805,0.04274350448523075,0.3448275862068966,0.03301681331610708,0.04860165205505087,0.43103448275862066,0.05603418385420125,0.07161453089672319,0.27586206896551724,0.013915815080293156,0.008428488911565757,0.3103448275862069,0.02407528815629922,0.01927162800428473
2025-07-18,2025,567,57,0.1710758377425044,0.0031755882899250514,0.3684210526315789,0.045299154245112036,0.07816204004575025,0.3684210526315789,0.05383280871794483,0.07080345363535968,0.43859649122807015,0.0648781342441925,0.07309228665593365,0.3333333333333333,0.03422915370352944,0.03621910096311699,0.3157894736842105,0.031073472628750955,0.03464521590050694
2025-07-21,2025,566,57,0.1784452296819788,0.006713131167725085,0.3684210526315789,0.052995340176096924,0.09374503143930363,0.40350877192982454,0.05020076751064295,0.09684704019392296,0.47368421052631576,0.07094101805198644,0.10307424257654119,0.3508771929824561,0.055028347233388786,0.0537945637008858,0.2982456140350877,0.042011180838675916,0.049631470273664526
2025-07-22,2025,567,57,0.21693121693121692,0.013153159632017207,0.47368421052631576,0.09182539950236895,0.11793160023863913,0.42105263157894735,0.08364486259166794,0.12888577286833885,0.49122807017543857,0.09235871510471633,0.10969364125522583,0.40350877192982454,0.07257312229788021,0.061848551445122614,0.3684210526315789,0.0695159358033764,0.06525581415347989
2025-07-23,2025,572,58,0.1888111888111888,0.00950740183099544,0.43103448275862066,0.05718004347569896,0.08929404144273918,0.39655172413793105,0.04603119119185555,0.10427921420172481,0.43103448275862066,0.06381273713717334,0.07975835645790699,0.3620689655172414,0.038808806645747485,0.046718509681032964,0.3620689655172414,0.04130609883673396,0.061501518795871034
2025-07-24,2025,574,58,0.1986062717770035,0.020074439097415537,0.46551724137931033,0.07592298657979142,0.1217415943098087,0.41379310344827586,0.05895006325372032,0.10166946135625947,0.41379310344827586,0.06743296614564359,0.09436869245977714,0.39655172413793105,0.06503063197958893,0.08103323958804273,0.39655172413793105,0.05487160790478852,0.06834318230701165
2025-07-25,2025,577,58,0.19584055459272098,0.021173433260667625,0.5,0.07475110439015667,0.12554359327059791,0.43103448275862066,0.05042266827449889,0.12257692408699267,0.4482758620689655,0.060946410414809075,0.09366622807790348,0.41379310344827586,0.06319080769797773,0.07462824489009173,0.3620689655172414,0.04472682685054801,0.048525493970759837
2025-07-28,2025,579,58,0.19689119170984457,0.011095877022199796,0.5,0.08229766461583266,0.10278273662498706,0.4827586206896552,0.06898013127941884,0.10794140622849824,0.46551724137931033,0.07009675127271428,0.08600958988852486,0.41379310344827586,0.0625543274811996,0.06077856526819206,0.41379310344827586,0.060228778599584025,0.049791710868380176
2025-07-29,2025,578,58,0.2093425605536332,0.014596683697097941,0.4482758620689655,0.06835397328517606,0.10781291637418874,0.4482758620689655,0.06220813551875731,0.10826330818822322,0.5344827586206896,0.09332792435307419,0.110696634869816,0.3793103448275862,0.058993211636330034,0.056777006046942725,0.43103448275862066,0.06948675825897645,0.06159410052495955
2025-07-30,2025,582,59,0.20790378006872853,0.02384287388476666,0.3898305084745763,0.04871632064572007,0.09020364576578745,0.4067796610169492,0.051597278267933935,0.11007057597972414,0.4915254237288136,0.09590242760373781,0.1274148669551463,0.3389830508474576,0.05846824088895532,0.07749387576200044,0.4067796610169492,0.06609634912934463,0.09744819550237534
2025-07-31,2025,585,59,0.26324786324786326,0.05308250962669119,0.4576271186440678,0.06252181540118928,0.12691296504934615,0.4915254237288136,0.07567102502663445,0.13935658724130837,0.6271186440677966,0.1138502598967118,0.17388576668526995,0.4576271186440678,0.07305942133255756,0.09675970723241265,0.5254237288135594,0.09533477145526408,0.13502243916282597
2025-08-01,2025,583,59,0.2521440823327616,0.03432222849015514,0.5423728813559322,0.08246048062963338,0.13652588325463322,0.4915254237288136,0.06652055661084881,0.10754564212732844,0.5932203389830508,0.0991006012719096,0.15644404610985496,0.5084745762711864,0.07467826770819777,0.1076007144517959,0.559322033898305,0.09001703183874153,0.12456874540822141
2025-08-04,2025,584,59,0.21232876712328766,0.01710668954790126,0.5423728813559322,0.07223086910354151,0.10662495500871733,0.5084745762711864,0.06052619213099035,0.10030618978161528,0.5932203389830508,0.08659493011328494,0.1333212827078036,0.4576271186440678,0.051815589238833996,0.07716277510735911,0.559322033898305,0.07467382835202818,0.11897270743543767
2025-08-05,2025,586,59,0.20477815699658702,0.003476426394605054,0.5084745762711864,0.07016279842438732,0.07377596658656942,0.576271186440678,0.08088290504234145,0.09668815315960971,0.576271186440678,0.0909436130745666,0.10409061858688157,0.4745762711864407,0.057871610599394614,0.049220535320052335,0.5423728813559322,0.07611673787455053,0.0865372685202709
2025-08-06,2025,587,59,0.19420783645655879,0.018305926840263317,0.5084745762711864,0.0604105395848944,0.08437539149768451,0.5084745762711864,0.06110485566643448,0.10210238462929219,0.5254237288135594,0.08001295520482045,0.11284213564554071,0.5084745762711864,0.06321329267053301,0.08040798452831578,0.5423728813559322,0.06829793908827717,0.09562337816694101
2025-08-07,2025,588,59,0.20068027210884354,0.03547890972669044,0.4915254237288136,0.06375382680790778,0.08201213508961537,0.4915254237288136,0.06691000175838178,0.0909645171353585,0.5084745762711864,0.0715521877097814,0.09201497266124568,0.5084745762711864,0.06270041583867199,0.09244589961594638,0.5084745762711864,0.068518144083781,0.100749629120873
2025-08-08,2025,592,60,0.20101351351351351,0.028301603788455323,0.48333333333333334,0.07474877870193475,0.06344845776357853,0.6,0.09519119057591086,0.07810736328302519,0.5333333333333333,0.08710433483255445,0.08635167362054158,0.5333333333333333,0.08055795986343027,0.09294721644452682,0.55,0.08902098210948184,0.08325712691887546
2025-08-11,2025,597,60,0.19095477386934673,0.026703319098966474,0.4666666666666667,0.05956632516515267,0.06373323962998219,0.48333333333333334,0.058863689553972726,0.06703315717208864,0.4166666666666667,0.05319142725600177,0.055648958507371796,0.48333333333333334,0.0581199675213091,0.0824485267468251,0.43333333333333335,0.06337192801238546,0.07285083879766587
2025-08-12,2025,603,61,0.16583747927031509,0.0075831330870625374,0.3442622950819672,0.02284491377428337,0.03684412625839143,0.3442622950819672,0.02381116908579347,0.039050402831711566,0.4262295081967213,0.0504678123953801,0.057406135785358074,0.39344262295081966,0.03498038988464458,0.05807572803193099,0.3442622950819672,0.036733976484641585,0.054968186018008174
2025-08-13,2025,605,61,0.16859504132231404,-0.006398483258294461,0.39344262295081966,0.04894533808658953,0.019648590210553655,0.39344262295081966,0.043461838205346395,0.020489771278873196,0.4426229508196721,0.0796140388206945,0.05461144102199198,0.47540983606557374,0.06474184058504188,0.05840934385735607,0.4262295081967213,0.06370311705130519,0.05790376700799845
2025-08-14,2025,609,61,0.16584564860426929,-0.04186886418618665,0.4098360655737705,0.034449890456029655,-0.0291271759997747,0.4262295081967213,0.04214870041286855,-0.021990492201231948,0.4918032786885246,0.07963832377336431,0.024453739825390206,0.39344262295081966,0.03828251442612241,0.00148421026093169,0.4426229508196721,0.05271645162266635,0.007834593332010321
2025-08-15,2025,612,62,0.15849673202614378,-0.05451790363116929,0.3064516129032258,0.005635426851205458,-0.07849389222926714,0.3225806451612903,0.009874319504871897,-0.0719562357710317,0.41935483870967744,0.04821439579261116,-0.022415013915623307,0.3387096774193548,0.029493437261317233,-0.027373155723508145,0.3870967741935484,0.03372481347605898,-0.029437842372680212
2025-08-18,2025,618,62,0.127831715210356,-0.06728164113726103,0.1935483870967742,-0.034481615821404896,-0.10866986315073651,0.1774193548387097,-0.04128529871935235,-0.11775618599288734,0.24193548387096775,-0.021517739970533502,-0.07798488256140154,0.1774193548387097,-0.03042289557897159,-0.0971120566212308,0.25806451612903225,-0.009833266976587814,-0.09184331516742895
2025-08-19,2025,617,62,0.16693679092382496,-0.07617742800783307,0.2903225806451613,-0.010025638818520428,-0.11684213669314511,0.24193548387096775,-0.01524328653929627,-0.11928703965763605,0.3548387096774194,0.03205314082955485,-0.06277955286195705,0.24193548387096775,-0.004490096033760056,-0.09410243466396699,0.3225806451612903,0.016731204082428994,-0.07886687451793377
2025-08-20,2025,618,62,0.18932038834951456,-0.07602374463766771,0.3225806451612903,0.0021132568206625635,-0.12260171977333863,0.27419354838709675,-0.0018296224625486376,-0.1303488546315246,0.3387096774193548,0.022247874109614926,-0.08588255870266695,0.3709677419354839,0.019035187916191017,-0.09592320006626863,0.3870967741935484,0.02255611695740479,-0.09854490169274722
2025-08-21,2025,620,62,0.17580645161290323,-0.08224038318619042,0.3387096774193548,0.007258837684600713,-0.12238027581037861,0.3387096774193548,0.006148581650061219,-0.12902181889646397,0.3387096774193548,0.0180884012667822,-0.10162973422681189,0.3225806451612903,0.012634569933389272,-0.1020077400606961,0.3548387096774194,0.020169710560304727,-0.09981389764156262
2025-08-22,2025,624,63,0.15705128205128205,-0.08205246136499159,0.30158730158730157,0.002842014196237548,-0.12947320558862432,0.2222222222222222,-0.026921235682986933,-0.151747000127663,0.31746031746031744,0.005896757402294602,-0.10411352664467026,0.3492063492063492,0.007461717273673652,-0.09926774070817143,0.3333333333333333,0.009393268692277391,-0.10965400069658958
2025-08-25,2025,626,63,0.16134185303514376,-0.08457095169918953,0.2698412698412698,-0.005210468328515066,-0.13062503368761247,0.31746031746031744,0.008228787613841118,-0.1086068317320943,0.30158730158730157,0.009986493162190368,-0.0946839221541655,0.3333333333333333,0.012404154089789846,-0.09861444169743233,0.31746031746031744,0.013017632529849658,-0.10729602419683727
2025-08-26,2025,630,63,0.13333333333333333,-0.10681896149015438,0.20634920634920634,-0.036015586411171925,-0.1775842910555974,0.2698412698412698,-0.02329475293556423,-0.1655740979870123,0.2222222222222222,-0.01944100186608125,-0.14759414065068746,0.23809523809523808,-0.02035657286849083,-0.14740821083826972,0.23809523809523808,-0.016848556838688463,-0.14830579970986477
2025-08-27,2025,629,63,0.10015898251192369,-0.11978872142981381,0.12698412698412698,-0.06071783294428354,-0.19142929942337203,0.15873015873015872,-0.05181074358827786,-0.18707972606085377,0.12698412698412698,-0.056315284182875916,-0.17610273941089774,0.14285714285714285,-0.05057111965270378,-0.18203588935651072,0.1111111111111111,-0.05962703547653642,-0.17870462812895702
2025-08-28,2025,623,63,0.0898876404494382,-0.1274904703047193,0.15873015873015872,-0.05425303851951765,-0.19461162255266115,0.12698412698412698,-0.0677730094033439,-0.19861756676360184,0.09523809523809523,-0.06688765013126952,-0.1954528147451967,0.19047619047619047,-0.04325767434563513,-0.18155162694491633,0.12698412698412698,-0.05881776858289552,-0.19073101122438496
2025-08-29,2025,628,63,0.09713375796178345,-0.13456379575996114,0.12698412698412698,-0.06667921656146131,-0.22124276261687786,0.1111111111111111,-0.07212287660594818,-0.20833770602644067,0.12698412698412698,-0.06439155417785532,-0.21030346560520227,0.1746031746031746,-0.052980429226287616,-0.19353897107448614,0.1746031746031746,-0.05540506199762145,-0.20579014814060798
2025-09-01,2025,629,63,0.11128775834658187,-0.11590544826307417,0.1111111111111111,-0.07034464273050622,-0.18628957819219477,0.12698412698412698,-0.06071367769965918,-0.18192079419879834,0.12698412698412698,-0.05980813092578728,-0.17683290069613478,0.14285714285714285,-0.056115274173551076,-0.1656228917561849,0.09523809523809523,-0.06561869703954808,-0.1829075128703078
2025-09-02,2025,632,64,0.13291139240506328,-0.1235308764126902,0.1875,-0.044216333492198404,-0.17352695065796914,0.15625,-0.04348367820873114,-0.17755876167909815,0.1875,-0.026421333733277604,-0.15427966465547105,0.21875,-0.020665805017450075,-0.14897309986369756,0.1875,-0.029365820533294423,-0.16168045668952033
2025-09-03,2025,631,64,0.09667194928684628,-0.1483688127146142,0.15625,-0.05931948506808201,-0.2259343295701261,0.15625,-0.05620351901293833,-0.21329804340010047,0.171875,-0.032000035292124474,-0.19084025920219666,0.171875,-0.040029617702168535,-0.19752958565333156,0.140625,-0.046074723028567306,-0.203589426916532
2025-09-04,2025,634,64,0.09779179810725552,-0.1638181614109232,0.125,-0.05249181157440558,-0.20508899045454498,0.171875,-0.03682320593226764,-0.18087191689024415,0.171875,-0.025168091017442926,-0.17267861612210078,0.140625,-0.04315229123391334,-0.18860739434531948,0.171875,-0.02892887922822427,-0.17788092424592925
2025-09-05,2025,635,64,0.08346456692913386,-0.1734127044189999,0.125,-0.059729711039498194,-0.22226688890087104,0.09375,-0.06414255064254573,-0.21576754674015974,0.109375,-0.04831780224945165,-0.2049754278753111,0.078125,-0.06556742894683477,-0.21944358322638402,0.125,-0.04561350641392123,-0.20736767303461776
2025-09-08,2025,637,64,0.08006279434850863,-0.16175761636209057,0.15625,-0.04549267853141452,-0.18729889720565202,0.109375,-0.072012411111088,-0.20114699668577657,0.109375,-0.05399999737614728,-0.19013396265906116,0.09375,-0.062409231716109466,-0.20731781307318217,0.140625,-0.042884316105087604,-0.19203090129994166
2025-09-09,2025,641,65,0.08268330733229329,-0.14868638086635852,0.13846153846153847,-0.05801549669097742,-0.20788984562237617,0.1076923076923077,-0.060475734565833536,-0.2007409691319029,0.13846153846153847,-0.05169039359789435,-0.18171759142720595,0.07692307692307693,-0.06784765594911762,-0.20082344653316078,0.1076923076923077,-0.0575473413822666,-0.1947824319884694
2025-09-10,2025,635,64,0.07401574803149606,-0.12760406141462532,0.046875,-0.07854328486102087,-0.1866830741565775,0.03125,-0.08797963210554399,-0.1846300922468674,0.078125,-0.07097689429598142,-0.16412246851280016,0.0625,-0.08071920446765991,-0.17431553289543342,0.0625,-0.0771237819208391,-0.17435351952553946
2025-09-11,2025,645,65,0.09922480620155039,-0.1191541371909332,0.09230769230769231,-0.07057458702601291,-0.16804976679321068,0.06153846153846154,-0.08251425887766665,-0.18710270477375973,0.13846153846153847,-0.06291527960448927,-0.17557119694267473,0.07692307692307693,-0.07783485372815044,-0.1733467812014573,0.07692307692307693,-0.06582404870776133,-0.17065890132072944
2025-09-12,2025,643,65,0.09642301710730948,-0.12726379138180818,0.2,-0.02857375781936858,-0.1326632607791496,0.12307692307692308,-0.05247193439189759,-0.16360031426178723,0.13846153846153847,-0.05013450425991191,-0.1521762364630928,0.13846153846153847,-0.05503723815281014,-0.15550176245133857,0.1076923076923077,-0.04913004127527122,-0.15047972953735292
2025-09-15,2025,640,64,0.1109375,-0.13077895462196532,0.25,-0.01585044991018089,-0.11424182053587326,0.265625,-0.00899982593365601,-0.11351139702710163,0.171875,-0.03851519017216194,-0.16012691567036208,0.1875,-0.035261202501519553,-0.14630179179949385,0.140625,-0.043313430383870546,-0.15575341151151195
2025-09-16,2025,636,64,0.10220125786163523,-0.11796530012321825,0.234375,-0.02483987521767166,-0.11836250337706061,0.234375,-0.022239700772064788,-0.11120382484620797,0.109375,-0.062289917613835906,-0.16314916655943026,0.15625,-0.05187847760776177,-0.14770055248156327,0.109375,-0.05567666597044588,-0.16593682100049226
2025-09-17,2025,638,64,0.10031347962382445,-0.13783472839367159,0.234375,-0.028291235368876906,-0.14195705776977252,0.21875,-0.02681895256792078,-0.12932159192283008,0.15625,-0.05076001924364961,-0.17419846362600055,0.140625,-0.05486837309969334,-0.17328141173597456,0.140625,-0.05204852398875437,-0.17792700257080202
2025-09-18,2025,638,64,0.0768025078369906,-0.1292222122327071,0.1875,-0.04501093206322447,-0.12361527692699295,0.203125,-0.04291438490620635,-0.10916534863742625,0.09375,-0.06320368333923623,-0.15538630145746754,0.109375,-0.06772843945632837,-0.15132875633731757,0.078125,-0.0701277392776548,-0.1721273102623852
2025-09-19,2025,638,64,0.07993730407523511,-0.11421181763427352,0.203125,-0.048443124477424486,-0.10277450089708519,0.1875,-0.04327727435729989,-0.10663186871785012,0.09375,-0.06352032404037246,-0.15460133486078034,0.078125,-0.0693326420221737,-0.14257788557067558,0.078125,-0.07608418303421093,-0.16076123477400794
2025-09-22,2025,640,64,0.0828125,-0.10023873093239892,0.203125,-0.04381728757147246,-0.09974766530113952,0.203125,-0.03838863370373075,-0.10805384151531439,0.109375,-0.07150692811127383,-0.15780315958921323,0.140625,-0.06363577168149095,-0.1487802840390755,0.140625,-0.0649623206633058,-0.14139456323082739
2025-09-23,2025,635,64,0.08976377952755905,-0.09753521319384455,0.1875,-0.04970741056720186,-0.08764383124048525,0.203125,-0.03939807091390719,-0.09005070011118076,0.140625,-0.052206584314672747,-0.13058384170910764,0.125,-0.06268628420311224,-0.12671189224516258,0.125,-0.06615862483633368,-0.11006182241751186
2025-09-24,2025,632,64,0.1060126582278481,-0.100813538142352,0.25,-0.032538764599433376,-0.06462558378395872,0.25,-0.029674448403466988,-0.07708985874706498,0.203125,-0.04070225454441579,-0.09712612628302808,0.171875,-0.0534870030690842,-0.10002589925143786,0.28125,-0.02403132445400069,-0.07245260010990087
2025-09-25,2025,634,64,0.11987381703470032,-0.12085178290860137,0.296875,-0.008506937975065383,-0.08554942491536255,0.265625,-0.017732837688456328,-0.10896360284284135,0.265625,-0.017865495595119657,-0.09022392543998559,0.25,-0.019153472908882464,-0.08887655356188537,0.34375,0.006357339305925797,-0.0649485129023096
2025-09-26,2025,634,64,0.13564668769716087,-0.12009119973528475,0.296875,-0.006470833437642877,-0.09484190813848022,0.234375,-0.026970949180836333,-0.13409508133073994,0.25,-0.01810231345616074,-0.10726181851907701,0.296875,-0.004190804139571604,-0.0923460828822215,0.34375,0.004271426923031877,-0.08352950237762874
2025-09-30,2025,629,63,0.12400635930047695,-0.13192841169617955,0.2222222222222222,-0.03056292848717176,-0.11332050737745421,0.15873015873015872,-0.04871632341576583,-0.1389866624147817,0.20634920634920634,-0.028168561411255486,-0.10389926971546,0.2222222222222222,-0.023475196339941204,-0.10396294467070238,0.2222222222222222,-0.02466074553387281,-0.104131313021413
2025-10-01,2025,628,63,0.12898089171974522,-0.09867800056528273,0.2698412698412698,-0.019782291924551672,-0.08104696349675256,0.23809523809523808,-0.03189245044210068,-0.08756065088734652,0.19047619047619047,-0.03465356049092177,-0.07891123815498392,0.23809523809523808,-0.017801338397388348,-0.07606842412889506,0.25396825396825395,-0.016372992151009465,-0.07311890549868173
2025-10-02,2025,625,63,0.1328,-0.1014919481356131,0.30158730158730157,-0.012605335629562515,-0.07721443985972089,0.2857142857142857,-0.014088283700247688,-0.07262250426640032,0.23809523809523808,-0.016393320323879083,-0.07653463217522603,0.30158730158730157,-0.008979912071310154,-0.08705121329878267,0.2857142857142857,-0.012530475624113113,-0.08389258260517096
2025-10-03,2025,623,63,0.12199036918138041,-0.06332468368959658,0.30158730158730157,-0.010255025826366794,-0.0404748642937307,0.23809523809523808,-0.02752522959907243,-0.04687120338318591,0.15873015873015872,-0.042676895259507915,-0.07074094544260437,0.2222222222222222,-0.026147380215935122,-0.05885737439908895,0.2222222222222222,-0.027395507570360318,-0.05953501169287112
2025-10-07,2025,622,63,0.10128617363344052,-0.05697386986283866,0.2698412698412698,-0.007008867786262678,-0.0035497739607615202,0.2222222222222222,-0.013749569641306117,-0.01873715330496568,0.1111111111111111,-0.04913496549135734,-0.06034450795495379,0.1746031746031746,-0.025993226883088815,-0.03845063791914275,0.19047619047619047,-0.02752312829771394,-0.03832355934596101
2025-10-08,2025,620,62,0.09032258064516129,-0.05029441813906099,0.20967741935483872,-0.042902568136831,-0.022803856052263472,0.16129032258064516,-0.048984039122621774,-0.03450403430941143,0.11290322580645161,-0.06850379151410377,-0.05340198667387479,0.14516129032258066,-0.06075958425789961,-0.03509969521220516,0.14516129032258066,-0.05838640778420698,-0.029931714647094407
2025-10-09,2025,622,63,0.15755627009646303,-0.05924093956388876,0.4603174603174603,0.06067590589441803,0.0200727175384154,0.4444444444444444,0.06336393386546971,0.01762221074558339,0.3333333333333333,0.03536031297896109,-0.022774459647732177,0.3968253968253968,0.05425321818148903,-0.007048077629023008,0.4444444444444444,0.06148591600742202,0.005151626128049622
2025-10-13,2025,621,63,0.08856682769726248,-0.04868385944651271,0.23809523809523808,-0.024002336217775318,-0.0067466467105434975,0.23809523809523808,-0.025109275906745335,-0.012862120393265071,0.12698412698412698,-0.03844970557303066,-0.023917021344286714,0.14285714285714285,-0.046889746824857144,-0.02166622379528106,0.19047619047619047,-0.03238754198874118,0.0002872207123486446
2025-10-14,2025,620,62,0.13870967741935483,-0.03791774394419098,0.43548387096774194,0.042191939861070456,0.028558984731793222,0.3548387096774194,0.019103991341684168,-0.0006030385249312062,0.3387096774193548,0.03093345163064455,0.025389310331301724,0.43548387096774194,0.051871534097666545,0.034227276539120326,0.43548387096774194,0.049181266393719975,0.04249026404650502
2025-10-15,2025,621,63,0.1288244766505636,-0.019863823497743686,0.3968253968253968,0.023798780806172724,0.047170776105673565,0.2857142857142857,-0.006935775366942599,0.00178073884738266,0.2698412698412698,0.004781316087359482,0.03639358412471081,0.36507936507936506,0.023051129194559726,0.05160506264396393,0.3968253968253968,0.040680075589000816,0.07805384390313745
2025-10-16,2025,625,63,0.128,-0.01881142218457444,0.4603174603174603,0.04118054605131873,0.045877119297636895,0.4126984126984127,0.02800577214935632,0.023877617454273532,0.3492063492063492,0.014101375132712292,0.025303041455754693,0.4126984126984127,0.02883057578309199,0.031587904183597554,0.47619047619047616,0.05139114514687144,0.06343152752651122
2025-10-17,2025,626,63,0.11661341853035144,-0.026110076131259565,0.4126984126984127,0.03534748954707866,0.04959653026454757,0.38095238095238093,0.028149119411011947,0.031125082621713592,0.3333333333333333,0.01927753094168704,0.03001573123843535,0.3968253968253968,0.030390239780787965,0.03364884279347083,0.42857142857142855,0.04917601043942801,0.0662535850131418
2025-10-20,2025,623,63,0.09630818619582665,-0.015007086258855844,0.3492063492063492,0.0037148051600481478,0.054097329118306545,0.23809523809523808,-0.02787389830281021,0.014926539919641097,0.25396825396825395,-0.01775592259253501,0.02377525938950751,0.25396825396825395,-0.020617649437773868,0.023688489008086032,0.31746031746031744,0.0013451093660294038,0.05277314621484146
2025-10-21,2025,624,63,0.09615384615384616,-0.029543948008826815,0.38095238095238093,0.011258255370607548,0.03372439599341628,0.2857142857142857,-0.01789711716821594,0.008033307707170628,0.3333333333333333,0.0001863117348806553,0.021282751780764088,0.30158730158730157,-0.011679651577777233,0.010040837716481624,0.3333333333333333,0.0022807457898388938,0.03441596192673161
2025-10-22,2025,623,63,0.08828250401284109,-0.051914765937779404,0.31746031746031744,-7.17135430808516e-05,0.01831271297318081,0.23809523809523808,-0.030685631299352062,-0.01942358075917708,0.30158730158730157,-0.0028670460972281568,0.014546930715498046,0.2857142857142857,-0.011266030245083356,0.0007988267068654272,0.36507936507936506,0.016813346729768298,0.02222271761073237
2025-10-23,2025,619,62,0.07269789983844911,-0.02463150273542643,0.22580645161290322,-0.04344932638392968,-0.015387425811595771,0.1935483870967742,-0.04791142357027919,-0.016641071751387133,0.1774193548387097,-0.046221101521569885,-0.009669280544738241,0.20967741935483872,-0.046055898793847104,-0.017014116845239798,0.27419354838709675,-0.0225812054193558,0.004663304223123103
2025-10-27,2025,620,62,0.07096774193548387,-0.011911745773157355,0.20967741935483872,-0.04459534717125044,0.0008504958346030886,0.20967741935483872,-0.04279788083015095,-0.00015851788358903665,0.1774193548387097,-0.04468930132937943,0.007496392922487891,0.24193548387096775,-0.03456538843817272,0.003742207854517968,0.24193548387096775,-0.03205123827529423,0.005564486475756833
2025-10-28,2025,619,62,0.061389337641357025,-0.006777699687534596,0.1935483870967742,-0.041577577464416975,0.008704447644776219,0.1774193548387097,-0.03961516836770448,0.005724687293766659,0.12903225806451613,-0.053419989906726695,0.015937481346923497,0.22580645161290322,-0.024686719801048855,0.026083485158739043,0.22580645161290322,-0.03178746385243038,0.02280246950780353
2025-10-29,2025,620,62,0.05806451612903226,0.0066940804736386585,0.16129032258064516,-0.04763578787361607,0.002511551294167118,0.12903225806451613,-0.062122877594459315,-0.004170193000129237,0.12903225806451613,-0.04411953885002782,0.019582894059455482,0.14516129032258066,-0.056845660241148156,0.008549179287564901,0.14516129032258066,-0.05051964128108258,0.02159428228786106
2025-10-30,2025,619,62,0.06946688206785137,0.00925988030249232,0.22580645161290322,-0.027079787255300365,0.0285861572333786,0.1774193548387097,-0.031767484103041026,0.011663894891587478,0.1935483870967742,-0.013227331781786774,0.03884796150008072,0.1935483870967742,-0.028932779573704572,0.030228583684667937,0.24193548387096775,-0.015616286896458666,0.05327425944991667
2025-10-31,2025,620,62,0.06774193548387097,0.00792417368365168,0.1935483870967742,-0.029445317257557703,0.04164337338169325,0.20967741935483872,-0.022384053208031093,0.043729945326864125,0.1774193548387097,-0.026186888182690608,0.036612438364023,0.1935483870967742,-0.03350477770842268,0.033655877215963186,0.22580645161290322,-0.014647348035035214,0.058491318698334106
2025-11-03,2025,618,62,0.04854368932038835,0.012734234605416176,0.12903225806451613,-0.05601400667220082,0.035169604863620696,0.0967741935483871,-0.07184418067973004,0.028834255776364455,0.11290322580645161,-0.060015985804070686,0.03907914279928829,0.11290322580645161,-0.05725308830581141,0.03290748058536383,0.14516129032258066,-0.03885360161029467,0.060208207963468346
2025-11-04,2025,623,63,0.09791332263242375,0.0175541632424311,0.38095238095238093,0.03142700944959354,0.07605410253792093,0.3333333333333333,0.018202064122820275,0.06945733269708779,0.36507936507936506,0.03506063894244853,0.07991338969044944,0.3968253968253968,0.04356443314519805,0.07548198498394634,0.4126984126984127,0.05385085313063976,0.09366091755998592
2025-11-05,2025,624,63,0.08653846153846154,0.0021824522844386277,0.25396825396825395,0.004660089218520921,0.024882290581795693,0.2222222222222222,-0.004161433318028216,0.024700411783353245,0.2698412698412698,0.008781554160329844,0.028584394675841715,0.30158730158730157,0.008370613371798159,0.02438928319523192,0.3333333333333333,0.026843064046771867,0.04573937197435885
2025-11-06,2025,626,63,0.08626198083067092,-0.002508719447384251,0.2698412698412698,0.00927141057756434,0.022697630435593953,0.23809523809523808,-0.0054519873881452826,0.009394847465676663,0.23809523809523808,-0.006081723756800889,0.00803911761296949,0.23809523809523808,-0.0063991070941098955,0.007925651999723787,0.2698412698412698,0.005862100835105508,0.015358295139168185
2025-11-07,2025,625,63,0.0784,-0.010222774354971789,0.2222222222222222,-0.007832990613203299,0.003756745291031709,0.19047619047619047,-0.020279774011330767,0.0008037153970456012,0.19047619047619047,-0.011284030121969688,-0.0027990797713703837,0.20634920634920634,-0.01906387711077209,-8.292664591754159e-05,0.19047619047619047,-0.01576250076653049,0.0021105391921369936
2025-11-10,2025,622,63,0.07717041800643087,-0.006227372978251087,0.2222222222222222,-0.009003107478277634,0.025301750306418812,0.2222222222222222,-0.008607600423323829,0.025833718942401423,0.19047619047619047,-0.011984021972650938,0.01239235053207904,0.25396825396825395,-0.007697196923116367,0.020097549417291773,0.1746031746031746,-0.015321999980150004,0.013455289570144115
2025-11-11,2025,623,63,0.07223113964686999,-0.0158999221048801,0.19047619047619047,-0.0017164076604438074,0.024495480781985792,0.1746031746031746,-0.015506854476544377,0.01782593408578213,0.15873015873015872,-0.01560563709057426,0.014295348364047345,0.20634920634920634,-0.012699741238891966,0.03125834731490594,0.14285714285714285,-0.016380661986292382,0.009309719113021477
2025-11-12,2025,619,62,0.06462035541195477,-0.03862511130092553,0.1774193548387097,-0.03822853574556502,-0.007639468527687319,0.1774193548387097,-0.035598665422776045,-0.017605788906724495,0.14516129032258066,-0.030916862393914103,-0.025696477360025463,0.16129032258064516,-0.03400086074803107,-0.011790601810868922,0.12903225806451613,-0.041070280155004156,-0.025367350984821062
2025-11-13,2025,613,62,0.0734094616639478,-0.03370812424419921,0.14516129032258066,-0.0305961796894778,-0.005805524726573101,0.11290322580645161,-0.03589951012130895,-0.024506425918714856,0.14516129032258066,-0.02752509628817141,-0.010641619809081019,0.16129032258064516,-0.02263801906463,-0.004003356065432911,0.1774193548387097,-0.03118835608347292,-0.008666308417259233
2025-11-14,2025,613,62,0.0636215334420881,-0.027281541574604305,0.12903225806451613,-0.04932316351706075,-0.010374598922374923,0.12903225806451613,-0.05089210937205845,-0.02226816629669196,0.0967741935483871,-0.05132668223038466,-0.011901336925580546,0.11290322580645161,-0.043979210705754355,0.005827296975985253,0.11290322580645161,-0.04878843078078994,-0.013868112956914407
2025-11-17,2025,616,62,0.09740259740259741,-0.008258274089315084,0.1774193548387097,-0.014817554624011962,0.015604239374996585,0.1774193548387097,-0.016252468599871568,0.0017818691116742581,0.11290322580645161,-0.030633276627154378,-0.01252250026939711,0.20967741935483872,-0.004000799517036257,0.01906732638667538,0.1774193548387097,-0.008966623663962215,0.025783654977110892
2025-11-18,2025,616,62,0.1461038961038961,-0.012727551833476342,0.2903225806451613,0.020946564517850173,0.018123893079149557,0.3064516129032258,0.022900090829778237,0.006921129856399214,0.22580645161290322,-0.0007435513808335063,-0.023379437757685913,0.2903225806451613,0.022340902742712453,0.007112567131427691,0.3387096774193548,0.03551373357683965,0.023097143980622903
2025-11-19,2025,614,62,0.13192182410423453,0.009714070991328774,0.1935483870967742,-0.021271257698431016,0.02111068397867524,0.20967741935483872,-0.012045092024669177,0.01572747215462784,0.12903225806451613,-0.029969765061434762,-0.00043801589967012105,0.22580645161290322,-0.009641572463320015,0.031187672656821135,0.24193548387096775,-0.00653354875248058,0.023817155637098256
2025-11-20,2025,611,62,0.1783960720130933,-0.006723590850881488,0.46774193548387094,0.07587867888116985,0.04745872948038396,0.43548387096774194,0.06718747773044412,0.03469059937098656,0.3387096774193548,0.05054574478845392,0.02308079159597252,0.46774193548387094,0.0754661906973353,0.05233862795040037,0.46774193548387094,0.07453165731113538,0.04167804143265748
2025-11-21,2025,609,61,0.18226600985221675,-0.006383896266819192,0.4426229508196721,0.07263558146439784,0.04574085188282359,0.4426229508196721,0.06738556817003989,0.029993819467762237,0.26229508196721313,0.03650714121954234,0.02306931015891422,0.4098360655737705,0.06898444887976095,0.04634267359414057,0.4098360655737705,0.0702813636135284,0.033000951592593704
2025-11-24,2025,603,61,0.15091210613598674,-0.009450703920403336,0.32786885245901637,0.036852686284956956,0.03150524184049059,0.2786885245901639,0.02806442375946352,0.01343417216551582,0.19672131147540983,0.018198820235974106,0.012561848674578968,0.3442622950819672,0.055195620842367614,0.05431684853073357,0.3114754098360656,0.04242819835197188,0.02677990960451865
2025-11-25,2025,601,61,0.1264559068219634,-0.017206631108618153,0.3114754098360656,0.049704112797599134,0.04323153164806775,0.3114754098360656,0.038811318636724296,0.0348693321772282,0.21311475409836064,0.028365280139919805,0.0178184493632655,0.36065573770491804,0.06090770650516126,0.06312090383341731,0.3114754098360656,0.05568164424228747,0.03830333246307286
2025-11-26,2025,597,60,0.11390284757118928,-0.021307815773933366,0.4,0.07275895763881997,0.07294976804824017,0.4166666666666667,0.06381373074504608,0.05604365831858898,0.3,0.052564983832258855,0.058345774049944704,0.4166666666666667,0.07984419844067421,0.09820705578870917,0.4166666666666667,0.08606305011329218,0.08500375339475769
2025-11-27,2025,597,60,0.10552763819095477,-0.029443336069097343,0.38333333333333336,0.06673687256339099,0.06571306222884502,0.3333333333333333,0.038764077111901406,0.03388044767443021,0.2833333333333333,0.04388439558011822,0.03623117478226745,0.35,0.06874540579725265,0.07270271000772974,0.35,0.06206880311530126,0.06395440472173267
2025-11-28,2025,594,60,0.10101010101010101,-0.04902035683956486,0.38333333333333336,0.05749165994755141,0.03495660078965219,0.3,0.024904603194487413,-0.0051200773313180405,0.25,0.024510984642719825,-0.010537811291278957,0.35,0.05252026218602047,0.029598139088679712,0.35,0.05160907140486392,0.03540331336650491
2025-12-01,2025,593,60,0.10961214165261383,-0.04469293067275698,0.45,0.07221502870845205,0.057777891886067294,0.35,0.04753944060530537,0.009355652799233734,0.26666666666666666,0.035419249026692474,0.022407612324042706,0.3333333333333333,0.05021791675470717,0.03463633162194823,0.36666666666666664,0.058250132982209234,0.05455695550715612
2025-12-02,2025,592,60,0.11148648648648649,-0.046100910100176584,0.38333333333333336,0.03939091164672219,0.028263685361059387,0.3,0.01720122632136951,-0.0017394726631743092,0.25,0.03405965551863478,0.030558362418743316,0.35,0.04456412069932529,0.04569439895043046,0.35,0.04776872979282721,0.05474823332724642
2026-01-02,2026,583,59,0.241852487135506,-0.059748015784600594,0.4745762711864407,0.04668004075386456,0.026453953148015134,0.4067796610169492,0.02811792180413231,-0.018711862276524834,0.4745762711864407,0.052590689921926816,0.028623223492489386,0.423728813559322,0.03667805984732348,-0.002201944070800545,0.4406779661016949,0.039365921257176036,0.020366828791407443
2026-01-05,2026,591,60,0.2825719120135364,-0.03537861401726846,0.5666666666666667,0.07274200381184291,0.03765676410353355,0.5833333333333334,0.08226317395862019,0.014910253904060467,0.55,0.07573141473322151,0.03569296799444753,0.5333333333333333,0.05990091409935124,0.024328697904324563,0.5833333333333334,0.07674812869329632,0.034425688926745565
2026-01-06,2026,600,60,0.23166666666666666,-0.04392734608557754,0.5,0.046890067733110934,0.015136850895490302,0.45,0.031210673898657483,-0.0004626485575091488,0.36666666666666664,0.01603326139184192,-0.0033729200994167207,0.43333333333333335,0.03164670840552276,0.002910675573625965,0.48333333333333334,0.05087563919778929,-0.0001187009699355405
2026-01-07,2026,605,61,0.228099173553719,-0.04572620413177531,0.4426229508196721,0.027669442169725493,0.0032866266565281317,0.47540983606557374,0.03836375696399864,0.00788557045060135,0.45901639344262296,0.049761090423419606,-5.5891271149817616e-05,0.47540983606557374,0.04499494128985164,0.020117453906642112,0.4918032786885246,0.052485659905221735,0.015428534042209834
2026-01-08,2026,611,62,0.2553191489361702,-0.03521582772892039,0.5806451612903226,0.0709114227923609,0.010139816853524374,0.5645161290322581,0.0665537805332716,-0.031729632426703035,0.5161290322580645,0.05892225760493591,2.941915566642605e-05,0.5806451612903226,0.07067763425097784,0.0074494090872585066,0.5161290322580645,0.05620570440411451,0.025288502944548184
2026-01-09,2026,616,62,0.22727272727272727,-0.049961851429587416,0.45161290322580644,0.031956827002979464,-0.028453706236864242,0.45161290322580644,0.030539093874781396,-0.05498051683675959,0.4032258064516129,0.02265544834011896,-0.03981858526365341,0.46774193548387094,0.037817697509839224,-0.027038432308683368,0.4032258064516129,0.02137774025690755,-0.027342543815265255
2026-01-12,2026,623,63,0.18940609951845908,-0.07612603172304012,0.47619047619047616,0.03713084512265791,-0.06510619186300304,0.4603174603174603,0.02847336722474983,-0.07680426498524097,0.36507936507936506,0.011104967887509806,-0.07774712282882952,0.42857142857142855,0.023189634225659853,-0.06498476751858168,0.3968253968253968,0.009897604547718809,-0.0642141356311572
2026-01-13,2026,628,63,0.19585987261146498,-0.09414144656607437,0.4126984126984127,0.022133681887727248,-0.09523565615162098,0.4126984126984127,0.019940319553387705,-0.08482070525717343,0.36507936507936506,0.011062968380440576,-0.08494509842048646,0.36507936507936506,0.010523236019909187,-0.07973946446886504,0.36507936507936506,0.010260939956729446,-0.08645811831908572
2026-01-14,2026,637,64,0.16326530612244897,-0.13370496442220148,0.359375,0.0002679779690918649,-0.14965283558380618,0.34375,-0.0018298541779436291,-0.16322600861803002,0.3125,-0.0002809320217313678,-0.12684329185980045,0.390625,0.009805184614390491,-0.12102758915320543,0.359375,0.005941962653883777,-0.11287269799557695
2026-01-15,2026,639,64,0.14553990610328638,-0.10449100276306404,0.234375,-0.031521479708245585,-0.10895430281269156,0.203125,-0.03698498820339806,-0.12141842693627632,0.25,-0.02106657648103228,-0.08735748444704461,0.296875,-0.011555319362940073,-0.07891946860774211,0.28125,-0.018722895520240715,-0.09297898477863684
2026-01-16,2026,645,65,0.14573643410852713,-0.1176194498576749,0.2153846153846154,-0.03770296569517284,-0.11014892607116145,0.23076923076923078,-0.03245999765551122,-0.09600439794146359,0.2923076923076923,-0.0036851095733271464,-0.07746539227674963,0.27692307692307694,-0.021738099672880772,-0.07399271394746622,0.23076923076923078,-0.03103707729762811,-0.09684467037673775
2026-01-19,2026,653,66,0.14241960183767227,-0.13875227444802257,0.25757575757575757,-0.03611022180622611,-0.10594133979555759,0.2727272727272727,-0.030867264469429338,-0.11157797599147277,0.3787878787878788,0.010318775023236706,-0.06733875406727972,0.24242424242424243,-0.0372900073643314,-0.1336669414359123,0.24242424242424243,-0.031867040797262186,-0.1032693753713118
2026-01-20,2026,657,66,0.1354642313546423,-0.1309832209800143,0.18181818181818182,-0.055588578300686566,-0.10253993028560458,0.19696969696969696,-0.0485588054127791,-0.09801525492307749,0.2878787878787879,-0.015282297713838586,-0.061938065337097815,0.18181818181818182,-0.056429681982252226,-0.11359890663950395,0.21212121212121213,-0.04347721943048622,-0.10297530765883467
2026-01-21,2026,663,67,0.12518853695324283,-0.10845406221006741,0.14925373134328357,-0.06583647122158102,-0.061500479029315,0.1791044776119403,-0.05782368573388763,-0.03861309754739254,0.26865671641791045,-0.022246513819612682,-0.020976420348992306,0.13432835820895522,-0.06738416722077832,-0.07402039944906072,0.19402985074626866,-0.04014435872328679,-0.05159578861842447
2026-01-22,2026,666,67,0.11861861861861862,-0.10136498989143435,0.1791044776119403,-0.05331277435143952,-0.06618874762228931,0.22388059701492538,-0.03748677182503606,-0.01917990779060315,0.2835820895522388,-0.015347638210795817,-0.01749276676037192,0.19402985074626866,-0.0503686075621731,-0.04758185684394578,0.208955223880597,-0.04406140419916636,-0.03225313808208979
2026-01-23,2026,670,67,0.11791044776119403,-0.10177164430532391,0.208955223880597,-0.047841033716081775,-0.07997926077867915,0.208955223880597,-0.045372646512759574,-0.06245747417504556,0.26865671641791045,-0.030704549224074576,-0.041009844819570686,0.1791044776119403,-0.05710166617077258,-0.0718679110820609,0.208955223880597,-0.04605811086401178,-0.06418293865196704
2026-01-26,2026,671,68,0.09388971684053651,-0.11302887057664124,0.17647058823529413,-0.05926891468839323,-0.08723494710916299,0.20588235294117646,-0.050157628578858894,-0.11555684795641513,0.20588235294117646,-0.052646621122467596,-0.061868754230057124,0.17647058823529413,-0.06022652274928972,-0.08339946553944355,0.16176470588235295,-0.06067037818785074,-0.08464758008296
2026-01-27,2026,675,68,0.10666666666666667,-0.07956836028126357,0.23529411764705882,-0.04157318140179892,-0.06141621915400825,0.25,-0.03775268526607579,-0.06881305384604423,0.23529411764705882,-0.042168927029481926,-0.039744578035992004,0.20588235294117646,-0.0493346997616157,-0.06268558414702728,0.17647058823529413,-0.05265789804048674,-0.055146318151526354
2026-01-28,2026,680,68,0.10147058823529412,-0.0686014355195653,0.20588235294117646,-0.05126743062922328,-0.07304713581483979,0.2647058823529412,-0.03021750344286484,-0.07358948972182908,0.20588235294117646,-0.052207798502517326,-0.06658353846186793,0.20588235294117646,-0.05072478260613759,-0.08360007175315684,0.1323529411764706,-0.07100357284603832,-0.08338468435011485
2026-01-29,2026,686,69,0.12244897959183673,-0.07846858887353915,0.2463768115942029,-0.03575647837641236,-0.0654386516241773,0.2463768115942029,-0.04102383159391184,-0.07809706469528474,0.2463768115942029,-0.03755985029378214,-0.06139602582973948,0.2028985507246377,-0.04852637798651715,-0.098366342885477,0.18840579710144928,-0.05229417070117795,-0.06976437313216884
2026-01-30,2026,689,69,0.1683599419448476,-0.090682724017619,0.3333333333333333,-0.001362814435870675,-0.05993544753221883,0.3188405797101449,-0.012671511782760958,-0.056989348825058836,0.4057971014492754,0.015824375976069272,-0.03361554558475923,0.30434782608695654,-0.003799974115595181,-0.08259628969952296,0.3333333333333333,0.002588801387193941,-0.0460171772595527
2026-02-02,2026,686,69,0.17638483965014579,-0.048107144571436854,0.30434782608695654,-0.011507500424790621,-0.00884209229238483,0.37681159420289856,0.006860053423255809,-0.001257439949350946,0.391304347826087,0.015728171120544192,-0.00228554638304135,0.3333333333333333,-0.0033996795463227545,-0.04320648895160247,0.2898550724637681,-0.012395938935908896,-0.012171302418413913
2026-02-03,2026,684,69,0.1783625730994152,-0.03997619049114794,0.34782608695652173,0.0041422873249676445,0.01989552779439078,0.36231884057971014,0.005291542053436551,0.007559788712144304,0.42028985507246375,0.022514199682462446,0.01753263688206991,0.36231884057971014,0.009499573046123113,-0.010714450881429154,0.34782608695652173,0.010061913075415476,0.007287357710943907
2026-02-04,2026,685,69,0.15766423357664233,-0.04702445086314912,0.2753623188405797,-0.02274589917232749,0.056208460186975145,0.3333333333333333,-0.0056297408164909905,0.04848898839520346,0.34782608695652173,-0.0045554799032296355,0.01706799894556455,0.2463768115942029,-0.024785058770717038,-0.01124936149459284,0.2608695652173913,-0.01965355605066094,-0.0071393427161462785
2026-02-05,2026,685,69,0.19562043795620437,-0.04174406194734138,0.37681159420289856,0.009713852892656605,0.10500772576415303,0.4492753623188406,0.031536076318112026,0.11584815148074454,0.43478260869565216,0.0261784083808718,0.06172511973203923,0.34782608695652173,0.01706366528521189,0.0435781109072068,0.34782608695652173,0.011882965749590156,0.05021108373682757
2026-02-06,2026,680,68,0.19705882352941176,-0.016560718871552565,0.38235294117647056,0.0019729598869537993,0.13275609414810016,0.4264705882352941,0.016890923233298206,0.1315793329070919,0.36764705882352944,-0.0005607451847035022,0.09169096434804551,0.38235294117647056,0.01279054166600257,0.08231059428389456,0.38235294117647056,0.005833751824965322,0.08296523899775789
2026-02-09,2026,681,69,0.20998531571218795,0.015743911337228564,0.4927536231884058,0.034495931301984056,0.21231418178043543,0.463768115942029,0.030598756706560523,0.1971537765854358,0.4492753623188406,0.03312476981314542,0.14046482484125034,0.463768115942029,0.035262470821311294,0.1504035131426176,0.43478260869565216,0.01633328755983398,0.1486778188292506
2026-02-10,2026,681,69,0.24375917767988253,0.03393766616698928,0.6811594202898551,0.09975051264849576,0.23921427006048712,0.6231884057971014,0.07880746507047034,0.2143022904656652,0.5942028985507246,0.06707481977505804,0.16653901074901595,0.6231884057971014,0.0912045685024379,0.16943007552459924,0.6376811594202898,0.08481909791692047,0.1989979680610288
2026-02-11,2026,680,68,0.21764705882352942,0.04694265104926587,0.5441176470588235,0.05220134523697089,0.1858146775793377,0.5441176470588235,0.050412004205662546,0.16532319455739644,0.5441176470588235,0.05492959570807451,0.14737709028797563,0.5147058823529411,0.047989754701943166,0.14292417346194605,0.5735294117647058,0.06075025663975448,0.16830166519315168
2026-02-23,2026,683,69,0.17276720351390923,0.019337615422575158,0.5217391304347826,0.043096787995094206,0.13060244418974168,0.4927536231884058,0.04203141199832623,0.12480115872787269,0.5072463768115942,0.03656814164879738,0.09380263450859583,0.4492753623188406,0.01861907027820375,0.07216311562752269,0.4782608695652174,0.02709336134625407,0.10997846488962941
2026-02-24,2026,678,68,0.12831858407079647,0.028093334622760143,0.36764705882352944,-9.909870365975472e-05,0.13199102078779817,0.35294117647058826,0.006258157760610442,0.11661681285173808,0.3235294117647059,-0.01132579958964094,0.07429736473780678,0.3382352941176471,-0.008980164405813007,0.08343068963428385,0.3382352941176471,-0.004660177695946068,0.11099010211683252
2026-02-25,2026,672,68,0.12797619047619047,0.03611898899416547,0.3235294117647059,-0.018303737652230225,0.1162206464230224,0.3235294117647059,-0.018277994997971368,0.096715067241797,0.2647058823529412,-0.03880243256486787,0.07083443249889587,0.2647058823529412,-0.030075221525162902,0.07929375806059845,0.2647058823529412,-0.030606603825867922,0.10159785433712011
2026-02-26,2026,675,68,0.13925925925925925,0.03966650041217361,0.35294117647058826,-0.005752354278786992,0.13295642931916024,0.35294117647058826,-0.00553278153450038,0.11295794296300644,0.3088235294117647,-0.020235341878655177,0.1014972750915308,0.3382352941176471,-0.00768261998026451,0.1028485807152818,0.3382352941176471,-0.008848277876485493,0.14434862349859523
2026-03-02,2026,669,67,0.06726457399103139,0.028336129261491122,0.1044776119402985,-0.08664400090153049,0.04299424851380383,0.05970149253731343,-0.1010393134417811,0.021490011049097407,0.1044776119402985,-0.08987976027283552,0.028254205366536746,0.07462686567164178,-0.09313653622985546,0.024402305074175307,0.1044776119402985,-0.08202990442400247,0.0702866597592311
2026-03-03,2026,666,67,0.13363363363363365,0.021692199800659378,0.23880597014925373,-0.04846860533580191,0.04159275150892429,0.208955223880597,-0.05243413522502226,0.05805796095020509,0.26865671641791045,-0.03552778412598371,0.028457060156363453,0.26865671641791045,-0.040877138351847996,0.03085218949919072,0.26865671641791045,-0.039376497589738706,0.07361636685406761
2026-03-04,2026,669,67,0.15097159940209268,0.025158114574588247,0.19402985074626866,-0.06387151512132944,0.03546183480109284,0.16417910447761194,-0.06946674806040054,0.032951128480375944,0.19402985074626866,-0.06172095712910655,0.034173345394476785,0.19402985074626866,-0.06179905690722144,0.034936270677663986,0.1791044776119403,-0.06380082301632559,0.043255986802506946
2026-03-05,2026,670,67,0.1626865671641791,0.020406915036924274,0.373134328358209,-0.0010616087865826381,0.05050055604434703,0.34328358208955223,-0.008678073171003666,0.06497162841453549,0.3283582089552239,-0.010009528627569706,0.04671665296160092,0.3582089552238806,0.00015722586270212912,0.06192784355567333,0.373134328358209,0.006355766036784955,0.06224513048899568
2026-03-06,2026,668,67,0.2964071856287425,0.001447743604742238,0.7761194029850746,0.1272603418246141,0.08666378552368716,0.746268656716418,0.1197398035021484,0.09822546790270877,0.7611940298507462,0.12920115299697443,0.07758276676755076,0.746268656716418,0.12402981624743169,0.09581540825725443,0.7611940298507462,0.12785104276958906,0.0933978197153756
2026-03-09,2026,667,67,0.24287856071964017,-0.010201390624310957,0.582089552238806,0.07921109339236071,0.06912836716884173,0.6119402985074627,0.08870319595840925,0.05328972587784279,0.6119402985074627,0.09417298390851706,0.06661462075484707,0.582089552238806,0.08384605517519647,0.08352366521616704,0.5970149253731343,0.09329184028087593,0.06836110138682962
2026-03-10,2026,663,67,0.23378582202111614,-0.0045092348720762055,0.582089552238806,0.0749219244877864,0.09026644020505603,0.5671641791044776,0.07752087821486242,0.06949359586085803,0.6567164179104478,0.09716295509641452,0.09118164409810144,0.6268656716417911,0.09023052594994524,0.10725577951701719,0.5671641791044776,0.07874152067377088,0.07105422438023622
2026-03-11,2026,664,67,0.19728915662650603,-0.024670544083758916,0.44776119402985076,0.029373756307184157,0.04891996386783149,0.5074626865671642,0.05000668932486901,0.06869112778373863,0.5373134328358209,0.06522387116012013,0.06360081247305306,0.47761194029850745,0.0398560761032937,0.07282437963404564,0.47761194029850745,0.0430648624169589,0.0391086212261847
2026-03-12,2026,659,66,0.23672230652503792,-0.027784276919296504,0.5454545454545454,0.05820195952245727,0.06288317020556994,0.6212121212121212,0.07654247078074361,0.10572664029917969,0.6515151515151515,0.09702771527932198,0.0789963503768858,0.6212121212121212,0.08062180053190858,0.0874580994656371,0.6212121212121212,0.08741073196481733,0.05778644775671128
2026-03-13,2026,662,67,0.18731117824773413,-0.05661215102574574,0.3880597014925373,0.005094996145472996,0.007455755116927411,0.417910447761194,0.01523272729609133,0.014987956313302962,0.44776119402985076,0.025112869325388063,-0.000725332942682383,0.3582089552238806,-0.003686482450207628,0.005030104704228112,0.3582089552238806,0.003482869176610859,-0.011514150911639424
2026-03-16,2026,667,67,0.17541229385307347,-0.06880789135975957,0.31343283582089554,-0.015314387460449755,-0.008910597001606183,0.34328358208955223,-0.005617803191533002,0.0092465759287316,0.373134328358209,0.0014523208446884446,-0.005138869168028034,0.26865671641791045,-0.031705793605867734,-0.01753495045768394,0.31343283582089554,-0.012341417022673894,-0.024767850614012547
2026-03-17,2026,667,67,0.13793103448275862,-0.06887845625284983,0.23880597014925373,-0.03714579280550425,-0.04730496450514843,0.22388059701492538,-0.04155670887507679,0.02104367425935935,0.3283582089552239,-0.014949404019966422,-0.002329563296206378,0.16417910447761194,-0.06178756663193872,-0.03214972999534053,0.2537313432835821,-0.029362592675184717,-0.028705502023038936
2026-03-18,2026,670,67,0.1373134328358209,-0.05595774070884751,0.22388059701492538,-0.050215249280821966,-0.027097757029583024,0.23880597014925373,-0.04291975330638009,0.03299065127318506,0.26865671641791045,-0.03480424146142118,0.027065254923371126,0.22388059701492538,-0.05096786693060685,0.036257654685026675,0.23880597014925373,-0.04113511258231095,0.007381077477793515
2026-03-19,2026,671,68,0.11028315946348734,-0.06834460966418081,0.1323529411764706,-0.07509178122314,-0.04867450889476507,0.14705882352941177,-0.07237551498757824,-0.017966558272457342,0.1323529411764706,-0.0818768832370985,0.0073373298722216726,0.1323529411764706,-0.07444645226651399,0.012998201697914113,0.10294117647058823,-0.07874796567017947,-0.024308235167244563
2026-03-20,2026,681,69,0.21145374449339208,-0.07986420388583623,0.2463768115942029,-0.021368725654416568,-0.00972136470493873,0.30434782608695654,-0.006187497313510849,0.020591784604614968,0.37681159420289856,0.013855121962276506,0.07640493241523513,0.36231884057971014,0.008227148740298514,0.060599786193548846,0.37681159420289856,0.019086112276397234,0.032555533469668184
2026-03-23,2026,684,69,0.19444444444444445,-0.06282014724873503,0.2608695652173913,-0.03051929664480165,0.031244905025017845,0.2898550724637681,-0.023690052945715415,0.05076151834498561,0.30434782608695654,-0.01665383146022325,0.06962057606653077,0.30434782608695654,-0.0175872411363364,0.06967197129730354,0.30434782608695654,-0.014957885077046863,0.05033617589975408
2026-03-24,2026,681,69,0.2393538913362702,-0.07748335653614914,0.37681159420289856,0.005303706249210064,0.019217856834591714,0.43478260869565216,0.02366493187896697,0.06061155098794868,0.463768115942029,0.03174493428662765,0.07469465585348034,0.42028985507246375,0.017325210923523498,0.040679816558294606,0.42028985507246375,0.0157424315173784,0.016528904898084885
2026-03-25,2026,679,68,0.19882179675994108,-0.14022688537062983,0.3235294117647059,-0.017862983891659377,-0.04050998146661762,0.3088235294117647,-0.02059333037289098,-0.04578940441147622,0.3235294117647059,-0.01859300016417364,-0.011828484241573498,0.3088235294117647,-0.021550528782219823,-0.048201895920631316,0.3088235294117647,-0.021136807791911218,-0.08053879098780847
2026-03-26,2026,679,68,0.2960235640648012,-0.192572753345589,0.5882352941176471,0.08188709354260108,-0.06571991145141232,0.5735294117647058,0.07327322025870263,-0.07184487563498633,0.6323529411764706,0.0863988537094923,-0.03198344042951981,0.6029411764705882,0.0800403478489588,-0.06505569950288227,0.5588235294117647,0.07159895796784631,-0.06900695610421803
2026-03-27,2026,677,68,0.3087149187592319,-0.1818455852365498,0.5147058823529411,0.05314385984718351,-0.03964737900612452,0.47058823529411764,0.037049810102451494,-0.07250838614766107,0.6029411764705882,0.07910370647305293,9.312174441189154e-05,0.5147058823529411,0.05380869457496065,-0.03920383781750137,0.5294117647058824,0.0623219593124212,-0.035182495455622104
2026-03-30,2026,674,68,0.3397626112759644,-0.1562069423939712,0.5882352941176471,0.08032691598274044,-0.02528112571904105,0.5441176470588235,0.06711677842502778,-0.0361336073808414,0.6323529411764706,0.0957128581802048,0.005393863117737234,0.6470588235294118,0.10405753964756505,-0.006142735025627618,0.6029411764705882,0.09287526454078537,-0.012662885272428257
2026-03-31,2026,669,67,0.34678624813153963,-0.12709632382570482,0.5671641791044776,0.06847989262347282,0.028163862551653207,0.582089552238806,0.06862416401988301,0.04591141012297496,0.6119402985074627,0.08246728866129163,0.07332954076593477,0.6417910447761194,0.08943201154510387,0.0611482449338679,0.582089552238806,0.07488696102961023,0.045622457709327796
2026-04-01,2026,665,67,0.3368421052631579,-0.15550194551797736,0.5223880597014925,0.06263943153611058,0.003028745212165824,0.4925373134328358,0.05087276198560178,0.015197031566410876,0.582089552238806,0.0777901211528848,0.052976563274026355,0.582089552238806,0.07780084314313979,0.05111396678427443,0.5671641791044776,0.07602858551281534,0.038123316752991555
2026-04-02,2026,660,66,0.38181818181818183,-0.14348123468814414,0.6212121212121212,0.08909980302285869,0.05204960307343801,0.5606060606060606,0.07328957869459464,0.019219262014899107,0.6515151515151515,0.09664661706439472,0.07002931710234744,0.6515151515151515,0.09818280900989731,0.061267192477078396,0.5909090909090909,0.07993458774965467,0.020015454454038007
2026-04-07,2026,661,67,0.3767019667170953,-0.12857971712732913,0.6567164179104478,0.10194860519359515,0.04373258319386507,0.6567164179104478,0.10029246670682097,0.06214247418578323,0.6567164179104478,0.10287880919700292,0.03705852199190723,0.6865671641791045,0.10632897937431167,0.05896025032045507,0.6268656716417911,0.09293326271466215,0.022180206828164833
2026-04-08,2026,662,67,0.3429003021148036,-0.14093025807912402,0.5970149253731343,0.07768205004324634,0.0008460515150462108,0.6268656716417911,0.08662272394041261,0.01782225390942475,0.6417910447761194,0.09364248798881827,-0.007561434923420651,0.6268656716417911,0.08810681939065547,0.006153610232075563,0.5970149253731343,0.07870536067186573,-0.021548220668943747
2026-04-09,2026,660,66,0.3242424242424242,-0.14153474396526244,0.5909090909090909,0.07658532940774332,-0.052103267796640415,0.5757575757575758,0.07401929332404907,-0.04369223863207281,0.5,0.05168892613047056,-0.08848613362658549,0.5757575757575758,0.07334888873526259,-0.0487347683215627,0.5303030303030303,0.05818695121995863,-0.0904034971175742
2026-04-10,2026,661,67,0.3464447806354009,-0.11692102855665504,0.582089552238806,0.06953730737657626,-0.023980519267436603,0.6417910447761194,0.09440362066197254,0.022929535086651173,0.582089552238806,0.07117108148308468,-0.04781418566784585,0.6417910447761194,0.0911487829053378,-0.029057479621516894,0.5522388059701493,0.06905217161619281,-0.04519974186920457
2026-04-13,2026,667,67,0.272863568215892,-0.12208326480564312,0.40298507462686567,0.01662219051303405,-0.07328231056233854,0.4925373134328358,0.045720234992650016,-0.05543206343654384,0.5074626865671642,0.05232035450094859,-0.06684638334797419,0.5223880597014925,0.06207988087151752,-0.059122918151447976,0.417910447761194,0.03154702161404782,-0.08577400161959602
2026-04-14,2026,664,67,0.25903614457831325,-0.09121752046044769,0.40298507462686567,0.014382084193364363,-0.044756323236015326,0.47761194029850745,0.039975211495815226,-0.019537186630977556,0.5223880597014925,0.04921537774725366,-0.025593745377407145,0.5223880597014925,0.054368438592933784,-0.03155481293082585,0.40298507462686567,0.018103796936213206,-0.062213195752493206
2026-04-15,2026,663,67,0.2609351432880845,-0.09442408908309576,0.34328358208955223,-0.0018177287361142095,-0.05280713965397443,0.4925373134328358,0.044606595281815986,-0.03945474399828737,0.5671641791044776,0.06928720530362649,-0.007643459235988781,0.4925373134328358,0.04216909294501144,-0.035561305243233504,0.417910447761194,0.02431817455511216,-0.052093215497068676
2026-04-16,2026,662,67,0.256797583081571,-0.11306362037906169,0.40298507462686567,0.010714808158516921,-0.10321315289504872,0.47761194029850745,0.035182226413961966,-0.08052906719584664,0.5522388059701493,0.056687644892918235,-0.06224085817296271,0.4925373134328358,0.040026200584885985,-0.09267699203309147,0.44776119402985076,0.028918614046298228,-0.09285214898906805
2026-04-17,2026,665,67,0.20902255639097744,-0.11008351275870427,0.22388059701492538,-0.04519226689038555,-0.12034684769080295,0.26865671641791045,-0.031160684943276347,-0.1096879396117712,0.3582089552238806,-0.003934074890228678,-0.0839295248967943,0.3283582089552239,-0.012708851057653238,-0.10923397971821514,0.26865671641791045,-0.026968928203072468,-0.139112908519678
2026-04-20,2026,664,67,0.1746987951807229,-0.0926374583170242,0.23880597014925373,-0.040035037497382193,-0.11643074631786149,0.31343283582089554,-0.017637605400623323,-0.09312593239641552,0.26865671641791045,-0.033580389880690883,-0.09569176151062048,0.2537313432835821,-0.0366314215306112,-0.09879315239838998,0.19402985074626866,-0.052072824581598016,-0.13306636909938513
2026-04-21,2026,670,67,0.15970149253731344,-0.08646469847215996,0.208955223880597,-0.05162477046831497,-0.1064522696840186,0.26865671641791045,-0.029574151359509946,-0.10436800707238593,0.2835820895522388,-0.0298020154057467,-0.07941026144089573,0.23880597014925373,-0.042300741476275744,-0.10534837518697955,0.13432835820895522,-0.0724371215486091,-0.1258808345224985
2026-04-22,2026,671,68,0.08792846497764531,-0.08626576862533002,0.058823529411764705,-0.09699391597974898,-0.0972636663057379,0.14705882352941177,-0.06586684070127846,-0.06272164417808342,0.11764705882352941,-0.07949177724967299,-0.09431134844859525,0.11764705882352941,-0.0773358892996912,-0.08586844517441466,0.04411764705882353,-0.10097459903353084,-0.12239919248482668
2026-04-23,2026,675,68,0.2311111111111111,-0.0446910702762554,0.22058823529411764,-0.04508693210721513,-0.023059475329450914,0.25,-0.03229333706312811,-0.010970401611732614,0.27941176470588236,-0.017756534126527553,-0.01739269942670972,0.29411764705882354,-0.01608027072347847,-0.023983781110939333,0.22058823529411764,-0.023237756775897945,0.0005718671672514516
2026-04-24,2026,678,68,0.28761061946902655,0.007782317404072845,0.47058823529411764,0.04098691294703222,0.10015674404300517,0.45588235294117646,0.03414411913121304,0.08326664641052269,0.47058823529411764,0.039649321562257984,0.07404852166671258,0.5294117647058824,0.06565975453212658,0.08020014336545524,0.5441176470588235,0.07468474854672337,0.11286318446599157
2026-04-27,2026,680,68,0.34852941176470587,0.0262639917168252,0.6617647058823529,0.10028000934306247,0.14122498635017194,0.6176470588235294,0.08177887074075137,0.12350180937828194,0.6029411764705882,0.09125907002546164,0.1276877570683445,0.6911764705882353,0.11214422468249173,0.1371476697644786,0.7647058823529411,0.13655739071829462,0.16122109241430005
2026-04-28,2026,684,69,0.34210526315789475,-0.0388464077450613,0.5652173913043478,0.07294092721363807,0.06009211619129169,0.6521739130434783,0.09650953466260768,0.08631811351410046,0.6086956521739131,0.08009927225280156,0.04176050535452233,0.5942028985507246,0.08282873835527309,0.07050289045430298,0.5942028985507246,0.0862751365309922,0.057853251104669455
2026-04-29,2026,683,69,0.32210834553440704,-0.02919606321780517,0.4782608695652174,0.03816162956536505,0.036081116502165576,0.5217391304347826,0.05434479686753954,0.03174338542778808,0.4492753623188406,0.027986318976320704,-0.010954148747176484,0.463768115942029,0.04003574142468816,0.021803553262193787,0.463768115942029,0.037013783519750286,0.021492495604414758
2026-04-30,2026,684,69,0.31140350877192985,-0.04943560496825478,0.391304347826087,0.019073979731218427,-0.017997248771979207,0.391304347826087,0.015257181039290076,-0.030835247326435885,0.3188405797101449,-0.013015640609756822,-0.0642773683886835,0.4057971014492754,0.02933806372798613,-0.009272287720900984,0.42028985507246375,0.03246110952172436,-0.013270722566167304
2026-05-04,2026,686,69,0.28425655976676384,-0.01682970496821917,0.37681159420289856,0.015156070986321582,0.009148216651975582,0.34782608695652173,0.0059934044795514054,-0.008051140631092395,0.2463768115942029,-0.024580209244687012,-0.03603211389009032,0.42028985507246375,0.026914702406487967,0.03662351833638038,0.42028985507246375,0.030269714810998306,0.002788477022041611
2026-05-05,2026,684,69,0.22076023391812866,-0.028432811313835887,0.14492753623188406,-0.06312199772476522,-0.051496807841844114,0.13043478260869565,-0.06923112872631834,-0.06258264492654046,0.13043478260869565,-0.07044698101604174,-0.06953956684941005,0.18840579710144928,-0.05002018594359886,-0.03456462949226776,0.15942028985507245,-0.05908772618514949,-0.0599466387166065
2026-05-06,2026,684,69,0.2733918128654971,-0.0007792424043844885,0.34782608695652173,0.0036490656375519803,0.005704100400347273,0.30434782608695654,-0.01425407042139063,-0.025391152669114465,0.2608695652173913,-0.026000461687927013,-0.029849835339410494,0.34782608695652173,0.002347888079027414,0.011428586203979746,0.391304347826087,0.021281410654893262,0.015819760031552426
2026-05-07,2026,688,69,0.27180232558139533,-0.009507960873768982,0.391304347826087,0.011027606375139222,0.004986876454205871,0.2753623188405797,-0.022165825490558684,-0.03687803010196395,0.30434782608695654,-0.01843694874716593,-0.031892474786891535,0.34782608695652173,-0.0013951752436654596,-0.0031856587891824426,0.42028985507246375,0.021077598237824444,-0.014750267391845888
2026-05-08,2026,692,70,0.29335260115606937,-0.004615062420622845,0.5285714285714286,0.05746713010102601,0.016431372777650808,0.45714285714285713,0.03419868240311192,0.013154542511120844,0.45714285714285713,0.03950054548220133,-0.011276205276231847,0.4142857142857143,0.024225019569562578,-0.0011695094757551816,0.4714285714285714,0.04634954433719496,-0.008912560352087808
2026-05-11,2026,701,71,0.2396576319543509,-0.02427522759082137,0.19718309859154928,-0.05532864577933002,-0.06149874621834182,0.16901408450704225,-0.0648283076337435,-0.05292434657813501,0.18309859154929578,-0.06366836702253842,-0.06967654750222001,0.2112676056338028,-0.05198598407152016,-0.0503735021814525,0.22535211267605634,-0.04135213963103084,-0.046205278064370345
2026-05-12,2026,706,71,0.3059490084985836,-0.030291606923300348,0.352112676056338,-0.0073388093737372425,-0.0183148018140466,0.352112676056338,-0.0071655260004356075,-0.0030013622672704493,0.2676056338028169,-0.029977311172836273,-0.04811568806795926,0.43661971830985913,0.020106872991806714,-0.004607648225435116,0.4084507042253521,0.0127326153921559,-0.02380322067627799
2026-05-13,2026,704,71,0.2840909090909091,-0.007040217604758588,0.2676056338028169,-0.03626883201980599,-0.03557718698114418,0.29577464788732394,-0.027630499264160814,-0.02767566114755605,0.2112676056338028,-0.05370240609895568,-0.08491430268618094,0.36619718309859156,-0.0038349124578712706,-0.028503705167917035,0.3380281690140845,-0.012646636035070121,-0.04302714547443487
2026-05-14,2026,706,71,0.31869688385269124,0.005562122841015675,0.38028169014084506,0.0016941156946433584,0.00028239973663219076,0.39436619718309857,0.004439410209447775,0.01594549573425445,0.28169014084507044,-0.027079391365155338,-0.0514018143593339,0.4084507042253521,0.014044658567836932,-0.0045280515983606604,0.352112676056338,-0.0057890662945671335,-0.026944255954720813
2026-05-15,2026,705,71,0.41134751773049644,-0.014647863730618094,0.5774647887323944,0.06319685050138522,0.019565683763314197,0.5774647887323944,0.06310751020124725,0.007367223148205474,0.5774647887323944,0.06778886991274313,-0.026737834734015548,0.6056338028169014,0.0777354038156214,0.008183051156669863,0.6197183098591549,0.08133773867558325,0.0014245709371116814
2026-05-18,2026,704,71,0.39204545454545453,-0.03711267435698948,0.6056338028169014,0.07665766300456577,0.03619328212608781,0.5492957746478874,0.05376257234887003,-0.0028146863315581983,0.5633802816901409,0.06119347905629867,-0.0481188723246604,0.5352112676056338,0.0622524930779513,-0.00965479510433165,0.5774647887323944,0.07505107728071685,-0.0219199286306593
2026-05-19,2026,702,71,0.42450142450142453,-0.061510629596483346,0.704225352112676,0.10250894814692516,0.034350440519423694,0.6056338028169014,0.0743327332447812,-0.0015767334460949755,0.647887323943662,0.08862682537138396,-0.05893350874590202,0.6056338028169014,0.0786780757461094,-0.02253150873612436,0.704225352112676,0.10477637376727397,-0.030688270033200207
2026-05-20,2026,698,70,0.3939828080229226,-0.041736703747754685,0.6285714285714286,0.08132766225875142,0.04906847832342783,0.5571428571428572,0.05892290683235999,-0.0028788511628188565,0.5857142857142857,0.06629262142583807,-0.060796741224513874,0.5428571428571428,0.05959571551203047,-0.01689047438053796,0.6285714285714286,0.07872703913093114,-0.01953121180095329
2026-05-21,2026,699,70,0.32331902718168815,-0.04389099689881869,0.5857142857142857,0.07156204588193471,0.07430321594981262,0.5,0.039558852276048745,0.036875230489856366,0.45714285714285713,0.03061436527845005,-0.03326905426344526,0.5142857142857142,0.04786699011506491,0.005187971732633787,0.5142857142857142,0.05317038557957923,-0.013465585385837224
2026-05-22,2026,697,70,0.2381635581061693,-0.06270604429797526,0.4,0.009060530563249698,0.014717773802885525,0.45714285714285713,0.02895824120999342,0.04077073305870064,0.2571428571428571,-0.036238965564334834,-0.0846154904699329,0.3,-0.023805164187302504,-0.04546240330872509,0.32857142857142857,-0.014651419438390567,-0.03880375029679611
2026-05-25,2026,702,71,0.2150997150997151,-0.057919126353744216,0.3380281690140845,-0.013508943189827377,-0.00038380381362395797,0.2535211267605634,-0.037314701922857206,-0.018902654351946765,0.2112676056338028,-0.05399222163513741,-0.10157924211945878,0.22535211267605634,-0.048103395959870544,-0.06845050508766859,0.28169014084507044,-0.03201072694820815,-0.04739937780971044
2026-05-26,2026,701,71,0.19258202567760344,-0.02329353368920669,0.22535211267605634,-0.04708268227610689,0.021521495099762526,0.16901408450704225,-0.07010292403974766,0.004144897511658263,0.1267605633802817,-0.08386688902540089,-0.08189713380295638,0.16901408450704225,-0.0637871360689069,-0.04965917841119177,0.2112676056338028,-0.05366300722832192,-0.028234470001905685
2026-05-27,2026,701,71,0.2225392296718973,7.535055399513438e-05,0.28169014084507044,-0.036379692015111875,0.058972766810496464,0.29577464788732394,-0.028464432122174633,0.03642986140618957,0.16901408450704225,-0.06773252496946391,-0.029341070502480197,0.22535211267605634,-0.050382401009913244,-0.02992950866773852,0.2535211267605634,-0.04805023541639524,0.002636153108167953
2026-05-28,2026,708,71,0.19491525423728814,-0.008728777375852715,0.16901408450704225,-0.07144882739696647,-0.0017187890332463665,0.1267605633802817,-0.081857793481536,-0.024488161985734967,0.09859154929577464,-0.09519480097406145,-0.03175598394395228,0.19718309859154928,-0.0609034763067085,-0.042857893074552,0.23943661971830985,-0.05288779697245381,-0.02441052376637696
2026-05-29,2026,717,72,0.15341701534170155,-0.007737561454951671,0.1111111111111111,-0.08978442873226185,-0.02264837010969408,0.1388888888888889,-0.07924806509450016,-0.010267550765123812,0.08333333333333333,-0.09528112466906408,-0.03210366156307615,0.16666666666666666,-0.07063833164049746,-0.04058837733902414,0.18055555555555555,-0.06705747958285405,-0.018796320992665903
2026-06-01,2026,721,73,0.10679611650485436,-0.023061387691925464,0.0821917808219178,-0.0978545302856925,0.004144684806275244,0.0821917808219178,-0.09670131896993435,0.013715271224671076,0.0684931506849315,-0.10506375690745258,-0.006992418154181608,0.1232876712328767,-0.08769241004160677,-0.021715507302771084,0.0958904109589041,-0.09655567220142719,-0.034259445941208756
2026-06-02,2026,730,73,0.09452054794520548,-0.032176045669673956,0.0821917808219178,-0.09930030958660453,0.008518137498383269,0.1095890410958904,-0.09281730514749736,-0.01183557895527663,0.1232876712328767,-0.08837610583937386,0.017545931481021754,0.136986301369863,-0.08511022404124112,-0.0013739072527355106,0.1232876712328767,-0.08891085505694199,-0.016125234900560226
2026-06-03,2026,738,74,0.0989159891598916,-0.02281396656477693,0.14864864864864866,-0.08222494865725706,0.0369418284034164,0.14864864864864866,-0.08171771729600369,0.02085549719173926,0.1891891891891892,-0.07245146707970308,0.05341026012846999,0.17567567567567569,-0.07662675097380676,0.04041836228530869,0.17567567567567569,-0.07385644253723105,0.04645606081443862
2026-06-04,2026,744,75,0.10752688172043011,-0.011497476487706146,0.22666666666666666,-0.05556054263555566,0.08359606541896886,0.16,-0.07374310957870768,0.05259778013600195,0.24,-0.046673405989063506,0.095693469905695,0.18666666666666668,-0.0687426903564589,0.0662786232055401,0.26666666666666666,-0.040860711939681306,0.07914822987531629
2026-06-05,2026,743,75,0.3674293405114401,0.006641174115562281,0.6266666666666667,0.09081127372861979,0.11908820750213941,0.5866666666666667,0.08263338949080468,0.09688443969696182,0.64,0.09829130873195324,0.11120982494368682,0.6266666666666667,0.09805219758407903,0.09479639231327815,0.68,0.10560841456098957,0.11260308028624422
2026-06-08,2026,746,75,0.25067024128686327,-0.010252418397936069,0.44,0.02320410608971524,0.03357385791864979,0.38666666666666666,0.011629294069218143,0.02851299278597354,0.4266666666666667,0.021012039592368897,0.011670422513502416,0.37333333333333335,0.01286203149110652,0.00637299376258309,0.4,0.018482160538092488,0.02557222056180602
2026-06-09,2026,743,75,0.23687752355316286,-0.013109175616962808,0.4,0.012064931039608791,0.033983135512702774,0.37333333333333335,0.0032432804766470325,0.01699768254303533,0.3466666666666667,-0.0026520370288255417,0.009509827881329303,0.37333333333333335,0.006122414917384512,0.004333020332552732,0.38666666666666666,0.013776148110261784,0.03018351477268526
2026-06-10,2026,747,75,0.29049531459170014,-0.023082681140138152,0.6,0.08148565939863527,0.05172771469372346,0.5733333333333334,0.08066164145324581,0.02820521066873309,0.5733333333333334,0.08048264982296487,0.02596381085265514,0.5866666666666667,0.0837322646273834,0.02189939413527607,0.64,0.1007656542029912,0.051747170531150355
2026-06-11,2026,744,75,0.2446236559139785,-0.024943155655749828,0.56,0.06550647867491158,-0.01150690275753533,0.5066666666666667,0.04605643117085448,-0.03374387039314494,0.48,0.047799281234381534,-0.03636296992083979,0.52,0.05198252207282527,-0.04958420844099962,0.6,0.07635673936616402,-0.003846876067034266
2026-06-12,2026,746,75,0.225201072386059,-0.022847536158772972,0.5733333333333334,0.06452236578388183,-0.0324316012445651,0.5733333333333334,0.067596984509921,-0.033251154296095826,0.5066666666666667,0.047898169779673205,-0.05253990302261561,0.56,0.06201816117845235,-0.055536815161430095,0.56,0.05993993174836329,-0.03910314554752852
2026-06-15,2026,746,75,0.19571045576407506,-0.021783040344946835,0.49333333333333335,0.04032170472571623,-0.05017536689504104,0.4666666666666667,0.03538794072880339,-0.05164152567621848,0.4533333333333333,0.03224072052960328,-0.05187042377018244,0.4266666666666667,0.01877758390781478,-0.06847728926857678,0.4266666666666667,0.018453456097199242,-0.06216229064904149
2026-06-16,2026,748,75,0.2286096256684492,-0.023015263355817137,0.64,0.08758156373797461,-0.06798396636197077,0.5866666666666667,0.07256640256651133,-0.07402560543802743,0.5066666666666667,0.05165594026426579,-0.06852511485679548,0.5066666666666667,0.048115508864615415,-0.07347313787639158,0.5066666666666667,0.049536931097728804,-0.07976132964564615
2026-06-17,2026,752,76,0.16888297872340424,-0.014359496000393854,0.39473684210526316,0.00566194801926945,-0.11559748562404214,0.3684210526315789,0.0016424156059301402,-0.11993470908977275,0.34210526315789475,-0.006649143705955496,-0.10095770357243615,0.35526315789473684,-0.0057331745639729184,-0.11626099288122516,0.35526315789473684,-0.006190643597769657,-0.1089927632323388
2026-06-18,2026,755,76,0.10198675496688742,-0.012533940575003594,0.11842105263157894,-0.07821649723770963,-0.1707013181639682,0.11842105263157894,-0.07653093956119571,-0.16585695890542368,0.11842105263157894,-0.07902789665208816,-0.14590584191455988,0.13157894736842105,-0.07395631395705547,-0.15709605670542212,0.11842105263157894,-0.0777227644087864,-0.16621023290641188
2026-06-22,2026,756,76,0.08994708994708994,-0.009616465534200756,0.15789473684210525,-0.06534396246696299,-0.14746200703385767,0.15789473684210525,-0.0641999009963804,-0.14463483164605098,0.14473684210526316,-0.0679253324577603,-0.13260429857310937,0.15789473684210525,-0.06345822002174288,-0.13987991361759902,0.13157894736842105,-0.06888756172840535,-0.1584967580141284
2026-06-23,2026,753,76,0.13678618857901725,-0.020577503220788232,0.27631578947368424,-0.030235378903721147,-0.1446032434546296,0.25,-0.04007562428561812,-0.12919083563360778,0.25,-0.03692927861081637,-0.12105515866427902,0.25,-0.040136524614898667,-0.12572139237152774,0.23684210526315788,-0.04079214141817229,-0.15935646860103655
2026-06-24,2026,752,76,0.10372340425531915,-0.04438952474030751,0.19736842105263158,-0.05481070947536634,-0.19223907320284986,0.17105263157894737,-0.06234999893946838,-0.18639002525638976,0.17105263157894737,-0.058903241475941615,-0.17278979904206623,0.17105263157894737,-0.06121696722556365,-0.17286117406373683,0.14473684210526316,-0.06558605694490682,-0.19278110597102258
2026-06-25,2026,755,76,0.1337748344370861,-0.045542868041392195,0.2236842105263158,-0.048731550289473444,-0.20415856280490613,0.25,-0.038554097219812865,-0.18074549350132854,0.18421052631578946,-0.05903610206329892,-0.19553528847589108,0.23684210526315788,-0.04194873319564882,-0.17834092456450107,0.19736842105263158,-0.05340758891837294,-0.19738693877683988
2026-06-26,2026,749,75,0.1842456608811749,-0.0441779053724949,0.28,-0.027564549126180882,-0.19322920460515688,0.36,-0.0002323978656082115,-0.17570158622755275,0.3333333333333333,-0.012987255323576967,-0.1926692127240621,0.30666666666666664,-0.017146169860765306,-0.18560213765442768,0.22666666666666666,-0.04237094287684771,-0.1920519699973464
2026-06-29,2026,750,75,0.14933333333333335,-0.020970111818183253,0.29333333333333333,-0.026551204138125326,-0.183226515766582,0.36,-0.004750113439200371,-0.1784761963401624,0.29333333333333333,-0.027412268764749625,-0.1863282469866581,0.29333333333333333,-0.024522249834173154,-0.18092144472256363,0.29333333333333333,-0.026438532250417885,-0.17429639756746054
2026-06-30,2026,748,75,0.08689839572192513,-0.005766784376883831,0.16,-0.06764930105958923,-0.20795715476022159,0.17333333333333334,-0.0620863980700117,-0.20334685243762687,0.14666666666666667,-0.07084948561899776,-0.21843282695028737,0.17333333333333334,-0.06100395746897033,-0.2066787241591563,0.12,-0.0786876880438402,-0.19114596319219995
2026-07-01,2026,745,75,0.10469798657718121,-0.02691152412065531,0.24,-0.03850434892688271,-0.2259268738714772,0.29333333333333333,-0.0198499945348946,-0.2389458097724373,0.2,-0.05229587637491453,-0.2341921032760134,0.24,-0.037502922633665614,-0.232196621833951,0.17333333333333334,-0.06104269136366767,-0.21479552818399114
2026-07-02,2026,739,74,0.07983761840324763,-0.10445515491675926,0.1891891891891892,-0.05750396982482744,-0.2970688981790467,0.1891891891891892,-0.056139138119288765,-0.2990962714041856,0.0945945945945946,-0.08572763579621331,-0.2887120013901554,0.13513513513513514,-0.07261390506878793,-0.29851371202812854,0.08108108108108109,-0.08899415419725225,-0.2730688546659428
2026-07-03,2026,737,74,0.031207598371777476,-0.0813551245148058,0.02702702702702703,-0.10715531629725498,-0.269664641272894,0.04054054054054054,-0.10103497940698349,-0.2779048004754123,0.013513513513513514,-0.1083425018818088,-0.24699374667243928,0.013513513513513514,-0.10920834134241825,-0.2615775641090562,0.0,-0.11243480330081801,-0.22597286056978208
2026-07-06,2026,739,74,0.04330175913396482,-0.057068187684021575,0.05405405405405406,-0.09931279163287411,-0.2228285103942237,0.05405405405405406,-0.09870380293373747,-0.2254851479613668,0.02702702702702703,-0.1065560464986791,-0.18927145809581,0.05405405405405406,-0.0980740211416864,-0.20299218879826766,0.04054054054054054,-0.10183169278811241,-0.16586364277661902
2026-07-07,2026,736,74,0.058423913043478264,-0.06312542637145267,0.12162162162162163,-0.08040735292736274,-0.19092097932939078,0.13513513513513514,-0.07612925545768268,-0.17619216644651012,0.0945945945945946,-0.08512947466215215,-0.180724727931355,0.08108108108108109,-0.08874347749674787,-0.17860088653407785,0.06756756756756757,-0.09548370974055943,-0.16289166017749665
2026-07-08,2026,728,73,0.05357142857142857,-0.05278241611753755,0.0821917808219178,-0.09028932214620758,-0.18573700587270386,0.0958904109589041,-0.08609353716460881,-0.18837097660623908,0.0684931506849315,-0.0921914735365777,-0.17086490845089286,0.0684931506849315,-0.09412359479032337,-0.1810355572893831,0.0684931506849315,-0.0943335841628049,-0.16170271841978148
2026-07-09,2026,728,73,0.050824175824175824,-0.04600407374207604,0.0410958904109589,-0.10428029090075074,-0.20092279757537343,0.0547945205479452,-0.09976329019521744,-0.19292244509665507,0.0273972602739726,-0.10862454117025841,-0.19555451927032086,0.0410958904109589,-0.10344316827510841,-0.19616665050673116,0.0136986301369863,-0.11128707096851267,-0.1843304299218761
2026-07-13,2026,727,73,0.04264099037138927,-0.040813730583772995,0.0821917808219178,-0.09210225530693725,-0.15275398184690256,0.0958904109589041,-0.08853585033193685,-0.17082283267305032,0.0410958904109589,-0.10450014430175843,-0.14684179403833675,0.0684931506849315,-0.09601681870460557,-0.14847923708760238,0.0273972602739726,-0.10858558262018582,-0.12319056419298569
2026-07-14,2026,727,73,0.03851444291609354,-0.03901337559564011,0.0273972602739726,-0.11416263592899696,-0.15535253632527268,0.0273972602739726,-0.11232157924976614,-0.15303607199188748,0.0,-0.12070310744978256,-0.152050089638543,0.0273972602739726,-0.11372254952318839,-0.1521876433773906,0.0273972602739726,-0.1128179573299279,-0.116808431272132
2026-07-15,2026,723,73,0.035961272475795295,-0.04061662292538276,0.0273972602739726,-0.11699437957118629,-0.1296344245621181,0.0410958904109589,-0.11131301098525662,-0.14679620387713083,0.0,-0.12242853714451025,-0.13842862111096058,0.0136986301369863,-0.11932129599576814,-0.14134276139627655,0.0136986301369863,-0.11745847296586588,-0.09137171219895354
2026-07-16,2026,724,73,0.06077348066298342,-0.05355260155907428,0.0273972602739726,-0.10530519706873044,-0.10937589230155921,0.0410958904109589,-0.09960844405478624,-0.1141835819463133,0.0136986301369863,-0.11319896022352018,-0.10350322325080258,0.0136986301369863,-0.10851507272126744,-0.12027609741624859,0.0136986301369863,-0.10721048659285194,-0.07132694955109939
2026-07-17,2026,725,73,0.0910344827586207,-0.06139081834523485,0.0684931506849315,-0.09625001021209882,-0.09274874254580648,0.0821917808219178,-0.09403109895837541,-0.07617164085920673,0.0684931506849315,-0.09382582300559063,-0.10112853857559818,0.0547945205479452,-0.10191957927365962,-0.10940874684406034,0.0547945205479452,-0.10020617102222923,-0.07318178438968342
2026-07-20,2026,723,73,0.1078838174273859,-0.042732197801323035,0.0958904109589041,-0.08620030680612799,-0.060759443200901445,0.0821917808219178,-0.09267162152901527,-0.04266781618163458,0.0684931506849315,-0.08519993655360969,-0.06929838407258741,0.0958904109589041,-0.08748492653310952,-0.07248869336788255,0.0684931506849315,-0.09701423952857402,-0.024793640820953217
2026-07-21,2026,724,73,0.058011049723756904,-0.0241801142565012,0.0136986301369863,-0.11239063165762896,-0.08450646362807558,0.0136986301369863,-0.11383853956771191,-0.07807424401684761,0.0547945205479452,-0.09427478164145305,-0.07053456261048649,0.0136986301369863,-0.11338059608944939,-0.08785529996357588,0.0136986301369863,-0.11291748425449342,-0.06416980600717886
2026-07-22,2026,723,73,0.03872752420470263,-0.016947911822244307,0.0136986301369863,-0.11062572188610405,-0.06937972998879433,0.0136986301369863,-0.11309011657060292,-0.07573263220336482,0.0410958904109589,-0.10116019746602518,-0.06188211637951982,0.0136986301369863,-0.11058529060145439,-0.06595220683796826,0.0136986301369863,-0.11251303220164413,-0.06597979401983199
2026-07-23,2026,724,73,0.04696132596685083,-0.011882567754161777,0.0273972602739726,-0.11098157778810079,-0.028053209793316033,0.0136986301369863,-0.11300957855386913,-0.03990353447581272,0.0410958904109589,-0.09966511421199893,-0.050975793763306354,0.0273972602739726,-0.10929586611879932,-0.034314618139983384,0.0273972602739726,-0.11010800756607761,-0.040033017368167494
2026-07-24,2026,723,73,0.04564315352697095,-0.023944122471360667,0.0136986301369863,-0.1170058796621768,-0.023740682850271914,0.0136986301369863,-0.11285398060828397,-0.043260902775571486,0.0684931506849315,-0.08918855927382488,-0.044414012590238756,0.0136986301369863,-0.11335079581739468,-0.03631279841736325,0.0136986301369863,-0.11486697939943333,-0.02812412649960652
2026-07-27,2026,721,73,0.08599167822468794,-0.02165116747958454,0.0684931506849315,-0.09304748697308225,0.019218767118394726,0.0410958904109589,-0.10107244993921984,-0.0021094503398472156,0.136986301369863,-0.06465036647726095,-0.01421788406869709,0.0547945205479452,-0.09570506575288149,-0.0042335708905318434,0.0547945205479452,-0.09025397629396631,0.00022624297462486766
2026-07-28,2026,717,72,0.1394700139470014,-0.021220257680196742,0.08333333333333333,-0.09882846280147829,0.05831533880948087,0.06944444444444445,-0.10656449959388112,0.057177692176318295,0.1527777777777778,-0.05088742812921205,0.0009727616930922389,0.08333333333333333,-0.0978213332323842,0.027043838049525717,0.05555555555555555,-0.10687251671691292,0.05678832989735345
2026-07-29,2026,720,72,0.4375,-0.008504959733565744,0.9305555555555556,0.16739823493238612,0.20368154662839297,0.9722222222222222,0.181863415324629,0.19425910634119237,0.7083333333333334,0.13039835055492965,0.06966196924749132,0.875,0.1625014787839683,0.17357931648382524,0.9583333333333334,0.1779170323833345,0.21374292142340895
2026-07-30,2026,715,72,0.34265734265734266,0.036438616806554754,0.7638888888888888,0.13226029054014335,0.20516961301781006,0.8194444444444444,0.15279576796882965,0.19120496448623475,0.4305555555555556,0.06752977244647865,0.09054560065392797,0.6527777777777778,0.10861104091040029,0.16769602296090425,0.7916666666666666,0.14095737427075342,0.20960223966966765
2026-07-31,2026,712,72,0.375,0.0530818052782331,0.8472222222222222,0.1609465852723872,0.2206059240186643,0.8472222222222222,0.1657266709605617,0.21019094904984115,0.6527777777777778,0.12313417477197132,0.12365106987236091,0.7916666666666666,0.1543929195193962,0.19104851527028233,0.8611111111111112,0.16662380628073148,0.22241160726523893
2026-08-03,2026,708,71,0.2838983050847458,0.017379526767164265,0.676056338028169,0.11165968336419906,0.09170352248005624,0.7605633802816901,0.1326761242181543,0.08919307411494437,0.49295774647887325,0.0817785480165156,0.05774353925523561,0.676056338028169,0.1118242561048933,0.09681703098325448,0.7183098591549296,0.12462092912625587,0.09908980444058148
2026-08-04,2026,707,71,0.16973125884016974,-0.007316585284929093,0.352112676056338,0.026572724895137522,0.05227177019932832,0.352112676056338,0.03177107681358755,0.05422602227462278,0.2535211267605634,0.01326531818510261,0.0006501427461790152,0.323943661971831,0.012265634958209431,0.03281438027770591,0.29577464788732394,0.015852502363384976,0.036962507641878646
2026-08-05,2026,697,70,0.18938307030129126,0.004965297287964476,0.5,0.06998523367993464,0.07322870853954062,0.4714285714285714,0.06568533583846414,0.07359225701261393,0.24285714285714285,0.025772925830097285,0.003206866984606068,0.4714285714285714,0.05979522591445796,0.05850387544142766,0.45714285714285713,0.06578391512029902,0.0628343251758862
2026-08-06,2026,701,71,0.15977175463623394,-0.017426529158375736,0.39436619718309857,0.01870847583968331,0.00035821887643717885,0.36619718309859156,0.016315635997285863,-0.0024235282603374607,0.23943661971830985,0.012987292509749287,-0.011343246910636423,0.352112676056338,0.013773217916981882,-0.008323077443802436,0.323943661971831,0.007240969484136916,-0.00956495523994789
2026-08-07,2026,698,70,0.1518624641833811,-0.02189642642495682,0.4,0.04132399199415972,0.031185368206000222,0.37142857142857144,0.03968306790791879,0.007521814792753721,0.22857142857142856,0.035374445366614396,0.0029651542455712268,0.4,0.04407100118378503,0.023920385432481654,0.4,0.049749096761691994,0.019971748995104895
2026-08-10,2026,697,70,0.14777618364418937,-0.04886763587841081,0.44285714285714284,0.038404364347297826,0.02471742983807715,0.4714285714285714,0.044075261432890436,0.00967794652857167,0.2714285714285714,0.03197077574515154,-0.016231589782521358,0.44285714285714284,0.039698610982421875,0.022180263777880134,0.38571428571428573,0.02507622846889384,0.010850058943793137
2026-08-11,2026,689,69,0.14078374455732948,-0.04841426899939051,0.391304347826087,0.017073495206561203,0.011174430808298707,0.37681159420289856,0.019152922236444644,-0.007890021199570042,0.2463768115942029,0.007205358514483406,-0.02859637710753235,0.37681159420289856,0.016972845880972885,0.003965600764635088,0.3333333333333333,0.009759995765556228,-0.0009861740606132358
2026-08-12,2026,682,69,0.11290322580645161,-0.04194701442909444,0.30434782608695654,-0.013522589669517127,0.008222430564001813,0.2608695652173913,-0.022985834337536634,-0.0023223392279663095,0.2753623188405797,0.007032654700503162,-0.013119563704506789,0.30434782608695654,-0.011465634520049351,-0.0036753501015202527,0.2608695652173913,-0.022534810257536664,-0.018231507700686978
2026-08-13,2026,678,68,0.11209439528023599,-0.03622506724002653,0.3235294117647059,-0.014263891133737197,0.0047967114226433625,0.3235294117647059,-0.010741001858271971,0.02067494556713063,0.20588235294117646,-0.014804245430263525,-0.015043595597585214,0.3235294117647059,-0.011743435464023207,0.012071987553281732,0.27941176470588236,-0.0265689695274965,-0.008285841054476962
2026-08-14,2026,672,68,0.11458333333333333,-0.031362330021708455,0.2647058823529412,-0.020493668551908633,-0.006800647739658305,0.2647058823529412,-0.013012606484041329,-0.0003414372145635254,0.23529411764705882,-0.00445724637363661,-0.005722140578981745,0.27941176470588236,-0.012590428880460958,0.0049639025024982505,0.23529411764705882,-0.031041071850304084,-0.014189873641425325
2026-08-17,2026,671,68,0.09836065573770492,-0.0285553798109057,0.17647058823529413,-0.04975935040799916,-0.007537000859057295,0.20588235294117646,-0.028302730967242874,-0.006304736500192968,0.16176470588235295,-0.017189922970108518,-0.0035557324466358843,0.17647058823529413,-0.04893543178306139,-0.017751123031724894,0.14705882352941177,-0.059053567387796296,-0.031272931382858235
2026-08-18,2026,674,68,0.1824925816023739,-0.03858946674654436,0.5441176470588235,0.07103033974023411,0.0018898768840506786,0.5294117647058824,0.07112350767031264,0.009204830319152094,0.29411764705882354,0.028695311048414593,-0.014054023498313872,0.5147058823529411,0.0633109281111231,-0.001258792577773767,0.4411764705882353,0.04623838701769352,-0.022961278699560002
2026-08-19,2026,671,68,0.13412816691505217,-0.03785210845873321,0.38235294117647056,0.02183301395490113,0.008403644867548677,0.36764705882352944,0.010753515847302235,-0.0016776937829688528,0.2647058823529412,0.0010265677340103013,-0.002658697222035012,0.38235294117647056,0.026274529782405662,0.010077386991536008,0.3088235294117647,0.0008859901457274268,-0.012490214593019066
2026-08-20,2026,673,68,0.13818722139673106,-0.04108532515143563,0.4264705882352941,0.03773146087345042,0.011804597799420885,0.36764705882352944,0.01569295571816912,-0.005872129970878755,0.3382352941176471,0.032775902320254686,0.011586677475313693,0.38235294117647056,0.0276983467201747,0.001388677074848095,0.36764705882352944,0.01988509198729157,-0.01726729979704661
2026-08-21,2026,671,68,0.14605067064083457,-0.03678719704417213,0.5294117647058824,0.06503320969142935,0.06078616557178924,0.47058823529411764,0.05502229529009666,0.04178439172534413,0.3088235294117647,0.023342599909594995,0.005828081231587871,0.4264705882352941,0.04901924396370954,0.04671541670264176,0.45588235294117646,0.04439791412188837,0.03187223956890386
2026-08-24,2026,667,67,0.18590704647676162,-0.053832779855715454,0.6119402985074627,0.09479056850316156,0.04738691524941893,0.5373134328358209,0.08171488252163958,0.044560021701652415,0.40298507462686567,0.05213845449608413,-0.013709563906668942,0.5522388059701493,0.0888164556722776,0.04487258102824955,0.6119402985074627,0.09085774977437078,0.027847878140745592
2026-08-25,2026,661,67,0.15431164901664146,-0.0559545659356106,0.44776119402985076,0.05942104060324726,0.0280831888126013,0.43283582089552236,0.0583996936108068,0.027591174725859285,0.31343283582089554,0.0262768936369823,-0.03393873122900088,0.40298507462686567,0.05214204920466934,0.023946011509571277,0.4626865671641791,0.059201123646582254,0.012059177954521253
2026-08-26,2026,659,66,0.11380880121396054,-0.057678888556126635,0.2878787878787879,0.010229376131604854,0.0070813879648096295,0.3484848484848485,0.023883809155360845,0.011161334434341221,0.2727272727272727,0.012610690861253465,-0.03624229135812417,0.30303030303030304,0.009704261305918912,0.011338507830860284,0.2727272727272727,0.003672445236821881,-0.008675006470793256
2026-08-27,2026,653,66,0.09494640122511486,-0.05804524906089654,0.22727272727272727,-0.024683153701727367,-0.0075091286277165,0.25757575757575757,-0.017271379510280245,-0.009757480658970738,0.18181818181818182,-0.015322269939769505,-0.038494991603152756,0.21212121212121213,-0.023746003757086968,-0.007522257676590792,0.24242424242424243,-0.019699894752809113,-0.00595161994510978
2026-08-28,2026,646,65,0.1130030959752322,-0.0493393353190482,0.26153846153846155,-0.005926582707249045,0.0038721179511148874,0.27692307692307694,-0.009405549635720408,0.002366518057444372,0.1076923076923077,-0.026808847711723843,-0.0513779459934087,0.3076923076923077,0.010010931922266117,0.01804853660593653,0.27692307692307694,0.00036541165155081254,-0.0017686863838139624
2026-08-31,2026,647,65,0.11901081916537867,-0.036106560892472356,0.26153846153846155,-0.007370104685958206,0.015358792254989408,0.3076923076923077,0.0022918231538936323,0.023603169515678632,0.15384615384615385,-0.018121052741915136,-0.01779716675782468,0.27692307692307694,0.0010807127794047542,0.022564543310651244,0.2153846153846154,-0.009256838961913904,0.00022124698783505025
2026-09-01,2026,645,65,0.11162790697674418,-0.03624920057123778,0.2923076923076923,0.002048463012730022,0.04223162882048707,0.26153846153846155,-0.008174538065210004,0.044653615748523404,0.2153846153846154,0.00030281134900165776,0.03165147168103887,0.26153846153846155,-0.011573016775671418,0.031199991315175934,0.2923076923076923,0.007991471773400252,0.041157245973334255
2026-09-02,2026,641,65,0.10140405616224649,-0.039712236894037835,0.27692307692307694,-0.02144711084016546,0.042133713075545864,0.26153846153846155,-0.008107114919659804,0.04013268197748809,0.2,-0.024318096033057356,0.04191166200405902,0.24615384615384617,-0.012678505621994074,0.017452312234006576,0.26153846153846155,-0.010490735304476934,0.02959618858465239
