year,fold,date,min_turnover20_twd,eligible,top_n,positives,base_rate,logistic,hist_gradient_boosting,mom60_skip5,mom20
2024,2024-10-01,2024-10-01,10000000,692,70,26,0.03757225433526012,0.12857142857142856,0.11428571428571428,0.14285714285714285,0.17142857142857143
2024,2024-10-01,2024-10-01,30000000,513,52,17,0.03313840155945419,0.15384615384615385,0.11538461538461539,0.1346153846153846,0.15384615384615385
2024,2024-10-01,2024-10-01,100000000,336,34,12,0.03571428571428571,0.14705882352941177,0.14705882352941177,0.17647058823529413,0.14705882352941177
2024,2024-10-01,2024-10-04,10000000,694,70,29,0.04178674351585014,0.12857142857142856,0.1,0.12857142857142856,0.15714285714285714
2024,2024-10-01,2024-10-04,30000000,517,52,21,0.04061895551257253,0.15384615384615385,0.11538461538461539,0.15384615384615385,0.17307692307692307
2024,2024-10-01,2024-10-04,100000000,337,34,16,0.04747774480712166,0.20588235294117646,0.17647058823529413,0.17647058823529413,0.17647058823529413
2024,2024-10-01,2024-10-07,10000000,686,69,21,0.030612244897959183,0.11594202898550725,0.14492753623188406,0.11594202898550725,0.11594202898550725
2024,2024-10-01,2024-10-07,30000000,513,52,14,0.02729044834307992,0.11538461538461539,0.1346153846153846,0.1346153846153846,0.09615384615384616
2024,2024-10-01,2024-10-07,100000000,334,34,10,0.029940119760479042,0.14705882352941177,0.14705882352941177,0.14705882352941177,0.11764705882352941
2024,2024-10-01,2024-10-08,10000000,683,69,28,0.040995607613469986,0.10144927536231885,0.10144927536231885,0.17391304347826086,0.08695652173913043
2024,2024-10-01,2024-10-08,30000000,516,52,20,0.03875968992248062,0.1346153846153846,0.09615384615384616,0.17307692307692307,0.07692307692307693
2024,2024-10-01,2024-10-08,100000000,337,34,13,0.03857566765578635,0.08823529411764706,0.08823529411764706,0.17647058823529413,0.058823529411764705
2024,2024-10-01,2024-10-09,10000000,687,69,28,0.040756914119359534,0.10144927536231885,0.13043478260869565,0.14492753623188406,0.08695652173913043
2024,2024-10-01,2024-10-09,30000000,518,52,20,0.03861003861003861,0.11538461538461539,0.15384615384615385,0.15384615384615385,0.07692307692307693
2024,2024-10-01,2024-10-09,100000000,337,34,11,0.032640949554896145,0.029411764705882353,0.058823529411764705,0.08823529411764706,0.058823529411764705
2024,2024-10-01,2024-10-11,10000000,692,70,32,0.046242774566473986,0.15714285714285714,0.12857142857142856,0.14285714285714285,0.07142857142857142
2024,2024-10-01,2024-10-11,30000000,520,52,25,0.04807692307692308,0.17307692307692307,0.15384615384615385,0.17307692307692307,0.07692307692307693
2024,2024-10-01,2024-10-11,100000000,337,34,15,0.04451038575667656,0.11764705882352941,0.08823529411764706,0.11764705882352941,0.058823529411764705
2024,2024-10-01,2024-10-14,10000000,688,69,26,0.0377906976744186,0.11594202898550725,0.11594202898550725,0.10144927536231885,0.08695652173913043
2024,2024-10-01,2024-10-14,30000000,520,52,21,0.04038461538461539,0.15384615384615385,0.15384615384615385,0.11538461538461539,0.09615384615384616
2024,2024-10-01,2024-10-14,100000000,340,34,11,0.03235294117647059,0.08823529411764706,0.058823529411764705,0.058823529411764705,0.029411764705882353
2024,2024-10-01,2024-10-15,10000000,692,70,23,0.033236994219653176,0.11428571428571428,0.12857142857142856,0.1,0.08571428571428572
2024,2024-10-01,2024-10-15,30000000,522,53,18,0.034482758620689655,0.1320754716981132,0.1320754716981132,0.11320754716981132,0.07547169811320754
2024,2024-10-01,2024-10-15,100000000,338,34,10,0.029585798816568046,0.08823529411764706,0.11764705882352941,0.08823529411764706,0.058823529411764705
2024,2024-10-01,2024-10-16,10000000,691,70,24,0.03473227206946455,0.11428571428571428,0.14285714285714285,0.1,0.08571428571428572
2024,2024-10-01,2024-10-16,30000000,527,53,20,0.03795066413662239,0.1320754716981132,0.1509433962264151,0.09433962264150944,0.11320754716981132
2024,2024-10-01,2024-10-16,100000000,343,35,9,0.026239067055393587,0.08571428571428572,0.14285714285714285,0.08571428571428572,0.08571428571428572
2024,2024-10-01,2024-10-17,10000000,692,70,24,0.03468208092485549,0.07142857142857142,0.08571428571428572,0.1,0.07142857142857142
2024,2024-10-01,2024-10-17,30000000,527,53,17,0.03225806451612903,0.07547169811320754,0.09433962264150944,0.07547169811320754,0.07547169811320754
2024,2024-10-01,2024-10-17,100000000,341,35,11,0.03225806451612903,0.08571428571428572,0.11428571428571428,0.05714285714285714,0.08571428571428572
2024,2024-10-01,2024-10-18,10000000,687,69,23,0.033478893740902474,0.08695652173913043,0.11594202898550725,0.057971014492753624,0.07246376811594203
2024,2024-10-01,2024-10-18,30000000,529,53,19,0.035916824196597356,0.09433962264150944,0.1320754716981132,0.05660377358490566,0.09433962264150944
2024,2024-10-01,2024-10-18,100000000,340,34,12,0.03529411764705882,0.08823529411764706,0.11764705882352941,0.058823529411764705,0.08823529411764706
2024,2024-10-01,2024-10-21,10000000,685,69,15,0.021897810218978103,0.057971014492753624,0.11594202898550725,0.057971014492753624,0.057971014492753624
2024,2024-10-01,2024-10-21,30000000,530,53,13,0.024528301886792454,0.07547169811320754,0.11320754716981132,0.03773584905660377,0.07547169811320754
2024,2024-10-01,2024-10-21,100000000,336,34,7,0.020833333333333332,0.058823529411764705,0.08823529411764706,0.029411764705882353,0.08823529411764706
2024,2024-10-01,2024-10-22,10000000,688,69,7,0.010174418604651164,0.014492753623188406,0.014492753623188406,0.028985507246376812,0.028985507246376812
2024,2024-10-01,2024-10-22,30000000,526,53,6,0.011406844106463879,0.018867924528301886,0.018867924528301886,0.018867924528301886,0.03773584905660377
2024,2024-10-01,2024-10-22,100000000,338,34,3,0.008875739644970414,0.0,0.029411764705882353,0.0,0.029411764705882353
2024,2024-10-01,2024-10-23,10000000,685,69,10,0.014598540145985401,0.043478260869565216,0.057971014492753624,0.028985507246376812,0.028985507246376812
2024,2024-10-01,2024-10-23,30000000,522,53,9,0.017241379310344827,0.03773584905660377,0.05660377358490566,0.03773584905660377,0.03773584905660377
2024,2024-10-01,2024-10-23,100000000,340,34,5,0.014705882352941176,0.029411764705882353,0.058823529411764705,0.029411764705882353,0.058823529411764705
2024,2024-10-01,2024-10-24,10000000,683,69,19,0.027818448023426062,0.057971014492753624,0.08695652173913043,0.043478260869565216,0.057971014492753624
2024,2024-10-01,2024-10-24,30000000,524,53,16,0.030534351145038167,0.07547169811320754,0.09433962264150944,0.018867924528301886,0.07547169811320754
2024,2024-10-01,2024-10-24,100000000,340,34,8,0.023529411764705882,0.058823529411764705,0.08823529411764706,0.029411764705882353,0.08823529411764706
2024,2024-10-01,2024-10-25,10000000,689,69,19,0.027576197387518143,0.028985507246376812,0.08695652173913043,0.043478260869565216,0.028985507246376812
2024,2024-10-01,2024-10-25,30000000,522,53,16,0.03065134099616858,0.018867924528301886,0.07547169811320754,0.018867924528301886,0.03773584905660377
2024,2024-10-01,2024-10-25,100000000,342,35,9,0.02631578947368421,0.02857142857142857,0.08571428571428572,0.02857142857142857,0.05714285714285714
2024,2024-10-01,2024-10-28,10000000,692,70,20,0.028901734104046242,0.02857142857142857,0.07142857142857142,0.02857142857142857,0.07142857142857142
2024,2024-10-01,2024-10-28,30000000,522,53,18,0.034482758620689655,0.03773584905660377,0.09433962264150944,0.018867924528301886,0.05660377358490566
2024,2024-10-01,2024-10-28,100000000,340,34,10,0.029411764705882353,0.029411764705882353,0.08823529411764706,0.029411764705882353,0.058823529411764705
2024,2024-10-01,2024-10-29,10000000,694,70,19,0.027377521613832854,0.014285714285714285,0.07142857142857142,0.04285714285714286,0.05714285714285714
2024,2024-10-01,2024-10-29,30000000,519,52,17,0.03275529865125241,0.019230769230769232,0.07692307692307693,0.038461538461538464,0.038461538461538464
2024,2024-10-01,2024-10-29,100000000,341,35,10,0.02932551319648094,0.02857142857142857,0.08571428571428572,0.02857142857142857,0.05714285714285714
2024,2024-10-01,2024-10-30,10000000,686,69,17,0.02478134110787172,0.028985507246376812,0.07246376811594203,0.014492753623188406,0.043478260869565216
2024,2024-10-01,2024-10-30,30000000,505,51,14,0.027722772277227723,0.0392156862745098,0.0784313725490196,0.0196078431372549,0.058823529411764705
2024,2024-10-01,2024-10-30,100000000,338,34,9,0.026627218934911243,0.058823529411764705,0.08823529411764706,0.029411764705882353,0.058823529411764705
2024,2024-11-01,2024-11-01,10000000,684,69,9,0.013157894736842105,0.0,0.014492753623188406,0.014492753623188406,0.014492753623188406
2024,2024-11-01,2024-11-01,30000000,504,51,8,0.015873015873015872,0.0,0.0196078431372549,0.0,0.0196078431372549
2024,2024-11-01,2024-11-01,100000000,338,34,5,0.014792899408284023,0.0,0.029411764705882353,0.0,0.029411764705882353
2024,2024-11-01,2024-11-04,10000000,681,69,19,0.027900146842878122,0.014492753623188406,0.043478260869565216,0.028985507246376812,0.028985507246376812
2024,2024-11-01,2024-11-04,30000000,504,51,17,0.03373015873015873,0.0196078431372549,0.0392156862745098,0.0392156862745098,0.0196078431372549
2024,2024-11-01,2024-11-04,100000000,337,34,10,0.02967359050445104,0.0,0.029411764705882353,0.0,0.029411764705882353
2024,2024-11-01,2024-11-05,10000000,681,69,18,0.02643171806167401,0.014492753623188406,0.057971014492753624,0.043478260869565216,0.057971014492753624
2024,2024-11-01,2024-11-05,30000000,501,51,16,0.031936127744510975,0.0196078431372549,0.0196078431372549,0.0392156862745098,0.0392156862745098
2024,2024-11-01,2024-11-05,100000000,332,34,9,0.02710843373493976,0.029411764705882353,0.029411764705882353,0.058823529411764705,0.058823529411764705
2024,2024-11-01,2024-11-06,10000000,673,68,16,0.0237741456166419,0.014705882352941176,0.029411764705882353,0.029411764705882353,0.014705882352941176
2024,2024-11-01,2024-11-06,30000000,499,50,14,0.028056112224448898,0.02,0.0,0.02,0.02
2024,2024-11-01,2024-11-06,100000000,333,34,8,0.024024024024024024,0.0,0.029411764705882353,0.029411764705882353,0.029411764705882353
2024,2024-11-01,2024-11-07,10000000,673,68,16,0.0237741456166419,0.029411764705882353,0.014705882352941176,0.04411764705882353,0.014705882352941176
2024,2024-11-01,2024-11-07,30000000,493,50,12,0.02434077079107505,0.04,0.02,0.02,0.0
2024,2024-11-01,2024-11-07,100000000,332,34,7,0.02108433734939759,0.058823529411764705,0.0,0.029411764705882353,0.0
2024,2024-11-01,2024-11-08,10000000,674,68,19,0.028189910979228485,0.029411764705882353,0.029411764705882353,0.029411764705882353,0.058823529411764705
2024,2024-11-01,2024-11-08,30000000,493,50,14,0.028397565922920892,0.02,0.04,0.02,0.06
2024,2024-11-01,2024-11-08,100000000,334,34,8,0.023952095808383235,0.029411764705882353,0.029411764705882353,0.029411764705882353,0.058823529411764705
2024,2024-11-01,2024-11-11,10000000,671,68,17,0.02533532041728763,0.04411764705882353,0.029411764705882353,0.04411764705882353,0.058823529411764705
2024,2024-11-01,2024-11-11,30000000,497,50,12,0.02414486921529175,0.04,0.04,0.04,0.06
2024,2024-11-01,2024-11-11,100000000,338,34,8,0.023668639053254437,0.029411764705882353,0.058823529411764705,0.029411764705882353,0.058823529411764705
2024,2024-11-01,2024-11-12,10000000,679,68,26,0.03829160530191458,0.11764705882352941,0.04411764705882353,0.07352941176470588,0.08823529411764706
2024,2024-11-01,2024-11-12,30000000,503,51,21,0.041749502982107355,0.11764705882352941,0.058823529411764705,0.0784313725490196,0.11764705882352941
2024,2024-11-01,2024-11-12,100000000,340,34,14,0.041176470588235294,0.11764705882352941,0.058823529411764705,0.058823529411764705,0.11764705882352941
2024,2024-11-01,2024-11-13,10000000,682,69,23,0.03372434017595308,0.07246376811594203,0.08695652173913043,0.10144927536231885,0.10144927536231885
2024,2024-11-01,2024-11-13,30000000,505,51,19,0.03762376237623762,0.0784313725490196,0.09803921568627451,0.0784313725490196,0.13725490196078433
2024,2024-11-01,2024-11-13,100000000,335,34,13,0.03880597014925373,0.08823529411764706,0.11764705882352941,0.058823529411764705,0.17647058823529413
2024,2024-11-01,2024-11-14,10000000,677,68,20,0.029542097488921712,0.07352941176470588,0.058823529411764705,0.029411764705882353,0.058823529411764705
2024,2024-11-01,2024-11-14,30000000,493,50,12,0.02434077079107505,0.06,0.04,0.04,0.06
2024,2024-11-01,2024-11-14,100000000,335,34,10,0.029850746268656716,0.058823529411764705,0.058823529411764705,0.058823529411764705,0.08823529411764706
2024,2024-11-01,2024-11-15,10000000,681,69,20,0.02936857562408223,0.07246376811594203,0.043478260869565216,0.07246376811594203,0.043478260869565216
2024,2024-11-01,2024-11-15,30000000,497,50,11,0.022132796780684104,0.04,0.02,0.06,0.04
2024,2024-11-01,2024-11-15,100000000,335,34,10,0.029850746268656716,0.08823529411764706,0.029411764705882353,0.08823529411764706,0.058823529411764705
2024,2024-11-01,2024-11-18,10000000,681,69,31,0.04552129221732746,0.08695652173913043,0.08695652173913043,0.13043478260869565,0.13043478260869565
2024,2024-11-01,2024-11-18,30000000,499,50,22,0.04408817635270541,0.04,0.1,0.14,0.12
2024,2024-11-01,2024-11-18,100000000,339,34,21,0.061946902654867256,0.058823529411764705,0.11764705882352941,0.20588235294117646,0.14705882352941177
2024,2024-11-01,2024-11-19,10000000,677,68,21,0.0310192023633678,0.058823529411764705,0.058823529411764705,0.058823529411764705,0.058823529411764705
2024,2024-11-01,2024-11-19,30000000,497,50,15,0.030181086519114688,0.06,0.08,0.06,0.08
2024,2024-11-01,2024-11-19,100000000,333,34,14,0.042042042042042045,0.058823529411764705,0.08823529411764706,0.08823529411764706,0.08823529411764706
2024,2024-11-01,2024-11-20,10000000,677,68,24,0.03545051698670606,0.07352941176470588,0.08823529411764706,0.07352941176470588,0.058823529411764705
2024,2024-11-01,2024-11-20,30000000,494,50,18,0.03643724696356275,0.06,0.12,0.1,0.08
2024,2024-11-01,2024-11-20,100000000,330,33,16,0.048484848484848485,0.030303030303030304,0.12121212121212122,0.12121212121212122,0.09090909090909091
2024,2024-11-01,2024-11-21,10000000,671,68,24,0.03576751117734724,0.07352941176470588,0.058823529411764705,0.04411764705882353,0.029411764705882353
2024,2024-11-01,2024-11-21,30000000,493,50,17,0.034482758620689655,0.08,0.06,0.04,0.04
2024,2024-11-01,2024-11-21,100000000,325,33,14,0.043076923076923075,0.030303030303030304,0.030303030303030304,0.030303030303030304,0.030303030303030304
2024,2024-11-01,2024-11-22,10000000,673,68,20,0.029717682020802376,0.10294117647058823,0.10294117647058823,0.04411764705882353,0.029411764705882353
2024,2024-11-01,2024-11-22,30000000,490,49,15,0.030612244897959183,0.10204081632653061,0.10204081632653061,0.04081632653061224,0.04081632653061224
2024,2024-11-01,2024-11-22,100000000,322,33,12,0.037267080745341616,0.09090909090909091,0.12121212121212122,0.030303030303030304,0.06060606060606061
2024,2024-11-01,2024-11-25,10000000,680,68,17,0.025,0.04411764705882353,0.08823529411764706,0.058823529411764705,0.07352941176470588
2024,2024-11-01,2024-11-25,30000000,498,50,11,0.02208835341365462,0.04,0.08,0.08,0.08
2024,2024-11-01,2024-11-25,100000000,325,33,10,0.03076923076923077,0.06060606060606061,0.12121212121212122,0.09090909090909091,0.12121212121212122
2024,2024-11-01,2024-11-26,10000000,677,68,21,0.0310192023633678,0.04411764705882353,0.04411764705882353,0.07352941176470588,0.07352941176470588
2024,2024-11-01,2024-11-26,30000000,496,50,17,0.034274193548387094,0.06,0.06,0.08,0.1
2024,2024-11-01,2024-11-26,100000000,327,33,15,0.045871559633027525,0.09090909090909091,0.09090909090909091,0.09090909090909091,0.09090909090909091
2024,2024-11-01,2024-11-27,10000000,673,68,36,0.05349182763744428,0.10294117647058823,0.10294117647058823,0.1323529411764706,0.07352941176470588
2024,2024-11-01,2024-11-27,30000000,497,50,28,0.056338028169014086,0.1,0.1,0.12,0.1
2024,2024-11-01,2024-11-27,100000000,328,33,23,0.0701219512195122,0.15151515151515152,0.15151515151515152,0.15151515151515152,0.12121212121212122
2024,2024-11-01,2024-11-28,10000000,669,67,42,0.06278026905829596,0.11940298507462686,0.13432835820895522,0.16417910447761194,0.11940298507462686
2024,2024-11-01,2024-11-28,30000000,493,50,34,0.06896551724137931,0.14,0.14,0.18,0.12
2024,2024-11-01,2024-11-28,100000000,328,33,27,0.08231707317073171,0.15151515151515152,0.21212121212121213,0.12121212121212122,0.06060606060606061
2024,2024-11-01,2024-11-29,10000000,665,67,34,0.05112781954887218,0.1044776119402985,0.08955223880597014,0.1044776119402985,0.08955223880597014
2024,2024-11-01,2024-11-29,30000000,489,49,26,0.053169734151329244,0.08163265306122448,0.08163265306122448,0.14285714285714285,0.061224489795918366
2024,2024-11-01,2024-11-29,100000000,324,33,21,0.06481481481481481,0.12121212121212122,0.18181818181818182,0.15151515151515152,0.09090909090909091
2024,2024-11-01,2024-12-02,10000000,665,67,30,0.045112781954887216,0.11940298507462686,0.05970149253731343,0.07462686567164178,0.08955223880597014
2024,2024-11-01,2024-12-02,30000000,491,50,23,0.04684317718940937,0.06,0.04,0.08,0.04
2024,2024-11-01,2024-12-02,100000000,325,33,20,0.06153846153846154,0.09090909090909091,0.09090909090909091,0.09090909090909091,0.06060606060606061
2024,2024-11-01,2024-12-03,10000000,663,67,28,0.042232277526395176,0.08955223880597014,0.04477611940298507,0.07462686567164178,0.04477611940298507
2024,2024-11-01,2024-12-03,30000000,495,50,23,0.046464646464646465,0.1,0.04,0.06,0.04
2024,2024-11-01,2024-12-03,100000000,329,33,19,0.057750759878419454,0.12121212121212122,0.06060606060606061,0.06060606060606061,0.06060606060606061
2025,,2025-01-02,10000000,642,65,16,0.024922118380062305,0.07692307692307693,0.06153846153846154,0.06153846153846154,0.07692307692307693
2025,,2025-01-02,30000000,475,48,12,0.02526315789473684,0.08333333333333333,0.0625,0.0625,0.10416666666666667
2025,,2025-01-02,100000000,311,32,9,0.028938906752411574,0.09375,0.0625,0.0625,0.0625
2025,,2025-01-03,10000000,642,65,20,0.03115264797507788,0.07692307692307693,0.09230769230769231,0.06153846153846154,0.07692307692307693
2025,,2025-01-03,30000000,468,47,13,0.027777777777777776,0.0851063829787234,0.0851063829787234,0.06382978723404255,0.06382978723404255
2025,,2025-01-03,100000000,306,31,10,0.032679738562091505,0.0967741935483871,0.0967741935483871,0.06451612903225806,0.06451612903225806
2025,,2025-01-06,10000000,638,64,17,0.02664576802507837,0.09375,0.0625,0.046875,0.0625
2025,,2025-01-06,30000000,465,47,13,0.02795698924731183,0.1276595744680851,0.06382978723404255,0.06382978723404255,0.0851063829787234
2025,,2025-01-06,100000000,303,31,9,0.0297029702970297,0.12903225806451613,0.03225806451612903,0.06451612903225806,0.06451612903225806
2025,,2025-01-07,10000000,639,64,18,0.028169014084507043,0.109375,0.109375,0.03125,0.0625
2025,,2025-01-07,30000000,466,47,14,0.030042918454935622,0.10638297872340426,0.10638297872340426,0.0425531914893617,0.06382978723404255
2025,,2025-01-07,100000000,301,31,10,0.03322259136212625,0.12903225806451613,0.12903225806451613,0.06451612903225806,0.06451612903225806
2025,,2025-01-08,10000000,633,64,18,0.02843601895734597,0.046875,0.046875,0.03125,0.078125
2025,,2025-01-08,30000000,464,47,12,0.02586206896551724,0.06382978723404255,0.02127659574468085,0.0425531914893617,0.0851063829787234
2025,,2025-01-08,100000000,305,31,10,0.03278688524590164,0.0967741935483871,0.03225806451612903,0.06451612903225806,0.12903225806451613
2025,,2025-01-09,10000000,631,64,30,0.04754358161648178,0.09375,0.109375,0.109375,0.125
2025,,2025-01-09,30000000,461,47,23,0.049891540130151846,0.0851063829787234,0.10638297872340426,0.1276595744680851,0.14893617021276595
2025,,2025-01-09,100000000,311,32,18,0.05787781350482315,0.125,0.15625,0.15625,0.21875
2025,,2025-01-10,10000000,633,64,32,0.05055292259083728,0.171875,0.1875,0.125,0.140625
2025,,2025-01-10,30000000,462,47,26,0.05627705627705628,0.19148936170212766,0.19148936170212766,0.1276595744680851,0.14893617021276595
2025,,2025-01-10,100000000,308,31,21,0.06818181818181818,0.2903225806451613,0.25806451612903225,0.1935483870967742,0.1935483870967742
2025,,2025-01-13,10000000,634,64,41,0.06466876971608833,0.1875,0.171875,0.203125,0.21875
2025,,2025-01-13,30000000,465,47,34,0.07311827956989247,0.19148936170212766,0.19148936170212766,0.19148936170212766,0.19148936170212766
2025,,2025-01-13,100000000,309,31,25,0.08090614886731391,0.25806451612903225,0.22580645161290322,0.25806451612903225,0.22580645161290322
2025,,2025-01-14,10000000,636,64,37,0.05817610062893082,0.171875,0.140625,0.171875,0.1875
2025,,2025-01-14,30000000,460,46,31,0.06739130434782609,0.17391304347826086,0.15217391304347827,0.21739130434782608,0.17391304347826086
2025,,2025-01-14,100000000,310,31,23,0.07419354838709677,0.1935483870967742,0.1935483870967742,0.25806451612903225,0.16129032258064516
2025,,2025-01-15,10000000,637,64,45,0.0706436420722135,0.203125,0.1875,0.21875,0.171875
2025,,2025-01-15,30000000,456,46,39,0.08552631578947369,0.1956521739130435,0.21739130434782608,0.2826086956521739,0.15217391304347827
2025,,2025-01-15,100000000,310,31,25,0.08064516129032258,0.1935483870967742,0.25806451612903225,0.2903225806451613,0.16129032258064516
2025,,2025-01-16,10000000,640,64,40,0.0625,0.171875,0.15625,0.15625,0.140625
2025,,2025-01-16,30000000,454,46,34,0.07488986784140969,0.15217391304347827,0.17391304347826086,0.1956521739130435,0.13043478260869565
2025,,2025-01-16,100000000,307,31,21,0.06840390879478828,0.16129032258064516,0.12903225806451613,0.22580645161290322,0.0967741935483871
2025,,2025-01-17,10000000,640,64,45,0.0703125,0.203125,0.203125,0.1875,0.171875
2025,,2025-01-17,30000000,453,46,38,0.08388520971302428,0.17391304347826086,0.2391304347826087,0.2391304347826087,0.17391304347826086
2025,,2025-01-17,100000000,305,31,23,0.07540983606557378,0.1935483870967742,0.22580645161290322,0.22580645161290322,0.16129032258064516
2025,,2025-01-20,10000000,634,64,36,0.056782334384858045,0.125,0.109375,0.078125,0.078125
2025,,2025-01-20,30000000,450,45,27,0.06,0.15555555555555556,0.15555555555555556,0.08888888888888889,0.044444444444444446
2025,,2025-01-20,100000000,305,31,16,0.05245901639344262,0.16129032258064516,0.16129032258064516,0.03225806451612903,0.0
2025,,2025-01-21,10000000,632,64,39,0.061708860759493674,0.15625,0.109375,0.09375,0.078125
2025,,2025-01-21,30000000,448,45,31,0.06919642857142858,0.13333333333333333,0.15555555555555556,0.1111111111111111,0.06666666666666667
2025,,2025-01-21,100000000,300,30,18,0.06,0.16666666666666666,0.2,0.13333333333333333,0.06666666666666667
2025,,2025-01-22,10000000,629,63,37,0.058823529411764705,0.12698412698412698,0.1111111111111111,0.09523809523809523,0.14285714285714285
2025,,2025-01-22,30000000,443,45,29,0.0654627539503386,0.13333333333333333,0.13333333333333333,0.1111111111111111,0.08888888888888889
2025,,2025-01-22,100000000,300,30,18,0.06,0.13333333333333333,0.16666666666666666,0.13333333333333333,0.1
2025,,2025-02-03,10000000,628,63,39,0.06210191082802548,0.15873015873015872,0.12698412698412698,0.1111111111111111,0.15873015873015872
2025,,2025-02-03,30000000,446,45,33,0.07399103139013453,0.2,0.15555555555555556,0.15555555555555556,0.13333333333333333
2025,,2025-02-03,100000000,300,30,23,0.07666666666666666,0.16666666666666666,0.16666666666666666,0.2,0.16666666666666666
2025,,2025-02-04,10000000,624,63,39,0.0625,0.14285714285714285,0.1111111111111111,0.06349206349206349,0.14285714285714285
2025,,2025-02-04,30000000,443,45,30,0.06772009029345373,0.13333333333333333,0.1111111111111111,0.08888888888888889,0.1111111111111111
2025,,2025-02-04,100000000,303,31,20,0.066006600660066,0.0967741935483871,0.06451612903225806,0.0967741935483871,0.0967741935483871
2025,,2025-02-05,10000000,620,62,30,0.04838709677419355,0.08064516129032258,0.08064516129032258,0.03225806451612903,0.11290322580645161
2025,,2025-02-05,30000000,443,45,23,0.05191873589164785,0.06666666666666667,0.1111111111111111,0.044444444444444446,0.1111111111111111
2025,,2025-02-05,100000000,301,31,13,0.04318936877076412,0.0,0.03225806451612903,0.03225806451612903,0.06451612903225806
2025,,2025-02-06,10000000,619,62,27,0.04361873990306947,0.06451612903225806,0.08064516129032258,0.03225806451612903,0.0967741935483871
2025,,2025-02-06,30000000,448,45,22,0.049107142857142856,0.06666666666666667,0.08888888888888889,0.022222222222222223,0.08888888888888889
2025,,2025-02-06,100000000,299,30,12,0.04013377926421405,0.03333333333333333,0.06666666666666667,0.03333333333333333,0.03333333333333333
2025,,2025-02-07,10000000,620,62,26,0.041935483870967745,0.06451612903225806,0.06451612903225806,0.03225806451612903,0.0967741935483871
2025,,2025-02-07,30000000,447,45,20,0.0447427293064877,0.022222222222222223,0.06666666666666667,0.022222222222222223,0.08888888888888889
2025,,2025-02-07,100000000,301,31,14,0.046511627906976744,0.03225806451612903,0.06451612903225806,0.03225806451612903,0.0967741935483871
2025,,2025-02-10,10000000,620,62,24,0.03870967741935484,0.08064516129032258,0.11290322580645161,0.016129032258064516,0.08064516129032258
2025,,2025-02-10,30000000,447,45,19,0.042505592841163314,0.08888888888888889,0.13333333333333333,0.022222222222222223,0.08888888888888889
2025,,2025-02-10,100000000,301,31,14,0.046511627906976744,0.0967741935483871,0.12903225806451613,0.03225806451612903,0.0967741935483871
2025,,2025-02-11,10000000,622,63,20,0.03215434083601286,0.06349206349206349,0.06349206349206349,0.0,0.047619047619047616
2025,,2025-02-11,30000000,453,46,17,0.037527593818984545,0.08695652173913043,0.08695652173913043,0.0,0.06521739130434782
2025,,2025-02-11,100000000,299,30,13,0.043478260869565216,0.13333333333333333,0.06666666666666667,0.0,0.06666666666666667
2025,,2025-02-12,10000000,622,63,20,0.03215434083601286,0.047619047619047616,0.031746031746031744,0.031746031746031744,0.047619047619047616
2025,,2025-02-12,30000000,455,46,18,0.03956043956043956,0.043478260869565216,0.043478260869565216,0.0,0.06521739130434782
2025,,2025-02-12,100000000,303,31,14,0.0462046204620462,0.06451612903225806,0.03225806451612903,0.0,0.06451612903225806
2025,,2025-02-13,10000000,628,63,14,0.022292993630573247,0.07936507936507936,0.06349206349206349,0.031746031746031744,0.047619047619047616
2025,,2025-02-13,30000000,457,46,13,0.028446389496717725,0.08695652173913043,0.06521739130434782,0.021739130434782608,0.06521739130434782
2025,,2025-02-13,100000000,299,30,10,0.033444816053511704,0.1,0.03333333333333333,0.0,0.06666666666666667
2025,,2025-02-14,10000000,636,64,11,0.01729559748427673,0.09375,0.078125,0.0625,0.0625
2025,,2025-02-14,30000000,458,46,11,0.024017467248908297,0.13043478260869565,0.10869565217391304,0.021739130434782608,0.08695652173913043
2025,,2025-02-14,100000000,296,30,8,0.02702702702702703,0.13333333333333333,0.1,0.03333333333333333,0.1
2025,,2025-02-17,10000000,637,64,10,0.015698587127158554,0.078125,0.078125,0.046875,0.046875
2025,,2025-02-17,30000000,457,46,10,0.02188183807439825,0.10869565217391304,0.10869565217391304,0.021739130434782608,0.06521739130434782
2025,,2025-02-17,100000000,292,30,7,0.023972602739726026,0.13333333333333333,0.13333333333333333,0.03333333333333333,0.1
2025,,2025-02-18,10000000,639,64,7,0.010954616588419406,0.03125,0.03125,0.015625,0.015625
2025,,2025-02-18,30000000,459,46,7,0.015250544662309368,0.043478260869565216,0.043478260869565216,0.021739130434782608,0.021739130434782608
2025,,2025-02-18,100000000,293,30,4,0.013651877133105802,0.03333333333333333,0.03333333333333333,0.0,0.03333333333333333
2025,,2025-02-19,10000000,637,64,5,0.007849293563579277,0.015625,0.015625,0.0,0.015625
2025,,2025-02-19,30000000,460,46,5,0.010869565217391304,0.021739130434782608,0.021739130434782608,0.0,0.021739130434782608
2025,,2025-02-19,100000000,291,30,3,0.010309278350515464,0.0,0.0,0.0,0.03333333333333333
2025,,2025-02-20,10000000,643,65,6,0.00933125972006221,0.015384615384615385,0.015384615384615385,0.0,0.03076923076923077
2025,,2025-02-20,30000000,460,46,6,0.013043478260869565,0.021739130434782608,0.021739130434782608,0.0,0.043478260869565216
2025,,2025-02-20,100000000,294,30,4,0.013605442176870748,0.0,0.0,0.0,0.0
2025,,2025-02-21,10000000,643,65,6,0.00933125972006221,0.03076923076923077,0.03076923076923077,0.03076923076923077,0.046153846153846156
2025,,2025-02-21,30000000,464,47,5,0.010775862068965518,0.0425531914893617,0.0425531914893617,0.02127659574468085,0.06382978723404255
2025,,2025-02-21,100000000,302,31,4,0.013245033112582781,0.03225806451612903,0.03225806451612903,0.03225806451612903,0.03225806451612903
2025,,2025-02-24,10000000,645,65,5,0.007751937984496124,0.03076923076923077,0.015384615384615385,0.03076923076923077,0.046153846153846156
2025,,2025-02-24,30000000,467,47,4,0.008565310492505354,0.0425531914893617,0.02127659574468085,0.0425531914893617,0.06382978723404255
2025,,2025-02-24,100000000,303,31,3,0.009900990099009901,0.03225806451612903,0.03225806451612903,0.03225806451612903,0.03225806451612903
2025,,2025-02-25,10000000,651,66,9,0.013824884792626729,0.045454545454545456,0.045454545454545456,0.015151515151515152,0.06060606060606061
2025,,2025-02-25,30000000,470,47,6,0.01276595744680851,0.0425531914893617,0.0425531914893617,0.02127659574468085,0.06382978723404255
2025,,2025-02-25,100000000,308,31,4,0.012987012987012988,0.03225806451612903,0.03225806451612903,0.03225806451612903,0.03225806451612903
2025,,2025-02-26,10000000,653,66,9,0.013782542113323124,0.045454545454545456,0.045454545454545456,0.030303030303030304,0.06060606060606061
2025,,2025-02-26,30000000,474,48,7,0.014767932489451477,0.041666666666666664,0.041666666666666664,0.020833333333333332,0.041666666666666664
2025,,2025-02-26,100000000,312,32,5,0.016025641025641024,0.03125,0.03125,0.03125,0.03125
2025,,2025-02-27,10000000,657,66,7,0.0106544901065449,0.045454545454545456,0.045454545454545456,0.030303030303030304,0.06060606060606061
2025,,2025-02-27,30000000,485,49,5,0.010309278350515464,0.04081632653061224,0.04081632653061224,0.04081632653061224,0.061224489795918366
2025,,2025-02-27,100000000,321,33,3,0.009345794392523364,0.030303030303030304,0.030303030303030304,0.030303030303030304,0.030303030303030304
2025,,2025-03-03,10000000,659,66,9,0.013657056145675266,0.06060606060606061,0.06060606060606061,0.030303030303030304,0.06060606060606061
2025,,2025-03-03,30000000,489,49,6,0.012269938650306749,0.061224489795918366,0.061224489795918366,0.04081632653061224,0.061224489795918366
2025,,2025-03-03,100000000,320,32,3,0.009375,0.0625,0.0625,0.03125,0.0625
2025,,2025-03-04,10000000,663,67,6,0.00904977375565611,0.04477611940298507,0.04477611940298507,0.04477611940298507,0.04477611940298507
2025,,2025-03-04,30000000,490,49,3,0.006122448979591836,0.04081632653061224,0.04081632653061224,0.04081632653061224,0.04081632653061224
2025,,2025-03-04,100000000,322,33,1,0.003105590062111801,0.030303030303030304,0.030303030303030304,0.030303030303030304,0.030303030303030304
2025,,2025-03-05,10000000,663,67,6,0.00904977375565611,0.04477611940298507,0.04477611940298507,0.04477611940298507,0.04477611940298507
2025,,2025-03-05,30000000,491,50,3,0.006109979633401222,0.04,0.04,0.04,0.04
2025,,2025-03-05,100000000,325,33,2,0.006153846153846154,0.06060606060606061,0.06060606060606061,0.06060606060606061,0.06060606060606061
2025,,2025-03-06,10000000,669,67,5,0.007473841554559043,0.04477611940298507,0.04477611940298507,0.04477611940298507,0.04477611940298507
2025,,2025-03-06,30000000,497,50,2,0.004024144869215292,0.04,0.04,0.04,0.04
2025,,2025-03-06,100000000,325,33,2,0.006153846153846154,0.06060606060606061,0.030303030303030304,0.06060606060606061,0.06060606060606061
2025,,2025-03-07,10000000,669,67,7,0.01046337817638266,0.07462686567164178,0.05970149253731343,0.04477611940298507,0.05970149253731343
2025,,2025-03-07,30000000,497,50,4,0.008048289738430584,0.06,0.06,0.04,0.04
2025,,2025-03-07,100000000,326,33,3,0.009202453987730062,0.06060606060606061,0.06060606060606061,0.06060606060606061,0.06060606060606061
2025,,2025-03-10,10000000,673,68,5,0.007429420505200594,0.04411764705882353,0.04411764705882353,0.04411764705882353,0.058823529411764705
2025,,2025-03-10,30000000,497,50,3,0.006036217303822937,0.04,0.04,0.04,0.06
2025,,2025-03-10,100000000,327,33,2,0.0061162079510703364,0.06060606060606061,0.06060606060606061,0.06060606060606061,0.06060606060606061
2025,,2025-03-11,10000000,673,68,5,0.007429420505200594,0.058823529411764705,0.04411764705882353,0.04411764705882353,0.04411764705882353
2025,,2025-03-11,30000000,501,51,3,0.005988023952095809,0.058823529411764705,0.058823529411764705,0.0392156862745098,0.0392156862745098
2025,,2025-03-11,100000000,329,33,3,0.00911854103343465,0.09090909090909091,0.06060606060606061,0.06060606060606061,0.06060606060606061
2025,,2025-03-12,10000000,674,68,6,0.008902077151335312,0.07352941176470588,0.04411764705882353,0.029411764705882353,0.04411764705882353
2025,,2025-03-12,30000000,500,50,4,0.008,0.06,0.04,0.04,0.04
2025,,2025-03-12,100000000,329,33,4,0.0121580547112462,0.06060606060606061,0.06060606060606061,0.06060606060606061,0.06060606060606061
2025,,2025-03-13,10000000,673,68,5,0.007429420505200594,0.058823529411764705,0.04411764705882353,0.029411764705882353,0.04411764705882353
2025,,2025-03-13,30000000,502,51,3,0.00597609561752988,0.058823529411764705,0.0392156862745098,0.0392156862745098,0.0392156862745098
2025,,2025-03-13,100000000,330,33,3,0.00909090909090909,0.09090909090909091,0.06060606060606061,0.06060606060606061,0.06060606060606061
2025,,2025-03-14,10000000,677,68,5,0.007385524372230428,0.058823529411764705,0.04411764705882353,0.04411764705882353,0.029411764705882353
2025,,2025-03-14,30000000,498,50,3,0.006024096385542169,0.04,0.04,0.04,0.02
2025,,2025-03-14,100000000,331,34,3,0.00906344410876133,0.058823529411764705,0.058823529411764705,0.058823529411764705,0.029411764705882353
2025,,2025-03-17,10000000,673,68,4,0.005943536404160475,0.029411764705882353,0.029411764705882353,0.029411764705882353,0.029411764705882353
2025,,2025-03-17,30000000,498,50,2,0.004016064257028112,0.02,0.02,0.02,0.0
2025,,2025-03-17,100000000,329,33,2,0.0060790273556231,0.030303030303030304,0.030303030303030304,0.030303030303030304,0.0
2025,,2025-03-18,10000000,666,67,4,0.006006006006006006,0.04477611940298507,0.04477611940298507,0.04477611940298507,0.029850746268656716
2025,,2025-03-18,30000000,502,51,2,0.00398406374501992,0.0392156862745098,0.0392156862745098,0.0392156862745098,0.0196078431372549
2025,,2025-03-18,100000000,326,33,1,0.003067484662576687,0.030303030303030304,0.030303030303030304,0.030303030303030304,0.030303030303030304
2025,,2025-03-19,10000000,669,67,4,0.005979073243647235,0.05970149253731343,0.05970149253731343,0.04477611940298507,0.04477611940298507
2025,,2025-03-19,30000000,499,50,2,0.004008016032064128,0.04,0.04,0.04,0.02
2025,,2025-03-19,100000000,324,33,1,0.0030864197530864196,0.030303030303030304,0.030303030303030304,0.030303030303030304,0.030303030303030304
2025,,2025-03-20,10000000,670,67,5,0.007462686567164179,0.07462686567164178,0.07462686567164178,0.04477611940298507,0.05970149253731343
2025,,2025-03-20,30000000,499,50,4,0.008016032064128256,0.08,0.08,0.06,0.06
2025,,2025-03-20,100000000,323,33,1,0.0030959752321981426,0.030303030303030304,0.030303030303030304,0.030303030303030304,0.030303030303030304
2025,,2025-03-21,10000000,661,67,4,0.006051437216338881,0.05970149253731343,0.05970149253731343,0.029850746268656716,0.029850746268656716
2025,,2025-03-21,30000000,496,50,3,0.006048387096774193,0.06,0.04,0.04,0.02
2025,,2025-03-21,100000000,325,33,1,0.003076923076923077,0.030303030303030304,0.030303030303030304,0.030303030303030304,0.030303030303030304
2025,,2025-03-24,10000000,664,67,3,0.004518072289156626,0.04477611940298507,0.04477611940298507,0.014925373134328358,0.029850746268656716
2025,,2025-03-24,30000000,494,50,2,0.004048582995951417,0.04,0.04,0.02,0.02
2025,,2025-03-24,100000000,326,33,0,0.0,0.0,0.0,0.0,0.0
2025,,2025-03-25,10000000,671,68,4,0.005961251862891207,0.058823529411764705,0.058823529411764705,0.029411764705882353,0.04411764705882353
2025,,2025-03-25,30000000,495,50,3,0.006060606060606061,0.04,0.06,0.02,0.04
2025,,2025-03-25,100000000,325,33,1,0.003076923076923077,0.030303030303030304,0.030303030303030304,0.0,0.030303030303030304
2025,,2025-03-26,10000000,668,67,4,0.005988023952095809,0.05970149253731343,0.05970149253731343,0.04477611940298507,0.04477611940298507
2025,,2025-03-26,30000000,492,50,3,0.006097560975609756,0.06,0.06,0.06,0.04
2025,,2025-03-26,100000000,321,33,1,0.003115264797507788,0.030303030303030304,0.030303030303030304,0.030303030303030304,0.030303030303030304
2025,,2025-03-27,10000000,662,67,4,0.006042296072507553,0.05970149253731343,0.05970149253731343,0.04477611940298507,0.04477611940298507
2025,,2025-03-27,30000000,492,50,3,0.006097560975609756,0.04,0.06,0.06,0.04
2025,,2025-03-27,100000000,321,33,2,0.006230529595015576,0.06060606060606061,0.06060606060606061,0.030303030303030304,0.06060606060606061
2025,,2025-03-28,10000000,658,66,5,0.007598784194528876,0.06060606060606061,0.06060606060606061,0.045454545454545456,0.06060606060606061
2025,,2025-03-28,30000000,495,50,4,0.00808080808080808,0.06,0.06,0.06,0.06
2025,,2025-03-28,100000000,311,32,3,0.00964630225080386,0.09375,0.0625,0.0625,0.09375
2025,,2025-03-31,10000000,668,67,6,0.008982035928143712,0.07462686567164178,0.05970149253731343,0.07462686567164178,0.07462686567164178
2025,,2025-03-31,30000000,495,50,5,0.010101010101010102,0.08,0.08,0.1,0.08
2025,,2025-03-31,100000000,317,32,4,0.012618296529968454,0.125,0.09375,0.125,0.125
2025,,2025-04-01,10000000,667,67,5,0.0074962518740629685,0.05970149253731343,0.05970149253731343,0.05970149253731343,0.07462686567164178
2025,,2025-04-01,30000000,497,50,4,0.008048289738430584,0.06,0.06,0.06,0.08
2025,,2025-04-01,100000000,317,32,3,0.00946372239747634,0.09375,0.0625,0.09375,0.09375
2025,,2025-04-02,10000000,663,67,4,0.006033182503770739,0.05970149253731343,0.05970149253731343,0.04477611940298507,0.04477611940298507
2025,,2025-04-02,30000000,498,50,4,0.008032128514056224,0.08,0.06,0.06,0.06
2025,,2025-04-02,100000000,310,31,2,0.0064516129032258064,0.06451612903225806,0.03225806451612903,0.06451612903225806,0.06451612903225806
2025,,2025-04-07,10000000,664,67,17,0.025602409638554216,0.07462686567164178,0.08955223880597014,0.08955223880597014,0.07462686567164178
2025,,2025-04-07,30000000,485,49,16,0.032989690721649485,0.10204081632653061,0.10204081632653061,0.08163265306122448,0.10204081632653061
2025,,2025-04-07,100000000,306,31,11,0.03594771241830065,0.12903225806451613,0.0967741935483871,0.0967741935483871,0.12903225806451613
2025,,2025-04-08,10000000,673,68,62,0.09212481426448738,0.20588235294117646,0.16176470588235295,0.14705882352941177,0.08823529411764706
2025,,2025-04-08,30000000,493,50,52,0.10547667342799188,0.22,0.16,0.2,0.12
2025,,2025-04-08,100000000,304,31,38,0.125,0.25806451612903225,0.25806451612903225,0.22580645161290322,0.12903225806451613
2025,,2025-04-09,10000000,671,68,223,0.3323397913561848,0.5,0.4264705882352941,0.35294117647058826,0.11764705882352941
2025,,2025-04-09,30000000,494,50,181,0.36639676113360325,0.54,0.48,0.4,0.14
2025,,2025-04-09,100000000,310,31,121,0.3903225806451613,0.5483870967741935,0.5161290322580645,0.4838709677419355,0.12903225806451613
2025,,2025-04-10,10000000,682,69,75,0.10997067448680352,0.18840579710144928,0.14492753623188406,0.14492753623188406,0.07246376811594203
2025,,2025-04-10,30000000,497,50,61,0.1227364185110664,0.24,0.18,0.18,0.1
2025,,2025-04-10,100000000,302,31,44,0.1456953642384106,0.3548387096774194,0.25806451612903225,0.22580645161290322,0.0967741935483871
2025,,2025-04-11,10000000,686,69,63,0.09183673469387756,0.3188405797101449,0.21739130434782608,0.17391304347826086,0.08695652173913043
2025,,2025-04-11,30000000,500,50,52,0.104,0.32,0.22,0.22,0.12
2025,,2025-04-11,100000000,305,31,36,0.1180327868852459,0.45161290322580644,0.2903225806451613,0.25806451612903225,0.16129032258064516
2025,,2025-04-14,10000000,683,69,52,0.07613469985358712,0.2753623188405797,0.2318840579710145,0.15942028985507245,0.08695652173913043
2025,,2025-04-14,30000000,505,51,47,0.09306930693069307,0.3137254901960784,0.21568627450980393,0.17647058823529413,0.11764705882352941
2025,,2025-04-14,100000000,303,31,31,0.10231023102310231,0.45161290322580644,0.2903225806451613,0.25806451612903225,0.12903225806451613
2025,,2025-04-15,10000000,686,69,28,0.04081632653061224,0.13043478260869565,0.07246376811594203,0.07246376811594203,0.043478260869565216
2025,,2025-04-15,30000000,499,50,24,0.04809619238476954,0.16,0.06,0.1,0.06
2025,,2025-04-15,100000000,306,31,18,0.058823529411764705,0.25806451612903225,0.12903225806451613,0.16129032258064516,0.0967741935483871
2025,,2025-04-16,10000000,684,69,45,0.06578947368421052,0.2753623188405797,0.2318840579710145,0.11594202898550725,0.043478260869565216
2025,,2025-04-16,30000000,497,50,40,0.08048289738430583,0.34,0.26,0.16,0.06
2025,,2025-04-16,100000000,308,31,30,0.09740259740259741,0.41935483870967744,0.3548387096774194,0.22580645161290322,0.0967741935483871
2025,,2025-04-17,10000000,679,68,49,0.07216494845360824,0.2647058823529412,0.20588235294117646,0.11764705882352941,0.058823529411764705
2025,,2025-04-17,30000000,490,49,40,0.08163265306122448,0.2653061224489796,0.2653061224489796,0.14285714285714285,0.061224489795918366
2025,,2025-04-17,100000000,302,31,27,0.08940397350993377,0.3870967741935484,0.3225806451612903,0.22580645161290322,0.0967741935483871
2025,,2025-04-18,10000000,679,68,51,0.07511045655375552,0.25,0.23529411764705882,0.10294117647058823,0.04411764705882353
2025,,2025-04-18,30000000,491,50,42,0.0855397148676171,0.28,0.2,0.14,0.06
2025,,2025-04-18,100000000,298,30,30,0.10067114093959731,0.4,0.3333333333333333,0.23333333333333334,0.1
2025,,2025-04-21,10000000,675,68,77,0.11407407407407408,0.23529411764705882,0.23529411764705882,0.1323529411764706,0.058823529411764705
2025,,2025-04-21,30000000,490,49,65,0.1326530612244898,0.2653061224489796,0.2653061224489796,0.16326530612244897,0.061224489795918366
2025,,2025-04-21,100000000,293,30,47,0.16040955631399317,0.36666666666666664,0.36666666666666664,0.23333333333333334,0.1
2025,,2025-04-22,10000000,670,67,98,0.14626865671641792,0.44776119402985076,0.373134328358209,0.1791044776119403,0.05970149253731343
2025,,2025-04-22,30000000,485,49,84,0.1731958762886598,0.4489795918367347,0.3469387755102041,0.20408163265306123,0.061224489795918366
2025,,2025-04-22,100000000,288,29,60,0.20833333333333334,0.5862068965517241,0.5172413793103449,0.3103448275862069,0.10344827586206896
2025,,2025-04-23,10000000,674,68,60,0.08902077151335312,0.29411764705882354,0.20588235294117646,0.1323529411764706,0.04411764705882353
2025,,2025-04-23,30000000,485,49,50,0.10309278350515463,0.3469387755102041,0.22448979591836735,0.12244897959183673,0.061224489795918366
2025,,2025-04-23,100000000,291,30,36,0.12371134020618557,0.43333333333333335,0.23333333333333334,0.16666666666666666,0.06666666666666667
2025,,2025-04-24,10000000,668,67,58,0.08682634730538923,0.23880597014925373,0.14925373134328357,0.05970149253731343,0.014925373134328358
2025,,2025-04-24,30000000,479,48,48,0.10020876826722339,0.25,0.1875,0.08333333333333333,0.020833333333333332
2025,,2025-04-24,100000000,290,29,32,0.1103448275862069,0.3103448275862069,0.1724137931034483,0.10344827586206896,0.0
2025,,2025-04-25,10000000,665,67,49,0.07368421052631578,0.19402985074626866,0.08955223880597014,0.04477611940298507,0.014925373134328358
2025,,2025-04-25,30000000,480,48,37,0.07708333333333334,0.14583333333333334,0.125,0.0625,0.020833333333333332
2025,,2025-04-25,100000000,287,29,27,0.09407665505226481,0.20689655172413793,0.10344827586206896,0.034482758620689655,0.034482758620689655
2025,,2025-04-28,10000000,665,67,42,0.06315789473684211,0.14925373134328357,0.07462686567164178,0.029850746268656716,0.014925373134328358
2025,,2025-04-28,30000000,476,48,32,0.06722689075630252,0.14583333333333334,0.0625,0.041666666666666664,0.020833333333333332
2025,,2025-04-28,100000000,286,29,24,0.08391608391608392,0.1724137931034483,0.06896551724137931,0.034482758620689655,0.0
2025,,2025-04-29,10000000,657,66,32,0.0487062404870624,0.12121212121212122,0.030303030303030304,0.015151515151515152,0.015151515151515152
2025,,2025-04-29,30000000,470,47,21,0.04468085106382979,0.0851063829787234,0.02127659574468085,0.02127659574468085,0.0
2025,,2025-04-29,100000000,286,29,15,0.05244755244755245,0.06896551724137931,0.034482758620689655,0.034482758620689655,0.0
2025,,2025-04-30,10000000,647,65,36,0.05564142194744977,0.07692307692307693,0.07692307692307693,0.03076923076923077,0.03076923076923077
2025,,2025-04-30,30000000,467,47,24,0.05139186295503212,0.0425531914893617,0.06382978723404255,0.02127659574468085,0.02127659574468085
2025,,2025-04-30,100000000,279,28,19,0.06810035842293907,0.03571428571428571,0.10714285714285714,0.0,0.0
2025,,2025-05-02,10000000,646,65,19,0.029411764705882353,0.07692307692307693,0.015384615384615385,0.06153846153846154,0.015384615384615385
2025,,2025-05-02,30000000,468,47,9,0.019230769230769232,0.0425531914893617,0.0,0.06382978723404255,0.0
2025,,2025-05-02,100000000,283,29,6,0.02120141342756184,0.034482758620689655,0.0,0.06896551724137931,0.0
2025,,2025-05-05,10000000,653,66,36,0.055130168453292494,0.16666666666666666,0.030303030303030304,0.045454545454545456,0.015151515151515152
2025,,2025-05-05,30000000,476,48,24,0.05042016806722689,0.14583333333333334,0.020833333333333332,0.0625,0.020833333333333332
2025,,2025-05-05,100000000,285,29,18,0.06315789473684211,0.20689655172413793,0.034482758620689655,0.10344827586206896,0.034482758620689655
2025,,2025-05-06,10000000,655,66,32,0.04885496183206107,0.12121212121212122,0.015151515151515152,0.045454545454545456,0.015151515151515152
2025,,2025-05-06,30000000,476,48,23,0.04831932773109244,0.08333333333333333,0.020833333333333332,0.0625,0.020833333333333332
2025,,2025-05-06,100000000,286,29,18,0.06293706293706294,0.034482758620689655,0.034482758620689655,0.06896551724137931,0.034482758620689655
2025,,2025-05-07,10000000,636,64,37,0.05817610062893082,0.171875,0.15625,0.0625,0.125
2025,,2025-05-07,30000000,463,47,29,0.06263498920086392,0.19148936170212766,0.1702127659574468,0.0851063829787234,0.1702127659574468
2025,,2025-05-07,100000000,283,29,21,0.07420494699646643,0.2413793103448276,0.27586206896551724,0.13793103448275862,0.20689655172413793
2025,,2025-05-08,10000000,615,62,28,0.04552845528455285,0.14516129032258066,0.0967741935483871,0.06451612903225806,0.0967741935483871
2025,,2025-05-08,30000000,452,46,21,0.046460176991150445,0.17391304347826086,0.13043478260869565,0.08695652173913043,0.10869565217391304
2025,,2025-05-08,100000000,276,28,15,0.05434782608695652,0.17857142857142858,0.14285714285714285,0.14285714285714285,0.14285714285714285
2025,,2025-05-09,10000000,614,62,24,0.03908794788273615,0.11290322580645161,0.08064516129032258,0.08064516129032258,0.04838709677419355
2025,,2025-05-09,30000000,448,45,16,0.03571428571428571,0.1111111111111111,0.1111111111111111,0.08888888888888889,0.06666666666666667
2025,,2025-05-09,100000000,280,28,12,0.04285714285714286,0.10714285714285714,0.10714285714285714,0.14285714285714285,0.07142857142857142
2025,,2025-05-12,10000000,607,61,20,0.032948929159802305,0.06557377049180328,0.06557377049180328,0.06557377049180328,0.11475409836065574
2025,,2025-05-12,30000000,451,46,14,0.031042128603104215,0.06521739130434782,0.08695652173913043,0.08695652173913043,0.08695652173913043
2025,,2025-05-12,100000000,275,28,12,0.04363636363636364,0.10714285714285714,0.14285714285714285,0.10714285714285714,0.14285714285714285
2025,,2025-05-13,10000000,605,61,24,0.03966942148760331,0.08196721311475409,0.09836065573770492,0.08196721311475409,0.13114754098360656
2025,,2025-05-13,30000000,447,45,17,0.03803131991051454,0.06666666666666667,0.13333333333333333,0.08888888888888889,0.1111111111111111
2025,,2025-05-13,100000000,276,28,13,0.04710144927536232,0.10714285714285714,0.21428571428571427,0.10714285714285714,0.14285714285714285
2025,,2025-05-14,10000000,609,61,17,0.027914614121510674,0.08196721311475409,0.08196721311475409,0.06557377049180328,0.08196721311475409
2025,,2025-05-14,30000000,447,45,12,0.026845637583892617,0.08888888888888889,0.08888888888888889,0.06666666666666667,0.08888888888888889
2025,,2025-05-14,100000000,279,28,8,0.02867383512544803,0.10714285714285714,0.10714285714285714,0.07142857142857142,0.10714285714285714
2025,,2025-05-15,10000000,608,61,17,0.027960526315789474,0.04918032786885246,0.11475409836065574,0.06557377049180328,0.09836065573770492
2025,,2025-05-15,30000000,445,45,13,0.029213483146067417,0.06666666666666667,0.1111111111111111,0.08888888888888889,0.13333333333333333
2025,,2025-05-15,100000000,282,29,10,0.03546099290780142,0.10344827586206896,0.10344827586206896,0.10344827586206896,0.13793103448275862
2025,,2025-05-16,10000000,611,62,17,0.027823240589198037,0.11290322580645161,0.0967741935483871,0.06451612903225806,0.12903225806451613
2025,,2025-05-16,30000000,448,45,13,0.029017857142857144,0.1111111111111111,0.08888888888888889,0.08888888888888889,0.15555555555555556
2025,,2025-05-16,100000000,288,29,9,0.03125,0.10344827586206896,0.06896551724137931,0.10344827586206896,0.1724137931034483
2025,,2025-05-19,10000000,619,62,23,0.03715670436187399,0.08064516129032258,0.11290322580645161,0.04838709677419355,0.1774193548387097
2025,,2025-05-19,30000000,452,46,17,0.03761061946902655,0.043478260869565216,0.06521739130434782,0.06521739130434782,0.15217391304347827
2025,,2025-05-19,100000000,294,30,14,0.047619047619047616,0.06666666666666667,0.1,0.06666666666666667,0.2
2025,,2025-05-20,10000000,619,62,23,0.03715670436187399,0.0967741935483871,0.14516129032258066,0.04838709677419355,0.14516129032258066
2025,,2025-05-20,30000000,453,46,19,0.04194260485651214,0.10869565217391304,0.15217391304347827,0.06521739130434782,0.17391304347826086
2025,,2025-05-20,100000000,297,30,14,0.04713804713804714,0.06666666666666667,0.13333333333333333,0.06666666666666667,0.1
2025,,2025-05-21,10000000,619,62,21,0.033925686591276254,0.11290322580645161,0.12903225806451613,0.04838709677419355,0.12903225806451613
2025,,2025-05-21,30000000,451,46,17,0.037694013303769404,0.13043478260869565,0.13043478260869565,0.06521739130434782,0.17391304347826086
2025,,2025-05-21,100000000,298,30,14,0.04697986577181208,0.13333333333333333,0.13333333333333333,0.1,0.13333333333333333
2025,,2025-05-22,10000000,619,62,19,0.030694668820678513,0.06451612903225806,0.11290322580645161,0.04838709677419355,0.12903225806451613
2025,,2025-05-22,30000000,453,46,15,0.033112582781456956,0.06521739130434782,0.10869565217391304,0.06521739130434782,0.10869565217391304
2025,,2025-05-22,100000000,299,30,12,0.04013377926421405,0.06666666666666667,0.13333333333333333,0.03333333333333333,0.1
2025,,2025-05-23,10000000,621,63,19,0.030595813204508857,0.047619047619047616,0.07936507936507936,0.047619047619047616,0.1111111111111111
2025,,2025-05-23,30000000,452,46,15,0.033185840707964605,0.06521739130434782,0.08695652173913043,0.06521739130434782,0.15217391304347827
2025,,2025-05-23,100000000,302,31,12,0.039735099337748346,0.0967741935483871,0.0967741935483871,0.06451612903225806,0.12903225806451613
2025,,2025-05-26,10000000,623,63,22,0.03531300160513644,0.06349206349206349,0.06349206349206349,0.031746031746031744,0.1111111111111111
2025,,2025-05-26,30000000,456,46,18,0.039473684210526314,0.08695652173913043,0.06521739130434782,0.043478260869565216,0.13043478260869565
2025,,2025-05-26,100000000,301,31,15,0.04983388704318937,0.0967741935483871,0.06451612903225806,0.03225806451612903,0.12903225806451613
2025,,2025-05-27,10000000,624,63,20,0.03205128205128205,0.047619047619047616,0.07936507936507936,0.047619047619047616,0.09523809523809523
2025,,2025-05-27,30000000,456,46,17,0.03728070175438596,0.06521739130434782,0.10869565217391304,0.043478260869565216,0.13043478260869565
2025,,2025-05-27,100000000,300,30,14,0.04666666666666667,0.1,0.16666666666666666,0.03333333333333333,0.16666666666666666
2025,,2025-05-28,10000000,626,63,23,0.036741214057507986,0.07936507936507936,0.07936507936507936,0.047619047619047616,0.07936507936507936
2025,,2025-05-28,30000000,458,46,19,0.04148471615720524,0.10869565217391304,0.13043478260869565,0.06521739130434782,0.10869565217391304
2025,,2025-05-28,100000000,296,30,17,0.057432432432432436,0.16666666666666666,0.26666666666666666,0.03333333333333333,0.13333333333333333
2025,,2025-05-29,10000000,623,63,21,0.033707865168539325,0.047619047619047616,0.047619047619047616,0.047619047619047616,0.09523809523809523
2025,,2025-05-29,30000000,458,46,17,0.03711790393013101,0.06521739130434782,0.043478260869565216,0.06521739130434782,0.13043478260869565
2025,,2025-05-29,100000000,300,30,15,0.05,0.06666666666666667,0.06666666666666667,0.03333333333333333,0.16666666666666666
2025,,2025-06-02,10000000,620,62,30,0.04838709677419355,0.06451612903225806,0.12903225806451613,0.04838709677419355,0.11290322580645161
2025,,2025-06-02,30000000,455,46,24,0.05274725274725275,0.06521739130434782,0.10869565217391304,0.06521739130434782,0.15217391304347827
2025,,2025-06-02,100000000,301,31,21,0.06976744186046512,0.06451612903225806,0.16129032258064516,0.03225806451612903,0.22580645161290322
2025,,2025-06-03,10000000,612,62,29,0.04738562091503268,0.03225806451612903,0.0967741935483871,0.04838709677419355,0.0967741935483871
2025,,2025-06-03,30000000,451,46,23,0.050997782705099776,0.021739130434782608,0.08695652173913043,0.06521739130434782,0.13043478260869565
2025,,2025-06-03,100000000,299,30,21,0.07023411371237458,0.0,0.1,0.03333333333333333,0.2
2025,,2025-06-04,10000000,611,62,21,0.03436988543371522,0.04838709677419355,0.06451612903225806,0.03225806451612903,0.0967741935483871
2025,,2025-06-04,30000000,445,45,15,0.033707865168539325,0.044444444444444446,0.044444444444444446,0.044444444444444446,0.1111111111111111
2025,,2025-06-04,100000000,300,30,14,0.04666666666666667,0.03333333333333333,0.1,0.03333333333333333,0.16666666666666666
2025,,2025-06-05,10000000,610,61,21,0.03442622950819672,0.06557377049180328,0.04918032786885246,0.06557377049180328,0.09836065573770492
2025,,2025-06-05,30000000,442,45,15,0.033936651583710405,0.044444444444444446,0.044444444444444446,0.06666666666666667,0.08888888888888889
2025,,2025-06-05,100000000,302,31,13,0.04304635761589404,0.03225806451612903,0.06451612903225806,0.03225806451612903,0.12903225806451613
2025,,2025-06-06,10000000,610,61,20,0.03278688524590164,0.04918032786885246,0.06557377049180328,0.04918032786885246,0.08196721311475409
2025,,2025-06-06,30000000,443,45,16,0.03611738148984198,0.06666666666666667,0.06666666666666667,0.044444444444444446,0.1111111111111111
2025,,2025-06-06,100000000,302,31,13,0.04304635761589404,0.03225806451612903,0.03225806451612903,0.03225806451612903,0.12903225806451613
2025,,2025-06-09,10000000,608,61,18,0.029605263157894735,0.03278688524590164,0.03278688524590164,0.06557377049180328,0.08196721311475409
2025,,2025-06-09,30000000,442,45,14,0.03167420814479638,0.044444444444444446,0.044444444444444446,0.08888888888888889,0.06666666666666667
2025,,2025-06-09,100000000,299,30,12,0.04013377926421405,0.03333333333333333,0.06666666666666667,0.06666666666666667,0.1
2025,,2025-06-10,10000000,609,61,16,0.026272577996715927,0.03278688524590164,0.03278688524590164,0.08196721311475409,0.08196721311475409
2025,,2025-06-10,30000000,444,45,12,0.02702702702702703,0.044444444444444446,0.044444444444444446,0.08888888888888889,0.06666666666666667
2025,,2025-06-10,100000000,298,30,9,0.030201342281879196,0.03333333333333333,0.1,0.1,0.1
2025,,2025-06-11,10000000,610,61,17,0.027868852459016394,0.08196721311475409,0.03278688524590164,0.06557377049180328,0.06557377049180328
2025,,2025-06-11,30000000,441,45,12,0.027210884353741496,0.06666666666666667,0.044444444444444446,0.06666666666666667,0.08888888888888889
2025,,2025-06-11,100000000,294,30,9,0.030612244897959183,0.06666666666666667,0.06666666666666667,0.1,0.1
2025,,2025-06-12,10000000,602,61,18,0.029900332225913623,0.04918032786885246,0.04918032786885246,0.06557377049180328,0.06557377049180328
2025,,2025-06-12,30000000,439,44,14,0.03189066059225513,0.06818181818181818,0.045454545454545456,0.06818181818181818,0.06818181818181818
2025,,2025-06-12,100000000,292,30,9,0.030821917808219176,0.06666666666666667,0.03333333333333333,0.06666666666666667,0.06666666666666667
2025,,2025-06-13,10000000,599,60,20,0.0333889816360601,0.06666666666666667,0.08333333333333333,0.1,0.1
2025,,2025-06-13,30000000,441,45,16,0.036281179138321996,0.06666666666666667,0.1111111111111111,0.08888888888888889,0.08888888888888889
2025,,2025-06-13,100000000,292,30,11,0.03767123287671233,0.06666666666666667,0.1,0.1,0.13333333333333333
2025,,2025-06-16,10000000,596,60,18,0.030201342281879196,0.06666666666666667,0.06666666666666667,0.03333333333333333,0.05
2025,,2025-06-16,30000000,440,44,14,0.031818181818181815,0.09090909090909091,0.06818181818181818,0.045454545454545456,0.045454545454545456
2025,,2025-06-16,100000000,285,29,10,0.03508771929824561,0.10344827586206896,0.10344827586206896,0.06896551724137931,0.06896551724137931
2025,,2025-06-17,10000000,591,60,17,0.028764805414551606,0.1,0.08333333333333333,0.06666666666666667,0.05
2025,,2025-06-17,30000000,431,44,12,0.027842227378190254,0.06818181818181818,0.06818181818181818,0.045454545454545456,0.045454545454545456
2025,,2025-06-17,100000000,281,29,9,0.03202846975088968,0.06896551724137931,0.06896551724137931,0.06896551724137931,0.06896551724137931
2025,,2025-06-18,10000000,595,60,15,0.025210084033613446,0.08333333333333333,0.05,0.03333333333333333,0.06666666666666667
2025,,2025-06-18,30000000,430,43,11,0.02558139534883721,0.06976744186046512,0.046511627906976744,0.046511627906976744,0.046511627906976744
2025,,2025-06-18,100000000,283,29,8,0.028268551236749116,0.06896551724137931,0.06896551724137931,0.034482758620689655,0.06896551724137931
2025,,2025-06-19,10000000,597,60,19,0.031825795644891124,0.1,0.06666666666666667,0.05,0.11666666666666667
2025,,2025-06-19,30000000,435,44,16,0.0367816091954023,0.09090909090909091,0.06818181818181818,0.06818181818181818,0.13636363636363635
2025,,2025-06-19,100000000,284,29,10,0.035211267605633804,0.06896551724137931,0.06896551724137931,0.06896551724137931,0.06896551724137931
2025,,2025-06-20,10000000,595,60,19,0.031932773109243695,0.1,0.06666666666666667,0.06666666666666667,0.13333333333333333
2025,,2025-06-20,30000000,442,45,16,0.03619909502262444,0.08888888888888889,0.044444444444444446,0.06666666666666667,0.15555555555555556
2025,,2025-06-20,100000000,286,29,10,0.03496503496503497,0.10344827586206896,0.06896551724137931,0.06896551724137931,0.06896551724137931
2025,,2025-06-23,10000000,598,60,19,0.03177257525083612,0.06666666666666667,0.08333333333333333,0.06666666666666667,0.1
2025,,2025-06-23,30000000,441,45,16,0.036281179138321996,0.06666666666666667,0.06666666666666667,0.06666666666666667,0.13333333333333333
2025,,2025-06-23,100000000,287,29,12,0.041811846689895474,0.06896551724137931,0.06896551724137931,0.06896551724137931,0.10344827586206896
2025,,2025-06-24,10000000,599,60,13,0.021702838063439065,0.11666666666666667,0.08333333333333333,0.03333333333333333,0.06666666666666667
2025,,2025-06-24,30000000,439,44,11,0.025056947608200455,0.11363636363636363,0.09090909090909091,0.022727272727272728,0.09090909090909091
2025,,2025-06-24,100000000,290,29,7,0.02413793103448276,0.10344827586206896,0.10344827586206896,0.034482758620689655,0.10344827586206896
2025,,2025-06-25,10000000,595,60,13,0.021848739495798318,0.11666666666666667,0.08333333333333333,0.03333333333333333,0.06666666666666667
2025,,2025-06-25,30000000,436,44,10,0.022935779816513763,0.13636363636363635,0.09090909090909091,0.045454545454545456,0.09090909090909091
2025,,2025-06-25,100000000,292,30,9,0.030821917808219176,0.16666666666666666,0.13333333333333333,0.03333333333333333,0.13333333333333333
2025,,2025-06-26,10000000,592,60,14,0.02364864864864865,0.1,0.08333333333333333,0.06666666666666667,0.11666666666666667
2025,,2025-06-26,30000000,440,44,12,0.02727272727272727,0.11363636363636363,0.09090909090909091,0.06818181818181818,0.13636363636363635
2025,,2025-06-26,100000000,293,30,10,0.034129692832764506,0.1,0.1,0.06666666666666667,0.13333333333333333
2025,,2025-06-27,10000000,591,60,14,0.023688663282571912,0.08333333333333333,0.08333333333333333,0.06666666666666667,0.06666666666666667
2025,,2025-06-27,30000000,437,44,12,0.02745995423340961,0.09090909090909091,0.09090909090909091,0.09090909090909091,0.09090909090909091
2025,,2025-06-27,100000000,294,30,11,0.03741496598639456,0.13333333333333333,0.13333333333333333,0.06666666666666667,0.13333333333333333
2025,,2025-06-30,10000000,589,59,17,0.028862478777589132,0.1016949152542373,0.0847457627118644,0.06779661016949153,0.0847457627118644
2025,,2025-06-30,30000000,433,44,13,0.03002309468822171,0.06818181818181818,0.045454545454545456,0.06818181818181818,0.06818181818181818
2025,,2025-06-30,100000000,294,30,11,0.03741496598639456,0.1,0.1,0.1,0.1
2025,,2025-07-01,10000000,590,59,23,0.03898305084745763,0.1016949152542373,0.0847457627118644,0.1016949152542373,0.0847457627118644
2025,,2025-07-01,30000000,430,43,19,0.044186046511627906,0.09302325581395349,0.06976744186046512,0.13953488372093023,0.11627906976744186
2025,,2025-07-01,100000000,294,30,16,0.05442176870748299,0.13333333333333333,0.13333333333333333,0.13333333333333333,0.16666666666666666
2025,,2025-07-02,10000000,587,59,25,0.04258943781942078,0.13559322033898305,0.11864406779661017,0.15254237288135594,0.13559322033898305
2025,,2025-07-02,30000000,428,43,20,0.04672897196261682,0.11627906976744186,0.09302325581395349,0.13953488372093023,0.13953488372093023
2025,,2025-07-02,100000000,293,30,18,0.06143344709897611,0.16666666666666666,0.16666666666666666,0.16666666666666666,0.16666666666666666
2025,,2025-07-03,10000000,591,60,25,0.04230118443316413,0.16666666666666666,0.1,0.16666666666666666,0.16666666666666666
2025,,2025-07-03,30000000,428,43,20,0.04672897196261682,0.13953488372093023,0.11627906976744186,0.16279069767441862,0.18604651162790697
2025,,2025-07-03,100000000,294,30,17,0.05782312925170068,0.2,0.16666666666666666,0.13333333333333333,0.2
2025,,2025-07-04,10000000,588,59,28,0.047619047619047616,0.1694915254237288,0.0847457627118644,0.15254237288135594,0.1694915254237288
2025,,2025-07-04,30000000,431,44,23,0.05336426914153132,0.1590909090909091,0.06818181818181818,0.18181818181818182,0.18181818181818182
2025,,2025-07-04,100000000,295,30,19,0.06440677966101695,0.2,0.06666666666666667,0.13333333333333333,0.23333333333333334
2025,,2025-07-07,10000000,590,59,34,0.0576271186440678,0.23728813559322035,0.13559322033898305,0.15254237288135594,0.2033898305084746
2025,,2025-07-07,30000000,426,43,26,0.06103286384976526,0.20930232558139536,0.11627906976744186,0.20930232558139536,0.18604651162790697
2025,,2025-07-07,100000000,292,30,22,0.07534246575342465,0.26666666666666666,0.16666666666666666,0.23333333333333334,0.26666666666666666
2025,,2025-07-08,10000000,588,59,38,0.06462585034013606,0.2542372881355932,0.1864406779661017,0.15254237288135594,0.1864406779661017
2025,,2025-07-08,30000000,430,43,28,0.06511627906976744,0.20930232558139536,0.16279069767441862,0.18604651162790697,0.20930232558139536
2025,,2025-07-08,100000000,290,29,22,0.07586206896551724,0.2413793103448276,0.20689655172413793,0.20689655172413793,0.2413793103448276
2025,,2025-07-09,10000000,584,59,39,0.06678082191780822,0.22033898305084745,0.22033898305084745,0.15254237288135594,0.2033898305084746
2025,,2025-07-09,30000000,423,43,27,0.06382978723404255,0.16279069767441862,0.18604651162790697,0.18604651162790697,0.20930232558139536
2025,,2025-07-09,100000000,287,29,21,0.07317073170731707,0.20689655172413793,0.1724137931034483,0.13793103448275862,0.2413793103448276
2025,,2025-07-10,10000000,582,59,41,0.070446735395189,0.2711864406779661,0.2033898305084746,0.1864406779661017,0.23728813559322035
2025,,2025-07-10,30000000,418,42,31,0.07416267942583732,0.23809523809523808,0.23809523809523808,0.19047619047619047,0.30952380952380953
2025,,2025-07-10,100000000,286,29,22,0.07692307692307693,0.20689655172413793,0.20689655172413793,0.13793103448275862,0.27586206896551724
2025,,2025-07-11,10000000,579,58,40,0.0690846286701209,0.25862068965517243,0.20689655172413793,0.2413793103448276,0.27586206896551724
2025,,2025-07-11,30000000,412,42,34,0.0825242718446602,0.2619047619047619,0.2619047619047619,0.30952380952380953,0.35714285714285715
2025,,2025-07-11,100000000,287,29,28,0.0975609756097561,0.3103448275862069,0.3103448275862069,0.20689655172413793,0.3103448275862069
2025,,2025-07-14,10000000,581,59,50,0.08605851979345955,0.22033898305084745,0.23728813559322035,0.2711864406779661,0.23728813559322035
2025,,2025-07-14,30000000,419,42,40,0.0954653937947494,0.19047619047619047,0.2619047619047619,0.30952380952380953,0.23809523809523808
2025,,2025-07-14,100000000,290,29,32,0.1103448275862069,0.20689655172413793,0.2413793103448276,0.2413793103448276,0.2413793103448276
2025,,2025-07-15,10000000,579,58,45,0.07772020725388601,0.22413793103448276,0.1724137931034483,0.22413793103448276,0.20689655172413793
2025,,2025-07-15,30000000,415,42,35,0.08433734939759036,0.21428571428571427,0.21428571428571427,0.2619047619047619,0.2619047619047619
2025,,2025-07-15,100000000,286,29,27,0.0944055944055944,0.20689655172413793,0.2413793103448276,0.20689655172413793,0.27586206896551724
2025,,2025-07-16,10000000,576,58,57,0.09895833333333333,0.25862068965517243,0.1896551724137931,0.29310344827586204,0.25862068965517243
2025,,2025-07-16,30000000,417,42,47,0.11270983213429256,0.2619047619047619,0.23809523809523808,0.2857142857142857,0.3333333333333333
2025,,2025-07-16,100000000,284,29,35,0.12323943661971831,0.2413793103448276,0.27586206896551724,0.3103448275862069,0.3103448275862069
2025,,2025-07-17,10000000,575,58,57,0.09913043478260869,0.2413793103448276,0.1896551724137931,0.3103448275862069,0.27586206896551724
2025,,2025-07-17,30000000,418,42,48,0.11483253588516747,0.2857142857142857,0.2619047619047619,0.35714285714285715,0.3333333333333333
2025,,2025-07-17,100000000,283,29,36,0.127208480565371,0.3448275862068966,0.3103448275862069,0.3448275862068966,0.3448275862068966
2025,,2025-07-18,10000000,567,57,58,0.10229276895943562,0.2982456140350877,0.22807017543859648,0.2631578947368421,0.2982456140350877
2025,,2025-07-18,30000000,419,42,48,0.11455847255369929,0.2857142857142857,0.19047619047619047,0.30952380952380953,0.35714285714285715
2025,,2025-07-18,100000000,281,29,38,0.13523131672597866,0.3103448275862069,0.3448275862068966,0.3448275862068966,0.3448275862068966
2025,,2025-07-21,10000000,566,57,59,0.10424028268551237,0.2631578947368421,0.19298245614035087,0.3157894736842105,0.2982456140350877
2025,,2025-07-21,30000000,419,42,48,0.11455847255369929,0.2857142857142857,0.21428571428571427,0.3333333333333333,0.3333333333333333
2025,,2025-07-21,100000000,284,29,40,0.14084507042253522,0.3793103448275862,0.41379310344827586,0.3793103448275862,0.3448275862068966
2025,,2025-07-22,10000000,567,57,74,0.13051146384479717,0.38596491228070173,0.2982456140350877,0.40350877192982454,0.3157894736842105
2025,,2025-07-22,30000000,420,42,56,0.13333333333333333,0.35714285714285715,0.23809523809523808,0.4523809523809524,0.3333333333333333
2025,,2025-07-22,100000000,285,29,47,0.1649122807017544,0.4827586206896552,0.3793103448275862,0.4827586206896552,0.41379310344827586
2025,,2025-07-23,10000000,572,58,67,0.11713286713286714,0.29310344827586204,0.25862068965517243,0.3448275862068966,0.3620689655172414
2025,,2025-07-23,30000000,425,43,52,0.1223529411764706,0.3023255813953488,0.20930232558139536,0.3953488372093023,0.3488372093023256
2025,,2025-07-23,100000000,287,29,41,0.14285714285714285,0.4482758620689655,0.27586206896551724,0.4827586206896552,0.3793103448275862
2025,,2025-07-24,10000000,574,58,67,0.11672473867595819,0.3620689655172414,0.27586206896551724,0.29310344827586204,0.39655172413793105
2025,,2025-07-24,30000000,427,43,51,0.11943793911007025,0.37209302325581395,0.20930232558139536,0.3488372093023256,0.4418604651162791
2025,,2025-07-24,100000000,288,29,40,0.1388888888888889,0.4482758620689655,0.27586206896551724,0.4482758620689655,0.41379310344827586
2025,,2025-07-25,10000000,577,58,73,0.1265164644714038,0.41379310344827586,0.29310344827586204,0.3275862068965517,0.4482758620689655
2025,,2025-07-25,30000000,424,43,56,0.1320754716981132,0.4186046511627907,0.32558139534883723,0.4186046511627907,0.46511627906976744
2025,,2025-07-25,100000000,291,30,46,0.15807560137457044,0.5,0.4666666666666667,0.43333333333333335,0.43333333333333335
2025,,2025-07-28,10000000,579,58,66,0.11398963730569948,0.3275862068965517,0.25862068965517243,0.3275862068965517,0.3793103448275862
2025,,2025-07-28,30000000,425,43,52,0.1223529411764706,0.37209302325581395,0.27906976744186046,0.4186046511627907,0.4186046511627907
2025,,2025-07-28,100000000,292,30,44,0.1506849315068493,0.43333333333333335,0.3333333333333333,0.4666666666666667,0.43333333333333335
2025,,2025-07-29,10000000,578,58,77,0.13321799307958476,0.3620689655172414,0.3103448275862069,0.41379310344827586,0.39655172413793105
2025,,2025-07-29,30000000,428,43,63,0.14719626168224298,0.4186046511627907,0.37209302325581395,0.46511627906976744,0.46511627906976744
2025,,2025-07-29,100000000,290,29,52,0.1793103448275862,0.4482758620689655,0.5517241379310345,0.5172413793103449,0.5172413793103449
2025,,2025-07-30,10000000,582,59,79,0.13573883161512026,0.3050847457627119,0.23728813559322035,0.4067796610169492,0.3728813559322034
2025,,2025-07-30,30000000,425,43,62,0.14588235294117646,0.3023255813953488,0.27906976744186046,0.46511627906976744,0.3488372093023256
2025,,2025-07-30,100000000,287,29,51,0.17770034843205576,0.3448275862068966,0.4827586206896552,0.4827586206896552,0.41379310344827586
2025,,2025-07-31,10000000,585,59,81,0.13846153846153847,0.2711864406779661,0.288135593220339,0.3728813559322034,0.3220338983050847
2025,,2025-07-31,30000000,425,43,64,0.15058823529411763,0.32558139534883723,0.32558139534883723,0.32558139534883723,0.32558139534883723
2025,,2025-07-31,100000000,291,30,50,0.1718213058419244,0.3333333333333333,0.4666666666666667,0.36666666666666664,0.4
2025,,2025-08-01,10000000,583,59,78,0.13379073756432247,0.3389830508474576,0.23728813559322035,0.3728813559322034,0.3389830508474576
2025,,2025-08-01,30000000,423,43,63,0.14893617021276595,0.3953488372093023,0.27906976744186046,0.3953488372093023,0.4186046511627907
2025,,2025-08-01,100000000,289,29,45,0.15570934256055363,0.3793103448275862,0.3793103448275862,0.3793103448275862,0.41379310344827586
2025,,2025-08-04,10000000,584,59,80,0.136986301369863,0.3559322033898305,0.23728813559322035,0.4406779661016949,0.423728813559322
2025,,2025-08-04,30000000,426,43,67,0.1572769953051643,0.3488372093023256,0.27906976744186046,0.46511627906976744,0.4883720930232558
2025,,2025-08-04,100000000,288,29,51,0.17708333333333334,0.3448275862068966,0.3103448275862069,0.5172413793103449,0.5172413793103449
2025,,2025-08-05,10000000,586,59,73,0.12457337883959044,0.3559322033898305,0.23728813559322035,0.4067796610169492,0.3898305084745763
2025,,2025-08-05,30000000,432,44,65,0.15046296296296297,0.4318181818181818,0.29545454545454547,0.4318181818181818,0.4318181818181818
2025,,2025-08-05,100000000,288,29,48,0.16666666666666666,0.41379310344827586,0.27586206896551724,0.41379310344827586,0.5172413793103449
2025,,2025-08-06,10000000,587,59,75,0.12776831345826234,0.3728813559322034,0.3050847457627119,0.3898305084745763,0.4067796610169492
2025,,2025-08-06,30000000,434,44,67,0.1543778801843318,0.45454545454545453,0.36363636363636365,0.4318181818181818,0.4318181818181818
2025,,2025-08-06,100000000,290,29,48,0.16551724137931034,0.41379310344827586,0.3448275862068966,0.3793103448275862,0.4482758620689655
2025,,2025-08-07,10000000,588,59,76,0.1292517006802721,0.3389830508474576,0.2711864406779661,0.4067796610169492,0.3559322033898305
2025,,2025-08-07,30000000,434,44,68,0.15668202764976957,0.4090909090909091,0.3409090909090909,0.4318181818181818,0.4318181818181818
2025,,2025-08-07,100000000,296,30,51,0.17229729729729729,0.36666666666666664,0.4,0.36666666666666664,0.4666666666666667
2025,,2025-08-08,10000000,592,60,67,0.11317567567567567,0.31666666666666665,0.2,0.3333333333333333,0.26666666666666666
2025,,2025-08-08,30000000,436,44,60,0.13761467889908258,0.3409090909090909,0.2727272727272727,0.3409090909090909,0.29545454545454547
2025,,2025-08-08,100000000,298,30,44,0.1476510067114094,0.3333333333333333,0.26666666666666666,0.23333333333333334,0.26666666666666666
2025,,2025-08-11,10000000,597,60,70,0.11725293132328309,0.26666666666666666,0.26666666666666666,0.26666666666666666,0.3333333333333333
2025,,2025-08-11,30000000,436,44,61,0.13990825688073394,0.3181818181818182,0.3181818181818182,0.25,0.3409090909090909
2025,,2025-08-11,100000000,299,30,46,0.15384615384615385,0.36666666666666664,0.36666666666666664,0.2,0.36666666666666664
2025,,2025-08-12,10000000,603,61,64,0.10613598673300166,0.2459016393442623,0.21311475409836064,0.26229508196721313,0.2786885245901639
2025,,2025-08-12,30000000,441,45,57,0.1292517006802721,0.28888888888888886,0.28888888888888886,0.24444444444444444,0.26666666666666666
2025,,2025-08-12,100000000,307,31,42,0.13680781758957655,0.2903225806451613,0.3548387096774194,0.22580645161290322,0.25806451612903225
2025,,2025-08-13,10000000,605,61,58,0.09586776859504133,0.2459016393442623,0.21311475409836064,0.26229508196721313,0.19672131147540983
2025,,2025-08-13,30000000,448,45,52,0.11607142857142858,0.26666666666666666,0.26666666666666666,0.26666666666666666,0.2222222222222222
2025,,2025-08-13,100000000,313,32,40,0.12779552715654952,0.28125,0.34375,0.25,0.25
2025,,2025-08-14,10000000,609,61,58,0.09523809523809523,0.26229508196721313,0.19672131147540983,0.26229508196721313,0.21311475409836064
2025,,2025-08-14,30000000,452,46,52,0.11504424778761062,0.2391304347826087,0.1956521739130435,0.2826086956521739,0.2391304347826087
2025,,2025-08-14,100000000,319,32,44,0.13793103448275862,0.25,0.25,0.28125,0.28125
2025,,2025-08-15,10000000,612,62,51,0.08333333333333333,0.16129032258064516,0.16129032258064516,0.20967741935483872,0.14516129032258066
2025,,2025-08-15,30000000,459,46,46,0.10021786492374728,0.17391304347826086,0.17391304347826086,0.1956521739130435,0.17391304347826086
2025,,2025-08-15,100000000,318,32,38,0.11949685534591195,0.1875,0.1875,0.25,0.15625
2025,,2025-08-18,10000000,618,62,42,0.06796116504854369,0.12903225806451613,0.1774193548387097,0.14516129032258066,0.11290322580645161
2025,,2025-08-18,30000000,459,46,38,0.08278867102396514,0.13043478260869565,0.17391304347826086,0.10869565217391304,0.13043478260869565
2025,,2025-08-18,100000000,326,33,30,0.09202453987730061,0.12121212121212122,0.18181818181818182,0.09090909090909091,0.12121212121212122
2025,,2025-08-19,10000000,617,62,44,0.0713128038897893,0.14516129032258066,0.1774193548387097,0.16129032258064516,0.1774193548387097
2025,,2025-08-19,30000000,463,47,41,0.08855291576673865,0.1702127659574468,0.23404255319148937,0.1702127659574468,0.2127659574468085
2025,,2025-08-19,100000000,324,33,32,0.09876543209876543,0.18181818181818182,0.24242424242424243,0.15151515151515152,0.21212121212121213
2025,,2025-08-20,10000000,618,62,60,0.0970873786407767,0.1774193548387097,0.22580645161290322,0.1774193548387097,0.22580645161290322
2025,,2025-08-20,30000000,463,47,56,0.12095032397408208,0.19148936170212766,0.2765957446808511,0.2127659574468085,0.2127659574468085
2025,,2025-08-20,100000000,325,33,48,0.1476923076923077,0.2727272727272727,0.3333333333333333,0.24242424242424243,0.2727272727272727
2025,,2025-08-21,10000000,620,62,45,0.07258064516129033,0.12903225806451613,0.0967741935483871,0.1774193548387097,0.11290322580645161
2025,,2025-08-21,30000000,461,47,40,0.08676789587852494,0.14893617021276595,0.14893617021276595,0.23404255319148937,0.1276595744680851
2025,,2025-08-21,100000000,324,33,33,0.10185185185185185,0.15151515151515152,0.15151515151515152,0.18181818181818182,0.12121212121212122
2025,,2025-08-22,10000000,624,63,51,0.08173076923076923,0.14285714285714285,0.1111111111111111,0.19047619047619047,0.12698412698412698
2025,,2025-08-22,30000000,463,47,46,0.09935205183585313,0.1702127659574468,0.14893617021276595,0.1702127659574468,0.14893617021276595
2025,,2025-08-22,100000000,325,33,38,0.11692307692307692,0.24242424242424243,0.15151515151515152,0.15151515151515152,0.12121212121212122
2025,,2025-08-25,10000000,626,63,43,0.06869009584664537,0.12698412698412698,0.09523809523809523,0.14285714285714285,0.1111111111111111
2025,,2025-08-25,30000000,467,47,37,0.07922912205567452,0.10638297872340426,0.1276595744680851,0.14893617021276595,0.1276595744680851
2025,,2025-08-25,100000000,325,33,29,0.08923076923076922,0.15151515151515152,0.12121212121212122,0.09090909090909091,0.15151515151515152
2025,,2025-08-26,10000000,630,63,41,0.06507936507936508,0.14285714285714285,0.07936507936507936,0.09523809523809523,0.14285714285714285
2025,,2025-08-26,30000000,471,48,37,0.07855626326963906,0.14583333333333334,0.10416666666666667,0.125,0.16666666666666666
2025,,2025-08-26,100000000,326,33,26,0.07975460122699386,0.18181818181818182,0.06060606060606061,0.12121212121212122,0.21212121212121213
2025,,2025-08-27,10000000,629,63,32,0.05087440381558029,0.07936507936507936,0.09523809523809523,0.031746031746031744,0.09523809523809523
2025,,2025-08-27,30000000,476,48,27,0.05672268907563025,0.10416666666666667,0.10416666666666667,0.041666666666666664,0.125
2025,,2025-08-27,100000000,328,33,18,0.054878048780487805,0.09090909090909091,0.09090909090909091,0.030303030303030304,0.12121212121212122
2025,,2025-08-28,10000000,623,63,32,0.051364365971107544,0.047619047619047616,0.1111111111111111,0.015873015873015872,0.09523809523809523
2025,,2025-08-28,30000000,474,48,27,0.056962025316455694,0.0625,0.10416666666666667,0.020833333333333332,0.08333333333333333
2025,,2025-08-28,100000000,326,33,19,0.05828220858895705,0.06060606060606061,0.12121212121212122,0.0,0.06060606060606061
2025,,2025-08-29,10000000,628,63,28,0.044585987261146494,0.07936507936507936,0.07936507936507936,0.031746031746031744,0.06349206349206349
2025,,2025-08-29,30000000,474,48,24,0.05063291139240506,0.10416666666666667,0.10416666666666667,0.041666666666666664,0.0625
2025,,2025-08-29,100000000,331,34,18,0.054380664652567974,0.11764705882352941,0.11764705882352941,0.029411764705882353,0.08823529411764706
2025,,2025-09-01,10000000,629,63,35,0.05564387917329094,0.12698412698412698,0.12698412698412698,0.06349206349206349,0.09523809523809523
2025,,2025-09-01,30000000,476,48,31,0.06512605042016807,0.125,0.1875,0.08333333333333333,0.10416666666666667
2025,,2025-09-01,100000000,332,34,23,0.06927710843373494,0.17647058823529413,0.2647058823529412,0.08823529411764706,0.14705882352941177
2025,,2025-09-02,10000000,632,64,38,0.060126582278481014,0.09375,0.140625,0.078125,0.0625
2025,,2025-09-02,30000000,480,48,33,0.06875,0.125,0.16666666666666666,0.10416666666666667,0.08333333333333333
2025,,2025-09-02,100000000,332,34,25,0.07530120481927711,0.14705882352941177,0.20588235294117646,0.11764705882352941,0.11764705882352941
2025,,2025-09-03,10000000,631,64,33,0.05229793977812995,0.09375,0.109375,0.09375,0.0625
2025,,2025-09-03,30000000,480,48,29,0.06041666666666667,0.125,0.125,0.08333333333333333,0.0625
2025,,2025-09-03,100000000,330,33,21,0.06363636363636363,0.12121212121212122,0.15151515151515152,0.12121212121212122,0.09090909090909091
2025,,2025-09-04,10000000,634,64,32,0.050473186119873815,0.109375,0.078125,0.109375,0.125
2025,,2025-09-04,30000000,485,49,28,0.0577319587628866,0.10204081632653061,0.10204081632653061,0.12244897959183673,0.10204081632653061
2025,,2025-09-04,100000000,328,33,21,0.06402439024390244,0.09090909090909091,0.12121212121212122,0.18181818181818182,0.12121212121212122
2025,,2025-09-05,10000000,635,64,29,0.04566929133858268,0.0625,0.078125,0.078125,0.0625
2025,,2025-09-05,30000000,486,49,25,0.051440329218107,0.04081632653061224,0.08163265306122448,0.10204081632653061,0.061224489795918366
2025,,2025-09-05,100000000,332,34,18,0.05421686746987952,0.058823529411764705,0.058823529411764705,0.11764705882352941,0.058823529411764705
2025,,2025-09-08,10000000,637,64,30,0.04709576138147567,0.109375,0.125,0.078125,0.09375
2025,,2025-09-08,30000000,486,49,27,0.05555555555555555,0.12244897959183673,0.14285714285714285,0.10204081632653061,0.10204081632653061
2025,,2025-09-08,100000000,332,34,20,0.060240963855421686,0.11764705882352941,0.14705882352941177,0.14705882352941177,0.14705882352941177
2025,,2025-09-09,10000000,641,65,34,0.0530421216848674,0.07692307692307693,0.1076923076923077,0.09230769230769231,0.07692307692307693
2025,,2025-09-09,30000000,487,49,30,0.061601642710472276,0.08163265306122448,0.12244897959183673,0.08163265306122448,0.10204081632653061
2025,,2025-09-09,100000000,330,33,22,0.06666666666666667,0.09090909090909091,0.15151515151515152,0.09090909090909091,0.15151515151515152
2025,,2025-09-10,10000000,635,64,32,0.050393700787401574,0.09375,0.109375,0.09375,0.078125
2025,,2025-09-10,30000000,487,49,28,0.057494866529774126,0.10204081632653061,0.10204081632653061,0.08163265306122448,0.10204081632653061
2025,,2025-09-10,100000000,326,33,20,0.06134969325153374,0.12121212121212122,0.15151515151515152,0.09090909090909091,0.12121212121212122
2025,,2025-09-11,10000000,645,65,38,0.05891472868217054,0.09230769230769231,0.09230769230769231,0.09230769230769231,0.07692307692307693
2025,,2025-09-11,30000000,486,49,32,0.06584362139917696,0.12244897959183673,0.10204081632653061,0.10204081632653061,0.10204081632653061
2025,,2025-09-11,100000000,325,33,24,0.07384615384615385,0.15151515151515152,0.15151515151515152,0.15151515151515152,0.12121212121212122
2025,,2025-09-12,10000000,643,65,36,0.05598755832037325,0.18461538461538463,0.1076923076923077,0.07692307692307693,0.07692307692307693
2025,,2025-09-12,30000000,484,49,30,0.06198347107438017,0.1836734693877551,0.10204081632653061,0.08163265306122448,0.10204081632653061
2025,,2025-09-12,100000000,326,33,22,0.06748466257668712,0.12121212121212122,0.12121212121212122,0.12121212121212122,0.09090909090909091
2025,,2025-09-15,10000000,640,64,36,0.05625,0.203125,0.171875,0.09375,0.15625
2025,,2025-09-15,30000000,487,49,31,0.06365503080082136,0.24489795918367346,0.16326530612244897,0.10204081632653061,0.1836734693877551
2025,,2025-09-15,100000000,327,33,24,0.07339449541284404,0.15151515151515152,0.18181818181818182,0.12121212121212122,0.18181818181818182
2025,,2025-09-16,10000000,636,64,30,0.04716981132075472,0.171875,0.125,0.0625,0.109375
2025,,2025-09-16,30000000,486,49,27,0.05555555555555555,0.1836734693877551,0.16326530612244897,0.08163265306122448,0.14285714285714285
2025,,2025-09-16,100000000,329,33,22,0.0668693009118541,0.21212121212121213,0.15151515151515152,0.12121212121212122,0.18181818181818182
2025,,2025-09-17,10000000,638,64,32,0.050156739811912224,0.1875,0.125,0.078125,0.140625
2025,,2025-09-17,30000000,485,49,28,0.0577319587628866,0.1836734693877551,0.12244897959183673,0.10204081632653061,0.16326530612244897
2025,,2025-09-17,100000000,329,33,22,0.0668693009118541,0.18181818181818182,0.12121212121212122,0.09090909090909091,0.21212121212121213
2025,,2025-09-18,10000000,638,64,31,0.048589341692789965,0.1875,0.09375,0.09375,0.140625
2025,,2025-09-18,30000000,483,49,27,0.055900621118012424,0.20408163265306123,0.12244897959183673,0.10204081632653061,0.16326530612244897
2025,,2025-09-18,100000000,329,33,23,0.06990881458966565,0.24242424242424243,0.15151515151515152,0.09090909090909091,0.15151515151515152
2025,,2025-09-19,10000000,638,64,32,0.050156739811912224,0.1875,0.140625,0.09375,0.140625
2025,,2025-09-19,30000000,484,49,28,0.05785123966942149,0.20408163265306123,0.12244897959183673,0.10204081632653061,0.1836734693877551
2025,,2025-09-19,100000000,333,34,24,0.07207207207207207,0.29411764705882354,0.14705882352941177,0.11764705882352941,0.23529411764705882
2025,,2025-09-22,10000000,640,64,30,0.046875,0.15625,0.109375,0.046875,0.109375
2025,,2025-09-22,30000000,485,49,26,0.05360824742268041,0.14285714285714285,0.10204081632653061,0.061224489795918366,0.14285714285714285
2025,,2025-09-22,100000000,333,34,23,0.06906906906906907,0.17647058823529413,0.11764705882352941,0.058823529411764705,0.11764705882352941
2025,,2025-09-23,10000000,635,64,35,0.05511811023622047,0.15625,0.140625,0.0625,0.15625
2025,,2025-09-23,30000000,485,49,31,0.06391752577319587,0.1836734693877551,0.16326530612244897,0.08163265306122448,0.1836734693877551
2025,,2025-09-23,100000000,327,33,27,0.08256880733944955,0.21212121212121213,0.21212121212121213,0.09090909090909091,0.21212121212121213
2025,,2025-09-24,10000000,632,64,36,0.056962025316455694,0.171875,0.140625,0.109375,0.15625
2025,,2025-09-24,30000000,479,48,31,0.06471816283924843,0.16666666666666666,0.16666666666666666,0.14583333333333334,0.16666666666666666
2025,,2025-09-24,100000000,327,33,28,0.0856269113149847,0.21212121212121213,0.21212121212121213,0.09090909090909091,0.21212121212121213
2025,,2025-09-25,10000000,634,64,38,0.05993690851735016,0.15625,0.15625,0.109375,0.171875
2025,,2025-09-25,30000000,478,48,33,0.06903765690376569,0.20833333333333334,0.16666666666666666,0.125,0.20833333333333334
2025,,2025-09-25,100000000,330,33,30,0.09090909090909091,0.24242424242424243,0.18181818181818182,0.12121212121212122,0.30303030303030304
2025,,2025-09-26,10000000,634,64,52,0.08201892744479496,0.234375,0.171875,0.171875,0.25
2025,,2025-09-26,30000000,482,49,48,0.0995850622406639,0.2653061224489796,0.1836734693877551,0.22448979591836735,0.22448979591836735
2025,,2025-09-26,100000000,328,33,42,0.12804878048780488,0.2727272727272727,0.18181818181818182,0.3333333333333333,0.2727272727272727
2025,,2025-09-30,10000000,629,63,39,0.06200317965023847,0.1746031746031746,0.14285714285714285,0.12698412698412698,0.20634920634920634
2025,,2025-09-30,30000000,478,48,37,0.07740585774058577,0.22916666666666666,0.1875,0.16666666666666666,0.25
2025,,2025-09-30,100000000,325,33,31,0.09538461538461539,0.24242424242424243,0.24242424242424243,0.18181818181818182,0.24242424242424243
2025,,2025-10-01,10000000,628,63,40,0.06369426751592357,0.1746031746031746,0.20634920634920634,0.14285714285714285,0.2222222222222222
2025,,2025-10-01,30000000,478,48,38,0.0794979079497908,0.20833333333333334,0.22916666666666666,0.14583333333333334,0.22916666666666666
2025,,2025-10-01,100000000,324,33,33,0.10185185185185185,0.30303030303030304,0.24242424242424243,0.18181818181818182,0.24242424242424243
2025,,2025-10-02,10000000,625,63,40,0.064,0.2222222222222222,0.25396825396825395,0.15873015873015872,0.25396825396825395
2025,,2025-10-02,30000000,478,48,37,0.07740585774058577,0.22916666666666666,0.3125,0.14583333333333334,0.2916666666666667
2025,,2025-10-02,100000000,325,33,31,0.09538461538461539,0.2727272727272727,0.30303030303030304,0.18181818181818182,0.30303030303030304
2025,,2025-10-03,10000000,623,63,37,0.0593900481540931,0.15873015873015872,0.19047619047619047,0.09523809523809523,0.1746031746031746
2025,,2025-10-03,30000000,468,47,34,0.07264957264957266,0.1702127659574468,0.2127659574468085,0.10638297872340426,0.19148936170212766
2025,,2025-10-03,100000000,320,32,29,0.090625,0.1875,0.25,0.125,0.25
2025,,2025-10-07,10000000,622,63,30,0.04823151125401929,0.1746031746031746,0.1746031746031746,0.09523809523809523,0.15873015873015872
2025,,2025-10-07,30000000,464,47,28,0.0603448275862069,0.19148936170212766,0.19148936170212766,0.1276595744680851,0.19148936170212766
2025,,2025-10-07,100000000,317,32,23,0.07255520504731862,0.1875,0.15625,0.15625,0.21875
2025,,2025-10-08,10000000,620,62,30,0.04838709677419355,0.16129032258064516,0.1935483870967742,0.11290322580645161,0.16129032258064516
2025,,2025-10-08,30000000,461,47,28,0.06073752711496746,0.19148936170212766,0.19148936170212766,0.1276595744680851,0.19148936170212766
2025,,2025-10-08,100000000,315,32,23,0.07301587301587302,0.15625,0.28125,0.125,0.1875
2025,,2025-10-09,10000000,622,63,32,0.05144694533762058,0.15873015873015872,0.1746031746031746,0.12698412698412698,0.20634920634920634
2025,,2025-10-09,30000000,463,47,30,0.06479481641468683,0.1702127659574468,0.14893617021276595,0.10638297872340426,0.2553191489361702
2025,,2025-10-09,100000000,313,32,23,0.07348242811501597,0.15625,0.1875,0.125,0.28125
2025,,2025-10-13,10000000,621,63,38,0.061191626409017714,0.1746031746031746,0.1746031746031746,0.14285714285714285,0.19047619047619047
2025,,2025-10-13,30000000,465,47,36,0.07741935483870968,0.1702127659574468,0.14893617021276595,0.14893617021276595,0.2127659574468085
2025,,2025-10-13,100000000,315,32,28,0.08888888888888889,0.15625,0.1875,0.125,0.25
2025,,2025-10-14,10000000,620,62,48,0.07741935483870968,0.25806451612903225,0.27419354838709675,0.22580645161290322,0.2903225806451613
2025,,2025-10-14,30000000,463,47,45,0.09719222462203024,0.2765957446808511,0.3191489361702128,0.23404255319148937,0.3617021276595745
2025,,2025-10-14,100000000,310,31,37,0.11935483870967742,0.3225806451612903,0.3548387096774194,0.22580645161290322,0.45161290322580644
2025,,2025-10-15,10000000,621,63,44,0.07085346215780998,0.2698412698412698,0.19047619047619047,0.20634920634920634,0.23809523809523808
2025,,2025-10-15,30000000,463,47,40,0.08639308855291576,0.3191489361702128,0.23404255319148937,0.23404255319148937,0.2553191489361702
2025,,2025-10-15,100000000,311,32,34,0.10932475884244373,0.375,0.28125,0.34375,0.3125
2025,,2025-10-16,10000000,625,63,43,0.0688,0.30158730158730157,0.2222222222222222,0.19047619047619047,0.2698412698412698
2025,,2025-10-16,30000000,467,47,39,0.0835117773019272,0.3617021276595745,0.23404255319148937,0.2127659574468085,0.2765957446808511
2025,,2025-10-16,100000000,308,31,33,0.10714285714285714,0.3870967741935484,0.22580645161290322,0.2903225806451613,0.2903225806451613
2025,,2025-10-17,10000000,626,63,41,0.06549520766773163,0.2857142857142857,0.25396825396825395,0.19047619047619047,0.25396825396825395
2025,,2025-10-17,30000000,469,47,37,0.07889125799573561,0.3191489361702128,0.2978723404255319,0.23404255319148937,0.2765957446808511
2025,,2025-10-17,100000000,306,31,31,0.10130718954248366,0.3870967741935484,0.3225806451612903,0.2903225806451613,0.2903225806451613
2025,,2025-10-20,10000000,623,63,34,0.05457463884430177,0.23809523809523808,0.19047619047619047,0.14285714285714285,0.20634920634920634
2025,,2025-10-20,30000000,469,47,30,0.06396588486140725,0.23404255319148937,0.19148936170212766,0.14893617021276595,0.23404255319148937
2025,,2025-10-20,100000000,302,31,26,0.08609271523178808,0.2903225806451613,0.22580645161290322,0.22580645161290322,0.25806451612903225
2025,,2025-10-21,10000000,624,63,34,0.05448717948717949,0.2222222222222222,0.1746031746031746,0.1746031746031746,0.1746031746031746
2025,,2025-10-21,30000000,465,47,30,0.06451612903225806,0.23404255319148937,0.19148936170212766,0.23404255319148937,0.14893617021276595
2025,,2025-10-21,100000000,300,30,25,0.08333333333333333,0.3333333333333333,0.23333333333333334,0.2,0.16666666666666666
2025,,2025-10-22,10000000,623,63,38,0.060995184590690206,0.23809523809523808,0.15873015873015872,0.2222222222222222,0.1746031746031746
2025,,2025-10-22,30000000,460,46,35,0.07608695652173914,0.2826086956521739,0.21739130434782608,0.2826086956521739,0.2391304347826087
2025,,2025-10-22,100000000,300,30,30,0.1,0.26666666666666666,0.2,0.26666666666666666,0.26666666666666666
2025,,2025-10-23,10000000,619,62,37,0.05977382875605816,0.24193548387096775,0.16129032258064516,0.1935483870967742,0.20967741935483872
2025,,2025-10-23,30000000,460,46,34,0.07391304347826087,0.2608695652173913,0.21739130434782608,0.21739130434782608,0.21739130434782608
2025,,2025-10-23,100000000,299,30,28,0.09364548494983277,0.26666666666666666,0.2,0.26666666666666666,0.26666666666666666
2025,,2025-10-27,10000000,620,62,29,0.0467741935483871,0.1774193548387097,0.0967741935483871,0.12903225806451613,0.14516129032258066
2025,,2025-10-27,30000000,457,46,26,0.05689277899343545,0.2391304347826087,0.10869565217391304,0.17391304347826086,0.15217391304347827
2025,,2025-10-27,100000000,296,30,21,0.07094594594594594,0.16666666666666666,0.1,0.16666666666666666,0.16666666666666666
2025,,2025-10-28,10000000,619,62,29,0.046849757673667204,0.1935483870967742,0.16129032258064516,0.11290322580645161,0.16129032258064516
2025,,2025-10-28,30000000,456,46,25,0.05482456140350877,0.2391304347826087,0.1956521739130435,0.15217391304347827,0.15217391304347827
2025,,2025-10-28,100000000,299,30,19,0.06354515050167224,0.2,0.13333333333333333,0.13333333333333333,0.13333333333333333
2025,,2025-10-29,10000000,620,62,27,0.043548387096774194,0.12903225806451613,0.11290322580645161,0.0967741935483871,0.12903225806451613
2025,,2025-10-29,30000000,456,46,23,0.05043859649122807,0.17391304347826086,0.13043478260869565,0.08695652173913043,0.13043478260869565
2025,,2025-10-29,100000000,297,30,18,0.06060606060606061,0.1,0.03333333333333333,0.1,0.1
2025,,2025-10-30,10000000,619,62,27,0.04361873990306947,0.12903225806451613,0.0967741935483871,0.0967741935483871,0.14516129032258066
2025,,2025-10-30,30000000,458,46,23,0.05021834061135371,0.15217391304347827,0.08695652173913043,0.10869565217391304,0.17391304347826086
2025,,2025-10-30,100000000,300,30,19,0.06333333333333334,0.1,0.06666666666666667,0.1,0.1
2025,,2025-10-31,10000000,620,62,30,0.04838709677419355,0.16129032258064516,0.1774193548387097,0.16129032258064516,0.16129032258064516
2025,,2025-10-31,30000000,457,46,26,0.05689277899343545,0.1956521739130435,0.15217391304347827,0.17391304347826086,0.1956521739130435
2025,,2025-10-31,100000000,299,30,21,0.07023411371237458,0.16666666666666666,0.1,0.2,0.16666666666666666
2025,,2025-11-03,10000000,618,62,27,0.043689320388349516,0.16129032258064516,0.0967741935483871,0.1774193548387097,0.16129032258064516
2025,,2025-11-03,30000000,458,46,25,0.05458515283842795,0.1956521739130435,0.10869565217391304,0.21739130434782608,0.17391304347826086
2025,,2025-11-03,100000000,301,31,19,0.06312292358803986,0.12903225806451613,0.06451612903225806,0.16129032258064516,0.0967741935483871
2025,,2025-11-04,10000000,623,63,32,0.051364365971107544,0.23809523809523808,0.20634920634920634,0.23809523809523808,0.15873015873015872
2025,,2025-11-04,30000000,456,46,30,0.06578947368421052,0.2826086956521739,0.2391304347826087,0.2608695652173913,0.1956521739130435
2025,,2025-11-04,100000000,301,31,24,0.07973421926910298,0.25806451612903225,0.1935483870967742,0.3225806451612903,0.16129032258064516
2025,,2025-11-05,10000000,624,63,27,0.04326923076923077,0.14285714285714285,0.1111111111111111,0.15873015873015872,0.09523809523809523
2025,,2025-11-05,30000000,457,46,25,0.05470459518599562,0.17391304347826086,0.13043478260869565,0.15217391304347827,0.10869565217391304
2025,,2025-11-05,100000000,298,30,18,0.06040268456375839,0.1,0.06666666666666667,0.16666666666666666,0.06666666666666667
2025,,2025-11-06,10000000,626,63,23,0.036741214057507986,0.1111111111111111,0.09523809523809523,0.1111111111111111,0.06349206349206349
2025,,2025-11-06,30000000,453,46,21,0.046357615894039736,0.10869565217391304,0.10869565217391304,0.13043478260869565,0.06521739130434782
2025,,2025-11-06,100000000,297,30,17,0.05723905723905724,0.1,0.13333333333333333,0.1,0.06666666666666667
2025,,2025-11-07,10000000,625,63,25,0.04,0.09523809523809523,0.1111111111111111,0.09523809523809523,0.06349206349206349
2025,,2025-11-07,30000000,450,45,24,0.05333333333333334,0.13333333333333333,0.13333333333333333,0.08888888888888889,0.06666666666666667
2025,,2025-11-07,100000000,297,30,19,0.06397306397306397,0.13333333333333333,0.13333333333333333,0.06666666666666667,0.06666666666666667
2025,,2025-11-10,10000000,622,63,22,0.03536977491961415,0.12698412698412698,0.1746031746031746,0.09523809523809523,0.12698412698412698
2025,,2025-11-10,30000000,449,45,22,0.04899777282850779,0.15555555555555556,0.2222222222222222,0.1111111111111111,0.08888888888888889
2025,,2025-11-10,100000000,297,30,17,0.05723905723905724,0.1,0.16666666666666666,0.1,0.06666666666666667
2025,,2025-11-11,10000000,623,63,21,0.033707865168539325,0.1111111111111111,0.09523809523809523,0.1111111111111111,0.07936507936507936
2025,,2025-11-11,30000000,451,46,21,0.04656319290465632,0.13043478260869565,0.10869565217391304,0.08695652173913043,0.08695652173913043
2025,,2025-11-11,100000000,294,30,15,0.05102040816326531,0.1,0.06666666666666667,0.1,0.06666666666666667
2025,,2025-11-12,10000000,619,62,21,0.033925686591276254,0.08064516129032258,0.08064516129032258,0.08064516129032258,0.08064516129032258
2025,,2025-11-12,30000000,451,46,21,0.04656319290465632,0.06521739130434782,0.08695652173913043,0.08695652173913043,0.08695652173913043
2025,,2025-11-12,100000000,298,30,16,0.053691275167785234,0.0,0.06666666666666667,0.1,0.03333333333333333
2025,,2025-11-13,10000000,613,62,23,0.037520391517128875,0.0967741935483871,0.04838709677419355,0.08064516129032258,0.04838709677419355
2025,,2025-11-13,30000000,445,45,22,0.04943820224719101,0.1111111111111111,0.06666666666666667,0.044444444444444446,0.06666666666666667
2025,,2025-11-13,100000000,298,30,14,0.04697986577181208,0.03333333333333333,0.0,0.06666666666666667,0.03333333333333333
2025,,2025-11-14,10000000,613,62,25,0.040783034257748776,0.0967741935483871,0.04838709677419355,0.11290322580645161,0.06451612903225806
2025,,2025-11-14,30000000,446,45,23,0.0515695067264574,0.13333333333333333,0.022222222222222223,0.1111111111111111,0.08888888888888889
2025,,2025-11-14,100000000,299,30,15,0.05016722408026756,0.1,0.0,0.1,0.1
2025,,2025-11-17,10000000,616,62,30,0.048701298701298704,0.12903225806451613,0.12903225806451613,0.06451612903225806,0.0967741935483871
2025,,2025-11-17,30000000,447,45,27,0.06040268456375839,0.15555555555555556,0.13333333333333333,0.08888888888888889,0.13333333333333333
2025,,2025-11-17,100000000,301,31,18,0.059800664451827246,0.16129032258064516,0.0967741935483871,0.06451612903225806,0.12903225806451613
2025,,2025-11-18,10000000,616,62,38,0.06168831168831169,0.1774193548387097,0.12903225806451613,0.08064516129032258,0.12903225806451613
2025,,2025-11-18,30000000,451,46,33,0.07317073170731707,0.1956521739130435,0.13043478260869565,0.043478260869565216,0.13043478260869565
2025,,2025-11-18,100000000,306,31,24,0.0784313725490196,0.1935483870967742,0.16129032258064516,0.06451612903225806,0.16129032258064516
2025,,2025-11-19,10000000,614,62,40,0.06514657980456026,0.16129032258064516,0.14516129032258066,0.12903225806451613,0.14516129032258066
2025,,2025-11-19,30000000,449,45,36,0.0801781737193764,0.2,0.17777777777777778,0.08888888888888889,0.15555555555555556
2025,,2025-11-19,100000000,304,31,28,0.09210526315789473,0.22580645161290322,0.1935483870967742,0.06451612903225806,0.16129032258064516
2025,,2025-11-20,10000000,611,62,34,0.05564648117839607,0.16129032258064516,0.12903225806451613,0.0967741935483871,0.14516129032258066
2025,,2025-11-20,30000000,448,45,30,0.06696428571428571,0.2222222222222222,0.17777777777777778,0.1111111111111111,0.17777777777777778
2025,,2025-11-20,100000000,302,31,21,0.0695364238410596,0.1935483870967742,0.16129032258064516,0.12903225806451613,0.12903225806451613
2025,,2025-11-21,10000000,609,61,50,0.08210180623973727,0.2459016393442623,0.22950819672131148,0.18032786885245902,0.18032786885245902
2025,,2025-11-21,30000000,445,45,43,0.09662921348314607,0.24444444444444444,0.26666666666666666,0.17777777777777778,0.2222222222222222
2025,,2025-11-21,100000000,302,31,32,0.10596026490066225,0.2903225806451613,0.25806451612903225,0.16129032258064516,0.1935483870967742
2025,,2025-11-24,10000000,603,61,41,0.06799336650082918,0.19672131147540983,0.18032786885245902,0.16393442622950818,0.16393442622950818
2025,,2025-11-24,30000000,448,45,37,0.08258928571428571,0.24444444444444444,0.2,0.2,0.2
2025,,2025-11-24,100000000,299,30,26,0.08695652173913043,0.3,0.26666666666666666,0.23333333333333334,0.23333333333333334
2025,,2025-11-25,10000000,601,61,38,0.0632279534109817,0.18032786885245902,0.16393442622950818,0.16393442622950818,0.13114754098360656
2025,,2025-11-25,30000000,444,45,33,0.07432432432432433,0.2222222222222222,0.2222222222222222,0.13333333333333333,0.17777777777777778
2025,,2025-11-25,100000000,295,30,24,0.08135593220338982,0.23333333333333334,0.23333333333333334,0.16666666666666666,0.16666666666666666
2025,,2025-11-26,10000000,597,60,39,0.06532663316582915,0.2833333333333333,0.26666666666666666,0.26666666666666666,0.16666666666666666
2025,,2025-11-26,30000000,445,45,33,0.07415730337078652,0.35555555555555557,0.3333333333333333,0.2222222222222222,0.2
2025,,2025-11-26,100000000,295,30,26,0.08813559322033898,0.4666666666666667,0.36666666666666664,0.26666666666666666,0.26666666666666666
2025,,2025-11-27,10000000,597,60,36,0.06030150753768844,0.26666666666666666,0.16666666666666666,0.21666666666666667,0.18333333333333332
2025,,2025-11-27,30000000,442,45,30,0.06787330316742081,0.28888888888888886,0.2,0.2,0.2222222222222222
2025,,2025-11-27,100000000,292,30,23,0.07876712328767123,0.3,0.23333333333333334,0.26666666666666666,0.23333333333333334
2025,,2025-11-28,10000000,594,60,37,0.06228956228956229,0.3,0.25,0.18333333333333332,0.16666666666666666
2025,,2025-11-28,30000000,440,44,30,0.06818181818181818,0.3181818181818182,0.25,0.18181818181818182,0.18181818181818182
2025,,2025-11-28,100000000,291,30,22,0.07560137457044673,0.36666666666666664,0.26666666666666666,0.26666666666666666,0.2
2025,,2025-12-01,10000000,593,60,37,0.06239460370994941,0.3,0.21666666666666667,0.21666666666666667,0.13333333333333333
2025,,2025-12-01,30000000,445,45,31,0.0696629213483146,0.3333333333333333,0.24444444444444444,0.26666666666666666,0.13333333333333333
2025,,2025-12-01,100000000,287,29,22,0.07665505226480836,0.3448275862068966,0.2413793103448276,0.27586206896551724,0.20689655172413793
2025,,2025-12-02,10000000,592,60,39,0.06587837837837837,0.3,0.25,0.2,0.2
2025,,2025-12-02,30000000,445,45,34,0.07640449438202247,0.3111111111111111,0.28888888888888886,0.26666666666666666,0.17777777777777778
2025,,2025-12-02,100000000,283,29,22,0.07773851590106007,0.27586206896551724,0.27586206896551724,0.3103448275862069,0.20689655172413793
