date,year,pool,top_n,base_hit,vol_hit,base_net_relative_0050,vol_net_relative_0050,vol_gross_relative_0050,rank_ic_net_relative
2015-07-06,2015,447,45,0.0,0.0,-0.08592720835027447,-0.18273835353599754,-0.17067253904682234,-0.4687772745056731
2015-07-07,2015,441,45,0.0,0.0,-0.07445406627083323,-0.15047985571679456,-0.1377085201392421,-0.40917618956257773
2015-07-08,2015,430,43,0.002325581395348837,0.023255813953488372,-0.056588652764047946,-0.09668251763499472,-0.08267345142002532,-0.2640256821069161
2015-07-09,2015,438,44,0.0,0.0,-0.0567412330558364,-0.1295938903238941,-0.1164559382917529,-0.3716573737863624
2015-07-13,2015,437,44,0.0,0.0,-0.038301654430040515,-0.08473242951382311,-0.07097926626911476,-0.31931557752208733
2015-07-14,2015,434,44,0.0,0.0,-0.0503329443308121,-0.11478829088970474,-0.1015155798418338,-0.3732224142192612
2015-07-15,2015,434,44,0.0,0.0,-0.03513598069786398,-0.08779661531072394,-0.07441482658199564,-0.338175242118988
2015-07-16,2015,435,44,0.0,0.0,-0.0356533400730467,-0.08523642362927858,-0.07173624285072831,-0.31828214544484407
2015-07-17,2015,435,44,0.0022988505747126436,0.0,-0.023444317672108084,-0.07048467357702298,-0.05694661036262025,-0.30688109840991223
2015-07-20,2015,432,44,0.0023148148148148147,0.0,-0.021632569277536064,-0.05510348756991302,-0.041273640821719186,-0.24344281132431578
2015-07-21,2015,432,44,0.0023148148148148147,0.0,-0.012355004178639615,-0.040065987194624925,-0.026045442514434348,-0.17999114450549847
2015-07-22,2015,429,43,0.0,0.0,-0.028833293174652493,-0.045418767729836745,-0.031556727178586735,-0.14667509748850205
2015-07-23,2015,431,44,0.002320185614849188,0.0,-0.015587104314147397,-0.019632570562851285,-0.005308104931241801,-0.07328848840206957
2015-07-24,2015,425,43,0.002352941176470588,0.0,-0.0224705701575065,-0.02437333920472253,-0.010366547765347378,-0.0739213109815898
2015-07-27,2015,427,43,0.01639344262295082,0.046511627906976744,-0.014194000225038918,-0.01143522237187184,0.002361528868504425,-0.0430628816564162
2015-07-28,2015,433,44,0.006928406466512702,0.0,-0.05134126985797196,-0.07178479553583422,-0.05837814780255464,-0.16816625455715076
2015-07-29,2015,429,43,0.009324009324009324,0.0,-0.045823900414029235,-0.05882843317047859,-0.045062827918641066,-0.13738728126904612
2015-07-30,2015,430,43,0.0069767441860465115,0.046511627906976744,-0.018169125419118175,-0.0208729077669543,-0.0067476763861991935,-0.11632412703720443
2015-07-31,2015,422,43,0.0071090047393364926,0.046511627906976744,-0.020412683125509447,-0.0067510330263231754,0.00813182391508594,-0.07278735247556116
2015-08-03,2015,422,43,0.009478672985781991,0.023255813953488372,-0.013991258973083126,-0.0004952583640234648,0.014701171025164335,-0.04712566775540787
2015-08-04,2015,418,42,0.0215311004784689,0.11904761904761904,0.019116305083977853,0.03300122334828033,0.04858738140141136,0.1622125487651582
2015-08-05,2015,421,43,0.009501187648456057,0.046511627906976744,0.0019811090606429455,0.023965487391432477,0.039389304563714984,0.08153363449374976
2015-08-06,2015,408,41,0.014705882352941176,0.0975609756097561,0.017807776532994313,0.06831315654093982,0.08480806078902003,0.2679797183325549
2015-08-07,2015,405,41,0.027160493827160494,0.12195121951219512,0.005356339264955612,0.04389007285280472,0.0597727626262521,0.14356918280183717
2015-08-10,2015,400,40,0.0125,0.1,-0.008984378540203423,0.006377387007764615,0.021473207549973193,0.0005763786293841825
2015-08-11,2015,403,41,0.022332506203473945,0.12195121951219512,0.007309783743353177,0.04976205031486482,0.06584618387584498,0.17086074186471273
2015-08-12,2015,399,40,0.015037593984962405,0.1,-0.024562513481905933,4.779387987532968e-05,0.01621022058547765,0.09848519232393473
2015-08-13,2015,395,40,0.007594936708860759,0.05,-0.008413500468785409,0.011346791060674868,0.027513480860471784,0.1206021765411606
2015-08-14,2015,389,39,0.007712082262210797,0.05128205128205128,-0.0068233282763719445,0.02473880074946514,0.04117007244878923,0.1727679482207928
2015-08-17,2015,383,39,0.020887728459530026,0.10256410256410256,-0.003452952609001988,0.03207930873642855,0.048742341993231346,0.23710533395290906
2015-08-18,2015,379,38,0.0158311345646438,0.05263157894736842,-5.3884067330353635e-05,0.04062918860755003,0.057456097650750826,0.17909515218346947
2015-08-19,2015,382,39,0.031413612565445025,0.1282051282051282,0.012071326261646925,0.06275304765132353,0.0804330915258781,0.24855774827430846
2015-08-20,2015,377,38,0.03713527851458886,0.07894736842105263,0.006814488702109638,0.051105278593859514,0.06906816947155217,0.2848309122052039
2015-08-21,2015,379,38,0.09234828496042216,0.3157894736842105,0.05124248201347552,0.14065137887601364,0.16044029646665336,0.4910957302609946
2015-08-24,2015,372,38,0.2903225806451613,0.7105263157894737,0.11669707589678187,0.24726394529880985,0.268855975292513,0.562335062133541
2015-08-25,2015,374,38,0.22459893048128343,0.5789473684210527,0.08974469346878051,0.20673963524758987,0.2272427901565749,0.42017748849478864
2015-08-26,2015,380,38,0.18421052631578946,0.5,0.07654610900666768,0.1610073703798525,0.1800280525397166,0.3366455008982786
2015-08-27,2015,384,39,0.125,0.3333333333333333,0.04010326028110652,0.07363056318599377,0.0910549324844455,0.20209237674864275
2015-08-28,2015,392,40,0.09183673469387756,0.275,0.04012145431319125,0.08818275280899081,0.10582542226734348,0.27119814552814114
2015-08-31,2015,392,40,0.08163265306122448,0.25,0.04305566277623658,0.08850465550554536,0.10603385955600506,0.21420695246987928
2015-09-01,2015,386,39,0.06217616580310881,0.15384615384615385,0.03641151595006818,0.08548575353834643,0.10349164080986001,0.2715926239483295
2015-09-02,2015,385,39,0.05454545454545454,0.1282051282051282,0.04028440498569869,0.06542735150504544,0.08268927792670787,0.15118329624923144
2015-09-03,2015,390,39,0.05384615384615385,0.15384615384615385,0.04216996047178128,0.0863132431585359,0.10399980136761418,0.18330500326963156
2015-09-04,2015,390,39,0.06923076923076923,0.20512820512820512,0.03689052724356981,0.08154339991651396,0.09951021065104762,0.24920591948492685
2015-09-07,2015,388,39,0.06958762886597938,0.28205128205128205,0.026667358710927017,0.09283542263145658,0.11117547770474193,0.26455186134479547
2015-09-08,2015,386,39,0.07253886010362694,0.15384615384615385,0.009198828112824993,0.0397642494324018,0.056908263799568516,0.12632523920630923
2015-09-09,2015,390,39,0.04358974358974359,0.15384615384615385,0.017841974545198938,0.06718875966437309,0.08468656899888985,0.14441413917150117
2015-09-10,2015,395,40,0.027848101265822784,0.125,0.005017082794139904,0.048379860803311976,0.06564360064264022,0.08971591317322593
2015-09-11,2015,396,40,0.025252525252525252,0.125,0.009640585311225431,0.05388789064822776,0.07102229853034155,0.10942463802237658
2015-09-14,2015,398,40,0.03015075376884422,0.125,-0.002064760721361621,0.025580098213450576,0.04253849914576809,0.09895400825504486
2015-09-15,2015,398,40,0.04522613065326633,0.175,0.007259071380189399,0.053611402610863945,0.07098110738187394,0.14215991988121893
2015-09-16,2015,399,40,0.045112781954887216,0.175,0.01223681822344751,0.050788732576876904,0.06794527358794619,0.14886540765206138
2015-09-17,2015,403,41,0.03225806451612903,0.14634146341463414,0.023356495480838516,0.07547968223373773,0.09290518746479293,0.16055530032419518
2015-09-18,2015,401,41,0.034912718204488775,0.0975609756097561,0.015409649738427265,0.03297598633043566,0.04985030988401902,0.12936672529653953
2015-09-21,2015,393,40,0.043256997455470736,0.1,0.010323046722511702,-0.006237910160798962,0.010138183961554784,-0.023648367794567776
2015-09-22,2015,391,40,0.043478260869565216,0.075,0.004350202683936662,0.0019944988653999877,0.018694606028236815,0.034850365047393556
2015-09-23,2015,388,39,0.059278350515463915,0.07692307692307693,-0.0016582800710072858,-0.0041224655716315135,0.012824384503561005,0.0884181781753239
2015-09-24,2015,384,39,0.09375,0.1282051282051282,0.018775817501670674,0.04168515147174932,0.059380905739867325,0.203565717272098
2015-09-25,2015,379,38,0.07387862796833773,0.07894736842105263,0.021229490295332498,0.0190879971102751,0.03649579252672206,0.13805556106625402
2015-09-30,2015,379,38,0.07651715039577836,0.07894736842105263,0.012655203858935673,0.004041043914622453,0.02077561583242634,0.060564753689406295
2015-10-01,2015,384,39,0.06510416666666667,0.07692307692307693,0.012750890324384109,0.009891371413844515,0.026496083864978853,0.046979801410801325
2015-10-02,2015,388,39,0.05412371134020619,0.05128205128205128,0.012160490539915072,0.020522701779125054,0.03720719623003946,0.018607294198209307
2015-10-05,2015,393,40,0.04580152671755725,0.075,-0.003552300961057181,0.006539893751852233,0.023168614292720095,0.005163327779284691
2015-10-06,2015,393,40,0.05089058524173028,0.1,-0.008382606614811038,0.011254205079505497,0.028345422782337704,0.12462112049779313
2015-10-07,2015,397,40,0.04785894206549118,0.125,0.004396944147771141,0.02231220269386876,0.03923047124615671,0.09843665727356857
2015-10-08,2015,398,40,0.06281407035175879,0.125,0.02745517041462115,0.04563626773147792,0.06261064936529973,0.22366042713669276
2015-10-12,2015,398,40,0.05527638190954774,0.125,0.020192404639157828,0.03337199563504856,0.04990104231681752,0.16259781685125854
2015-10-13,2015,400,40,0.0425,0.075,0.018206511516175024,0.028986668139520666,0.045329755705890186,0.15869817335596656
2015-10-14,2015,404,41,0.03712871287128713,0.04878048780487805,0.00668432578033093,-0.003831518231623781,0.011713965439146877,-0.0025134216506873127
2015-10-15,2015,408,41,0.03676470588235294,0.04878048780487805,0.005382403525551756,0.003262799274685546,0.018875691487679366,0.0010926295519808307
2015-10-16,2015,413,42,0.0387409200968523,0.07142857142857142,0.004105114974637212,-0.0020910567210100017,0.013262105537870503,-0.01803434674414489
2015-10-19,2015,413,42,0.0387409200968523,0.07142857142857142,0.00499778925980199,-0.011152865429819272,0.003943039001172026,-0.04959983864763827
2015-10-20,2015,412,42,0.02912621359223301,0.047619047619047616,-0.0061790409059540065,-0.01691009991665029,-0.0016300490729344824,-0.008666671356795302
2015-10-21,2015,410,41,0.026829268292682926,0.07317073170731707,-5.5670418229003e-05,-0.008002589949608062,0.007370523111840063,-0.005089252795939511
2015-10-22,2015,412,42,0.02912621359223301,0.09523809523809523,-0.0013124345124200178,0.00973026605105651,0.025400229987666216,-0.028200337758197896
2015-10-23,2015,417,42,0.03357314148681055,0.09523809523809523,0.00889845007699828,0.0280128591473284,0.04390072586959672,0.032417293989615084
2015-10-26,2015,416,42,0.03365384615384615,0.11904761904761904,0.000645951643576403,0.030193056894400824,0.046190125017919734,0.011119741833965637
2015-10-27,2015,418,42,0.03349282296650718,0.09523809523809523,-0.0055909235270147906,-0.0004234074429592645,0.014994899358478943,-0.07653128477009226
2015-10-28,2015,418,42,0.03349282296650718,0.07142857142857142,-0.015271701638828133,-0.016950193287269127,-0.0017720081656195177,-0.09435724374725273
2015-10-29,2015,417,42,0.03597122302158273,0.07142857142857142,-0.015696294626517688,-0.021985387467237216,-0.00647778905733145,-0.0801014297221856
2015-10-30,2015,416,42,0.036057692307692304,0.07142857142857142,-0.007533437839024868,-0.026019500289287626,-0.010741455028913275,-0.0497913483969379
2015-11-02,2015,420,42,0.030952380952380953,0.023809523809523808,-0.010171956877818704,-0.047181625927946155,-0.03260196976974106,-0.11721675085893107
2015-11-03,2015,421,43,0.030878859857482184,0.023255813953488372,-0.008399973229081847,-0.029685477437026587,-0.014754862833163141,-0.040506298578661934
2015-11-04,2015,424,43,0.03537735849056604,0.046511627906976744,0.002033211024724916,-0.030692477161691677,-0.01601349916854913,-0.05329177194763895
2015-11-05,2015,422,43,0.030805687203791468,0.046511627906976744,-0.005807976201557924,-0.04416734235099884,-0.029621334066262182,-0.09737082578969093
2015-11-06,2015,424,43,0.02830188679245283,0.046511627906976744,-0.0033015705009744106,-0.044113296326908545,-0.029395136576654435,-0.08293670605094303
2015-11-09,2015,425,43,0.03294117647058824,0.046511627906976744,0.00648417042767394,-0.006658116989874468,0.009018732804275738,0.07519418279908821
2015-11-10,2015,424,43,0.04009433962264151,0.06976744186046512,7.921403677695505e-05,-0.0228545769203077,-0.007590400332098697,-0.022354831210193233
2015-11-11,2015,425,43,0.05176470588235294,0.11627906976744186,-0.004128260224189666,-0.026121636421146743,-0.010926538821210603,-0.01737483356220828
2015-11-12,2015,421,43,0.04513064133016627,0.09302325581395349,0.006895995772822281,0.00380118354589461,0.019523927062451964,0.053504652776030164
2015-11-13,2015,417,42,0.045563549160671464,0.07142857142857142,-0.00014933643248412303,-0.023417028695813878,-0.008158666341875152,-0.05365615975674737
2015-11-16,2015,414,42,0.04106280193236715,0.09523809523809523,-0.016276367925703715,-0.058484455000506884,-0.044104390786237874,-0.1692584000598668
2015-11-17,2015,414,42,0.028985507246376812,0.023809523809523808,-0.006775466698448384,-0.06857917597044809,-0.05443363004975735,-0.1225309331876801
2015-11-18,2015,408,41,0.02696078431372549,0.04878048780487805,-0.01862708667999549,-0.0569991361575206,-0.04233783406751716,-0.13041548537018116
2015-11-19,2015,413,42,0.014527845036319613,0.0,-0.015178328526732981,-0.06532299373514458,-0.05071518835787758,-0.10478127399226882
2015-11-20,2015,410,41,0.02195121951219512,0.024390243902439025,-0.010233232160781792,-0.06167863540868241,-0.0471516887895851,-0.11777486331000465
2015-11-23,2015,407,41,0.0171990171990172,0.024390243902439025,-0.0014309420523483482,-0.021424895894028115,-0.006255236711400015,-0.055391844874925246
2015-11-24,2015,405,41,0.022222222222222223,0.024390243902439025,-0.005579408399029418,-0.034960361455249056,-0.019805281221022895,-0.03408346478811253
2015-11-25,2015,402,41,0.022388059701492536,0.024390243902439025,0.0005006501792887996,-0.025970917077208232,-0.010759982731455777,-0.06528304002324305
2015-11-26,2015,400,40,0.0175,0.025,-0.011718293531348763,-0.04403637427539918,-0.029187036770653697,-0.15062200806240342
2015-11-27,2015,398,40,0.01256281407035176,0.025,-0.029776475638615515,-0.05944734149830137,-0.04422857853083062,-0.09687070005342946
2015-11-30,2015,398,40,0.017587939698492462,0.025,-0.016573312292160237,-0.04301982261136757,-0.027786970159089385,-0.13759456199981127
2015-12-01,2015,396,40,0.012626262626262626,0.0,-0.015580252794719616,-0.056409479120647185,-0.0416970502255873,-0.2056457283503208
2015-12-02,2015,393,40,0.010178117048346057,0.0,-0.013851659087164707,-0.04229746599643771,-0.027336925652884536,-0.18966418054112166
2015-12-03,2015,395,40,0.005063291139240506,0.025,-0.009180520662817876,-0.025532667367371375,-0.010265149831059486,-0.13865647440104045
2015-12-04,2015,390,39,0.005128205128205128,0.0,-0.019240111597299898,-0.04612525633286612,-0.031558320977569686,-0.24083263995895915
2015-12-07,2015,394,40,0.007614213197969543,0.0,-0.012904402795344001,-0.04549860839484279,-0.031062344506085283,-0.22229963341790926
2015-12-08,2015,395,40,0.010126582278481013,0.0,-0.017763368595566972,-0.05254573210227579,-0.038118678016589545,-0.2243367740585327
2015-12-09,2015,392,40,0.017857142857142856,0.05,-0.01480815123871973,-0.04007880587211311,-0.02554137518574775,-0.16530714455334505
2015-12-10,2015,391,40,0.015345268542199489,0.025,-0.005028023531436422,-0.029728109530707696,-0.015036420183559423,-0.17541689092029625
2015-12-11,2015,388,39,0.020618556701030927,0.02564102564102564,0.015871664088762498,0.019950772737067583,0.03552655542427305,0.001899927170828225
2015-12-14,2015,384,39,0.026041666666666668,0.02564102564102564,-0.00881194583038754,-0.05460948847126621,-0.04035396402621774,-0.2752177862756647
2015-12-15,2015,384,39,0.020833333333333332,0.02564102564102564,-0.019627599758275754,-0.048351890528123345,-0.03389880465479632,-0.29063061612017227
2015-12-16,2015,386,39,0.010362694300518135,0.02564102564102564,-0.027395458706831372,-0.0497706242141441,-0.03559732197022793,-0.2865698626392686
2015-12-17,2015,387,39,0.00516795865633075,0.0,-0.026733137074551133,-0.04063435171266566,-0.02638880235907579,-0.3107564149220781
2015-12-18,2015,385,39,0.0025974025974025974,0.0,-0.016884754086462807,-0.02376950745985268,-0.008949452396973768,-0.1750968440410748
2015-12-21,2015,390,39,0.005128205128205128,0.0,-0.016946970907860636,-0.009677567472194006,0.005244486095464807,-0.19837882884555433
2015-12-22,2015,385,39,0.005194805194805195,0.0,-0.012809179503113808,-0.011109015257698921,0.0033742520958045387,-0.22949246349505414
2015-12-23,2015,387,39,0.007751937984496124,0.0,-0.005776489114603276,-0.0008217326840661821,0.013704335873294733,-0.1604652405022093
2015-12-24,2015,387,39,0.007751937984496124,0.0,-0.004036775539797619,0.009341875626782539,0.024261946276842267,-0.0625024715233935
2015-12-25,2015,388,39,0.005154639175257732,0.0,-0.0015870804166184822,0.0069757505745777345,0.02199738111377731,-0.0962193149458753
2015-12-28,2015,380,38,0.010526315789473684,0.0,0.0027119746987535553,0.018210304017709535,0.03334118223804318,-0.04205102747103148
2015-12-29,2015,383,39,0.013054830287206266,0.02564102564102564,-0.007753877411473948,0.0031070878573362004,0.018122558957526656,-0.09508400282861806
2015-12-30,2015,384,39,0.010416666666666666,0.0,-0.007922556273656773,0.004520129388349703,0.019785687556124715,-0.06056955100063524
2015-12-31,2015,379,38,0.0079155672823219,0.0,-0.018103060630860604,-0.008901009527610911,0.00646876370087705,-0.08940359305275036
2016-01-04,2016,373,38,0.013404825737265416,0.05263157894736842,-0.011330732326516704,0.0010438720816724361,0.017059299581647407,-0.03361831109303488
2016-01-05,2016,371,38,0.013477088948787063,0.02631578947368421,-0.02386714699685283,-0.03057192877834779,-0.014939968616089433,-0.0865077791437031
2016-01-06,2016,370,37,0.016216216216216217,0.02702702702702703,-0.016572354752520814,-0.026893955484427384,-0.011050655734972683,-0.0501943060803083
2016-01-07,2016,364,37,0.027472527472527472,0.05405405405405406,-0.008881217540635923,-0.0029212537024391433,0.013564222804287856,0.08765431330811156
2016-01-08,2016,365,37,0.019178082191780823,0.02702702702702703,-0.02469203484001106,-0.03505471637235937,-0.019039801528535162,0.011569693193254495
2016-01-11,2016,360,36,0.025,0.08333333333333333,-0.028762200092078277,-0.03853343677234358,-0.02219315917708278,0.014823807418720374
2016-01-12,2016,361,37,0.038781163434903045,0.13513513513513514,-0.004063498929549032,0.02602800187515143,0.04325668514177239,0.17682722460225572
2016-01-13,2016,361,37,0.027700831024930747,0.08108108108108109,0.0024580042349680855,0.024207066681557834,0.0418242054780228,0.27350427459432586
2016-01-14,2016,360,36,0.058333333333333334,0.25,0.006935358658065269,0.028928673767315696,0.04642623856996646,0.22969984718244504
2016-01-15,2016,362,37,0.0718232044198895,0.21621621621621623,0.02175429901130921,0.058459341864158604,0.07678035690173997,0.28138699190426425
2016-01-18,2016,359,36,0.05013927576601671,0.16666666666666666,-0.005211892523604251,-0.005460641704150001,0.011517085498688054,0.09778849680133735
2016-01-19,2016,360,36,0.030555555555555555,0.05555555555555555,-0.01210464859072498,-0.021500518763714206,-0.004888818678198443,0.035233043880617154
2016-01-20,2016,356,36,0.05898876404494382,0.19444444444444445,-0.018117931649065545,-0.02272477777411751,-0.0056780169963363426,0.07839927868599568
2016-01-21,2016,353,36,0.05099150141643059,0.1388888888888889,-0.012785840169547778,-0.02531616427985996,-0.008345516338210398,0.03520724845807671
2016-01-22,2016,352,36,0.05965909090909091,0.1388888888888889,-0.0035470752768069127,-0.023446338623463178,-0.006475674325419928,0.09180000044022706
2016-01-25,2016,352,36,0.05113636363636364,0.1111111111111111,-0.01098063550797323,-0.020464128572020457,-0.003305570729520544,0.08016039673263468
2016-01-26,2016,354,36,0.0480225988700565,0.08333333333333333,-0.024745948586193483,-0.05242541426831921,-0.03573252505784638,-0.07532597515278448
2016-01-27,2016,353,36,0.053824362606232294,0.1111111111111111,-0.012947503832027018,-0.029108844288581723,-0.011924588126899267,-0.015008107919352939
2016-01-28,2016,357,36,0.056022408963585436,0.05555555555555555,-0.018980791330870772,-0.03624330088748934,-0.019280523376107785,-0.1008680290897352
2016-01-29,2016,358,36,0.04748603351955307,0.05555555555555555,-0.005014627220542244,-0.030725770935015342,-0.01426363226222729,-0.12227825102434806
2016-01-30,2016,354,36,0.0480225988700565,0.05555555555555555,-0.014426123131502067,-0.04416537470735224,-0.027918885676668923,-0.10383190810950078
2016-02-01,2016,352,36,0.045454545454545456,0.05555555555555555,-0.008470776510561094,-0.022973487812031936,-0.006333649188690498,-0.016558866063115355
2016-02-02,2016,352,36,0.048295454545454544,0.08333333333333333,-0.01180321961207782,-0.019007023205253302,-0.0020927832044612036,0.030167935621193402
2016-02-03,2016,348,35,0.0603448275862069,0.11428571428571428,-0.011765990131624717,-0.0004155314451981537,0.01712602002466333,0.08337787127344148
2016-02-15,2016,348,35,0.05172413793103448,0.05714285714285714,-0.028635084276923985,-0.054859592833544406,-0.038682840482115156,-0.09820081908048064
2016-02-16,2016,355,36,0.028169014084507043,0.027777777777777776,-0.016380391710921812,-0.04323565861904269,-0.027094582353438906,-0.07037891360453316
2016-02-17,2016,357,36,0.028011204481792718,0.05555555555555555,-0.0359263762921161,-0.0613258128459523,-0.04540061012551789,-0.1624682816675018
2016-02-18,2016,362,37,0.024861878453038673,0.05405405405405406,-0.0336072270181539,-0.04069586447242673,-0.02433571917726001,-0.1472132581557652
2016-02-19,2016,369,37,0.02981029810298103,0.05405405405405406,-0.030011269587598734,-0.03806601539461578,-0.02170407872581912,-0.10803228315995328
2016-02-22,2016,371,38,0.03504043126684636,0.07894736842105263,-0.036157398268412494,-0.04765734413545233,-0.03154286922920815,-0.16804771619381537
2016-02-23,2016,376,38,0.026595744680851064,0.05263157894736842,-0.042720576677355286,-0.06465741377957768,-0.04877232191333476,-0.224528297201495
2016-02-24,2016,379,38,0.026385224274406333,0.10526315789473684,-0.04952489870617648,-0.05855753588977588,-0.04251909843414295,-0.23721515520489872
2016-02-25,2016,382,39,0.031413612565445025,0.10256410256410256,-0.036868664793603095,-0.03798554341931176,-0.021903936292203715,-0.21146135028267324
2016-02-26,2016,391,40,0.028132992327365727,0.075,-0.05279775522561642,-0.07747460190614831,-0.06198394325548329,-0.2618186201814485
2016-03-01,2016,398,40,0.02512562814070352,0.05,-0.06094998665632302,-0.09469675636565802,-0.07989191100748741,-0.35235055610589217
2016-03-02,2016,400,40,0.03,0.05,-0.06125428815581003,-0.08499835149112296,-0.06976927489527361,-0.27580272804960937
2016-03-03,2016,413,42,0.029055690072639227,0.07142857142857142,-0.051708408824119534,-0.07169507469193356,-0.05641109241145084,-0.22284332530433737
2016-03-04,2016,420,42,0.02142857142857143,0.07142857142857142,-0.045260425213128064,-0.060141975749381855,-0.04494100343458534,-0.22113922442204917
2016-03-07,2016,429,43,0.02097902097902098,0.06976744186046512,-0.029267270363786055,-0.03864250988083718,-0.023427155473026918,-0.20518996326429492
2016-03-08,2016,432,44,0.023148148148148147,0.06818181818181818,-0.026869795361805185,-0.04084914690219627,-0.025745005684461607,-0.24277332538704385
2016-03-09,2016,434,44,0.02534562211981567,0.09090909090909091,-0.03555749558375638,-0.03848384780411487,-0.023189776255378415,-0.23261714138267275
2016-03-10,2016,440,44,0.022727272727272728,0.09090909090909091,-0.041384563287507725,-0.05476355987182066,-0.039704250801104506,-0.24327539257575054
2016-03-11,2016,439,44,0.018223234624145785,0.06818181818181818,-0.0500534630833355,-0.08165753612290462,-0.06723980808161277,-0.3350128270427881
2016-03-14,2016,445,45,0.015730337078651686,0.0,-0.05578681720900519,-0.08699022225364174,-0.07238299136312501,-0.2596940798363557
2016-03-15,2016,447,45,0.029082774049217,0.022222222222222223,-0.04294062436688646,-0.0726180901557839,-0.057566504956182506,-0.1667364484245967
2016-03-16,2016,454,46,0.015418502202643172,0.043478260869565216,-0.03895494044523308,-0.06292519096415415,-0.04802005433960912,-0.23236614824956578
2016-03-17,2016,457,46,0.0175054704595186,0.06521739130434782,-0.025327881100436885,-0.03023220819440222,-0.014866691984168467,-0.1530078955817143
2016-03-18,2016,456,46,0.015350877192982455,0.043478260869565216,-0.02260179182799085,-0.03209818062447828,-0.01694617084219562,-0.1447536293292107
2016-03-21,2016,457,46,0.010940919037199124,0.043478260869565216,-0.03048201613702786,-0.05298946881752465,-0.038273514223018515,-0.18137474157215727
2016-03-22,2016,456,46,0.015350877192982455,0.043478260869565216,-0.02665433864429153,-0.031928145847181205,-0.016813136881844076,-0.1443445991384913
2016-03-23,2016,457,46,0.0175054704595186,0.043478260869565216,-0.03882753217616184,-0.06123641620381439,-0.04649122981107483,-0.2033435814880448
2016-03-24,2016,455,46,0.017582417582417582,0.043478260869565216,-0.036013573781371766,-0.05710802547967929,-0.04234539978400586,-0.23928424925410782
2016-03-25,2016,462,47,0.012987012987012988,0.0425531914893617,-0.03886612919937022,-0.05658302376980953,-0.04163947947227489,-0.20654401947815618
2016-03-28,2016,463,47,0.01511879049676026,0.02127659574468085,-0.03210165345193696,-0.046019044604178695,-0.030919227608773633,-0.17125504664369046
2016-03-29,2016,461,47,0.02386117136659436,0.06382978723404255,-0.011340635665062007,-0.01569689030508728,-0.00037430157705337677,-0.14833798528914346
2016-03-30,2016,460,46,0.008695652173913044,0.021739130434782608,-0.0073314557112382096,-0.031601009750263746,-0.01698027892126777,-0.2109462243367362
2016-03-31,2016,457,46,0.010940919037199124,0.021739130434782608,-0.007980786868671052,-0.03356921612835308,-0.01899131751118038,-0.2171343133326803
2016-04-01,2016,457,46,0.006564551422319475,0.021739130434782608,-0.0231531375169547,-0.055866278711563536,-0.041582114554129496,-0.26385193422749614
2016-04-06,2016,451,46,0.0022172949002217295,0.0,-0.03433501044114035,-0.07095187309072909,-0.05668901210209337,-0.2611537213649682
2016-04-07,2016,452,46,0.008849557522123894,0.043478260869565216,-0.032463810086973584,-0.06208981511049005,-0.047640222140556424,-0.26132233076020067
2016-04-08,2016,449,45,0.008908685968819599,0.044444444444444446,-0.03523299372625526,-0.0708636077252542,-0.05672721825039901,-0.28240001280625954
2016-04-11,2016,441,45,0.0045351473922902496,0.022222222222222223,-0.02514211257196611,-0.06012921209652904,-0.04587836638640406,-0.26358183323425194
2016-04-12,2016,443,45,0.009029345372460496,0.044444444444444446,-0.013433107834895049,-0.049938095448371064,-0.035610352701901146,-0.2366097105780828
2016-04-13,2016,440,44,0.006818181818181818,0.022727272727272728,-0.021270645061527923,-0.07919278096204786,-0.06561520179747138,-0.36601415928193765
2016-04-14,2016,433,44,0.006928406466512702,0.045454545454545456,-0.02314205939656414,-0.07272694303603065,-0.0590692711358963,-0.3018810332272199
2016-04-15,2016,432,44,0.0023148148148148147,0.0,-0.026032156441329404,-0.07461613644891525,-0.06093420128107012,-0.2689083422692718
2016-04-18,2016,424,43,0.0023584905660377358,0.0,-0.022933084937735746,-0.06333357115440902,-0.04941724160490535,-0.270321120003958
2016-04-19,2016,421,43,0.0,0.0,-0.030342306346093657,-0.07452699785232929,-0.06062669382158255,-0.2478516286886509
2016-04-20,2016,417,42,0.0,0.0,-0.030379625178294987,-0.08252709337559547,-0.06868695644648386,-0.2441775645916444
2016-04-21,2016,422,43,0.002369668246445498,0.0,-0.031272459173471184,-0.08431132346684785,-0.07042287099386359,-0.2562659132078031
2016-04-22,2016,417,42,0.002398081534772182,0.0,-0.02569575698574872,-0.0481019112941745,-0.03318904580639539,-0.13511536336249122
2016-04-25,2016,414,42,0.004830917874396135,0.0,-0.019555011299513946,-0.041526643213908684,-0.026648484164802595,-0.1304747158715463
2016-04-26,2016,404,41,0.0049504950495049506,0.0,-0.024795985977489384,-0.048434261120794,-0.0335267083473078,-0.1366660615599653
2016-04-27,2016,398,40,0.005025125628140704,0.0,-0.016703838179612206,-0.03433727307854476,-0.019240702235470197,-0.08377594220300022
2016-04-28,2016,394,40,0.007614213197969543,0.025,-0.028339736468833827,-0.03893045998159887,-0.02337362789131133,0.0011343209436671337
2016-04-29,2016,390,39,0.007692307692307693,0.02564102564102564,-0.029324945374150747,-0.027011315496956352,-0.011055564125297658,0.04199404739329054
2016-05-03,2016,387,39,0.00516795865633075,0.0,-0.03061308331660449,-0.022171286657114073,-0.005908875313349923,0.10008089514784922
2016-05-04,2016,381,39,0.010498687664041995,0.05128205128205128,-0.032688086112363283,-0.0359955561197753,-0.019628125713990297,0.11735973919606801
2016-05-05,2016,379,38,0.005277044854881266,0.0,-0.047652070263488104,-0.06474101403334019,-0.048804850570872305,0.002081281171618982
2016-05-06,2016,379,38,0.0079155672823219,0.02631578947368421,-0.05153092611652453,-0.06080136090671317,-0.044733858555168815,-0.026248786612747297
2016-05-09,2016,380,38,0.013157894736842105,0.07894736842105263,-0.03747333814337145,-0.014983234558909618,0.0019005442278696395,0.15497268833903716
2016-05-10,2016,377,38,0.015915119363395226,0.07894736842105263,-0.047107960346978645,-0.03001223987261066,-0.01348437071490808,0.09659416820584647
2016-05-11,2016,373,38,0.013404825737265416,0.05263157894736842,-0.04898107796220513,-0.016680458687714558,0.0004305620193721353,0.1744850040550434
2016-05-12,2016,371,38,0.02425876010781671,0.18421052631578946,-0.04262248944128575,0.02072601870154492,0.03857271818730634,0.317211268869994
2016-05-13,2016,372,38,0.024193548387096774,0.15789473684210525,-0.03550935260696624,0.016062902451886747,0.03354813232684991,0.23341833196460593
2016-05-16,2016,371,38,0.026954177897574125,0.13157894736842105,-0.03645412067460569,0.0078069359663982514,0.025122972789019878,0.14394356870109665
2016-05-17,2016,371,38,0.02425876010781671,0.13157894736842105,-0.038536123672146864,0.0029586834530277556,0.020209597502843984,0.14133838922077419
2016-05-18,2016,365,37,0.024657534246575342,0.13513513513513514,-0.033204647518029054,-0.005218664984154509,0.011575733922775793,0.06133118340548068
2016-05-19,2016,360,36,0.027777777777777776,0.1388888888888889,-0.03142206472302029,8.168084466929503e-05,0.01719007037927557,0.1284700893507076
2016-05-20,2016,357,36,0.028011204481792718,0.1111111111111111,-0.029312953888523296,0.006092344965348289,0.023345346226817953,0.1430341328905989
2016-05-23,2016,356,36,0.02247191011235955,0.05555555555555555,-0.021962287381171744,-0.02181111615219059,-0.005397851560248329,0.016450060724579954
2016-05-24,2016,356,36,0.02247191011235955,0.05555555555555555,-0.030159827715415744,-0.03260975832193112,-0.016317339073010622,-0.03647280315199072
2016-05-25,2016,355,36,0.01971830985915493,0.08333333333333333,-0.029378554431959282,-0.02874187762408528,-0.012507563117295402,-0.06417923358612787
2016-05-26,2016,355,36,0.014084507042253521,0.027777777777777776,-0.030331042368644475,-0.054049636055610674,-0.03874900591193474,-0.21566971817574657
2016-05-27,2016,351,36,0.005698005698005698,0.027777777777777776,-0.03173347592853337,-0.061304001432015504,-0.04600499710710432,-0.15736989604004825
2016-05-30,2016,356,36,0.0056179775280898875,0.05555555555555555,-0.029749285127624425,-0.06436262895549155,-0.049165320405352236,-0.1516517844381604
2016-05-31,2016,361,37,0.0110803324099723,0.05405405405405406,-0.03494125337912727,-0.08464364804825265,-0.06956700594952153,-0.19282953583864987
2016-06-01,2016,359,36,0.008356545961002786,0.027777777777777776,-0.0368006990689105,-0.08103279794989597,-0.06590366751053536,-0.2065544479909785
2016-06-02,2016,363,37,0.008264462809917356,0.05405405405405406,-0.03913770759017503,-0.06167912960480968,-0.046013727134160944,-0.10513099069308288
2016-06-03,2016,359,36,0.008356545961002786,0.05555555555555555,-0.02830479876752396,-0.042862661780496004,-0.026923114458760604,-0.07605021349804393
2016-06-04,2016,357,36,0.011204481792717087,0.05555555555555555,-0.024819641190115403,-0.05308542647365392,-0.03742418759283048,-0.10333059898349727
2016-06-06,2016,356,36,0.011235955056179775,0.0,-0.014397130451617678,-0.05672087634772665,-0.04149310610692829,-0.19991734940953806
2016-06-07,2016,361,37,0.00554016620498615,0.0,-0.014668260093658245,-0.05828110001926748,-0.043055284024262425,-0.19176843518904438
2016-06-08,2016,361,37,0.00554016620498615,0.0,-0.030405553466377744,-0.06247569506480684,-0.046817846665375765,-0.14189001849018648
2016-06-13,2016,359,36,0.013927576601671309,0.027777777777777776,-0.03657678678270014,-0.06208958677852477,-0.04606467784675832,-0.07268900076485224
2016-06-14,2016,356,36,0.011235955056179775,0.0,-0.02808267129285302,-0.05129585463711625,-0.03525837439752305,-0.08337455888658321
2016-06-15,2016,356,36,0.008426966292134831,0.0,-0.028483136005664954,-0.041180627325622235,-0.024955833679611388,-0.048103859717634985
2016-06-16,2016,356,36,0.014044943820224719,0.027777777777777776,-0.03480145993958517,-0.04506249828605136,-0.028633367316156153,0.011229305775166532
2016-06-17,2016,356,36,0.016853932584269662,0.027777777777777776,-0.033852415142540296,-0.035839939543280463,-0.019275114988002752,-0.016568944400042022
2016-06-20,2016,362,37,0.016574585635359115,0.02702702702702703,-0.04009253511494722,-0.048919494903119656,-0.032538967643793736,-0.0563973322154008
2016-06-21,2016,368,37,0.016304347826086956,0.0,-0.0434487452075095,-0.05011516029245675,-0.0338323545372479,-0.07034987723247008
2016-06-22,2016,369,37,0.016260162601626018,0.02702702702702703,-0.04136959686395942,-0.04150357092647652,-0.025009947897709113,-0.0431149892471668
2016-06-23,2016,366,37,0.01912568306010929,0.05405405405405406,-0.03667234205568197,-0.041583969190324546,-0.025140101984886754,-0.048651155789410566
2016-06-24,2016,366,37,0.0273224043715847,0.10810810810810811,-0.028188315167037056,-0.021991337437918475,-0.004890561785069648,0.05378133798182406
2016-06-27,2016,371,38,0.02425876010781671,0.07894736842105263,-0.04342657659911792,-0.04743993021842386,-0.030616966799994587,0.00437929145388418
2016-06-28,2016,366,37,0.02459016393442623,0.08108108108108109,-0.046950904330660674,-0.07939822459187028,-0.0632991372580456,-0.08973419627707126
2016-06-29,2016,367,37,0.02997275204359673,0.08108108108108109,-0.04130748388526299,-0.052013320656536605,-0.03569338834527443,-0.08685991176700922
2016-06-30,2016,368,37,0.019021739130434784,0.02702702702702703,-0.028755902413021613,-0.04731462970748788,-0.031224785484891222,-0.07094209531657084
2016-07-01,2016,366,37,0.02459016393442623,0.05405405405405406,-0.02869852041462341,-0.03910758340133898,-0.02276664615146888,-0.04288105333152952
2016-07-04,2016,373,38,0.021447721179624665,0.0,-0.03088266140484529,-0.04862780018033462,-0.03246467505217172,-0.05239548261740056
2016-07-05,2016,384,39,0.018229166666666668,0.0,-0.031444863147932725,-0.05384883972477902,-0.037749909097904516,-0.06680357645338594
2016-07-06,2016,389,39,0.02570694087403599,0.02564102564102564,-0.02899506447624915,-0.04451675484175667,-0.028192691406893067,-0.045108444149071725
2016-07-07,2016,389,39,0.02570694087403599,0.05128205128205128,-0.02451924816060447,-0.04048408559930663,-0.02424498504246593,-0.08764415559528592
2016-07-11,2016,389,39,0.02570694087403599,0.0,-0.021115121170468997,-0.0321246118898643,-0.015756597646135465,-0.055143732582579215
2016-07-12,2016,394,40,0.02030456852791878,0.0,-0.029497628848842352,-0.04927911897154566,-0.03327601227947298,-0.10751984705944514
2016-07-13,2016,400,40,0.0125,0.0,-0.039408873784016175,-0.06409384443986424,-0.04819254342153333,-0.13293119930612382
2016-07-14,2016,405,41,0.014814814814814815,0.0,-0.0390402117187223,-0.07384375546185556,-0.05832834643233785,-0.1770788713787173
2016-07-15,2016,416,42,0.014423076923076924,0.0,-0.03669051205637201,-0.06931145152377716,-0.053823031539639174,-0.20110468182317734
2016-07-18,2016,429,43,0.011655011655011656,0.0,-0.032664871110485987,-0.05600287600150487,-0.04044651043966914,-0.1636729991683551
2016-07-19,2016,429,43,0.013986013986013986,0.0,-0.025330017126845485,-0.03965179995690368,-0.02388018415246851,-0.08951385027157725
2016-07-20,2016,437,44,0.020594965675057208,0.0,-0.025065835679438285,-0.043743302834336834,-0.028120088690583966,-0.1056817597248557
2016-07-21,2016,445,45,0.017977528089887642,0.022222222222222223,-0.019669985514733014,-0.03087380607923497,-0.015103239233736292,-0.09222647850652083
2016-07-22,2016,449,45,0.015590200445434299,0.0,-0.020563693612085845,-0.034885424531219546,-0.0193302746477899,-0.10248071789696157
2016-07-25,2016,449,45,0.015590200445434299,0.022222222222222223,-0.01924064225321289,-0.02814044872852731,-0.012477984513000924,-0.06407369023547725
2016-07-26,2016,448,45,0.015625,0.022222222222222223,-0.022863090960072545,-0.031154025694318212,-0.015527460687564023,-0.09930519660516542
2016-07-27,2016,450,45,0.015555555555555555,0.044444444444444446,-0.015498194710072327,-0.009981290596457297,0.005890797477811385,-0.07605292128365812
2016-07-28,2016,451,46,0.015521064301552107,0.043478260869565216,-0.018976853645102855,-0.005486933363087143,0.010677666406691662,-0.041427067348830705
2016-07-29,2016,448,45,0.020089285714285716,0.06666666666666667,-0.019956820440059635,-0.0109531220537549,0.005159144737967419,-0.07129190894007562
2016-08-01,2016,450,45,0.015555555555555555,0.044444444444444446,-0.017537622796664643,-0.008566579519429789,0.007466456737634644,-0.07513077430835052
2016-08-02,2016,445,45,0.011235955056179775,0.022222222222222223,-0.017890055247907145,0.004309701181784282,0.020713944171120414,-0.014953458112304535
2016-08-03,2016,439,44,0.011389521640091117,0.0,-0.012937427914119606,0.010607181899107827,0.026889745540897833,-0.026714740945640258
2016-08-04,2016,438,44,0.01141552511415525,0.045454545454545456,-0.010316740606036814,0.020392560902811684,0.036692283325341024,-0.025629192480323228
2016-08-05,2016,441,45,0.011337868480725623,0.044444444444444446,-0.01646239868301723,0.0007086235193305942,0.01651115162637937,-0.10439371860195486
2016-08-08,2016,442,45,0.020361990950226245,0.06666666666666667,-0.020839554741293044,0.004857829844067722,0.02098930006339391,-0.04946887231194035
2016-08-09,2016,441,45,0.02040816326530612,0.08888888888888889,-0.008592246865771659,0.019511649976388285,0.035933920423225726,-0.006924871240392
2016-08-10,2016,442,45,0.020361990950226245,0.08888888888888889,-0.017557399125752687,0.013001234815390726,0.029570094455737165,0.03460130482480561
2016-08-11,2016,442,45,0.029411764705882353,0.15555555555555556,-0.00581368362990903,0.04712219435812711,0.06419118119250741,0.1221421507349311
2016-08-12,2016,439,44,0.02733485193621868,0.13636363636363635,0.01010876929811034,0.0688021128257704,0.08593278581931409,0.18933883132352075
2016-08-15,2016,440,44,0.01818181818181818,0.09090909090909091,0.007554482567403545,0.06045240569665588,0.07719941554122564,0.0752704046702782
2016-08-16,2016,437,44,0.018306636155606407,0.06818181818181818,0.003475301322233346,0.04332019060155408,0.05975786238593541,0.032498069930569036
2016-08-17,2016,437,44,0.013729977116704805,0.06818181818181818,-0.0014244210395774543,0.01949013366202868,0.03552438152839034,0.013031572160315932
2016-08-18,2016,436,44,0.009174311926605505,0.06818181818181818,-0.007624115535821203,0.002154039806038745,0.017842182701604516,-0.08455856443288523
2016-08-19,2016,431,44,0.01160092807424594,0.06818181818181818,-0.033787802982018965,-0.015821780832569434,0.00037395323818057384,-0.017246341594562405
2016-08-22,2016,434,44,0.01152073732718894,0.06818181818181818,-0.025266016201323273,-0.0007638054354646554,0.015673307492784602,0.028312136211584776
2016-08-23,2016,433,44,0.013856812933025405,0.09090909090909091,-0.022227618509811153,-0.0008599485241259515,0.015549566425317247,-0.007586041674451244
2016-08-24,2016,429,43,0.011655011655011656,0.06976744186046512,-0.025881756453078976,-0.01278617777037735,0.0034791423615263164,-0.0005302895211319365
2016-08-25,2016,431,44,0.01160092807424594,0.06818181818181818,-0.02854407106235764,-0.012399702467188738,0.003833015629974999,-0.04191120402203593
2016-08-26,2016,433,44,0.016166281755196306,0.09090909090909091,-0.02434562055101044,-0.01385231403102643,0.0021631173783249165,-0.059741955396075574
2016-08-29,2016,433,44,0.009237875288683603,0.06818181818181818,-0.03835415548329344,-0.04779738551815694,-0.03214224666119636,-0.1406736810710772
2016-08-30,2016,437,44,0.004576659038901602,0.022727272727272728,-0.034691665976193144,-0.042573136033019765,-0.027016635735619385,-0.1379178972096397
2016-08-31,2016,433,44,0.004618937644341801,0.022727272727272728,-0.04364887003056443,-0.04738007349904955,-0.03165621402902496,-0.13731135591673277
2016-09-01,2016,432,44,0.004629629629629629,0.022727272727272728,-0.043017759784823494,-0.033712376136326695,-0.01765293096956732,-0.11048374369975875
2016-09-02,2016,429,43,0.013986013986013986,0.09302325581395349,-0.020598780395844996,-0.000206935516710727,0.016164391388966623,-0.007257777636937195
2016-09-05,2016,424,43,0.01179245283018868,0.046511627906976744,-0.02388971845983611,-0.01511082382609331,0.0009628787107358413,-0.04035455097115155
2016-09-06,2016,417,42,0.009592326139088728,0.023809523809523808,-0.026197206267324448,-0.03002308967421479,-0.014359997461775905,-0.10550065559451553
2016-09-07,2016,419,42,0.007159904534606206,0.023809523809523808,-0.036077378749653936,-0.05836250189573321,-0.043388059413837145,-0.22806181058234443
2016-09-08,2016,418,42,0.009569377990430622,0.023809523809523808,-0.06125958706820859,-0.08288087653266574,-0.0679160703163751,-0.21062321347331145
2016-09-09,2016,418,42,0.009569377990430622,0.023809523809523808,-0.06728527521872925,-0.10091200520634182,-0.08595032692484636,-0.21177596281940342
2016-09-10,2016,415,42,0.007228915662650603,0.0,-0.07588676227236865,-0.1330778250769622,-0.11873575320457506,-0.3145824268711666
2016-09-12,2016,417,42,0.011990407673860911,0.023809523809523808,-0.0732295725304341,-0.12288872462876134,-0.10832419160342344,-0.2970103920795505
2016-09-13,2016,411,42,0.012165450121654502,0.023809523809523808,-0.0690565358230816,-0.11403244540229449,-0.0990648818490224,-0.23000281220271332
2016-09-14,2016,410,41,0.00975609756097561,0.024390243902439025,-0.0651607838135957,-0.1074502480050511,-0.0925030746949475,-0.26259118756161537
2016-09-19,2016,403,41,0.004962779156327543,0.024390243902439025,-0.053184389723976266,-0.0928530206011626,-0.0779574370840878,-0.2877611629981494
2016-09-20,2016,398,40,0.002512562814070352,0.0,-0.05586068963726031,-0.10229441746265297,-0.08752632698373917,-0.28792577497057076
2016-09-21,2016,401,41,0.0024937655860349127,0.0,-0.052123969079446476,-0.09784473239761746,-0.08324564115345705,-0.288517751985294
2016-09-22,2016,404,41,0.0024752475247524753,0.0,-0.06292447665446152,-0.10786510268478054,-0.0931792673016213,-0.24307903692524938
2016-09-23,2016,406,41,0.0,0.0,-0.05779286283070985,-0.09684400894661747,-0.08207142628286332,-0.24124234954735735
2016-09-26,2016,402,41,0.0024875621890547263,0.024390243902439025,-0.05058260650107597,-0.08179689234887112,-0.06695227175175174,-0.2395169993974147
2016-09-29,2016,404,41,0.0049504950495049506,0.024390243902439025,-0.05917280956821607,-0.08614095024433407,-0.07120685973984162,-0.2008399603086887
2016-09-30,2016,400,40,0.005,0.025,-0.060357641619619866,-0.09038787354327031,-0.07553312582532731,-0.24510533751947003
2016-10-03,2016,400,40,0.005,0.025,-0.060723498945761616,-0.0933246210279494,-0.07857384970310641,-0.26613055079081227
2016-10-04,2016,394,40,0.005076142131979695,0.025,-0.06767123123749483,-0.1138266084444659,-0.09962736519714638,-0.2963157526348587
2016-10-05,2016,394,40,0.005076142131979695,0.025,-0.07222402746461,-0.1195036225373635,-0.10554009043688817,-0.3345311249235229
2016-10-06,2016,395,40,0.005063291139240506,0.025,-0.06956870867347763,-0.1193941578758037,-0.10545135748729714,-0.34382681998813297
2016-10-07,2016,392,40,0.007653061224489796,0.025,-0.06300011528939758,-0.10342238339799356,-0.08916764462952745,-0.31267548506292653
2016-10-11,2016,393,40,0.007633587786259542,0.025,-0.052772410175692425,-0.07307363697860528,-0.058066398581652925,-0.24684949006010123
2016-10-12,2016,392,40,0.007653061224489796,0.025,-0.050901242503269786,-0.08775910939026335,-0.07366374486192336,-0.38806199248585277
2016-10-13,2016,388,39,0.005154639175257732,0.02564102564102564,-0.05370229024982921,-0.06861508284258323,-0.053569669707271096,-0.23485566754720857
2016-10-14,2016,389,39,0.012853470437017995,0.05128205128205128,-0.029926966139107964,-0.033711600660342046,-0.018578401191952688,-0.2504107428946033
2016-10-17,2016,384,39,0.010416666666666666,0.02564102564102564,-0.03406984442618493,-0.0494064777333339,-0.03452394667305582,-0.2793314653901815
2016-10-18,2016,382,39,0.010471204188481676,0.05128205128205128,-0.028877554100621636,-0.04271528799599554,-0.027879035318677997,-0.31181796346051827
2016-10-19,2016,383,39,0.007832898172323759,0.02564102564102564,-0.027139737940291075,-0.03720538442285776,-0.022334034802027933,-0.3059535913787712
2016-10-20,2016,383,39,0.0026109660574412533,0.0,-0.027958265085076605,-0.034820137142638666,-0.01993051773118338,-0.263870091904715
2016-10-21,2016,389,39,0.0,0.0,-0.024196001809523186,-0.04093915245241454,-0.026145867417829212,-0.28984581891717426
2016-10-24,2016,384,39,0.0026041666666666665,0.0,-0.020140926011760273,-0.04446504354372671,-0.029706178193810738,-0.3030604676002848
2016-10-25,2016,386,39,0.0051813471502590676,0.0,-0.020623321468885823,-0.03876867715936841,-0.02374251261802381,-0.24800150563242424
2016-10-26,2016,385,39,0.005194805194805195,0.0,-0.025155104802477523,-0.05094045874977209,-0.03603222199727636,-0.2694510941732503
2016-10-27,2016,385,39,0.005194805194805195,0.0,-0.02189009764305567,-0.04550267279293109,-0.030508959138511572,-0.2621854973745502
2016-10-28,2016,383,39,0.005221932114882507,0.0,-0.016878087086280524,-0.039132325510098646,-0.023971684870855717,-0.20537532739222852
2016-10-31,2016,377,38,0.005305039787798408,0.0,-0.016836109193524393,-0.04792660830069082,-0.032818047004927055,-0.2099455185191625
2016-11-01,2016,374,38,0.0053475935828877,0.0,-0.011915860464171608,-0.03597461555909748,-0.020631024747388267,-0.17829478924994913
2016-11-02,2016,375,38,0.013333333333333334,0.02631578947368421,1.6304767032979526e-05,-0.00434342694269909,0.011628381690008724,-0.08960773221424627
2016-11-03,2016,370,37,0.016216216216216217,0.05405405405405406,0.0036289126183014415,0.016160321667458045,0.03262910241686987,-0.029935207468243373
2016-11-04,2016,360,36,0.016666666666666666,0.027777777777777776,0.014367331544891579,0.01096323838347533,0.026990215015880767,-0.09051834585862299
2016-11-07,2016,362,37,0.019337016574585635,0.08108108108108109,0.011318996865179122,0.004033039253087682,0.019850182060885516,-0.07241193425157343
2016-11-08,2016,355,36,0.028169014084507043,0.08333333333333333,0.017533210317504818,0.028115306749746827,0.04436353289114013,-0.0045599664557287225
2016-11-09,2016,355,36,0.030985915492957747,0.08333333333333333,0.024400945887132017,0.04886823971258508,0.06567924874002834,0.05157731232342578
2016-11-10,2016,359,36,0.022284122562674095,0.08333333333333333,-0.0027635052405887888,0.028927648020840753,0.04595479803628615,0.10268050822703663
2016-11-11,2016,358,36,0.019553072625698324,0.05555555555555555,-0.0035580073536235707,0.019243258749407483,0.0362674552888447,0.13803320583986672
2016-11-14,2016,356,36,0.016853932584269662,0.027777777777777776,-0.006005041962222465,-0.0021606132982189058,0.014488654893606337,0.12056890993726842
2016-11-15,2016,360,36,0.025,0.08333333333333333,-0.006734194102753773,-0.0011849515163551828,0.015407619600088237,0.059777358035609726
2016-11-16,2016,362,37,0.022099447513812154,0.02702702702702703,-0.009428425206621863,-0.007986354924262128,0.008579209361506033,0.08150252107239248
2016-11-17,2016,365,37,0.021917808219178082,0.02702702702702703,-0.006276653060220159,-0.010544659227834225,0.005933392748288239,0.08278874118625694
2016-11-18,2016,364,37,0.016483516483516484,0.05405405405405406,0.0008565713209117869,0.022783253992609383,0.03958753322294638,0.049366616641946706
2016-11-21,2016,365,37,0.0136986301369863,0.05405405405405406,-0.006246124751508767,-0.00703344564086134,0.009087965238606584,-0.026877076096323994
2016-11-22,2016,372,38,0.01881720430107527,0.05263157894736842,0.00031480207584380247,0.008106497944523722,0.024277283346137223,-0.053439145391412965
2016-11-23,2016,372,38,0.016129032258064516,0.05263157894736842,0.003686709866336375,0.005821415200576812,0.021922106015213914,-0.026439017294689227
2016-11-24,2016,375,38,0.021333333333333333,0.05263157894736842,0.0023745805819305604,0.00036977715206968823,0.01623777359012849,-0.04267451587882645
2016-11-25,2016,373,38,0.01876675603217158,0.02631578947368421,-0.0016378494148146286,-0.010294018932793428,0.005347503253282715,-0.07048969826070395
2016-11-28,2016,378,38,0.021164021164021163,0.05263157894736842,-0.00023456244964200663,-0.0028416477452156024,0.012853675845084941,-0.03943977439181568
2016-11-29,2016,382,39,0.01832460732984293,0.05128205128205128,-0.006907546958636563,-0.01111493168356414,0.004480900807932218,-0.08051142572077094
2016-11-30,2016,388,39,0.015463917525773196,0.05128205128205128,-0.015436592348595964,-0.020702389196190208,-0.005048015409189521,-0.015104514045726467
2016-12-01,2016,390,39,0.01282051282051282,0.05128205128205128,-0.013356924715379907,-0.0032613934148515034,0.012683005696490323,-0.0007759130139923806
2016-12-02,2016,392,40,0.01020408163265306,0.05,-0.01499233155794152,-0.004272934692503544,0.011778776633013358,-0.0028457133585024874
2016-12-05,2016,385,39,0.007792207792207792,0.02564102564102564,-0.008046786764033925,-0.019825503862035607,-0.004134849133052811,-0.009683312021250239
2016-12-06,2016,390,39,0.005128205128205128,0.0,-0.0006037566513694834,-0.014489930249573964,0.001186260501664878,-0.010140210024372587
2016-12-07,2016,386,39,0.0051813471502590676,0.0,-0.00888956038594771,-0.022230477747901965,-0.0065563115413551955,-0.11871184080438657
2016-12-08,2016,391,40,0.01278772378516624,0.05,0.00199173293544065,-0.005723687199110761,0.010082594975164639,-0.0010283383242121944
2016-12-09,2016,392,40,0.00510204081632653,0.0,-0.0012102702972324947,-0.025258525382127854,-0.009862351343181138,-0.08256387854722154
2016-12-12,2016,396,40,0.007575757575757576,0.0,0.003308788148671473,-0.010664158289949502,0.005051937243949806,-0.0024064270326805063
2016-12-13,2016,396,40,0.007575757575757576,0.0,0.0021277023831217695,-0.015425522502110675,0.00013850080542073817,-0.10995699136882969
2016-12-14,2016,405,41,0.007407407407407408,0.0,-0.009495606668651596,-0.018593175364111973,-0.002772884114888413,-0.08396871274264937
2016-12-15,2016,407,41,0.004914004914004914,0.0,-0.005327005002027329,-0.023711107922734318,-0.008148745111736341,-0.20071627585681
2016-12-16,2016,411,42,0.0072992700729927005,0.0,-0.013104902939568314,-0.036840328744551384,-0.021499237373248253,-0.24404564623670255
2016-12-19,2016,412,42,0.007281553398058253,0.0,-0.004818337819306658,-0.014300925730487732,0.0015335377785895025,-0.16346714897331102
2016-12-20,2016,409,41,0.014669926650366748,0.024390243902439025,-0.0024037943865161675,-0.0209134345886826,-0.005173317728430056,-0.1061443374372484
2016-12-21,2016,408,41,0.014705882352941176,0.024390243902439025,-0.0009469861046726711,-0.013536582929880919,0.002321704278394079,-0.09908317780866943
2016-12-22,2016,406,41,0.014778325123152709,0.024390243902439025,-0.006550268992487778,-0.022149322279075272,-0.006167125936633012,-0.06971110580905884
2016-12-23,2016,403,41,0.022332506203473945,0.024390243902439025,-0.007251110300184137,-0.018210446627555305,-0.002041091216609174,-0.048842641749846934
2016-12-26,2016,401,41,0.022443890274314215,0.024390243902439025,-0.010871294294043224,-0.014358636566937038,0.0019615970196261577,-0.06194957890632273
2016-12-27,2016,397,40,0.022670025188916875,0.025,0.0010706815461892377,0.000983947457297868,0.017447508797974107,0.0030263528593185668
2016-12-28,2016,396,40,0.027777777777777776,0.025,0.01645802734872709,0.01962232932231682,0.03623452421733574,0.05216802508418628
2016-12-29,2016,386,39,0.025906735751295335,0.05128205128205128,0.017086700611675658,0.016229313677322846,0.03283101641077524,0.029226179612010857
2016-12-30,2016,387,39,0.023255813953488372,0.02564102564102564,0.011219186110930424,-0.010712434628433258,0.005458347035186832,-0.01787944017588382
2017-01-03,2017,386,39,0.025906735751295335,0.05128205128205128,0.010923551586917468,-0.0022100907298478823,0.014062605186853889,-0.027547594044161034
2017-01-04,2017,387,39,0.028423772609819122,0.05128205128205128,0.004553919948396151,-0.016172045101603444,-3.154832924102993e-05,-0.05459907293138622
2017-01-05,2017,390,39,0.03076923076923077,0.05128205128205128,-0.004301760046137932,-0.02119534586379955,-0.005090255475401639,-0.08871915236166915
2017-01-06,2017,387,39,0.03359173126614987,0.1282051282051282,-9.906585041391453e-05,0.012160892651454711,0.028765124818911508,-0.0810881078025025
2017-01-09,2017,387,39,0.03359173126614987,0.1282051282051282,0.0033776695475316977,0.03221423424464377,0.04926344433701232,-0.03731054279225898
2017-01-10,2017,391,40,0.03580562659846547,0.15,0.0043211605617581444,0.04029010740033224,0.05754627549840704,-0.014849020255850366
2017-01-11,2017,388,39,0.03608247422680412,0.15384615384615385,0.005334573581168826,0.0462731176593514,0.06356925442584777,-0.013632725443926434
2017-01-12,2017,386,39,0.03367875647668394,0.15384615384615385,0.012597766439974178,0.062366347075672804,0.07985177513909864,0.04014400949032978
2017-01-13,2017,382,39,0.041884816753926704,0.1794871794871795,0.013660195970118652,0.08003532515543708,0.09792819893334515,0.07553508860308196
2017-01-16,2017,382,39,0.06282722513089005,0.23076923076923078,0.01765228431045369,0.07269702220466034,0.09047397226845466,0.11305251233906304
2017-01-17,2017,384,39,0.044270833333333336,0.2564102564102564,0.011315297318653087,0.059055623745555896,0.0766024862866977,0.06852991529883679
2017-01-18,2017,385,39,0.03896103896103896,0.23076923076923078,0.003816037443741253,0.04961822067380857,0.0671064883685001,0.0359087291282005
2017-01-19,2017,382,39,0.0549738219895288,0.2564102564102564,0.007402683327991672,0.04723672399307699,0.06461822947134625,0.03260483824700921
2017-01-20,2017,383,39,0.05221932114882506,0.23076923076923078,0.011706194499116591,0.035706023384752344,0.05277698232556103,0.026652525348755708
2017-01-23,2017,379,38,0.047493403693931395,0.18421052631578946,0.02266824928483564,0.020188111169836636,0.03672995723199263,0.010328814633068109
2017-01-24,2017,384,39,0.044270833333333336,0.20512820512820512,0.01946515651287808,0.02590410162169201,0.04247151551025591,-0.007999055643496017
2017-02-02,2017,390,39,0.041025641025641026,0.1794871794871795,0.013327729072052623,0.018931039389519573,0.03540782497138129,-0.05066448387727484
2017-02-03,2017,396,40,0.03787878787878788,0.15,0.005376043492917716,0.0058643105577629445,0.022132351059495535,-0.0993280152861092
2017-02-06,2017,410,41,0.03170731707317073,0.14634146341463414,0.0029518426194278134,0.009938924127066597,0.026317133114805363,-0.0807514182853136
2017-02-07,2017,414,42,0.028985507246376812,0.11904761904761904,0.0035932918492886795,0.003630385557890258,0.01988493684465116,-0.06127749191185283
2017-02-08,2017,418,42,0.028708133971291867,0.19047619047619047,0.0030453359670628553,0.011685732036844506,0.027924677436602843,-0.08117711945473571
2017-02-09,2017,424,43,0.02122641509433962,0.11627906976744186,-0.005525368735664322,-0.01310575119107129,0.0026478861697070504,-0.15223579483624372
2017-02-10,2017,432,44,0.023148148148148147,0.13636363636363635,0.003550423359661496,-0.002674964593659727,0.013201709604021115,-0.10102098318862633
2017-02-13,2017,439,44,0.02050113895216401,0.09090909090909091,0.004669248891151995,-0.004661248870179067,0.011162434088921779,-0.11162653973182804
2017-02-14,2017,439,44,0.015945330296127564,0.09090909090909091,0.0068745290893903604,-0.00024686894915551793,0.015636356357042473,-0.08684402006723314
2017-02-15,2017,450,45,0.015555555555555555,0.06666666666666667,-0.0012981899321811911,-0.014452778836951103,0.0012582933608631312,-0.09499374811114628
2017-02-16,2017,454,46,0.01762114537444934,0.021739130434782608,0.00610846047881013,-0.00917233381751823,0.006742316936244494,-0.044165469912801125
2017-02-17,2017,454,46,0.015418502202643172,0.0,-0.0014993695962126619,-0.025631338593775765,-0.009914003191418023,-0.06251473332669796
2017-02-18,2017,456,46,0.017543859649122806,0.021739130434782608,-0.02153564324942464,-0.057641103679376075,-0.04228379851713083,-0.15303853480207527
2017-02-20,2017,464,47,0.015086206896551725,0.0,-0.011346673311287797,-0.024825939698092155,-0.009019103612736718,-0.09554344739751734
2017-02-21,2017,475,48,0.018947368421052633,0.0625,-0.005320781575630865,0.010927028167935298,0.027249901690741343,-0.1066460223466268
2017-02-22,2017,482,49,0.022821576763485476,0.08163265306122448,-0.01355618178938242,-0.008159604935354456,0.007913498578102498,-0.15676211023797143
2017-02-23,2017,481,49,0.02702702702702703,0.10204081632653061,-0.02566816407662868,-0.020493104081816642,-0.0045837338286568805,-0.1985538371166908
2017-02-24,2017,493,50,0.02636916835699797,0.1,-0.035773806344168,-0.036696257246308185,-0.021046071512521036,-0.22107049668444914
2017-03-01,2017,494,50,0.02631578947368421,0.08,-0.031998215973329504,-0.026596069898595438,-0.010805825159858585,-0.14968623657490418
2017-03-02,2017,499,50,0.026052104208416832,0.1,-0.026680304060057322,-0.011547296907909075,0.0046071789315795695,-0.09079402384849923
2017-03-03,2017,501,51,0.027944111776447105,0.11764705882352941,-0.0298091941193608,-0.016029665713423298,6.547874928864319e-05,-0.10647262855641072
2017-03-06,2017,504,51,0.02976190476190476,0.13725490196078433,-0.03385361033001839,-0.019052724519681475,-0.0028409804893785697,-0.08228357476756556
2017-03-07,2017,501,51,0.027944111776447105,0.09803921568627451,-0.030929956947614776,-0.02877643943920618,-0.012866076239218819,-0.10951423230003171
2017-03-08,2017,499,50,0.03006012024048096,0.12,-0.028471388431611594,-0.020193894676168146,-0.0042011174921134905,-0.0829548673745722
2017-03-09,2017,494,50,0.03643724696356275,0.12,-0.029643556993849348,-0.014577574211987914,0.0016745946428849412,-0.06588067034551272
2017-03-10,2017,489,49,0.03885480572597137,0.08163265306122448,-0.03096437321037782,-0.025380332242221724,-0.009413012785253473,-0.11895376287222567
2017-03-13,2017,486,49,0.03909465020576132,0.10204081632653061,-0.03432362072071947,-0.03160082330492273,-0.01580139855181558,-0.15086137426037619
2017-03-14,2017,484,49,0.03925619834710744,0.10204081632653061,-0.03944868625570132,-0.034821403888915706,-0.019041401451053437,-0.13084659892913697
2017-03-15,2017,477,48,0.033542976939203356,0.08333333333333333,-0.047116564804580735,-0.05882646661792709,-0.04372699779552149,-0.24197198724447544
2017-03-16,2017,482,49,0.03112033195020747,0.08163265306122448,-0.04558408206724477,-0.0693197724663888,-0.05449667662706555,-0.24379133785701157
2017-03-17,2017,489,49,0.024539877300613498,0.061224489795918366,-0.04012595027312431,-0.03985785315992834,-0.02458534266701832,-0.2039882190686884
2017-03-20,2017,486,49,0.026748971193415638,0.061224489795918366,-0.03577441180513311,-0.03773991724497281,-0.022680611782365395,-0.21235850711953771
2017-03-21,2017,490,49,0.026530612244897958,0.061224489795918366,-0.02815898315880676,-0.028443937998085225,-0.01322548624702217,-0.1635326188456392
2017-03-22,2017,489,49,0.02044989775051125,0.02040816326530612,-0.037268260397085744,-0.05264329487518291,-0.03773521459122137,-0.1815705830262925
2017-03-23,2017,489,49,0.022494887525562373,0.061224489795918366,-0.04767139203001686,-0.06103558175969248,-0.046176447017134775,-0.20147889401935157
2017-03-24,2017,491,50,0.020366598778004074,0.1,-0.04656629810014493,-0.04510243768210935,-0.02976249999595943,-0.16459913734418596
2017-03-27,2017,486,49,0.024691358024691357,0.14285714285714285,-0.02544193208586623,0.006665543784237879,0.02275740240519172,-0.0436141671651419
2017-03-28,2017,483,49,0.037267080745341616,0.1836734693877551,-0.0180378394770818,0.010421056024253748,0.026583683264125493,-0.0036290821683086735
2017-03-29,2017,482,49,0.024896265560165973,0.10204081632653061,-0.02513317535980497,-0.006383909145187734,0.00961815967391569,-0.008634013347815299
2017-03-30,2017,482,49,0.029045643153526972,0.061224489795918366,-0.03571440442319933,-0.05022546691471401,-0.0347728239509714,-0.08716264386781822
2017-03-31,2017,483,49,0.022774327122153208,0.061224489795918366,-0.04456692529150015,-0.051398169710153346,-0.035888615456023475,-0.11028263482892886
2017-04-05,2017,489,49,0.02044989775051125,0.061224489795918366,-0.03550018445349539,-0.04584323361425836,-0.030409092739344428,-0.10972849839967415
2017-04-06,2017,488,49,0.02663934426229508,0.08163265306122448,-0.041749288619557436,-0.03829087169208139,-0.022734781569435192,-0.11042021417331668
2017-04-07,2017,488,49,0.022540983606557378,0.061224489795918366,-0.05947647764311045,-0.0637686702024829,-0.048457562332442625,-0.15523227716674565
2017-04-10,2017,493,50,0.02028397565922921,0.06,-0.07348395939018773,-0.09076951949529594,-0.07583609697548756,-0.18150792316283432
2017-04-11,2017,493,50,0.02231237322515213,0.08,-0.05635292879741326,-0.0463260035554738,-0.03057290266879778,-0.07432674581003837
2017-04-12,2017,493,50,0.02636916835699797,0.06,-0.05788672231283021,-0.06467777385965427,-0.04916395417479019,-0.1068773960878736
2017-04-13,2017,495,50,0.022222222222222223,0.06,-0.05105726981183457,-0.06955560821918769,-0.05416302421509886,-0.11680560010558998
2017-04-14,2017,494,50,0.024291497975708502,0.08,-0.0395225100520396,-0.03757442394413719,-0.021548603797937514,-0.035833501288204554
2017-04-17,2017,493,50,0.030425963488843813,0.08,-0.03780433097430974,-0.046912028936629685,-0.031103014752243273,-0.05961057380152336
2017-04-18,2017,487,49,0.026694045174537988,0.10204081632653061,-0.045769431138808735,-0.04415496179009233,-0.028175717357526667,-0.0802287756513707
2017-04-19,2017,484,49,0.028925619834710745,0.08163265306122448,-0.04524157264241511,-0.0501755271254733,-0.03425416810533759,-0.09837935112764255
2017-04-20,2017,481,49,0.029106029106029108,0.10204081632653061,-0.0358015126729433,-0.02535637632613155,-0.009209001363451721,-0.07046160992936962
2017-04-21,2017,480,48,0.03125,0.10416666666666667,-0.03060781119299525,-0.026121834080741868,-0.010089025322016254,-0.0708210942550587
2017-04-24,2017,472,48,0.02754237288135593,0.0625,-0.03131395518445639,-0.03165453001798463,-0.015634088481854474,-0.04355962886376247
2017-04-25,2017,465,47,0.02795698924731183,0.0851063829787234,-0.024923514457512466,-0.015752050364142612,0.0003238455717241006,-0.06931052066391455
2017-04-26,2017,465,47,0.02795698924731183,0.0851063829787234,-0.03860468066606034,-0.04918700942599053,-0.03341821900044523,-0.1288675850772677
2017-04-27,2017,461,47,0.021691973969631236,0.10638297872340426,-0.040669282304846587,-0.0444271609951623,-0.02862634365702782,-0.20689289408722655
2017-04-28,2017,461,47,0.019522776572668113,0.0851063829787234,-0.03453396928873095,-0.0466954981407982,-0.031136926045265436,-0.22679619694073763
2017-05-02,2017,457,46,0.0175054704595186,0.043478260869565216,-0.030600087968850234,-0.03531351041871063,-0.01955303864669995,-0.14258929546952678
2017-05-03,2017,456,46,0.02412280701754386,0.10869565217391304,-0.022362248042654225,-0.01620231292193355,-0.00012688744589725698,-0.0888229578915633
2017-05-04,2017,453,46,0.02207505518763797,0.10869565217391304,-0.02376677385775081,-0.025789900548387198,-0.00980371302744024,-0.055079635402710644
2017-05-05,2017,450,45,0.024444444444444446,0.1111111111111111,-0.020871590961458724,-0.013062930310150395,0.003231947810413422,-0.008422957948091706
2017-05-08,2017,448,45,0.020089285714285716,0.08888888888888889,-0.009232931282386241,0.014818530276204587,0.031515841634134185,0.058734582594135165
2017-05-09,2017,447,45,0.026845637583892617,0.08888888888888889,0.0042752758918977235,0.017972675473039768,0.03462313570768861,0.0951438467899956
2017-05-10,2017,444,45,0.02702702702702703,0.06666666666666667,-0.009754134273315751,-0.003906562882817497,0.012467919065138087,0.020009001929260733
2017-05-11,2017,447,45,0.02237136465324385,0.06666666666666667,-0.005230103484562733,0.020565604743599253,0.037246536036054996,0.08619542172915999
2017-05-12,2017,446,45,0.02466367713004484,0.06666666666666667,-0.0010280264842990952,0.02116653098275943,0.037668272448806134,0.04689981389500101
2017-05-15,2017,442,45,0.02262443438914027,0.1111111111111111,-0.0054031180369608104,0.01238239771886071,0.02872236071432881,-0.007274801190559442
2017-05-16,2017,441,45,0.027210884353741496,0.08888888888888889,-0.011498406260140778,-0.018244918286349422,-0.0024360327699641015,-0.029502892402396477
2017-05-17,2017,445,45,0.02247191011235955,0.06666666666666667,-0.00799935498449107,-0.015999381348221504,-5.6958850387959595e-06,0.03456257282157284
2017-05-18,2017,442,45,0.020361990950226245,0.06666666666666667,-0.020165822609640664,-0.03907836923340557,-0.02328456360179811,-0.031155036634227196
2017-05-19,2017,442,45,0.01583710407239819,0.044444444444444446,-0.025866979409831087,-0.04732697793348268,-0.03155098058196077,-0.02614300744748784
2017-05-22,2017,441,45,0.013605442176870748,0.022222222222222223,-0.04022011925497569,-0.07778995421177513,-0.06233348070507348,-0.07929126796358185
2017-05-23,2017,442,45,0.013574660633484163,0.022222222222222223,-0.03280972552303292,-0.05592413404921377,-0.04016281053795281,-0.03372559502229356
2017-05-24,2017,444,45,0.013513513513513514,0.044444444444444446,-0.0324965339616434,-0.051556949056873476,-0.035760134035035605,-0.04758816928288377
2017-05-25,2017,453,46,0.011037527593818985,0.06521739130434782,-0.033547538978150486,-0.0533485456893427,-0.03765550698224383,-0.052753070406783446
2017-05-26,2017,454,46,0.00881057268722467,0.021739130434782608,-0.05025868451775956,-0.07316169376790796,-0.05742147160424104,-0.06360210578024064
2017-05-31,2017,460,46,0.010869565217391304,0.021739130434782608,-0.05001260582964451,-0.0622001839576603,-0.046206165486754415,-0.03324253590330506
2017-06-01,2017,458,46,0.013100436681222707,0.043478260869565216,-0.041510012421319895,-0.06085306038742017,-0.04516842140469585,-0.14327140625502674
2017-06-02,2017,456,46,0.013157894736842105,0.043478260869565216,-0.049329872205935286,-0.07422080301324853,-0.05871837707182662,-0.2091541926010148
2017-06-03,2017,455,46,0.01098901098901099,0.043478260869565216,-0.04733718961972155,-0.06306570172406153,-0.04745819934460324,-0.2339970924853497
2017-06-05,2017,463,47,0.0064794816414686825,0.02127659574468085,-0.04260648020085451,-0.05597663600904717,-0.04037345366604473,-0.2636490382124652
2017-06-06,2017,461,47,0.006507592190889371,0.02127659574468085,-0.0409411305618323,-0.05204805930256562,-0.03646382955969716,-0.282141206775398
2017-06-07,2017,456,46,0.006578947368421052,0.021739130434782608,-0.04556699438066757,-0.05048004893356905,-0.034727480563972325,-0.26507599130978743
2017-06-08,2017,459,46,0.004357298474945534,0.021739130434782608,-0.0417923695500494,-0.049727463958059694,-0.03405576481826469,-0.2722003026616503
2017-06-09,2017,456,46,0.006578947368421052,0.043478260869565216,-0.04236262029140463,-0.044808258167645096,-0.028959070364952866,-0.22117443523942576
2017-06-12,2017,453,46,0.006622516556291391,0.043478260869565216,-0.05427562151929953,-0.06421326648738987,-0.048591394609095055,-0.2331975005669961
2017-06-13,2017,447,45,0.006711409395973154,0.044444444444444446,-0.0665435695280971,-0.08017516581286359,-0.06461438928921588,-0.22210400274526007
2017-06-14,2017,443,45,0.013544018058690745,0.044444444444444446,-0.05367657144656555,-0.06671326239853129,-0.050805711944926855,-0.09328835454095201
2017-06-15,2017,444,45,0.013513513513513514,0.044444444444444446,-0.05718584146157892,-0.07470074593942756,-0.05880783428199729,-0.10004394025496315
2017-06-16,2017,441,45,0.011337868480725623,0.044444444444444446,-0.05064987665633806,-0.05828614478952707,-0.042337628543566555,-0.13448048257082765
2017-06-19,2017,443,45,0.011286681715575621,0.044444444444444446,-0.04619652584449758,-0.06311135167756819,-0.04740274670683505,-0.1455906025020353
2017-06-20,2017,450,45,0.015555555555555555,0.08888888888888889,-0.03119090984981603,-0.02966830829541954,-0.013511386461090034,-0.07089306257598407
2017-06-21,2017,451,46,0.015521064301552107,0.08695652173913043,-0.03848557683092383,-0.03995469657461916,-0.023985533451688277,-0.09380174609747569
2017-06-22,2017,454,46,0.013215859030837005,0.043478260869565216,-0.03677870063030042,-0.05139575803084324,-0.035650743271789985,-0.10569001745508061
2017-06-23,2017,454,46,0.015418502202643172,0.06521739130434782,-0.027526401354916546,-0.049040141425033046,-0.03337802590693022,-0.08867606698356564
2017-06-26,2017,459,46,0.0196078431372549,0.06521739130434782,-0.01604749572613971,-0.016505506610905305,-0.0006073026307521876,-0.017206102284018924
2017-06-27,2017,458,46,0.024017467248908297,0.06521739130434782,-0.01623942663432037,-0.0038104501944802934,0.012420216241987749,0.02879838110476182
2017-06-28,2017,465,47,0.03225806451612903,0.06382978723404255,-0.01524174347386321,-0.0033719890915329216,0.012786368377922599,0.040182109852878053
2017-06-29,2017,462,47,0.03896103896103896,0.1276595744680851,-0.019187307083948196,0.01833713462651347,0.03519431119984405,0.1400693734497427
2017-06-30,2017,465,47,0.034408602150537634,0.10638297872340426,-0.0190878166717727,0.0006598699153100662,0.016993723793460532,0.05759397708798555
2017-07-03,2017,464,47,0.034482758620689655,0.0851063829787234,-0.018351656973592853,-0.011143810847225698,0.004981192190777003,0.06720170057019284
2017-07-04,2017,464,47,0.036637931034482756,0.06382978723404255,-0.019538754205690047,-0.0023400618691527624,0.014087486378787414,0.08027950422475656
2017-07-05,2017,458,46,0.04148471615720524,0.08695652173913043,-0.017194017160682203,-0.0017716138194133033,0.014672249987314558,0.10421883618588278
2017-07-06,2017,457,46,0.03282275711159737,0.10869565217391304,-0.019693215188996006,-0.009123630724922642,0.007245067204636782,0.0951869176122249
2017-07-07,2017,458,46,0.043668122270742356,0.10869565217391304,-0.018118983822588766,-0.008163511825542934,0.008302372044468653,0.1721581783957859
2017-07-10,2017,450,45,0.04888888888888889,0.13333333333333333,-0.004506143489156207,0.021455384874341708,0.03837064916178712,0.20122733859675263
2017-07-11,2017,462,47,0.05411255411255411,0.1276595744680851,5.574704507507612e-05,0.011580801172058078,0.028165653108733184,0.19523795225149274
2017-07-12,2017,459,46,0.05010893246187364,0.13043478260869565,-0.001338105639283762,-0.019883365551309234,-0.004039085796137113,0.08794299988105757
2017-07-13,2017,461,47,0.04121475054229935,0.1276595744680851,-0.019796920869441438,-0.04369105470780192,-0.028345343700078237,0.014010251757735659
2017-07-14,2017,465,47,0.030107526881720432,0.10638297872340426,-0.012302745679799268,-0.02914986273339197,-0.013737343068270475,0.022963047723962703
2017-07-17,2017,465,47,0.034408602150537634,0.10638297872340426,-0.03119698053915158,-0.0640796292207541,-0.0492655923349228,-0.05246699135991565
2017-07-18,2017,469,47,0.0255863539445629,0.0425531914893617,-0.030091513374343244,-0.06452301177855303,-0.04963723104727343,-0.054944539481768084
2017-07-19,2017,471,48,0.02335456475583864,0.0625,-0.018442651604667376,-0.03710629594756773,-0.021936691521709527,-0.05027719242373514
2017-07-20,2017,471,48,0.01910828025477707,0.041666666666666664,-0.013463079757725219,-0.019614904130208426,-0.003991112183312493,0.04657216308514666
2017-07-21,2017,471,48,0.02335456475583864,0.08333333333333333,-0.015535315041272407,-0.0182216943239317,-0.002547591396321394,0.06416195118153376
2017-07-24,2017,462,47,0.025974025974025976,0.0851063829787234,-0.006686306683843084,0.005473658134591085,0.021439051795827748,0.0349794433989186
2017-07-25,2017,460,46,0.02826086956521739,0.06521739130434782,-0.012853202075003588,-0.0184678035654729,-0.002776959879982622,-0.011158699761178711
2017-07-26,2017,465,47,0.034408602150537634,0.0851063829787234,-0.013327012191496086,-0.007454315351297017,0.008461035407518152,-0.006006378394200999
2017-07-27,2017,461,47,0.04121475054229935,0.1276595744680851,-0.009841878696238534,0.04010735353693705,0.05690060528353623,0.05684341778021364
2017-07-28,2017,461,47,0.049891540130151846,0.1276595744680851,-0.0052962142461542554,0.05273005514077328,0.06980359309557634,0.09898635003642844
2017-07-31,2017,465,47,0.04516129032258064,0.14893617021276595,0.008761515810700187,0.08047723474718496,0.09782683070209257,0.0656478803415164
2017-08-01,2017,462,47,0.04112554112554113,0.1702127659574468,-0.0008768720744111736,0.07357797234172654,0.09079792956587146,0.03963138900733813
2017-08-02,2017,464,47,0.03879310344827586,0.1702127659574468,-0.0008899196445328435,0.075985245819001,0.09335120624676473,0.07359950672313222
2017-08-03,2017,464,47,0.05172413793103448,0.19148936170212766,0.0011687529281338028,0.053873543581301746,0.07087570607380117,0.047051158200348456
2017-08-04,2017,462,47,0.04112554112554113,0.1702127659574468,0.0005669159245827148,0.0623804980414123,0.07946961070337513,0.08131155792040697
2017-08-07,2017,464,47,0.04310344827586207,0.1702127659574468,0.0002473482187231674,0.04191235246359787,0.05852914654811095,0.0012491683672706557
2017-08-08,2017,467,47,0.042826552462526764,0.19148936170212766,0.010958287342809188,0.07929477403382151,0.09662509083826719,0.1482487282537576
2017-08-09,2017,469,47,0.04904051172707889,0.1702127659574468,0.014972690129468225,0.07898047091574291,0.09627683446971817,0.17900880285564008
2017-08-10,2017,468,47,0.07264957264957266,0.2553191489361702,0.031906997870180975,0.11665702163312165,0.13478392975610037,0.2761433379204842
2017-08-11,2017,472,48,0.06991525423728813,0.25,0.02769334211326845,0.10399328278329245,0.12188627921342605,0.19821576788473672
2017-08-14,2017,466,47,0.09012875536480687,0.2765957446808511,0.044948310235767674,0.12863678700638692,0.1469241700652612,0.28722624661187446
2017-08-15,2017,472,48,0.06991525423728813,0.1875,0.03893982848716113,0.11301726873102658,0.1311440663942088,0.3240771954346089
2017-08-16,2017,480,48,0.06041666666666667,0.16666666666666666,0.03320004559158615,0.11260700870337777,0.13059895361830726,0.2789920496343315
2017-08-17,2017,480,48,0.04791666666666667,0.16666666666666666,0.03359388852166445,0.11863721336461087,0.1367853953919797,0.319624995988666
2017-08-18,2017,480,48,0.04791666666666667,0.14583333333333334,0.025444825093429855,0.06914896203249783,0.08649603338414465,0.18331454843864747
2017-08-21,2017,482,49,0.05186721991701245,0.16326530612244897,0.015750835775278308,0.052631493202691296,0.06979177223254603,0.17939589987944518
2017-08-22,2017,486,49,0.05555555555555555,0.16326530612244897,0.01450641454408604,0.027829417558922133,0.044405794301514555,0.11632548283178479
2017-08-23,2017,488,49,0.04918032786885246,0.14285714285714285,0.012296570489980164,-0.004898133706976023,0.011077230981569687,0.04945138388284881
2017-08-24,2017,485,49,0.04536082474226804,0.10204081632653061,0.01427723035761071,0.001114482742244499,0.017127276426199194,0.05822803117818792
2017-08-25,2017,490,49,0.044897959183673466,0.12244897959183673,0.011902271703024776,-0.004292664480673599,0.01141140181689165,-0.019251413206623533
2017-08-28,2017,486,49,0.037037037037037035,0.061224489795918366,-0.007080126462912276,-0.05073159402302601,-0.0358099016413882,-0.12979684937470706
2017-08-29,2017,487,49,0.03490759753593429,0.10204081632653061,-0.008455377287764018,-0.0707786893366769,-0.0563793133089188,-0.2367908561245715
2017-08-30,2017,492,50,0.036585365853658534,0.1,-0.001936029902131618,-0.04709832215063099,-0.032336899738139795,-0.1504050338257994
2017-08-31,2017,495,50,0.03636363636363636,0.08,-0.002251829542131996,-0.031790341525034196,-0.016804622979894646,-0.1113286147189692
2017-09-01,2017,494,50,0.03441295546558704,0.08,-0.008087019584614375,-0.06156874773683832,-0.047001494652649516,-0.1979096420206425
2017-09-04,2017,487,49,0.03285420944558522,0.061224489795918366,-0.005792470958152604,-0.03466719104075588,-0.0195638537757841,-0.15937652125689178
2017-09-05,2017,489,49,0.03067484662576687,0.061224489795918366,-0.003423227342457407,-0.016552332266488813,-0.0010635698045081755,-0.10026366878896249
2017-09-06,2017,499,50,0.036072144288577156,0.1,-0.0037283866034878883,-0.007673539362760215,0.00793812754415481,-0.13979910307766347
2017-09-07,2017,494,50,0.030364372469635626,0.1,-0.0006538667211601555,0.012502197915856194,0.028580659199954964,-0.031863595283715754
2017-09-08,2017,493,50,0.030425963488843813,0.08,-0.0063142725007083594,-0.020004674907195152,-0.004559966008921185,-0.14107512708087852
2017-09-11,2017,499,50,0.026052104208416832,0.06,-0.028304794980156662,-0.04498877257944638,-0.029635904535004743,-0.21036593153988922
2017-09-12,2017,499,50,0.03406813627254509,0.12,-0.0321531804023181,-0.03777250455356547,-0.02214032750672125,-0.15667187041142044
2017-09-13,2017,502,51,0.03386454183266932,0.11764705882352941,-0.030855052494033346,-0.027603263560944582,-0.011719296072056828,-0.13789568040068542
2017-09-14,2017,501,51,0.023952095808383235,0.09803921568627451,-0.035437932342062,-0.027586403469229557,-0.01162472714874645,-0.0975032598962779
2017-09-15,2017,504,51,0.023809523809523808,0.058823529411764705,-0.038250142232346546,-0.030078907943077913,-0.014294653689581117,-0.13455439026182858
2017-09-18,2017,511,52,0.029354207436399216,0.11538461538461539,-0.04160182745026654,-0.024492508828069748,-0.008629737724597315,-0.1230909637376595
2017-09-19,2017,505,51,0.02574257425742574,0.11764705882352941,-0.03932469178965942,-0.01306349431925776,0.003178016691500664,-0.030956834984362865
2017-09-20,2017,505,51,0.02178217821782178,0.0784313725490196,-0.03603732569351447,-0.020023657644160652,-0.003871374165433823,-0.05370588020851558
2017-09-21,2017,511,52,0.021526418786692758,0.057692307692307696,-0.03175507635224088,-0.016308349090541765,-0.00021603443380498294,-0.059882446387179045
2017-09-22,2017,504,51,0.023809523809523808,0.09803921568627451,-0.026547824212197556,-0.004677226120247978,0.011791967528111527,0.020944825554146583
2017-09-25,2017,503,51,0.0437375745526839,0.19607843137254902,-0.015770946663171918,0.018752614524348746,0.035740013480136244,0.13251365154188816
2017-09-26,2017,503,51,0.055666003976143144,0.23529411764705882,-0.007744789285109394,0.046787538699396905,0.06424466017828079,0.21758116623238039
2017-09-27,2017,495,50,0.046464646464646465,0.16,-0.030741955816386207,-0.015378987190987143,0.0010632424799438512,0.038395071411599736
2017-09-28,2017,490,49,0.04285714285714286,0.16326530612244897,-0.041908552176845464,-0.025371277807377017,-0.008897393635529754,0.013263775567479937
2017-09-29,2017,485,49,0.04536082474226804,0.1836734693877551,-0.028902175021359996,-0.0028854085037560684,0.013882643019112484,0.11194001199331531
2017-09-30,2017,481,49,0.04158004158004158,0.14285714285714285,-0.02980777024027246,-0.025033573071500864,-0.008690976927760288,0.04291718339594169
2017-10-02,2017,484,49,0.03305785123966942,0.08163265306122448,-0.03312144714074594,-0.0530624120662049,-0.037288263114684965,-0.027767476818210745
2017-10-03,2017,483,49,0.039337474120082816,0.14285714285714285,-0.031123057512976574,-0.05360729909571475,-0.03785127643403524,-0.07417942251398615
2017-10-05,2017,483,49,0.041407867494824016,0.1836734693877551,-0.03390844498727523,-0.0363875317685334,-0.020448450148072603,-0.10415905316399655
2017-10-06,2017,483,49,0.045548654244306416,0.1836734693877551,-0.032773099258412985,-0.022826753788760125,-0.006653784016403424,-0.06744327924277334
2017-10-11,2017,484,49,0.045454545454545456,0.16326530612244897,-0.009491006980926685,0.0022792217419547157,0.018568820399099677,-0.011066675899398215
2017-10-12,2017,483,49,0.051759834368530024,0.20408163265306123,-0.014916469694942546,-0.03111198236445961,-0.015538322547177463,-0.12281525527589288
2017-10-13,2017,483,49,0.041407867494824016,0.14285714285714285,-0.018579435954137514,-0.028362867414642525,-0.01273585469187389,-0.1418211595058368
2017-10-16,2017,484,49,0.03305785123966942,0.12244897959183673,-0.026520172606122595,-0.044528199710482205,-0.02930195468163242,-0.2518344471601143
2017-10-17,2017,481,49,0.0395010395010395,0.14285714285714285,-0.01848691053300029,-0.025695646639669435,-0.010243620502807336,-0.21444864091099688
2017-10-18,2017,479,48,0.037578288100208766,0.125,-0.009100926039900245,-0.004663743863502069,0.010982792642172744,-0.1962352088864292
2017-10-19,2017,472,48,0.036016949152542374,0.125,-0.016303737221612963,-0.016811204407115723,-0.0012461483390577264,-0.21939109468426699
2017-10-20,2017,479,48,0.03549060542797495,0.10416666666666667,-0.024136911422826958,-0.01670299872822233,-0.001050748444486542,-0.22191147161907404
2017-10-23,2017,480,48,0.03333333333333333,0.08333333333333333,-0.023674229785740793,-0.027079310451979217,-0.011621461334821795,-0.24761662583492738
2017-10-24,2017,477,48,0.029350104821802937,0.10416666666666667,-0.03254460034211527,-0.027483108307407994,-0.011851795578015148,-0.24853064577284767
2017-10-25,2017,475,48,0.035789473684210524,0.14583333333333334,-0.031788206886028264,-0.02077418781603798,-0.004930999686105044,-0.1945352912081354
2017-10-26,2017,469,47,0.03411513859275053,0.10638297872340426,-0.028428791350497563,-0.02606741456670827,-0.010328140712224427,-0.19606756317599192
2017-10-27,2017,474,48,0.04008438818565401,0.08333333333333333,-0.007649170488375236,-0.010948993617267375,0.004870683273437516,-0.09139913771368771
2017-10-30,2017,476,48,0.05042016806722689,0.14583333333333334,0.00662416976631841,0.009646706524404783,0.02562636687100749,-0.07440414472606309
2017-10-31,2017,477,48,0.039832285115303984,0.10416666666666667,0.005697856803275882,0.0007039376789692529,0.01637273851041721,-0.15205883614713656
2017-11-01,2017,481,49,0.0395010395010395,0.08163265306122448,0.0030760026253741305,0.011120056470909351,0.02704790542923747,-0.12965643888306916
2017-11-02,2017,481,49,0.035343035343035345,0.08163265306122448,0.012979689307297135,0.021578512331766792,0.03740069188037056,-0.13310968880184562
2017-11-03,2017,480,48,0.041666666666666664,0.10416666666666667,0.002385555765801177,-0.008009336286963466,0.007360125299512574,-0.2081573817680083
2017-11-06,2017,476,48,0.037815126050420166,0.125,0.00035448525052691164,-0.0024162263734173184,0.013135526220569503,-0.2194985297590703
2017-11-07,2017,477,48,0.033542976939203356,0.10416666666666667,-0.0016551669085822186,-0.022562351768828787,-0.00749119195945145,-0.29415448234303926
2017-11-08,2017,474,48,0.03164556962025317,0.08333333333333333,-0.0046050723904049505,-0.04717074188868391,-0.032710982722910724,-0.33299318892370267
2017-11-09,2017,474,48,0.0379746835443038,0.125,0.0001075523606801833,-0.022817239150979652,-0.007841393679161819,-0.2740368645108767
2017-11-10,2017,473,48,0.03382663847780127,0.08333333333333333,0.001656787380568002,-0.03561194747756829,-0.020831525151851143,-0.232870353190271
2017-11-13,2017,473,48,0.046511627906976744,0.10416666666666667,0.022225220712053403,0.019680566882361746,0.03544952729974685,-0.04955367396640225
2017-11-14,2017,478,48,0.04602510460251046,0.08333333333333333,0.024735007749646175,0.014969365165358043,0.030650309856113393,-0.06543413701980386
2017-11-15,2017,479,48,0.04801670146137787,0.125,0.024367860934894275,0.020314123294400636,0.036182787615453606,-0.09260565528496671
2017-11-16,2017,476,48,0.03991596638655462,0.10416666666666667,0.02006524320751237,0.006583812404153201,0.022190823183134072,-0.16386639614183884
2017-11-17,2017,476,48,0.031512605042016806,0.125,0.024524549428834256,0.024141554546623197,0.039887754618622186,-0.20281809493209677
2017-11-20,2017,478,48,0.03347280334728033,0.125,0.019304788818750637,0.0008288907291420511,0.016313022775783056,-0.17438805071963331
2017-11-21,2017,485,49,0.02268041237113402,0.061224489795918366,0.022989035984689352,-0.00096741509252841,0.014185797806544668,-0.2238738819878858
2017-11-22,2017,483,49,0.028985507246376812,0.061224489795918366,0.028739543858495583,0.009555825863276192,0.0249241887973754,-0.12791504521135968
2017-11-23,2017,487,49,0.02053388090349076,0.10204081632653061,0.0243041025706678,0.005403563541862458,0.020678327514345028,-0.19492332351877104
2017-11-24,2017,488,49,0.022540983606557378,0.10204081632653061,0.018331084574119888,-0.005768595875265935,0.009401734248464313,-0.22777416331794753
2017-11-27,2017,489,49,0.022494887525562373,0.10204081632653061,0.006989155755817854,-0.03419841370167703,-0.019235814586138957,-0.20555483432348964
2017-11-28,2017,490,49,0.02040816326530612,0.10204081632653061,-0.0022112379093360813,-0.04518987340488163,-0.030500232162358906,-0.27526787267293434
2017-11-29,2017,489,49,0.02044989775051125,0.08163265306122448,-0.0008849347917249973,-0.04530215962573459,-0.030445468290165364,-0.260140897521602
2017-11-30,2017,493,50,0.02434077079107505,0.08,-0.015193547192624791,-0.05035244469694491,-0.03525960024717354,-0.2675231393284147
2017-12-01,2017,492,50,0.028455284552845527,0.06,0.001062521069652785,-0.02375108373867279,-0.008242149099168095,-0.16833861181684767
2017-12-04,2017,497,50,0.018108651911468814,0.1,0.001602598886876068,-0.00606450728031984,0.00983353975275819,-0.1088044648838744
2017-12-05,2017,490,49,0.03469387755102041,0.16326530612244897,0.0031855407456110527,0.027539802882761512,0.044208724628026566,0.02578680760678561
2017-12-06,2017,490,49,0.053061224489795916,0.20408163265306123,0.011788393148090005,0.031812060982379146,0.04875868023565483,0.10770582999912465
2017-12-07,2017,491,50,0.05702647657841141,0.2,0.018880552326287846,0.03943086186508803,0.056487796362364284,0.10578863445683998
2017-12-08,2017,487,49,0.059548254620123205,0.1836734693877551,-0.00107941269322476,-0.0076358286641114315,0.00879832196738354,-0.035531499383862776
2017-12-11,2017,487,49,0.045174537987679675,0.16326530612244897,-0.011682700657219658,-0.024965396956606427,-0.008839124476859899,-0.1241811612038447
2017-12-12,2017,478,48,0.05230125523012552,0.1875,-0.012301557589097296,-0.02031669133584559,-0.004133820782161721,-0.10459318256520865
2017-12-13,2017,475,48,0.04842105263157895,0.20833333333333334,-0.01196302616926079,-0.01710380559140609,-0.0010292731313393557,-0.12673351193511342
2017-12-14,2017,476,48,0.052521008403361345,0.20833333333333334,-0.01030669480035834,0.020259914341703857,0.037048740285818095,-0.05495653247883914
2017-12-15,2017,471,48,0.05732484076433121,0.20833333333333334,-0.021299823006356904,0.0073550247996824235,0.024137083707216567,-0.0394104290316673
2017-12-18,2017,467,47,0.057815845824411134,0.19148936170212766,-0.021848802782446886,0.015830292456158725,0.03281673331531285,-0.03996835607004258
2017-12-19,2017,465,47,0.05591397849462366,0.23404255319148937,-0.022001187641672523,0.03340938669340837,0.05078934903919775,-0.033648390024811514
2017-12-20,2017,464,47,0.04741379310344827,0.2127659574468085,-0.0424290264474999,-0.010702230686886171,0.006136950633872145,-0.09625905164059392
2017-12-21,2017,465,47,0.043010752688172046,0.1702127659574468,-0.058916202296538635,-0.024059723668592034,-0.007202746806990042,-0.08926831094938548
2017-12-22,2017,464,47,0.04310344827586207,0.1702127659574468,-0.05975875188209454,-0.014115052531978018,0.0029521531905371532,-0.043165197131105566
2017-12-25,2017,466,47,0.03862660944206009,0.1276595744680851,-0.06737216278825205,-0.028591503788613776,-0.011718864742476989,-0.06048505298088962
2017-12-26,2017,464,47,0.05603448275862069,0.2553191489361702,-0.04781661352227936,0.006579425215670159,0.02397887782290407,0.04529865469063635
2017-12-27,2017,465,47,0.04946236559139785,0.23404255319148937,-0.05729431649111117,-0.02914154708489206,-0.012402273881777103,-0.08391108705003862
2017-12-28,2017,462,47,0.045454545454545456,0.2127659574468085,-0.058741979817515146,-0.027010834878613867,-0.010332954667617553,-0.1356966153258908
2017-12-29,2017,465,47,0.047311827956989246,0.23404255319148937,-0.058294383143912144,-0.010474058994164086,0.0064347586950524935,-0.10551299959617667
2018-01-02,2018,472,48,0.04025423728813559,0.16666666666666666,-0.056702814863776006,-0.03934852315968616,-0.02326364264045139,-0.15549398713134813
2018-01-03,2018,474,48,0.03375527426160337,0.1875,-0.05459807482506906,-0.03207651845138998,-0.01596584628278565,-0.16170685232815507
2018-01-04,2018,473,48,0.03171247357293869,0.14583333333333334,-0.06988082933909472,-0.06579342370767265,-0.05010389965453594,-0.2043993720893076
2018-01-05,2018,482,49,0.024896265560165973,0.08163265306122448,-0.06700347782192179,-0.07391703562212512,-0.05848578924493815,-0.19842687212778345
2018-01-08,2018,488,49,0.022540983606557378,0.08163265306122448,-0.05546440124544209,-0.0544301616684604,-0.03900014308692442,-0.1868058109577831
2018-01-09,2018,491,50,0.026476578411405296,0.1,-0.06397340374900709,-0.08724493385723439,-0.07310962980805676,-0.31913584184651367
2018-01-10,2018,492,50,0.024390243902439025,0.06,-0.06103498024981385,-0.07747460071870767,-0.06290354449025538,-0.21365003984676337
2018-01-11,2018,495,50,0.022222222222222223,0.06,-0.06804268660184425,-0.100531168540104,-0.08631956947031466,-0.32848063191535565
2018-01-12,2018,500,50,0.012,0.08,-0.05810313410230318,-0.08464575002267372,-0.07066791587852171,-0.3541673951696707
2018-01-15,2018,501,51,0.01996007984031936,0.09803921568627451,-0.05929741727233432,-0.08894963821500709,-0.07493280220598923,-0.35462451988453375
2018-01-16,2018,506,51,0.011857707509881422,0.058823529411764705,-0.054908018814132244,-0.06856543852137569,-0.0538740759837845,-0.2610209860624754
2018-01-17,2018,510,51,0.00784313725490196,0.058823529411764705,-0.040867085158313436,-0.04892973337790652,-0.034177331170476576,-0.2629022085685973
2018-01-18,2018,511,52,0.007827788649706457,0.038461538461538464,-0.026958604411466653,-0.0409282229426307,-0.026010934221224493,-0.1492293788974126
2018-01-19,2018,510,51,0.013725490196078431,0.0392156862745098,-0.014397580325246295,-0.025057668568641153,-0.009954362808697617,-0.12936665570628628
2018-01-22,2018,511,52,0.011741682974559686,0.038461538461538464,-0.009059178710965045,-0.03044704164368713,-0.015597670360090255,-0.16612692111162244
2018-01-23,2018,511,52,0.011741682974559686,0.057692307692307696,0.008590534179492343,0.00909933182885993,0.024477775995915777,-0.08360374386705925
2018-01-24,2018,514,52,0.009727626459143969,0.057692307692307696,-0.0023226240732650886,0.010869656001502399,0.026294579143050615,-0.12514725924276396
2018-01-25,2018,516,52,0.013565891472868217,0.07692307692307693,0.0007823068239856205,0.026205594062060987,0.04176578387908124,-0.06347566427962509
2018-01-26,2018,515,52,0.017475728155339806,0.09615384615384616,-0.011511671952170874,0.029262493869335063,0.04508924676638028,-0.06710639907468771
2018-01-29,2018,511,52,0.01761252446183953,0.09615384615384616,-0.00923989797313068,0.02475430438761415,0.040497406069289865,-0.07533641804604933
2018-01-30,2018,507,51,0.021696252465483234,0.09803921568627451,-0.00877757603087324,0.0367791055314353,0.05303982972690019,0.01893903495432379
2018-01-31,2018,504,51,0.01984126984126984,0.09803921568627451,-0.01431277142622542,0.0022521345863206776,0.017915070819179264,-0.0984267749930187
2018-02-01,2018,499,50,0.028056112224448898,0.14,-0.01940559097380614,0.005706514724562322,0.021651166535910312,-0.09059865990973347
2018-02-02,2018,499,50,0.022044088176352707,0.1,-0.015615339024763506,0.030441122478605146,0.04724927047630036,0.08603340533118364
2018-02-05,2018,485,49,0.024742268041237112,0.12244897959183673,-0.020108953718225134,0.035300492639418625,0.052532208621050513,0.0895644694272942
2018-02-06,2018,480,48,0.04583333333333333,0.20833333333333334,0.0020775661185110286,0.05897505064746738,0.07647294401031281,0.14635642949839192
2018-02-07,2018,480,48,0.035416666666666666,0.16666666666666666,-0.0008755282294539752,0.04045175842110368,0.057727869340428874,0.15529572547186293
2018-02-08,2018,480,48,0.03958333333333333,0.16666666666666666,0.027499795127765396,0.1163557546958135,0.1352687660507774,0.4109668444741513
2018-02-09,2018,475,48,0.05473684210526316,0.25,-0.0022870358520481206,0.0680050000531766,0.08593141212705717,0.180978140760243
2018-02-12,2018,476,48,0.058823529411764705,0.3125,0.009659304082955688,0.09043009967418227,0.10834209078125834,0.1867449526560551
2018-02-21,2018,479,48,0.04384133611691023,0.20833333333333334,-0.006296224016575896,0.04563347837426545,0.06275033585660071,0.07846942796269935
2018-02-22,2018,478,48,0.03765690376569038,0.16666666666666666,-0.02027090564891481,0.009441951379837407,0.025715657523255515,-0.13897500966077989
2018-02-23,2018,477,48,0.029350104821802937,0.14583333333333334,-0.016528666569886562,0.0167800352747236,0.032965801774364305,-0.17727528829620007
2018-02-26,2018,478,48,0.03138075313807531,0.125,-0.01657109357789651,0.028561634586816157,0.04506121765260898,-0.14209394616233173
2018-02-27,2018,474,48,0.027426160337552744,0.125,-0.011425690606415493,0.026638998040693283,0.04318735141973731,-0.15279178967276205
2018-03-01,2018,474,48,0.027426160337552744,0.10416666666666667,-0.021374562622192263,-0.0003557614142909056,0.015871004006148406,-0.16380699010783326
2018-03-02,2018,471,48,0.036093418259023353,0.14583333333333334,-0.03230972692899978,-0.026922355067000487,-0.011022473606474759,-0.2540918334170341
2018-03-05,2018,472,48,0.046610169491525424,0.16666666666666666,-0.01772949645367153,-0.005570111263185892,0.010580668588810052,-0.21862370077863025
2018-03-06,2018,473,48,0.042283298097251586,0.14583333333333334,-0.0018843164431873848,0.021142046624041497,0.03756308606649514,-0.19516155566140814
2018-03-07,2018,475,48,0.04842105263157895,0.20833333333333334,0.0067124367944058965,0.03339888984423736,0.04979160779420938,-0.19767879065022487
2018-03-08,2018,478,48,0.04811715481171548,0.1875,0.0032432972990980103,0.02898647707136694,0.04530016420843963,-0.22692501981187171
2018-03-09,2018,473,48,0.05496828752642706,0.22916666666666666,0.003033220570024831,0.0318187858516217,0.0481023937924309,-0.20875451286309332
2018-03-12,2018,478,48,0.058577405857740586,0.22916666666666666,0.012611416011845773,0.043018442495063036,0.05940714591511758,-0.1472759287347619
2018-03-13,2018,480,48,0.052083333333333336,0.20833333333333334,0.013465484936398665,0.0322500629884447,0.048400301468796515,-0.16486829120776658
2018-03-14,2018,482,49,0.056016597510373446,0.22448979591836735,0.007615713486397032,0.03114909280301661,0.04734687656640352,-0.1293627448852913
2018-03-15,2018,472,48,0.048728813559322036,0.16666666666666666,0.0003405730965110857,0.006677311647092249,0.022445846198235947,-0.1306297558482127
2018-03-16,2018,477,48,0.05241090146750524,0.1875,-0.004182341285427349,-0.00022163087625920683,0.015330164709355729,-0.18991594148560878
2018-03-19,2018,473,48,0.05496828752642706,0.16666666666666666,-0.0024777089282832466,-0.013762170934319242,0.0016957346117766104,-0.15107686937057674
2018-03-20,2018,467,47,0.05353319057815846,0.1276595744680851,-0.006336282108332536,-0.02724986446161684,-0.011919522865555865,-0.15764667922333345
2018-03-21,2018,473,48,0.0507399577167019,0.125,0.01189898556742772,-0.015151981842222854,-2.736225781202935e-05,-0.1745464520228571
2018-03-22,2018,471,48,0.05307855626326964,0.125,0.027430631242481664,0.014429868878644066,0.030274772560304364,-0.049030933245898314
2018-03-23,2018,472,48,0.05296610169491525,0.1875,0.0002556498093874356,-0.013123570422665405,0.002202763035458031,-0.17884450191991919
2018-03-26,2018,477,48,0.0440251572327044,0.14583333333333334,0.0020115019635951704,-0.024556837142922627,-0.009676675953813753,-0.21658408828475054
2018-03-27,2018,479,48,0.03966597077244259,0.10416666666666667,-0.008657147280273041,-0.048558664416792886,-0.03409196337189075,-0.2550143761577898
2018-03-28,2018,485,49,0.03711340206185567,0.10204081632653061,-0.013225957719337489,-0.04514179152318217,-0.030470857360763808,-0.2521036277648733
2018-03-29,2018,487,49,0.03285420944558522,0.12244897959183673,-0.013398034447238388,-0.05212734683189282,-0.03748784624836743,-0.24873843702555534
2018-03-30,2018,493,50,0.030425963488843813,0.12,-0.003921842563711155,-0.03518164366349889,-0.020424377746345944,-0.29752060032331723
2018-03-31,2018,496,50,0.034274193548387094,0.14,-0.003646990443734426,-0.044211550328728894,-0.02976263159739091,-0.3198840727621859
2018-04-02,2018,501,51,0.031936127744510975,0.11764705882352941,-0.018597898971573525,-0.058300407736522473,-0.04374720365443225,-0.29929562453565167
2018-04-03,2018,504,51,0.025793650793650792,0.11764705882352941,-0.0208015106913823,-0.07558579001730958,-0.06132439938036014,-0.3224567908811693
2018-04-09,2018,509,51,0.025540275049115914,0.058823529411764705,-0.02498728631372416,-0.10071093922843419,-0.08674440794406364,-0.3145320350856611
2018-04-10,2018,509,51,0.021611001964636542,0.058823529411764705,-0.020253775211683124,-0.0649071008794333,-0.05043177767624051,-0.24235451757628806
2018-04-11,2018,502,51,0.017928286852589643,0.058823529411764705,-0.015161289503739293,-0.049841805559973355,-0.035115181801748135,-0.2299960043600391
2018-04-12,2018,506,51,0.017786561264822136,0.09803921568627451,-0.0351621341007296,-0.06666725503225152,-0.05196026576675919,-0.255879468399813
2018-04-13,2018,505,51,0.02574257425742574,0.0784313725490196,-0.03785863740711958,-0.08090245146459181,-0.0662394056536459,-0.19507505363036892
2018-04-16,2018,510,51,0.021568627450980392,0.09803921568627451,-0.030258297033314747,-0.030707561468413885,-0.015358620781179772,-0.18027929006030496
2018-04-17,2018,505,51,0.031683168316831684,0.13725490196078433,-0.028531631876297824,-0.02668311579796168,-0.011094961009799384,-0.15555810653613142
2018-04-18,2018,507,51,0.01972386587771203,0.0784313725490196,-0.021725753900847532,-0.05916350506183207,-0.04426057061508423,-0.17977743906095203
2018-04-19,2018,510,51,0.029411764705882353,0.13725490196078433,-0.02947660541877479,-0.06347089047237998,-0.048510051818625124,-0.20108496718930075
2018-04-20,2018,506,51,0.03557312252964427,0.11764705882352941,-0.044264572638100415,-0.08276058341843893,-0.06773968000963436,-0.176454754691758
2018-04-23,2018,504,51,0.037698412698412696,0.11764705882352941,-0.03743239956474486,-0.07698547419094133,-0.0618606799467302,-0.12085158378741209
2018-04-24,2018,500,50,0.05,0.12,-0.010561593212837637,-0.019164838529349904,-0.0030623010769618374,0.037244405871489236
2018-04-25,2018,503,51,0.0536779324055666,0.1568627450980392,-0.018621462268887133,-0.03477005210279371,-0.018969502550212264,-0.03854638578247575
2018-04-26,2018,503,51,0.05964214711729622,0.21568627450980393,-0.007268497970407726,-0.0016344053151017214,0.014776622077737087,0.054842267638038074
2018-04-27,2018,503,51,0.04970178926441352,0.13725490196078433,-0.008057404917650593,-0.005157555952775859,0.011257077463643007,0.025334670344154323
2018-04-30,2018,505,51,0.0594059405940594,0.17647058823529413,-0.00660781628240406,-0.002216736688033619,0.014092580718825782,0.0015545190231860484
2018-05-02,2018,502,51,0.05976095617529881,0.17647058823529413,-1.4195713659412599e-05,0.05101016813513455,0.06808388310013354,0.0852767644217524
2018-05-03,2018,501,51,0.059880239520958084,0.17647058823529413,-0.002115619310910098,0.034541449664883296,0.05152662394573272,0.10333470071961325
2018-05-04,2018,497,50,0.06639839034205232,0.22,0.007060532516437342,0.05071795640077727,0.06788599155027125,0.1553884095640005
2018-05-07,2018,490,49,0.06326530612244897,0.20408163265306123,0.00018839331776725839,0.050120924713088495,0.06755167512115191,0.17796844745017923
2018-05-08,2018,487,49,0.07597535934291581,0.30612244897959184,0.004099262894498133,0.06392745831994438,0.08143420714327665,0.1990204633000054
2018-05-09,2018,481,49,0.06860706860706861,0.2857142857142857,0.010323230590427016,0.059791768632179235,0.07724788242649878,0.17878340914739885
2018-05-10,2018,480,48,0.06041666666666667,0.22916666666666666,0.01128545763384983,0.05759598815175913,0.07496518503098389,0.18281079778992093
2018-05-11,2018,479,48,0.06471816283924843,0.2708333333333333,0.03057303257839071,0.07751793854719469,0.09484961303871502,0.1809971094814365
2018-05-14,2018,483,49,0.060041407867494824,0.24489795918367346,0.03371149004778606,0.0931663265790822,0.1106991611151054,0.14337496336133962
2018-05-15,2018,480,48,0.06666666666666667,0.22916666666666666,0.032296384751731244,0.10271929120784158,0.12055267066023863,0.13371455620789238
2018-05-16,2018,476,48,0.07563025210084033,0.25,0.025534104278994812,0.10993222842935113,0.12787965159986958,0.13561730470652908
2018-05-17,2018,473,48,0.07822410147991543,0.3125,0.030706787281696447,0.13409678953775947,0.15233395072043174,0.19251024723868687
2018-05-18,2018,478,48,0.0794979079497908,0.2916666666666667,0.027015425371252712,0.12495625896292499,0.1430866786298694,0.1905234604738248
2018-05-21,2018,478,48,0.07322175732217573,0.2916666666666667,0.0319704978552767,0.13698214724493482,0.15492265359671084,0.14435263542278487
2018-05-22,2018,472,48,0.07203389830508475,0.2708333333333333,0.013863186839313642,0.06853965402199656,0.08554251702152277,0.05256696965414747
2018-05-23,2018,469,47,0.07249466950959488,0.2765957446808511,0.016713389745757413,0.06884263966632732,0.0859087682658984,0.05822474066267143
2018-05-24,2018,472,48,0.059322033898305086,0.22916666666666666,0.005878925870664826,0.03192580194049576,0.048343046168525805,-0.029477409890339232
2018-05-25,2018,469,47,0.06183368869936034,0.2553191489361702,0.003975798760956583,0.009617880899910716,0.025532885957433908,-0.09889946622630855
2018-05-28,2018,465,47,0.060215053763440864,0.2765957446808511,-0.0012165298659997192,0.036912107798725384,0.05319576435887121,-0.11178939312329232
2018-05-29,2018,469,47,0.06609808102345416,0.2978723404255319,0.001952389907403802,0.03728964992283673,0.05367466460475778,-0.0444461634383487
2018-05-30,2018,471,48,0.05732484076433121,0.20833333333333334,-0.015686745491351805,-0.02580193999163892,-0.01037746257035844,-0.2010009281379612
2018-05-31,2018,474,48,0.06118143459915612,0.20833333333333334,-0.022956516053380737,-0.012375393412487607,0.003540684645089484,-0.12910239434882972
2018-06-01,2018,479,48,0.054279749478079335,0.1875,-0.022269347068420906,-0.0073569435868473835,0.0083641966980885,-0.16091087606543006
2018-06-04,2018,484,49,0.05165289256198347,0.22448979591836735,-0.035166792411135496,-0.02096939697785891,-0.005618895106720663,-0.20762075561407825
2018-06-05,2018,486,49,0.051440329218107,0.2653061224489796,-0.03821944928694921,-0.01568399769964093,-0.00019116544636583652,-0.24036338461707327
2018-06-06,2018,494,50,0.03643724696356275,0.22,-0.045063423193719296,-0.030563944928583036,-0.015593673380499823,-0.32732865214996637
2018-06-07,2018,499,50,0.036072144288577156,0.18,-0.04896510771349567,-0.04342840460390595,-0.028588279237285262,-0.294489605717459
2018-06-08,2018,496,50,0.036290322580645164,0.2,-0.06424351077679019,-0.08365183237904189,-0.0691099074208719,-0.32954692101127553
2018-06-11,2018,497,50,0.02414486921529175,0.14,-0.06592244926224539,-0.08464938656116615,-0.06997835516374047,-0.32189704301149513
2018-06-12,2018,501,51,0.02594810379241517,0.13725490196078433,-0.06270049988294976,-0.10249383606940732,-0.08829233284750554,-0.3738590993939359
2018-06-13,2018,505,51,0.01782178217821782,0.09803921568627451,-0.05923422161820948,-0.07565597403475506,-0.060850986022847595,-0.28524066692383526
2018-06-14,2018,504,51,0.017857142857142856,0.0784313725490196,-0.06930493536911851,-0.1022054800664419,-0.08751113611193333,-0.303394466149307
2018-06-15,2018,507,51,0.015779092702169626,0.0784313725490196,-0.06639714703805805,-0.11581761454118414,-0.10130918524908275,-0.3083259081472388
2018-06-19,2018,507,51,0.021696252465483234,0.0784313725490196,-0.06433264431593724,-0.14259438525692442,-0.1285119012940956,-0.33996504830760327
2018-06-20,2018,507,51,0.027613412228796843,0.09803921568627451,-0.05253408684043031,-0.1278144456291692,-0.11356827598155785,-0.3234553858657835
2018-06-21,2018,500,50,0.022,0.1,-0.06471584738728677,-0.13380411313148738,-0.11946311029899143,-0.3144299206460807
2018-06-22,2018,500,50,0.022,0.1,-0.08163354919926502,-0.1527517413682394,-0.13845689777249962,-0.29057579327699223
2018-06-25,2018,500,50,0.018,0.06,-0.08086845281734001,-0.12272058928553305,-0.10779473862811263,-0.2183377097518956
2018-06-26,2018,499,50,0.018036072144288578,0.06,-0.07809741317945837,-0.1381910899859994,-0.12349305508067909,-0.28123458513041
2018-06-27,2018,496,50,0.018145161290322582,0.04,-0.07680244152560821,-0.139809685540764,-0.12497961216233291,-0.21978267994532893
2018-06-28,2018,495,50,0.014141414141414142,0.0,-0.07416446306717213,-0.13688750701405442,-0.12201366808883281,-0.2747622069615991
2018-06-29,2018,497,50,0.01006036217303823,0.0,-0.07031997089515402,-0.12411055386354457,-0.10914524950422448,-0.30203080120833825
2018-07-02,2018,489,49,0.010224948875255624,0.0,-0.07427878460864264,-0.1431297152333238,-0.12845648156304554,-0.3268861069657454
2018-07-03,2018,486,49,0.01646090534979424,0.02040816326530612,-0.05409017749182848,-0.11082715612926025,-0.0956062045246232,-0.2084940333223839
2018-07-04,2018,486,49,0.012345679012345678,0.02040816326530612,-0.05433011433352641,-0.11939087002988201,-0.10425066234741803,-0.20575973137909953
2018-07-05,2018,484,49,0.022727272727272728,0.04081632653061224,-0.043261903421491305,-0.11084235112626305,-0.09575029088656506,-0.21037993440554595
2018-07-06,2018,482,49,0.022821576763485476,0.061224489795918366,-0.03626340206783568,-0.10727363237594445,-0.09212059262080442,-0.2013477698127668
2018-07-09,2018,477,48,0.023060796645702306,0.041666666666666664,-0.02887753011621063,-0.0849783500435607,-0.0696233388406536,-0.16274908373265368
2018-07-10,2018,469,47,0.021321961620469083,0.06382978723404255,-0.036693699350375676,-0.08843269303465912,-0.07297801653047746,-0.19206260025567748
2018-07-11,2018,470,47,0.019148936170212766,0.0425531914893617,-0.04509688404688492,-0.11586382155011103,-0.10069857244773102,-0.225282842518368
2018-07-12,2018,470,47,0.01276595744680851,0.02127659574468085,-0.04582435840901734,-0.12662008582948361,-0.11191381886441601,-0.30861024593236275
2018-07-13,2018,471,48,0.014861995753715499,0.041666666666666664,-0.05200089353997313,-0.1365717799273329,-0.12217192239801257,-0.38149389689983376
2018-07-16,2018,465,47,0.010752688172043012,0.0425531914893617,-0.06563959151371365,-0.17464125316362725,-0.16110034253543257,-0.47891660738923086
2018-07-17,2018,458,46,0.008733624454148471,0.043478260869565216,-0.06081784718895061,-0.159347658693352,-0.1455048924784039,-0.4345897440829671
2018-07-18,2018,451,46,0.011086474501108648,0.06521739130434782,-0.06347527163923342,-0.14282969502228654,-0.1288681954940738,-0.42247086742288775
2018-07-19,2018,449,45,0.011135857461024499,0.06666666666666667,-0.05113307012564249,-0.12249845269542191,-0.10837640769785573,-0.4050583843804236
2018-07-20,2018,445,45,0.008988764044943821,0.044444444444444446,-0.035693290948122534,-0.10518392792832658,-0.09100327318159958,-0.3860872815701118
2018-07-23,2018,441,45,0.011337868480725623,0.044444444444444446,-0.037305553872981845,-0.1125642911831428,-0.098473001801792,-0.3580175279963701
2018-07-24,2018,442,45,0.013574660633484163,0.044444444444444446,-0.049359182166532733,-0.12273629777613085,-0.10861787339069139,-0.38119981453251556
2018-07-25,2018,438,44,0.01141552511415525,0.022727272727272728,-0.04665883386237633,-0.12694301507062025,-0.11300579211473898,-0.38795114926667695
2018-07-26,2018,440,44,0.00909090909090909,0.022727272727272728,-0.04815157150501544,-0.14363224417142365,-0.12995233403311593,-0.39770197895241705
2018-07-27,2018,437,44,0.011441647597254004,0.022727272727272728,-0.05131345539163177,-0.1467214934719301,-0.13324021381145268,-0.43071866081096466
2018-07-30,2018,431,44,0.01160092807424594,0.022727272727272728,-0.0425604032322094,-0.09096862651408234,-0.07640002191295983,-0.3320834607337062
2018-07-31,2018,433,44,0.009237875288683603,0.022727272727272728,-0.049993661650300385,-0.10171807558340068,-0.0872749234569012,-0.37911899000621
2018-08-01,2018,431,44,0.009280742459396751,0.022727272727272728,-0.05528792688323079,-0.09480187491135732,-0.08011849545754829,-0.34430006557386716
2018-08-02,2018,428,43,0.011682242990654205,0.023255813953488372,-0.057784626067389225,-0.0954415928392385,-0.080579507810894,-0.2804146628827715
2018-08-03,2018,429,43,0.013986013986013986,0.023255813953488372,-0.048993133927026325,-0.06879504100611074,-0.05364784831217802,-0.28466786403501304
2018-08-06,2018,438,44,0.0182648401826484,0.022727272727272728,-0.05478444250908306,-0.09618849449435461,-0.08160089457957084,-0.3937624176352349
2018-08-07,2018,443,45,0.013544018058690745,0.022222222222222223,-0.05631149172695768,-0.08545223229749507,-0.07060933394662046,-0.3344645332190767
2018-08-08,2018,440,44,0.013636363636363636,0.022727272727272728,-0.055231506516500065,-0.07658068537088672,-0.061652449540159825,-0.31812274624047676
2018-08-09,2018,441,45,0.013605442176870748,0.022222222222222223,-0.054786967556254194,-0.08140905955477479,-0.0665758795053126,-0.300536071915965
2018-08-10,2018,443,45,0.013544018058690745,0.022222222222222223,-0.0715059159432433,-0.10233278679174415,-0.08772956499509268,-0.3294187774250092
2018-08-13,2018,442,45,0.020361990950226245,0.044444444444444446,-0.07871880271739398,-0.1184999781190608,-0.10410588988672637,-0.3850749325967709
2018-08-14,2018,445,45,0.017977528089887642,0.022222222222222223,-0.07078410336561662,-0.11919921209383477,-0.10490178881627127,-0.4142004767623024
2018-08-15,2018,448,45,0.022321428571428572,0.06666666666666667,-0.07101612235834201,-0.10776869359795979,-0.09306446535748324,-0.40583703677802774
2018-08-16,2018,445,45,0.02247191011235955,0.0,-0.05886850520787894,-0.13261315644661995,-0.1185572961000363,-0.4987991747269295
2018-08-17,2018,442,45,0.02262443438914027,0.022222222222222223,-0.05870810833899199,-0.09882928805459466,-0.08392842372924332,-0.38487627999551816
2018-08-20,2018,444,45,0.02252252252252252,0.022222222222222223,-0.048762501254883,-0.08046723160594667,-0.06539668742248564,-0.35336451835336213
2018-08-21,2018,442,45,0.020361990950226245,0.044444444444444446,-0.04981192486016992,-0.09505133198006871,-0.0804533389496644,-0.42471932675250973
2018-08-22,2018,449,45,0.017817371937639197,0.06666666666666667,-0.053898639403428525,-0.10032624118910732,-0.08569019610364126,-0.42036715524697577
2018-08-23,2018,448,45,0.013392857142857142,0.044444444444444446,-0.05779874929691797,-0.10483412267156918,-0.09035536434347245,-0.4506283188660505
2018-08-24,2018,445,45,0.017977528089887642,0.06666666666666667,-0.05481135071823298,-0.0901881149760466,-0.07529657638309166,-0.37047514337301557
2018-08-27,2018,444,45,0.015765765765765764,0.044444444444444446,-0.05404696020336457,-0.09717307827369763,-0.08252723061999827,-0.40164257114919
2018-08-28,2018,444,45,0.02252252252252252,0.06666666666666667,-0.048299344661533794,-0.09320475655757268,-0.07862614677423234,-0.38635625560328263
2018-08-29,2018,446,45,0.020179372197309416,0.06666666666666667,-0.04626474967433412,-0.09387722498712094,-0.07947450273158457,-0.40697789746496943
2018-08-30,2018,444,45,0.02027027027027027,0.08888888888888889,-0.04786288266947348,-0.09679489887933344,-0.08237526120188175,-0.3824589188959402
2018-08-31,2018,441,45,0.015873015873015872,0.06666666666666667,-0.050925480852450564,-0.10514959477172435,-0.09077159763159443,-0.38064693055338483
2018-09-03,2018,438,44,0.0091324200913242,0.0,-0.032571334676899405,-0.08970847967804436,-0.07529531139066366,-0.3472104422632623
2018-09-04,2018,432,44,0.011574074074074073,0.0,-0.04300526521616465,-0.11887020332052335,-0.10497799839265522,-0.41694881499757636
2018-09-05,2018,430,43,0.0069767441860465115,0.0,-0.033462339743936184,-0.09874503070446837,-0.08470609378390216,-0.41917798532720485
2018-09-06,2018,424,43,0.009433962264150943,0.0,-0.04640939148567817,-0.14113894226215393,-0.12791975597073899,-0.4772296613383514
2018-09-07,2018,423,43,0.014184397163120567,0.0,-0.022289822344832313,-0.11363250663089917,-0.10012816564150333,-0.438370968064346
2018-09-10,2018,413,42,0.01694915254237288,0.023809523809523808,-0.018448717055766214,-0.11527276682513443,-0.10163228590575626,-0.43806956765191657
2018-09-11,2018,414,42,0.01932367149758454,0.047619047619047616,-0.025515743682071008,-0.13000086392806723,-0.11766705363300176,-0.5689940241002085
2018-09-12,2018,413,42,0.01937046004842615,0.07142857142857142,-0.0366411601718628,-0.11745339834404088,-0.10441689568179494,-0.5352635772390183
2018-09-13,2018,412,42,0.019417475728155338,0.047619047619047616,-0.038383057004216826,-0.11059861959485355,-0.09760229990247303,-0.47385001171961094
2018-09-14,2018,417,42,0.016786570743405275,0.023809523809523808,-0.034827609442008564,-0.11933599288420234,-0.10658887659389042,-0.5030157716260836
2018-09-17,2018,414,42,0.016908212560386472,0.023809523809523808,-0.04124798063322887,-0.11593601143086066,-0.10296179076683844,-0.4715504564294439
2018-09-18,2018,412,42,0.014563106796116505,0.023809523809523808,-0.039682727171146036,-0.10546013607721504,-0.09239959547988094,-0.43369768197255826
2018-09-19,2018,413,42,0.014527845036319613,0.023809523809523808,-0.04178230643347512,-0.11014150970460604,-0.09723894092347504,-0.3894257647969076
2018-09-20,2018,405,41,0.009876543209876543,0.024390243902439025,-0.02702075136020356,-0.06992718207152965,-0.05636630691609969,-0.3318632684286491
2018-09-21,2018,405,41,0.007407407407407408,0.0,-0.028743754461523465,-0.0906484748863538,-0.07775409471147496,-0.3967687834647863
2018-09-25,2018,410,41,0.004878048780487805,0.0,-0.030076298537598575,-0.06958766201166335,-0.05646226513781701,-0.38066966635079585
2018-09-26,2018,409,41,0.007334963325183374,0.0,-0.039888196862088145,-0.10988831792035714,-0.09770853380037231,-0.4536195991903828
2018-09-27,2018,405,41,0.0024691358024691358,0.0,-0.04018231693416993,-0.11937575399779005,-0.10748558959951758,-0.4905607531039164
2018-09-28,2018,406,41,0.0024630541871921183,0.0,-0.049126499492545606,-0.11860398930259675,-0.10656565201375955,-0.49944427185806495
2018-10-01,2018,408,41,0.0,0.0,-0.05558862438261508,-0.13707300945029155,-0.12534915933400365,-0.5143554246819024
2018-10-02,2018,401,41,0.0,0.0,-0.05718697299582013,-0.11381126072245466,-0.1012242860905086,-0.4419258031193385
2018-10-03,2018,400,40,0.0025,0.0,-0.046092094713282815,-0.05466856520830492,-0.04091879352714174,-0.3022766871715251
2018-10-04,2018,401,41,0.0024937655860349127,0.0,-0.04191029415418711,-0.04652952341615763,-0.03239467947952904,-0.25911892462118374
2018-10-05,2018,400,40,0.0025,0.0,-0.028439290928721127,-0.02288407268454953,-0.008170311536265592,-0.146113295057155
2018-10-08,2018,403,41,0.004962779156327543,0.0,-0.037910506270950044,-0.04848196473145909,-0.034243670516492165,-0.2384081117641041
2018-10-09,2018,397,40,0.010075566750629723,0.05,0.012775702270447706,0.06525705798441876,0.08193649580845848,0.2336691760657755
2018-10-11,2018,397,40,0.0327455919395466,0.175,0.008770093564532492,0.029652867384704573,0.04634877623553414,0.1709065407041766
2018-10-12,2018,401,41,0.014962593516209476,0.04878048780487805,0.00697531308554001,0.02160192776341536,0.03759072488741595,0.0952275583198445
2018-10-15,2018,400,40,0.015,0.075,-0.005775144832389634,-0.01869462688668685,-0.0032105040700824844,-0.028636867822777103
2018-10-16,2018,400,40,0.0125,0.05,0.006127953397887152,-0.009708293837752475,0.005456183409848564,-0.09687009288673507
2018-10-17,2018,403,41,0.01240694789081886,0.024390243902439025,0.00696396457307487,-0.010849399202222252,0.004530170595415909,-0.06328399168769712
2018-10-18,2018,406,41,0.014778325123152709,0.024390243902439025,0.004849269439864857,0.009119505738311884,0.025127942275698287,0.003786501865883961
2018-10-19,2018,409,41,0.012224938875305624,0.024390243902439025,0.01768970857687654,0.008469479450192318,0.024304540447596126,-0.011584050401125324
2018-10-22,2018,409,41,0.009779951100244499,0.024390243902439025,0.019833102425499093,0.02203116421441312,0.03808209859608621,0.009873090334629865
2018-10-23,2018,402,41,0.022388059701492536,0.07317073170731707,0.03341813269322475,0.029889524628479932,0.045982785705362184,0.059109995155370174
2018-10-24,2018,404,41,0.019801980198019802,0.07317073170731707,0.04230118092168123,0.048197755660673545,0.0650593824401422,0.2659709007641923
2018-10-25,2018,396,40,0.06313131313131314,0.2,0.041496234284101714,0.04557849312145399,0.062156119018896096,0.20433809851950974
2018-10-26,2018,402,41,0.07960199004975124,0.24390243902439024,0.04658953894103073,0.06350471350186228,0.08039978927382847,0.25520400764708046
2018-10-29,2018,402,41,0.07462686567164178,0.1951219512195122,0.05818316235916223,0.09232434612748297,0.10985929786232154,0.3527236292774063
2018-10-30,2018,399,40,0.09273182957393483,0.3,0.06890813044627217,0.1249664781173366,0.14283463657814519,0.38038753549468607
2018-10-31,2018,404,41,0.054455445544554455,0.14634146341463414,0.06807181524693694,0.1269045412838762,0.1447233893128487,0.3771879654456564
2018-11-01,2018,403,41,0.03225806451612903,0.04878048780487805,0.05145396266492864,0.05943111659592873,0.07609119192796263,0.2697456655857165
2018-11-02,2018,400,40,0.035,0.075,0.058479027099663045,0.09768137632291585,0.11495183650604072,0.3602948793706426
2018-11-05,2018,394,40,0.050761421319796954,0.1,0.05942878078997406,0.11229429224739795,0.13014597642889153,0.47681560624634856
2018-11-06,2018,390,39,0.08461538461538462,0.28205128205128205,0.07327861134624192,0.15694730322122638,0.17545168281632384,0.5457143413460996
2018-11-07,2018,390,39,0.05128205128205128,0.15384615384615385,0.06003763600068935,0.09606348447435738,0.1130794912073437,0.36085045073922495
2018-11-08,2018,372,38,0.07258064516129033,0.2631578947368421,0.05252736503904179,0.06294763603169949,0.07924682394102188,0.3072743645324698
2018-11-09,2018,367,37,0.05994550408719346,0.24324324324324326,0.06251351242047837,0.1001944241960057,0.11730849348928787,0.3641603945227487
2018-11-12,2018,362,37,0.0718232044198895,0.35135135135135137,0.059930913074350806,0.109114977586744,0.12648766018200208,0.41179884492677776
2018-11-13,2018,365,37,0.06027397260273973,0.32432432432432434,0.045973686510748284,0.07548131136262193,0.09221796620012179,0.2760929337730671
2018-11-14,2018,368,37,0.07065217391304347,0.35135135135135137,0.04660528766904529,0.10303454755179445,0.12039875371748754,0.3837228817634523
2018-11-15,2018,371,38,0.0646900269541779,0.23684210526315788,0.04697605503543091,0.08306086194744432,0.10003555560230493,0.3129762076815783
2018-11-16,2018,368,37,0.057065217391304345,0.24324324324324326,0.03860880242574185,0.07970346336882218,0.09661016225970002,0.27978580869754
2018-11-19,2018,367,37,0.03814713896457766,0.16216216216216217,0.02009455612299184,0.058898105528784904,0.07573076342891646,0.2472591478571175
2018-11-20,2018,365,37,0.043835616438356165,0.1891891891891892,0.009908970083681327,0.03538659304042281,0.051937566475556717,0.18636694683142851
2018-11-21,2018,366,37,0.03551912568306011,0.10810810810810811,-0.0007597128569756181,-0.0019150086492186536,0.013997675877987774,0.05068953627366421
2018-11-22,2018,359,36,0.036211699164345405,0.16666666666666666,-0.00031931575233465803,0.0001767164137931506,0.016027590873992085,0.012451451987511205
2018-11-23,2018,358,36,0.061452513966480445,0.3333333333333333,0.01090952694287047,0.03236298821417968,0.048718201313711934,0.14842836249663754
2018-11-26,2018,358,36,0.03910614525139665,0.1388888888888889,0.007811458761191119,0.011021153622287406,0.026951119394661632,0.010391054285775398
2018-11-27,2018,359,36,0.025069637883008356,0.1111111111111111,0.007107858173837434,-0.0018829847393399422,0.013767840928457111,-0.037720130924407236
2018-11-28,2018,361,37,0.01662049861495845,0.05405405405405406,0.00267833328921987,-0.01916332455858985,-0.00429698626478767,-0.1695229641419629
2018-11-29,2018,362,37,0.013812154696132596,0.02702702702702703,-0.005446738823565157,-0.050650796743101606,-0.03623093951260603,-0.24190182944883806
2018-11-30,2018,367,37,0.013623978201634877,0.02702702702702703,-0.023811074941024545,-0.09509037396493027,-0.08120005222729412,-0.32184842971512545
2018-12-03,2018,374,38,0.0053475935828877,0.0,-0.029473135606327243,-0.1028660785036618,-0.08913602006923278,-0.4186583518305744
2018-12-04,2018,377,38,0.007957559681697613,0.0,-0.013135144488594305,-0.06552044862436045,-0.05121486833598941,-0.2584603959475894
2018-12-05,2018,377,38,0.007957559681697613,0.0,-0.02816554427570368,-0.0906714088943466,-0.07666238380208655,-0.3316713652370292
2018-12-06,2018,378,38,0.018518518518518517,0.0,-0.001219345429928871,-0.054978442142491535,-0.04059089757534663,-0.2641128915791693
2018-12-07,2018,379,38,0.013192612137203167,0.0,-0.013965189196441309,-0.044069557877359646,-0.028906727815196993,-0.14679657234186302
2018-12-10,2018,379,38,0.010554089709762533,0.0,-0.00927795926434848,-0.04170154039536631,-0.026565227211945385,-0.1788356607315577
2018-12-11,2018,381,39,0.007874015748031496,0.0,-0.011673721243109232,-0.0542820663918339,-0.03930182305927583,-0.26566843736290413
2018-12-12,2018,378,38,0.007936507936507936,0.0,-0.01322078495521988,-0.061017611972715956,-0.046301382753005334,-0.3271220131378443
2018-12-13,2018,384,39,0.005208333333333333,0.0,-0.02854061455085391,-0.049722224138452197,-0.03459500773672067,-0.26802033038767664
2018-12-14,2018,386,39,0.007772020725388601,0.0,-0.024610769348786053,-0.050677045979376674,-0.03557607790465896,-0.2653482968368573
2018-12-17,2018,383,39,0.010443864229765013,0.0,-0.01610390912936433,-0.035853479287063054,-0.020409541449670072,-0.19204787227794248
2018-12-18,2018,384,39,0.015625,0.02564102564102564,-0.01161213130502021,-0.023941838198505472,-0.008328661704488692,-0.10859355760807562
2018-12-19,2018,390,39,0.015384615384615385,0.02564102564102564,-0.009906643124255925,-0.01150888786587093,0.004409672461027329,-0.05353226323697464
2018-12-20,2018,386,39,0.015544041450777202,0.07692307692307693,0.005879333874263371,0.025775476404548,0.04238609280589674,0.12583195410034234
2018-12-21,2018,382,39,0.013089005235602094,0.02564102564102564,-0.004540850243257264,0.000871833837887473,0.0172234597575522,0.025035980577431394
2018-12-22,2018,388,39,0.015463917525773196,0.05128205128205128,-0.015412088203070228,-0.016103347982220247,-5.610324374547218e-05,-0.1291471663754075
2018-12-24,2018,387,39,0.012919896640826873,0.02564102564102564,-0.0074653608834537805,-0.006693963225040928,0.009579822622245314,-0.057241839364512194
2018-12-25,2018,382,39,0.013089005235602094,0.0,-0.014257277382777296,-0.024539899832315307,-0.008440232695943713,-0.1249310916922162
2018-12-26,2018,375,38,0.02666666666666667,0.05263157894736842,-0.011823678742118683,-0.0013401840929548354,0.015163268294661525,-0.030970795903237144
2018-12-27,2018,369,37,0.013550135501355014,0.02702702702702703,-0.0006508690657468583,0.012899343807540258,0.02959732567337578,0.05501290627294211
2018-12-28,2018,371,38,0.013477088948787063,0.02631578947368421,0.005079307971177266,0.012536123998954318,0.028923996949161267,0.0031241720015961713
2019-01-02,2019,369,37,0.013550135501355014,0.02702702702702703,-0.0046754605891056,0.009792294965187754,0.026552461582262845,0.0782367655070493
2019-01-03,2019,361,37,0.04155124653739612,0.05405405405405406,-0.0023781324471009164,0.03514328319404567,0.052717872849317,0.2807038665625723
2019-01-04,2019,353,36,0.0679886685552408,0.19444444444444445,-0.004075618242923033,0.03830889201907087,0.05587264091631314,0.22027556970106937
2019-01-07,2019,359,36,0.055710306406685235,0.1388888888888889,0.0029915435306977767,0.046275061252734395,0.06379564685364938,0.22989578956650744
2019-01-08,2019,360,36,0.058333333333333334,0.1111111111111111,0.004679793258186048,0.02803898552581148,0.04525773013937895,0.22945470258258166
2019-01-09,2019,363,37,0.05509641873278237,0.08108108108108109,0.007114716826121496,0.03225410601456028,0.049305590055360456,0.23598301723283152
2019-01-10,2019,362,37,0.06629834254143646,0.05405405405405406,0.012712139710366142,0.025300245188646497,0.04226209073191663,0.2484171878728261
2019-01-11,2019,360,36,0.07222222222222222,0.1111111111111111,0.02867576384236226,0.03665582239497697,0.053733507984537125,0.3045522666425073
2019-01-14,2019,356,36,0.06179775280898876,0.1388888888888889,0.017959827845811297,0.041077434815179205,0.05850035660764444,0.31567452509831573
2019-01-15,2019,356,36,0.047752808988764044,0.08333333333333333,0.0101533472628319,0.025590328054749582,0.04279609789034067,0.27435666705830997
2019-01-16,2019,360,36,0.05277777777777778,0.1111111111111111,0.0023280966396110204,0.010842859966549441,0.02779129589519806,0.21069716674035568
2019-01-17,2019,359,36,0.05013927576601671,0.1388888888888889,0.007960383882173789,0.04844739779230881,0.06608339843798658,0.3095701668638332
2019-01-18,2019,362,37,0.052486187845303865,0.10810810810810811,-0.0037433179798843034,0.013787334954346113,0.0307799482578325,0.15678816532722298
2019-01-21,2019,362,37,0.052486187845303865,0.10810810810810811,0.0035144595350099866,0.02900142154300014,0.046148608983144504,0.16674823704581992
2019-01-22,2019,363,37,0.06060606060606061,0.08108108108108109,0.024093661039928087,0.05653075363908983,0.0740569751279705,0.2457986891914944
2019-01-23,2019,361,37,0.05263157894736842,0.05405405405405406,0.012097888867917662,0.02541587604117813,0.0424127229402549,0.18888452077493245
2019-01-24,2019,361,37,0.04986149584487535,0.05405405405405406,0.015721091291450683,0.024735406841098276,0.041619676411189764,0.15821256677867976
2019-01-25,2019,362,37,0.03591160220994475,0.05405405405405406,0.010268295216324448,-0.004657388631671611,0.011572537449814218,0.056535865809055647
2019-01-28,2019,368,37,0.029891304347826088,0.05405405405405406,0.013712467050395059,0.014525899777545875,0.031065260444806533,0.08250104774376671
2019-01-29,2019,369,37,0.032520325203252036,0.08108108108108109,0.01298752080797652,0.004171361245461835,0.020577386610215614,0.08829977892454122
2019-01-30,2019,368,37,0.035326086956521736,0.05405405405405406,0.006834562512414948,-0.005604563623937524,0.010694233644536482,0.06359458139824825
2019-02-11,2019,369,37,0.018970189701897018,0.02702702702702703,0.007130281293167099,-0.028812725090610287,-0.012916739540356935,0.02879591030532841
2019-02-12,2019,372,38,0.021505376344086023,0.02631578947368421,0.0021854742769379697,-0.04387449885930141,-0.028359019766102334,-0.0443432836890772
2019-02-13,2019,376,38,0.02925531914893617,0.05263157894736842,-0.004160411660541951,-0.030239997038746053,-0.014293460392482813,-0.038051860333273124
2019-02-14,2019,376,38,0.02925531914893617,0.05263157894736842,-0.010432283620760895,-0.02867960531562243,-0.012558342586428744,-0.033920877810309766
2019-02-15,2019,378,38,0.03968253968253968,0.07894736842105263,-0.009691464267270454,-0.01698727998117665,-0.0006595138274176612,0.011233189015010506
2019-02-18,2019,382,39,0.03926701570680628,0.10256410256410256,-0.008114911604861365,-0.00023356767368324171,0.016339272867337818,0.02782534921620643
2019-02-19,2019,385,39,0.02857142857142857,0.07692307692307693,-0.017826839859837587,-0.01411749201392892,0.002326626260718915,-0.00974446589145173
2019-02-20,2019,393,40,0.035623409669211195,0.025,-0.020292890493385837,-0.024693478938100293,-0.00848567020372137,-0.01155121204395988
2019-02-21,2019,396,40,0.025252525252525252,0.025,-0.010260863928240101,-0.010798291621769863,0.005263685767192999,-0.11071090417391413
2019-02-22,2019,395,40,0.0379746835443038,0.05,-0.00837505898070874,-0.010131652387396176,0.005960358517871095,-0.08158592204918856
2019-02-25,2019,407,41,0.02702702702702703,0.04878048780487805,-0.0041552337959228644,-0.00401264689638688,0.012083501611697437,-0.046576789565748455
2019-02-26,2019,410,41,0.036585365853658534,0.07317073170731707,6.867081059966213e-05,0.008472532656875885,0.02475786144546323,-0.0361339898929183
2019-02-27,2019,418,42,0.050239234449760764,0.14285714285714285,-0.004141800107609281,0.0059052934388319385,0.02231480570447573,-0.024963434586884548
2019-03-04,2019,420,42,0.04523809523809524,0.09523809523809523,-0.024761091320394567,0.0009998244010762077,0.017679342567033483,0.012718895024331375
2019-03-05,2019,424,43,0.05188679245283019,0.13953488372093023,-0.02032481524300386,0.00992866651093841,0.02675910896078254,0.05728197983328217
2019-03-06,2019,427,43,0.04918032786885246,0.13953488372093023,-0.017380374523123954,0.021795922288279104,0.03880522659883742,0.09395002829917
2019-03-07,2019,428,43,0.06542056074766354,0.23255813953488372,-0.013631875528620158,0.052932748359353084,0.07075017292067294,0.22332673046682866
2019-03-08,2019,432,44,0.05787037037037037,0.18181818181818182,-0.02968975436795483,-0.0005783076309920365,0.01656741246711108,0.1474086333628018
2019-03-11,2019,433,44,0.04849884526558892,0.18181818181818182,-0.026799146254412452,0.016160191843639638,0.03337105606559813,0.1104834168225905
2019-03-12,2019,436,44,0.0481651376146789,0.18181818181818182,-0.02784392609399076,0.01923471021091478,0.03637810422301302,0.09071478920473075
2019-03-13,2019,443,45,0.05191873589164785,0.2,-0.03571784080149181,-0.02196430179517321,-0.005544276397673014,-0.0176178484686865
2019-03-14,2019,440,44,0.038636363636363635,0.09090909090909091,-0.03419026835673736,-0.014875947860876064,0.0018015425097198238,0.05319704594997974
2019-03-15,2019,441,45,0.04081632653061224,0.13333333333333333,-0.03401263955973981,-0.007978325041932126,0.008773801672128915,0.08098173303393176
2019-03-18,2019,442,45,0.03619909502262444,0.13333333333333333,-0.039652278334344836,-0.016370149719649913,0.0003052263324349047,0.08829760519542723
2019-03-19,2019,445,45,0.029213483146067417,0.13333333333333333,-0.050829749739623016,-0.028091600327115312,-0.011667839430723687,-0.0074129341784173915
2019-03-20,2019,446,45,0.02914798206278027,0.13333333333333333,-0.044774202461003304,-0.03632530988385012,-0.020109236346788958,0.015407882711783234
2019-03-21,2019,447,45,0.029082774049217,0.15555555555555556,-0.035681614788794044,-0.024731089356909767,-0.008497681807062325,0.013790094308730572
2019-03-22,2019,449,45,0.024498886414253896,0.1111111111111111,-0.04262940412765833,-0.0423459071506785,-0.026024358346630607,0.06681390985828843
2019-03-25,2019,450,45,0.028888888888888888,0.1111111111111111,-0.04583704969811933,-0.03790694800800641,-0.021570512263924764,0.0009004170362991922
2019-03-26,2019,455,46,0.03296703296703297,0.13043478260869565,-0.04997696542874215,-0.06183946237451946,-0.045834044174983525,-0.012631516591270422
2019-03-27,2019,457,46,0.028446389496717725,0.10869565217391304,-0.05159452079575855,-0.0840840735662141,-0.06859563378443184,-0.09302350288597855
2019-03-28,2019,456,46,0.03508771929824561,0.15217391304347827,-0.06323778717737855,-0.09364336057586535,-0.0783221909738738,-0.19326778399471953
2019-03-29,2019,456,46,0.02631578947368421,0.10869565217391304,-0.04683711236405838,-0.07897926547194963,-0.06369697971802883,-0.18905874316149365
2019-04-01,2019,460,46,0.02391304347826087,0.08695652173913043,-0.043365210546019876,-0.07738471793010267,-0.06205768463800426,-0.1797381561777107
2019-04-02,2019,464,47,0.010775862068965518,0.06382978723404255,-0.048483106147621934,-0.0709230727612933,-0.055405437567785924,-0.198633199940739
2019-04-03,2019,465,47,0.008602150537634409,0.0425531914893617,-0.056661061950600174,-0.10327278336811035,-0.08864156579867152,-0.3938628177808505
2019-04-08,2019,469,47,0.008528784648187633,0.0425531914893617,-0.0601112449367547,-0.10485614069887371,-0.09011255351028372,-0.35779081652653705
2019-04-09,2019,470,47,0.00851063829787234,0.0425531914893617,-0.05224216006009716,-0.09479362020837179,-0.0800378136570383,-0.30567170568883545
2019-04-10,2019,469,47,0.008528784648187633,0.0425531914893617,-0.06280448904120424,-0.1267396608440177,-0.11274102540726978,-0.4190530917580535
2019-04-11,2019,478,48,0.008368200836820083,0.041666666666666664,-0.0617188900713033,-0.12139345188514084,-0.10727971109050344,-0.39676710712571084
2019-04-12,2019,478,48,0.008368200836820083,0.020833333333333332,-0.052693095062853794,-0.11281594892271402,-0.09892770637265802,-0.3893325558563869
2019-04-15,2019,482,49,0.004149377593360996,0.0,-0.04469047227824938,-0.10524265302363557,-0.09136934145640722,-0.38928555909173534
2019-04-16,2019,481,49,0.002079002079002079,0.0,-0.03809833631216251,-0.0984575178063293,-0.08454137572877318,-0.3859549784861647
2019-04-17,2019,480,48,0.0020833333333333333,0.0,-0.03578686384851124,-0.11390600319832955,-0.10048389948113005,-0.4457919262097532
2019-04-18,2019,481,49,0.002079002079002079,0.0,-0.024287400501762303,-0.11260976006480809,-0.09938463244461695,-0.492138716929675
2019-04-19,2019,477,48,0.0020964360587002098,0.0,-0.033655991789435555,-0.12500237855922622,-0.11193972374952037,-0.5372548286826216
2019-04-22,2019,480,48,0.004166666666666667,0.0,-0.02946776569744153,-0.10739763996047198,-0.09396027513738885,-0.520357198825657
2019-04-23,2019,477,48,0.0041928721174004195,0.0,-0.021746320727110715,-0.11546058563910751,-0.10227930258337052,-0.5003010342137458
2019-04-24,2019,474,48,0.004219409282700422,0.0,-0.013455591576117079,-0.10712437139982263,-0.09403450780189682,-0.4835614275047603
2019-04-25,2019,471,48,0.004246284501061571,0.0,-0.01793858804307798,-0.1033616270898124,-0.09008075970827888,-0.4940681546561632
2019-04-26,2019,465,47,0.004301075268817204,0.0,-0.010390183071877083,-0.09301420297704958,-0.07957047647006851,-0.5012685321932734
2019-04-29,2019,465,47,0.008602150537634409,0.0,0.00509948546563697,-0.05732187214988842,-0.04335330993061539,-0.43000053230355706
2019-04-30,2019,464,47,0.00646551724137931,0.0,0.0014954147951099237,-0.07082411319044317,-0.05716575358949348,-0.47501152888997816
2019-05-02,2019,458,46,0.006550218340611353,0.0,-0.0024388559165956602,-0.08229492395280848,-0.06872159095474555,-0.4869643267997802
2019-05-03,2019,456,46,0.006578947368421052,0.0,-0.0073360814305549376,-0.06808645262085598,-0.05399266360211556,-0.4401401019891158
2019-05-06,2019,457,46,0.00437636761487965,0.0,-0.008633660680980797,-0.08355265139693029,-0.06969593797859676,-0.497291204547863
2019-05-07,2019,452,46,0.004424778761061947,0.0,-0.0019309661037260415,-0.05741329942201405,-0.04318964541360286,-0.4829452298401658
2019-05-08,2019,446,45,0.004484304932735426,0.0,-0.009149960734985746,-0.06614391467546855,-0.051965096947081464,-0.5020817651280112
2019-05-09,2019,444,45,0.0045045045045045045,0.0,0.004588531925859558,-0.03749435797760526,-0.022863080167133967,-0.4412045789324582
2019-05-10,2019,448,45,0.008928571428571428,0.0,0.0037724127523555352,-0.022368676925201687,-0.0071450068449256205,-0.3385899922180028
2019-05-13,2019,449,45,0.008908685968819599,0.022222222222222223,0.01733296784446059,0.0006686723000977032,0.01662450499413999,-0.15809308055228594
2019-05-14,2019,451,46,0.008869179600886918,0.021739130434782608,-0.012651225040560687,-0.04233314668344169,-0.027014512494634404,-0.33333065164820896
2019-05-15,2019,452,46,0.004424778761061947,0.0,-0.012075232325417077,-0.047798542887298574,-0.032667792333262766,-0.37943223565318324
2019-05-16,2019,445,45,0.008988764044943821,0.022222222222222223,-0.004066435426491982,-0.03931692133574489,-0.024080750408350955,-0.33615384125673003
2019-05-17,2019,439,44,0.009111617312072893,0.022727272727272728,0.004959781540957438,0.0005786246690585382,0.016613908913067955,-0.10355565213350165
2019-05-20,2019,440,44,0.00909090909090909,0.022727272727272728,0.0020464796029132128,-0.00027824725857873836,0.015887058584717187,0.011852503308035132
2019-05-21,2019,443,45,0.009029345372460496,0.044444444444444446,-0.023525032005197268,-0.01838527625471722,-0.0021726026653818447,-0.02134312019199889
2019-05-22,2019,441,45,0.009070294784580499,0.044444444444444446,-0.011105869343001841,0.021711977396496964,0.038660362046945854,0.2243152061334924
2019-05-23,2019,441,45,0.009070294784580499,0.044444444444444446,-0.02089226842297069,-0.01032022837815627,0.006288480837456599,0.14879070799894858
2019-05-24,2019,442,45,0.006787330316742082,0.044444444444444446,-0.017442281919751314,0.0061148347832447126,0.022961059687424273,0.15901906232324967
2019-05-27,2019,441,45,0.011337868480725623,0.08888888888888889,-0.02285982871718314,0.01638151822114072,0.03335294311470568,0.13378024877438047
2019-05-28,2019,441,45,0.011337868480725623,0.1111111111111111,-0.01880598757124782,0.027968622621783863,0.04520550686553377,0.16120866006815904
2019-05-29,2019,444,45,0.013513513513513514,0.13333333333333333,-0.02816962755279229,0.012368578167084995,0.029540920275316924,0.1402631987177948
2019-05-30,2019,446,45,0.013452914798206279,0.13333333333333333,-0.02311136416186497,0.020142060304803266,0.037182995389859766,0.11711103942173035
2019-05-31,2019,447,45,0.015659955257270694,0.15555555555555556,-0.02424863221944452,0.024362195222262278,0.041646590135744385,0.1978025130250624
2019-06-03,2019,446,45,0.02242152466367713,0.2222222222222222,-0.011909455011978947,0.03603525031540997,0.053411649861132636,0.26736861398039263
2019-06-04,2019,444,45,0.02252252252252252,0.2,-0.004132488677538501,0.020129119685129374,0.036973433803054075,0.19315943674180125
2019-06-05,2019,441,45,0.022675736961451247,0.2,-0.011554909474962773,0.024422998494901194,0.04168335930250897,0.24573357876042196
2019-06-06,2019,432,44,0.032407407407407406,0.22727272727272727,0.0028566918147299994,0.02592176257983087,0.04298198769750956,0.22651639137772764
2019-06-10,2019,427,43,0.01405152224824356,0.09302325581395349,0.004693428110437241,0.029149233655645604,0.046084904249066416,0.2302261904038643
2019-06-11,2019,424,43,0.014150943396226415,0.09302325581395349,0.004236146721894576,0.019070713534578055,0.035783657833210115,0.13790060444661986
2019-06-12,2019,413,42,0.014527845036319613,0.07142857142857142,0.002334846717596842,0.019913854703450834,0.03678120527997981,0.1371847809209679
2019-06-13,2019,414,42,0.01932367149758454,0.09523809523809523,-0.009203826337746706,0.01760414512787138,0.03464989148444549,0.182435521642312
2019-06-14,2019,413,42,0.026634382566585957,0.07142857142857142,-0.012346856126134117,0.02038035657424609,0.03756763710846934,0.22237142699937515
2019-06-17,2019,409,41,0.02689486552567237,0.0975609756097561,-0.014125857664414307,0.0170225294182669,0.034172528284455155,0.21366162591014312
2019-06-18,2019,410,41,0.026829268292682926,0.07317073170731707,-0.0030232459664987135,0.01954746838944479,0.036514633307213724,0.2565126596810955
2019-06-19,2019,410,41,0.01707317073170732,0.07317073170731707,0.0030402399414682386,0.019142886294930987,0.03584001803803901,0.20038538278981688
2019-06-20,2019,417,42,0.014388489208633094,0.07142857142857142,-0.006157950159461118,0.00843143523452795,0.02486689199591751,0.08007055893746542
2019-06-21,2019,417,42,0.019184652278177457,0.07142857142857142,-0.009260506421696735,0.01896524157981642,0.03582913362576247,0.1425589745354986
2019-06-24,2019,421,43,0.026128266033254157,0.09302325581395349,-0.010229726074172952,0.025078042984673764,0.04204769012584981,0.15263741287124813
2019-06-25,2019,422,43,0.045023696682464455,0.11627906976744186,-0.01137713063349951,0.019481476821446318,0.03651472782135878,0.241968960337744
2019-06-26,2019,418,42,0.03827751196172249,0.09523809523809523,-0.015811904590972717,0.001319272580321765,0.01806256763451096,0.23076430157221747
2019-06-27,2019,423,43,0.04018912529550828,0.06976744186046512,-0.006664845835147465,0.007704855748656967,0.024414934191358765,0.24071618331522707
2019-06-28,2019,426,43,0.04929577464788732,0.06976744186046512,0.001395725985426848,0.0015521561104582429,0.017934520138525215,0.16221791013916992
2019-07-01,2019,425,43,0.04,0.09302325581395349,0.004289131129472021,0.020064746586559577,0.036663304103469206,0.13727212867049646
2019-07-02,2019,429,43,0.037296037296037296,0.06976744186046512,-0.01287964954330485,-0.018142623223721514,-0.0021444652267363193,-0.015193034016359864
2019-07-03,2019,433,44,0.03695150115473441,0.06818181818181818,-0.008990767314330265,-0.0019802922816346447,0.014306907559124692,0.08262736667340705
2019-07-04,2019,438,44,0.03424657534246575,0.045454545454545456,-0.008170160730311163,0.007654133691419134,0.02393752866181156,0.05744895181293952
2019-07-05,2019,441,45,0.02947845804988662,0.06666666666666667,-0.014987000528379568,0.007901705871942168,0.023982260387500984,-0.0010616837859913097
2019-07-08,2019,443,45,0.02708803611738149,0.06666666666666667,-0.018163996141564165,-0.0007264923682346917,0.015068129154225266,-0.032446759906592605
2019-07-09,2019,443,45,0.020316027088036117,0.06666666666666667,-0.01741344557213262,0.013774685124093458,0.02975270077544295,0.03592579638257504
2019-07-10,2019,448,45,0.015625,0.044444444444444446,-0.009901296968825218,0.01039337603930771,0.026105856052954086,-0.04507366578820312
2019-07-11,2019,455,46,0.013186813186813187,0.043478260869565216,-0.008470953968956326,0.027348196847766394,0.04347903635406864,0.033095955748401844
2019-07-12,2019,456,46,0.021929824561403508,0.06521739130434782,-0.003730251217880632,0.04094443961549361,0.05728288975634559,0.0615987702127798
2019-07-15,2019,458,46,0.021834061135371178,0.08695652173913043,0.0018583732742187065,0.05644217077191446,0.07278798467771713,0.027330291263301432
2019-07-16,2019,461,47,0.02386117136659436,0.1276595744680851,-0.0009590099922830661,0.06443647891849419,0.08101700180565823,0.038285667426703106
2019-07-17,2019,460,46,0.02391304347826087,0.13043478260869565,-0.004608501898581152,0.051742622648900394,0.06806694007960452,0.04882379991346324
2019-07-18,2019,461,47,0.02386117136659436,0.10638297872340426,0.004390366538714802,0.04509711243810017,0.0612929372283811,0.0779828301473119
2019-07-19,2019,461,47,0.02386117136659436,0.1276595744680851,0.004642072763580151,0.05101219075496258,0.06737051086995345,0.10235587604535869
2019-07-22,2019,461,47,0.019522776572668113,0.0851063829787234,0.002462411567370729,0.02435031073667485,0.040227715078997354,0.03949813393593992
2019-07-23,2019,461,47,0.019522776572668113,0.10638297872340426,0.008286116673419337,0.0458128180258907,0.06202465410630864,0.029216371574350593
2019-07-24,2019,466,47,0.017167381974248927,0.0851063829787234,0.008376021627604539,0.03088568146973523,0.04685769189594139,-0.018116823996293788
2019-07-25,2019,468,47,0.02564102564102564,0.1276595744680851,0.0031757744369853777,0.018709973726476557,0.03453435740892117,-0.03236102572315527
2019-07-26,2019,472,48,0.01694915254237288,0.08333333333333333,-0.003908942150222502,-0.009624974290389261,0.005542825419118216,-0.13864007820333185
2019-07-29,2019,471,48,0.01910828025477707,0.08333333333333333,0.004153703403752221,-0.001017107714025231,0.014234897046094224,-0.08824211654931534
2019-07-30,2019,471,48,0.029723991507430998,0.16666666666666666,0.0093318386388294,0.036993006638278,0.0530409808380688,0.07651083713023449
2019-07-31,2019,475,48,0.023157894736842106,0.08333333333333333,0.003682173990280143,0.025435857362129517,0.0415068922562675,0.09226778786131375
2019-08-01,2019,469,47,0.031982942430703626,0.0851063829787234,-0.01199964521650859,-0.007575781403066227,0.008446207437853957,0.10452495185545345
2019-08-02,2019,467,47,0.032119914346895075,0.0851063829787234,0.003482179059959079,0.030917019213392374,0.04763424487994639,0.2361985739326633
2019-08-05,2019,466,47,0.045064377682403435,0.14893617021276595,0.021565093321682837,0.052625224185652346,0.06997004006923929,0.3985580321530705
2019-08-06,2019,467,47,0.032119914346895075,0.06382978723404255,0.005815417349004561,0.02027612532935841,0.03698443807366068,0.24445849361161628
2019-08-07,2019,465,47,0.034408602150537634,0.1276595744680851,-0.0001926814732970913,0.0310797757625436,0.04815099344338006,0.3016596389542984
2019-08-08,2019,461,47,0.028199566160520606,0.06382978723404255,-0.011276625057835362,-0.019717845333757127,-0.0034828464237492054,0.18449256106535317
2019-08-12,2019,462,47,0.015151515151515152,0.0425531914893617,-0.026325917495448676,-0.012480182250931495,0.004033590782140935,0.14698708597061158
2019-08-13,2019,461,47,0.01735357917570499,0.0851063829787234,-0.026540639326023997,-0.02501828945403875,-0.008898082235055707,-0.018501999572714728
2019-08-14,2019,454,46,0.013215859030837005,0.043478260869565216,-0.020132765105260214,-0.003823182138397421,0.012958808423866368,0.17229187881996186
2019-08-15,2019,450,45,0.017777777777777778,0.044444444444444446,-0.03145974764946138,-0.03823442835393954,-0.021964971410781204,0.08699178547248673
2019-08-16,2019,450,45,0.011111111111111112,0.044444444444444446,-0.03350171674870237,-0.04622546135898053,-0.03025652602687827,0.03434231566070415
2019-08-19,2019,450,45,0.008888888888888889,0.022222222222222223,-0.036892075770142654,-0.05190347519026052,-0.03607562726126322,-0.04099236110951963
2019-08-20,2019,452,46,0.011061946902654867,0.021739130434782608,-0.037898464653261556,-0.0592680527491647,-0.0434402774643226,-0.0236455153104036
2019-08-21,2019,455,46,0.008791208791208791,0.021739130434782608,-0.035843605652069774,-0.06492880422349659,-0.04936204634960033,-0.08568004945949219
2019-08-22,2019,454,46,0.006607929515418502,0.021739130434782608,-0.03850742121444298,-0.05563818943125999,-0.03979142016190659,-0.09190035402270755
2019-08-23,2019,453,46,0.006622516556291391,0.0,-0.029572949159059482,-0.038464339110387914,-0.02215240499812515,0.0869480074857361
2019-08-26,2019,449,45,0.013363028953229399,0.022222222222222223,-0.03510007097925264,-0.0527070639947337,-0.03666680401562313,0.06254965772975377
2019-08-27,2019,447,45,0.011185682326621925,0.022222222222222223,-0.0365120668183176,-0.04477852258397842,-0.028710745642930077,-0.0007834366629548257
2019-08-28,2019,437,44,0.011441647597254004,0.022727272727272728,-0.0402844469642788,-0.051500918405746644,-0.03557387871720912,-0.05405075457616556
2019-08-29,2019,441,45,0.013605442176870748,0.044444444444444446,-0.05615017849217811,-0.07433614364521784,-0.05885952474284285,-0.18744727987422857
2019-08-30,2019,440,44,0.00909090909090909,0.022727272727272728,-0.059252950787696615,-0.06428783571979388,-0.04851919815605146,-0.06227929710915075
2019-09-02,2019,441,45,0.006802721088435374,0.022222222222222223,-0.06108751607707138,-0.06152336269101267,-0.04577938459974114,-0.08155148310817886
2019-09-03,2019,439,44,0.00683371298405467,0.045454545454545456,-0.05274348603658312,-0.035180181822297846,-0.019099771851480943,-0.004294261747352278
2019-09-04,2019,442,45,0.004524886877828055,0.022222222222222223,-0.05285128068733502,-0.03941909153949746,-0.023560435738386558,-0.06505913833872198
2019-09-05,2019,446,45,0.013452914798206279,0.1111111111111111,-0.047117464455089283,-0.027737506496121136,-0.011773156663092265,-0.03197074797525988
2019-09-06,2019,443,45,0.01580135440180587,0.1111111111111111,-0.05567259326485488,-0.03785400302573551,-0.02193904963715183,-0.0409835480079272
2019-09-09,2019,445,45,0.011235955056179775,0.08888888888888889,-0.04534229148687155,-0.012227927155407041,0.003914180574270544,-0.0009426165493888536
2019-09-10,2019,443,45,0.01805869074492099,0.08888888888888889,-0.05615668057399072,-0.009954337075579495,0.006597151153801022,0.03998512868197235
2019-09-11,2019,450,45,0.015555555555555555,0.06666666666666667,-0.054784046508907086,-0.012871107937609594,0.0035927213062966028,0.056204500100053775
2019-09-12,2019,444,45,0.015765765765765764,0.06666666666666667,-0.060195952360098594,-0.017651283199547778,-0.001167901279666851,0.051472533333298674
2019-09-16,2019,447,45,0.024608501118568233,0.1111111111111111,-0.046536992477388225,-0.003198625862952029,0.013445798652545866,0.10509037729167273
2019-09-17,2019,441,45,0.02040816326530612,0.1111111111111111,-0.04324067443067315,-0.005618805092565015,0.010949052236386179,0.03451732877990954
2019-09-18,2019,443,45,0.022573363431151242,0.13333333333333333,-0.0364506415259214,0.00032225860285406166,0.016858419949996453,0.033332922695071716
2019-09-19,2019,447,45,0.02237136465324385,0.06666666666666667,-0.045536860704002834,-0.023577713158932274,-0.0072045002220953655,0.04502128429180001
2019-09-20,2019,446,45,0.020179372197309416,0.08888888888888889,-0.04738337925172394,-0.02929856785709441,-0.013064014549186627,0.03327712131722083
2019-09-23,2019,443,45,0.020316027088036117,0.06666666666666667,-0.04787340507448974,-0.025452420200043898,-0.009060523585284027,0.056934484548713055
2019-09-24,2019,443,45,0.022573363431151242,0.08888888888888889,-0.04811257769046324,-0.02342568279051799,-0.006971514838296976,0.06816731801128514
2019-09-25,2019,445,45,0.02696629213483146,0.08888888888888889,-0.0484407283678204,-0.012399335565982654,0.004286879503792873,0.07044698095929829
2019-09-26,2019,449,45,0.028953229398663696,0.13333333333333333,-0.04842387503958085,-0.023629153190936916,-0.0071648726283506286,0.02139955567894065
2019-09-27,2019,450,45,0.04,0.15555555555555556,-0.03839521320191057,-0.013259358592169465,0.003465949573846341,0.07229584098723792
2019-10-01,2019,451,46,0.03547671840354767,0.13043478260869565,-0.037052427300720156,-0.0023864613457300426,0.01440104731430682,0.03501351569138925
2019-10-02,2019,449,45,0.031180400890868598,0.13333333333333333,-0.046982073852498224,-0.010313100048109876,0.006586926202446771,0.010838215233203887
2019-10-03,2019,447,45,0.029082774049217,0.1111111111111111,-0.06722594783442926,-0.04693458994414354,-0.030386199072442867,-0.07986773333793741
2019-10-04,2019,446,45,0.03139013452914798,0.1111111111111111,-0.07059330052356409,-0.05576371089255571,-0.03926594119577401,-0.06966729687973429
2019-10-07,2019,440,44,0.025,0.11363636363636363,-0.07454574896650999,-0.06837939235536804,-0.05209064683449254,-0.16259499755272191
2019-10-08,2019,439,44,0.022779043280182234,0.06818181818181818,-0.06340415930155986,-0.05769686870900939,-0.0413906644285087,-0.15069670788055733
2019-10-09,2019,442,45,0.02262443438914027,0.06666666666666667,-0.055475498613505626,-0.06666483236649598,-0.050725429985662075,-0.1784637067995669
2019-10-14,2019,440,44,0.020454545454545454,0.06818181818181818,-0.05211465002670864,-0.06943957068827021,-0.05390697011716754,-0.27509986965791927
2019-10-15,2019,442,45,0.020361990950226245,0.06666666666666667,-0.05300103025337981,-0.06814641343707133,-0.05252384208096997,-0.23742098848295767
2019-10-16,2019,445,45,0.01348314606741573,0.022222222222222223,-0.046955483878503845,-0.05094515027517607,-0.03515695288529012,-0.2176650243618787
2019-10-17,2019,443,45,0.013544018058690745,0.022222222222222223,-0.05611524480058967,-0.05924021851935312,-0.04361252190900032,-0.23629377705079604
2019-10-18,2019,453,46,0.011037527593818985,0.0,-0.06520081113408512,-0.06993637840074718,-0.054278393033942406,-0.182556042253004
2019-10-21,2019,451,46,0.013303769401330377,0.043478260869565216,-0.07053969679541694,-0.07323403532375238,-0.0575675712771592,-0.16156848786484432
2019-10-22,2019,455,46,0.01098901098901099,0.021739130434782608,-0.0729871726084717,-0.08626599711429898,-0.0707766111718628,-0.18762801112583327
2019-10-23,2019,454,46,0.00881057268722467,0.021739130434782608,-0.0717591811013947,-0.08693802347054837,-0.07152245626284082,-0.24498672722659964
2019-10-24,2019,452,46,0.004424778761061947,0.0,-0.06524725014967614,-0.07970795263877604,-0.064405416240837,-0.24311564615110093
2019-10-25,2019,448,45,0.008928571428571428,0.022222222222222223,-0.06141279738926629,-0.07361167359271781,-0.058212017605438565,-0.2419358148291976
2019-10-28,2019,450,45,0.0044444444444444444,0.0,-0.056878927819736164,-0.0712559499318787,-0.055856009322064006,-0.22876402036704999
2019-10-29,2019,453,46,0.006622516556291391,0.0,-0.04766098470705131,-0.046160284477513074,-0.03030526044946283,-0.1471508069930884
2019-10-30,2019,450,45,0.0044444444444444444,0.0,-0.0487655685392566,-0.044574346775301234,-0.02871479364695065,-0.1601516649714613
2019-10-31,2019,450,45,0.011111111111111112,0.044444444444444446,-0.037144352262317666,-0.030970624728179783,-0.01495642897875002,-0.10532187340639251
2019-11-01,2019,451,46,0.0066518847006651885,0.021739130434782608,-0.03386943269588506,-0.040201041508303316,-0.024690650764034056,-0.1691222916792158
2019-11-04,2019,455,46,0.008791208791208791,0.043478260869565216,-0.02870789476506476,-0.031281256986191525,-0.01585654006604218,-0.17686747505202383
2019-11-05,2019,456,46,0.008771929824561403,0.043478260869565216,-0.018890223647303934,-0.028618484576980158,-0.013245431754164216,-0.14564032541937633
2019-11-06,2019,460,46,0.008695652173913044,0.043478260869565216,-0.009762411413520484,-0.025123746645158054,-0.00979732388604932,-0.1265766370250774
2019-11-07,2019,458,46,0.013100436681222707,0.06521739130434782,-0.01805003819545156,-0.024906684600761966,-0.009336706273204634,-0.044199026835771434
2019-11-08,2019,459,46,0.008714596949891068,0.043478260869565216,-0.020727692624861953,-0.020418349335723472,-0.0046469843253270325,-0.009525416819607512
2019-11-11,2019,461,47,0.010845986984815618,0.0425531914893617,-0.022155232509171834,-0.026875972346495434,-0.01095360963792638,0.08154840878048882
2019-11-12,2019,457,46,0.0087527352297593,0.021739130434782608,-0.017638634632991444,-0.025201185128618825,-0.009365545243433545,0.007006618462009924
2019-11-13,2019,458,46,0.008733624454148471,0.0,-0.024783051664794345,-0.02609216985599638,-0.010148752368990112,-0.01859224033133578
2019-11-14,2019,460,46,0.008695652173913044,0.021739130434782608,-0.04107083337667067,-0.04772844343994211,-0.031837139067059865,-0.0024301320844574213
2019-11-15,2019,459,46,0.008714596949891068,0.0,-0.05461610706293792,-0.07808776680604605,-0.06259033373503674,-0.09996177925312288
2019-11-18,2019,463,47,0.008639308855291577,0.0425531914893617,-0.04261995671979094,-0.05331817486373831,-0.03750549774522281,-0.023622555612789378
2019-11-19,2019,463,47,0.0064794816414686825,0.02127659574468085,-0.04339848646999158,-0.04854128414828105,-0.03255486009119973,-0.013916104871360352
2019-11-20,2019,463,47,0.01511879049676026,0.06382978723404255,-0.04913393237425607,-0.060374458597202876,-0.044332442308044756,0.019856301995893288
2019-11-21,2019,462,47,0.010822510822510822,0.0425531914893617,-0.047844690747634304,-0.06682611803731224,-0.05102817029577482,-0.06459258613847998
2019-11-22,2019,463,47,0.01079913606911447,0.0425531914893617,-0.039297065566393806,-0.054546612409815065,-0.038754303078819545,-0.057123709418831346
2019-11-25,2019,461,47,0.006507592190889371,0.0,-0.04660257084718798,-0.0715762006268047,-0.05601275491201484,-0.15389826622191902
2019-11-26,2019,456,46,0.0043859649122807015,0.0,-0.05167981879775464,-0.07213153172840378,-0.05655036081819196,-0.13081743741888074
2019-11-27,2019,455,46,0.004395604395604396,0.0,-0.04768875983579546,-0.06639697213282178,-0.05077020104837818,-0.1154568911133661
2019-11-28,2019,454,46,0.013215859030837005,0.021739130434782608,-0.04914422382479097,-0.06627291842340355,-0.05057227136900511,-0.09639449333356721
2019-11-29,2019,458,46,0.015283842794759825,0.043478260869565216,-0.05271053312004051,-0.06346416997648624,-0.04744157705576301,-0.012436386319525723
2019-12-02,2019,457,46,0.019693654266958426,0.06521739130434782,-0.04098801061957747,-0.032847569639205786,-0.016323977400901073,0.09038366703825487
2019-12-03,2019,454,46,0.01762114537444934,0.06521739130434782,-0.03645738412981556,-0.032983568897755104,-0.016637924326965425,0.04472425919861406
2019-12-04,2019,450,45,0.024444444444444446,0.06666666666666667,-0.033383327865217985,-0.01763658415785368,-0.0010157999172285374,0.07263719214845675
2019-12-05,2019,452,46,0.028761061946902654,0.06521739130434782,-0.034342510377553044,-0.026886491964853487,-0.010585677260759919,-0.07048701443948832
2019-12-06,2019,453,46,0.024282560706401765,0.043478260869565216,-0.036585376819772905,-0.03140355425525228,-0.015371390114388973,-0.1681489918416692
2019-12-09,2019,452,46,0.02654867256637168,0.043478260869565216,-0.03533368255650286,-0.03824844997568662,-0.022412453324787904,-0.1763539311947135
2019-12-10,2019,454,46,0.024229074889867842,0.021739130434782608,-0.04596444975839903,-0.05793639008160622,-0.0424217179301289,-0.22197252098180667
2019-12-11,2019,458,46,0.017467248908296942,0.021739130434782608,-0.03860632557015997,-0.0508980711287327,-0.03528587798449825,-0.15979872686392935
2019-12-12,2019,453,46,0.02207505518763797,0.043478260869565216,-0.014858855488462238,-0.015905451989114118,-8.352513297001881e-05,-0.10302459925467927
2019-12-13,2019,452,46,0.01991150442477876,0.021739130434782608,-0.0026530523811695707,0.009292788086743364,0.025599770094427175,0.05781437667816965
2019-12-16,2019,454,46,0.013215859030837005,0.021739130434782608,-0.01642209415658972,-0.011449452548418615,0.004658494496820301,-0.013023026655525774
2019-12-17,2019,455,46,0.015384615384615385,0.021739130434782608,0.0006232570974413294,-0.003386495007707471,0.012479432524127934,-0.03220419214464762
2019-12-18,2019,458,46,0.021834061135371178,0.021739130434782608,0.007722124952425093,0.020118767429646734,0.03628724378597466,0.020369574548840575
2019-12-19,2019,456,46,0.02631578947368421,0.043478260869565216,0.005410565475641597,0.01852763039159182,0.034768141158487295,0.013052686731618662
2019-12-20,2019,459,46,0.02178649237472767,0.043478260869565216,-0.0004089283721449151,0.019861743719850417,0.036279905550916966,0.022125681065815195
2019-12-23,2019,462,47,0.023809523809523808,0.10638297872340426,-0.008909566606773485,0.0047275810895885525,0.019942373057447473,-0.14786076430700001
2019-12-24,2019,458,46,0.021834061135371178,0.08695652173913043,-0.016146434449592822,-0.008582368624767136,0.006554096169622763,-0.1768762293389324
2019-12-25,2019,454,46,0.015418502202643172,0.043478260869565216,-0.03171803924422273,-0.03480208850479403,-0.020291827570789546,-0.23968977498735347
2019-12-26,2019,456,46,0.013157894736842105,0.06521739130434782,-0.03126887696922244,-0.01736558188420428,-0.0023221976919775276,-0.19196750502750734
2019-12-27,2019,458,46,0.017467248908296942,0.06521739130434782,-0.034506143914340905,-0.02820474254479942,-0.013355056404674657,-0.23078715973217181
2019-12-30,2019,459,46,0.013071895424836602,0.043478260869565216,-0.041064415418633475,-0.02551037463783292,-0.010229334628120694,-0.18679291747437943
2019-12-31,2019,460,46,0.01956521739130435,0.06521739130434782,-0.04880284269622651,-0.057546107811782536,-0.042956156480932185,-0.24714760387506635
2020-01-02,2020,466,47,0.017167381974248927,0.06382978723404255,-0.048086407897988626,-0.04957517614983446,-0.035088613209296286,-0.2829179687418936
2020-01-03,2020,467,47,0.017130620985010708,0.0851063829787234,-0.043051433757020564,-0.021445312769142785,-0.0061847438749432345,-0.14848315807154086
2020-01-06,2020,466,47,0.02145922746781116,0.10638297872340426,-0.04489753430772888,-0.017880269695842183,-0.002311636556214436,-0.12966114658745834
2020-01-07,2020,466,47,0.023605150214592276,0.1276595744680851,-0.0447924823743133,-0.012192053345696984,0.0037016860048690184,-0.05574969064416409
2020-01-08,2020,467,47,0.027837259100642397,0.1276595744680851,-0.03247787877232565,0.0039087141361127545,0.019901762870544817,-0.0651463717900853
2020-01-09,2020,464,47,0.021551724137931036,0.06382978723404255,-0.024896527073342042,-0.0015090698006050467,0.014091274020073494,-0.09453834211914564
2020-01-10,2020,462,47,0.01948051948051948,0.06382978723404255,-0.012876525965604083,0.02422804285967734,0.03997307305578952,-0.11802516266172483
2020-01-13,2020,461,47,0.015184381778741865,0.0851063829787234,-0.01768751280115536,0.016183650061524585,0.03187468130928408,-0.16064131346360305
2020-01-14,2020,462,47,0.017316017316017316,0.06382978723404255,-0.013119798758469773,0.016752724433758366,0.03235469290059276,-0.1674831048422973
2020-01-15,2020,457,46,0.019693654266958426,0.06521739130434782,-0.025927794211320365,-0.006569630850338817,0.008827724767330186,-0.1737089036600656
2020-01-16,2020,452,46,0.011061946902654867,0.043478260869565216,-0.025554070530087177,-0.005637459967829876,0.009493253889799392,-0.2035496990220018
2020-01-17,2020,453,46,0.011037527593818985,0.043478260869565216,-0.034071941840067656,-0.012485594750805183,0.0026013523232178114,-0.1585473217805691
2020-01-20,2020,454,46,0.011013215859030838,0.043478260869565216,-0.0020079222212251793,0.019106256901106376,0.03495217169122866,0.0006536276897822972
2020-01-30,2020,464,47,0.02586206896551724,0.1276595744680851,-0.01600777238546177,-0.013901793490488696,0.0015086079962010883,-0.3023094226245043
2020-01-31,2020,474,48,0.0189873417721519,0.08333333333333333,2.1156653886648436e-05,0.02112125003929391,0.03723646888537636,0.049114088307670764
2020-02-03,2020,469,47,0.019189765458422176,0.0425531914893617,-0.004793442930869657,-0.0225435969829592,-0.007070556102900574,-0.04187557030890974
2020-02-04,2020,475,48,0.016842105263157894,0.041666666666666664,-0.010407611201938142,-0.027082311343363485,-0.011846115478524072,-0.21107227110793333
2020-02-05,2020,477,48,0.010482180293501049,0.041666666666666664,-0.002199472262826424,0.00043168196289998284,0.016170985894860986,-0.1396289973770926
2020-02-06,2020,477,48,0.020964360587002098,0.10416666666666667,0.008181971326390041,0.025087195721665557,0.0408979543872133,-0.14669749661041098
2020-02-07,2020,477,48,0.027253668763102725,0.10416666666666667,0.005629743808346811,0.016703853504917068,0.03221907729068102,-0.14936389054356455
2020-02-10,2020,475,48,0.02526315789473684,0.125,0.005394048447601034,0.025517694325703093,0.04102721246056335,-0.15118886022079048
2020-02-11,2020,473,48,0.02748414376321353,0.125,0.006473898591462178,0.02099783665279592,0.03615465396788831,-0.25784726666736224
2020-02-12,2020,477,48,0.029350104821802937,0.125,-0.013517032243869085,-0.023817429644333768,-0.01007780332056126,-0.44478303326336166
2020-02-13,2020,470,47,0.027659574468085105,0.1276595744680851,-0.04266353008389906,-0.035434228086558384,-0.02204796185537957,-0.42681030793605207
2020-02-14,2020,469,47,0.021321961620469083,0.0851063829787234,-0.03938117722910042,-0.047137628046069815,-0.03450365870187709,-0.47901793347966753
2020-02-17,2020,470,47,0.02127659574468085,0.06382978723404255,-0.05033854600183932,-0.06847268628482817,-0.05647643042424366,-0.4723969450561455
2020-02-18,2020,469,47,0.019189765458422176,0.06382978723404255,-0.04919380429008106,-0.07265696530869468,-0.06105120782305688,-0.4785927737976008
2020-02-19,2020,465,47,0.021505376344086023,0.10638297872340426,-0.05773806425211604,-0.08185770634891447,-0.07130057616492697,-0.4713667307976913
2020-02-20,2020,463,47,0.019438444924406047,0.0851063829787234,-0.07818090846212732,-0.09334419757826756,-0.0819294835471318,-0.42957843712852267
2020-02-21,2020,462,47,0.015151515151515152,0.06382978723404255,-0.06987835101311587,-0.0890180700419677,-0.07790077654927367,-0.40970348206664037
2020-02-24,2020,463,47,0.01079913606911447,0.0425531914893617,-0.07231975930135078,-0.09437468984248297,-0.08262174403392714,-0.38829314165390716
2020-02-25,2020,461,47,0.010845986984815618,0.06382978723404255,-0.07484053817850667,-0.08864256824465584,-0.07627972748718304,-0.4007120013816232
2020-02-26,2020,461,47,0.010845986984815618,0.02127659574468085,-0.06944747512124956,-0.07224954608270454,-0.05959288508465476,-0.3381694227681213
2020-02-27,2020,443,45,0.01580135440180587,0.06666666666666667,-0.04482269377066638,-0.050410211202288946,-0.0372220387308454,-0.25557618944951305
2020-03-02,2020,439,44,0.011389521640091117,0.06818181818181818,-0.04556492076411056,-0.053540975005027296,-0.04075041065245901,-0.32113883869430404
2020-03-03,2020,432,44,0.009259259259259259,0.045454545454545456,-0.0404070172272431,-0.04978409716674104,-0.03687178974446927,-0.304639269781562
2020-03-04,2020,433,44,0.0023094688221709007,0.022727272727272728,-0.03245533294477163,-0.04195523549260521,-0.029114935521333853,-0.2793294070341762
2020-03-05,2020,435,44,0.0022988505747126436,0.022727272727272728,-0.03379892377036834,-0.024904468035721772,-0.011563945961392114,-0.19392597279341978
2020-03-06,2020,438,44,0.00228310502283105,0.022727272727272728,-0.0481961250976323,-0.04171220880186249,-0.02792223247183112,-0.15954285105503485
2020-03-09,2020,436,44,0.006880733944954129,0.045454545454545456,-0.023468867446918888,-0.00787831799428253,0.006965515314115045,-0.04307488940223274
2020-03-10,2020,442,45,0.011312217194570135,0.08888888888888889,-0.02364641132146453,-0.01878111742470096,-0.0044273700540680165,-0.2142870071899922
2020-03-11,2020,443,45,0.009029345372460496,0.06666666666666667,-0.013684269158195773,0.002941127091029612,0.017989738512128487,-0.11420585822617398
2020-03-12,2020,447,45,0.024608501118568233,0.13333333333333333,0.03469023817645282,0.07855592294627016,0.09596092328509902,0.22461698212219922
2020-03-13,2020,457,46,0.030634573304157548,0.13043478260869565,0.02917086900759136,0.06606437317824873,0.08329556590382467,0.18764346050195174
2020-03-16,2020,458,46,0.07641921397379912,0.2391304347826087,0.05936899840685062,0.09542735295772042,0.11442260011390148,0.4322013696180761
2020-03-17,2020,456,46,0.17763157894736842,0.5,0.05679803795262377,0.11121022721636128,0.13022095058918576,0.4016686641701038
2020-03-18,2020,459,46,0.28322440087145967,0.6304347826086957,0.02808344146805213,0.10734248301584115,0.12780172197131542,0.4776132312300909
2020-03-19,2020,455,46,0.5362637362637362,0.782608695652174,0.07933910488742885,0.16886974084775422,0.1902562256656844,0.5284335882063681
2020-03-20,2020,468,47,0.34615384615384615,0.7659574468085106,0.08428916244096421,0.21299408182883087,0.2345455593866784,0.5706672651285774
2020-03-23,2020,464,47,0.4353448275862069,0.7659574468085106,0.09361408844407534,0.1932724773687571,0.21380838621813145,0.5444761037581953
2020-03-24,2020,472,48,0.3114406779661017,0.8125,0.08257111966806456,0.18771289943629035,0.20755223809324064,0.5109247069258017
2020-03-25,2020,477,48,0.16981132075471697,0.5208333333333334,0.07137997259436683,0.16656848284508108,0.1859392890115293,0.5068261700793586
2020-03-26,2020,479,48,0.1419624217118998,0.4791666666666667,0.06024825779783022,0.1472226563992659,0.1664290209311056,0.47266751688053044
2020-03-27,2020,479,48,0.14613778705636743,0.4375,0.06405274918340856,0.16955502822009474,0.18993057367711733,0.5950813890514584
2020-03-30,2020,476,48,0.17016806722689076,0.5,0.0522047757027325,0.12898448963649103,0.14846783426532054,0.5077396042826267
2020-03-31,2020,477,48,0.19077568134171907,0.5625,0.049618362248798197,0.14855981597431622,0.16880052267180856,0.5578181379127793
2020-04-01,2020,476,48,0.17016806722689076,0.4791666666666667,0.05995345787225401,0.15749518096647086,0.1772549023518388,0.5408545781768517
2020-04-06,2020,478,48,0.16108786610878661,0.3958333333333333,0.06356881841802274,0.13111063655634123,0.15018959732101045,0.41527799592571973
2020-04-07,2020,482,49,0.13278008298755187,0.30612244897959184,0.05304881887507518,0.10943170087348521,0.12818448062686477,0.36016823622813166
2020-04-08,2020,487,49,0.1026694045174538,0.24489795918367346,0.05031804197318964,0.10666320030191172,0.12515431907712143,0.3615212236964188
2020-04-09,2020,485,49,0.10309278350515463,0.2857142857142857,0.03465547504673394,0.09102887473157728,0.10955185649823895,0.3907117196833409
2020-04-10,2020,486,49,0.102880658436214,0.20408163265306123,0.025899550136439575,0.09123663079075979,0.10990457557042685,0.40880361722462527
2020-04-13,2020,475,48,0.10947368421052632,0.2708333333333333,0.03157873063423674,0.10982587829201002,0.12857787503384296,0.38974926462186416
2020-04-14,2020,475,48,0.07578947368421053,0.16666666666666666,0.03475563349202554,0.08696850690544385,0.1049440969772681,0.2788128440651008
2020-04-15,2020,473,48,0.06553911205073996,0.14583333333333334,0.01058010970258583,0.051461728719352645,0.06888755411140184,0.15575600033588283
2020-04-16,2020,469,47,0.06396588486140725,0.1702127659574468,0.012731278528540878,0.039363135200789476,0.05614137984647995,-0.011757613957265755
2020-04-17,2020,467,47,0.07494646680942184,0.19148936170212766,0.038542092990075515,0.05418255618473934,0.07101478730612255,-0.017626660769197992
2020-04-20,2020,464,47,0.06896551724137931,0.1702127659574468,0.03410242040927083,0.043310239572632726,0.060229637003553375,-0.015868914021558014
2020-04-21,2020,460,46,0.09130434782608696,0.1956521739130435,0.04641599294656111,0.06080825307664295,0.07852490169658222,0.08109802442150114
2020-04-22,2020,461,47,0.08676789587852494,0.2553191489361702,0.038518995126784326,0.10078942235315401,0.11904577887141067,0.07826772868742123
2020-04-23,2020,465,47,0.07956989247311828,0.2553191489361702,0.0349248897103088,0.10183852999210524,0.11987710972892925,0.05345574324591513
2020-04-24,2020,460,46,0.09565217391304348,0.32608695652173914,0.04732792207517622,0.13618372934006523,0.15460866824618605,0.06808857488503921
2020-04-27,2020,465,47,0.07741935483870968,0.3404255319148936,0.030715206744811468,0.11451926123249936,0.13263407563651902,0.03727962367337408
2020-04-28,2020,470,47,0.07659574468085106,0.3191489361702128,0.02887088331507292,0.09491161537313247,0.11266433617083518,0.029158360784271427
2020-04-29,2020,476,48,0.06932773109243698,0.3333333333333333,0.022991440374373773,0.07542214513128645,0.09249952684456836,-0.0444150627946632
2020-04-30,2020,482,49,0.058091286307053944,0.24489795918367346,0.010280317939960752,0.07349702511180924,0.09105489826766569,0.03168163059051589
2020-05-04,2020,485,49,0.0577319587628866,0.16326530612244897,0.012060503170908853,0.02398142893605819,0.04061810444947103,-0.09718196591563527
2020-05-05,2020,488,49,0.0471311475409836,0.10204081632653061,-0.0040863989578357246,-0.038159095944128314,-0.022399972079734376,-0.1571381139132882
2020-05-06,2020,491,50,0.03665987780040733,0.08,-0.003598665482743819,-0.03609562406011491,-0.02005556118970297,-0.11583166779618861
2020-05-07,2020,496,50,0.036290322580645164,0.12,-0.01087619260577505,-0.021257048640950776,-0.005044686367662412,-0.11661623325313447
2020-05-08,2020,498,50,0.05220883534136546,0.18,0.0018141392528414045,0.050330989452177066,0.06775086285646256,-0.01724484446571194
2020-05-11,2020,500,50,0.056,0.22,-0.013563850556305606,0.009775162733305373,0.02684259255471132,-0.03994432840528949
2020-05-12,2020,500,50,0.062,0.22,-0.01878770969394169,0.00468186050134004,0.021868811201972604,-0.017439337942793377
2020-05-13,2020,499,50,0.06813627254509018,0.22,-0.025844473691636036,0.0008086573235073557,0.018075415644283787,-0.06188136053810805
2020-05-14,2020,498,50,0.08634538152610442,0.24,-0.020798888988146146,0.01364756498888987,0.030801973751978257,-0.09680847285898474
2020-05-15,2020,498,50,0.08032128514056225,0.22,-0.016572369322032567,0.02659475726820651,0.044006076725051066,-0.013259215820795794
2020-05-18,2020,501,51,0.07385229540918163,0.17647058823529413,-0.008108428669295443,0.024137633338339508,0.04100122708315549,-0.06466483479001037
2020-05-19,2020,501,51,0.06387225548902195,0.17647058823529413,-0.016269400034078733,0.02915142337550967,0.04653520199548914,-0.00606126407093218
2020-05-20,2020,501,51,0.06387225548902195,0.23529411764705882,-0.01513960175126513,0.03618818081413146,0.053673283896573366,-0.03829873503822965
2020-05-21,2020,499,50,0.05410821643286573,0.26,-0.0168501057833676,0.03518333876846527,0.05270391598593939,-0.006819051138217022
2020-05-22,2020,503,51,0.061630218687872766,0.19607843137254902,-0.015295926987605304,0.0269684843268588,0.04448069753251268,0.004085901428901206
2020-05-25,2020,503,51,0.0536779324055666,0.19607843137254902,-0.015897631707526505,0.02536618198643824,0.04266771170637072,-0.03541977853038612
2020-05-26,2020,509,51,0.05697445972495088,0.2549019607843137,-0.022533425080598003,0.02331206300391523,0.04056648195321048,-0.042850377839988456
2020-05-27,2020,515,52,0.06990291262135923,0.28846153846153844,-0.02822831500408281,0.03376269979654404,0.051247962973067655,-0.01661805817332926
2020-05-28,2020,512,52,0.068359375,0.25,-0.029157923176600643,0.03767427519094896,0.05535433896967012,0.014597358924817299
2020-05-29,2020,507,51,0.06903353057199212,0.23529411764705882,-0.02802316913873408,0.013041995552210474,0.030267399203623303,-0.014755240589167358
2020-06-01,2020,508,51,0.06299212598425197,0.21568627450980393,-0.03021359140872457,0.02608162010763328,0.04351819413515851,0.016351136819847484
2020-06-02,2020,509,51,0.06679764243614932,0.29411764705882354,-0.01795715719001933,0.08429899636042151,0.10262455300999596,0.11584567571681102
2020-06-03,2020,512,52,0.06640625,0.23076923076923078,-0.022341461260253513,0.06361248186441806,0.08153723544641382,0.07563969791311217
2020-06-04,2020,513,52,0.07212475633528265,0.21153846153846154,-0.018348509650541692,0.06119196108755842,0.07933109960629615,0.09324273059025645
2020-06-05,2020,519,52,0.08092485549132948,0.23076923076923078,-0.027607903722263908,0.03907779249223918,0.05669471941294834,0.03220865491558293
2020-06-08,2020,515,52,0.08155339805825243,0.2692307692307692,-0.009244999589489046,0.07242731277219233,0.09056055488330202,0.12765368918755154
2020-06-09,2020,518,52,0.0888030888030888,0.23076923076923078,-0.0077557551790934974,0.06943006486395345,0.08755941979529965,0.1558895928804414
2020-06-10,2020,519,52,0.09633911368015415,0.2692307692307692,-0.008608543354638553,0.08091224965752218,0.09893323441360062,0.08197648435063705
2020-06-11,2020,519,52,0.1252408477842004,0.3076923076923077,0.004401912588944253,0.07482085458659092,0.09361446856992474,0.2389328813435076
2020-06-12,2020,519,52,0.1252408477842004,0.28846153846153844,-0.03553328865585586,-0.005996491703557361,0.01144431545725619,0.0678889532079634
2020-06-15,2020,519,52,0.14065510597302505,0.3076923076923077,-0.04917519169917911,-0.04405872786638191,-0.027163767477941136,-0.007025602112307315
2020-06-16,2020,529,53,0.10207939508506617,0.20754716981132076,-0.03579830703560018,-0.025290088503974514,-0.008472518841580382,0.00036522363341016126
2020-06-17,2020,538,54,0.09479553903345725,0.25925925925925924,-0.0725611663494286,-0.08874969222256208,-0.07272007429900254,-0.09892945744027092
2020-06-18,2020,542,55,0.07749077490774908,0.23636363636363636,-0.0794432204300805,-0.1200395191375282,-0.10452721783910782,-0.17239346983190115
2020-06-19,2020,543,55,0.07918968692449356,0.21818181818181817,-0.09188902213454883,-0.14521792163994315,-0.1296528086400979,-0.1208621248952171
2020-06-22,2020,552,56,0.08152173913043478,0.26785714285714285,-0.08674579744279297,-0.10453834544811921,-0.08842775029980522,-0.09643413050594622
2020-06-23,2020,551,56,0.07622504537205081,0.21428571428571427,-0.07615150880760865,-0.0883232885025329,-0.07201102385021693,-0.06619879055687466
2020-06-24,2020,552,56,0.07427536231884058,0.19642857142857142,-0.08745573487449905,-0.09951784004888574,-0.08333844227710085,-0.07504574973913951
2020-06-29,2020,546,55,0.07692307692307693,0.2,-0.16112232445605423,-0.19307460981942604,-0.17758721856938697,-0.1258929712000471
2020-06-30,2020,552,56,0.07246376811594203,0.23214285714285715,-0.18337112731767446,-0.22307047269258223,-0.20809146911008236,-0.2125594658775506
2020-07-01,2020,553,56,0.06148282097649186,0.23214285714285715,-0.15686232147926266,-0.1928222213710198,-0.1776893968950816,-0.19658847745619495
2020-07-02,2020,559,56,0.0518783542039356,0.19642857142857142,-0.1560624611858408,-0.19425294445363456,-0.179167526870369,-0.17903628000125515
2020-07-03,2020,562,57,0.0498220640569395,0.15789473684210525,-0.14128184971972432,-0.1864666288428646,-0.17151463122524546,-0.15015661020893145
2020-07-06,2020,570,57,0.03508771929824561,0.12280701754385964,-0.12113935864121225,-0.16372452777244076,-0.1490538485891254,-0.1730504807259287
2020-07-07,2020,578,58,0.03806228373702422,0.08620689655172414,-0.11928979607252899,-0.15239350312756117,-0.13722872248996165,-0.08108294204120399
2020-07-08,2020,579,58,0.027633851468048358,0.05172413793103448,-0.1210996834707392,-0.15454227606970028,-0.1394642952349735,-0.1500248882101599
2020-07-09,2020,583,59,0.024013722126929673,0.05084745762711865,-0.12903793106171807,-0.16336229271933078,-0.14821238946940152,-0.1377454187409185
2020-07-10,2020,571,58,0.04203152364273205,0.08620689655172414,-0.11182315617469156,-0.12563986547028042,-0.10998561471488082,-0.10018801324591713
2020-07-13,2020,576,58,0.034722222222222224,0.05172413793103448,-0.11853771562733077,-0.1299127610906327,-0.11424089202191264,-0.17289237912964875
2020-07-14,2020,575,58,0.04,0.10344827586206896,-0.10071439258105151,-0.12635834531812773,-0.11103565989501009,-0.21742130640105575
2020-07-15,2020,576,58,0.046875,0.15517241379310345,-0.07992482990720437,-0.07883385982801236,-0.06295513519781405,-0.11543801828922118
2020-07-16,2020,581,59,0.04647160068846816,0.1016949152542373,-0.09417127503166238,-0.10814110969562037,-0.09257379166626528,-0.16396199216626192
2020-07-17,2020,576,58,0.05381944444444445,0.1896551724137931,-0.06497371572565452,-0.02970808408287517,-0.012872268152257137,0.046280339304695085
2020-07-20,2020,577,58,0.053726169844020795,0.1896551724137931,-0.06298006353643822,-0.02803697249761743,-0.011109459811751902,0.0027733134669571395
2020-07-21,2020,575,58,0.059130434782608696,0.2413793103448276,-0.04869865966338648,-0.017819318777001387,-0.0010726356378808228,-0.0673907415693601
2020-07-22,2020,576,58,0.050347222222222224,0.13793103448275862,-0.05197328985147534,-0.0459691254192738,-0.029845399201915142,-0.14904339860858418
2020-07-23,2020,572,58,0.05244755244755245,0.13793103448275862,-0.051876091341082904,-0.056574532298845855,-0.041235237352808186,-0.24263256684481516
2020-07-24,2020,567,57,0.06525573192239859,0.17543859649122806,-0.007586418123434463,-0.024979694707800478,-0.009236668366393433,-0.15968494378487116
2020-07-27,2020,561,57,0.0784313725490196,0.17543859649122806,0.06549741409165265,0.06747058107666662,0.08391588122592068,-0.06819347557209797
2020-07-28,2020,563,57,0.11545293072824156,0.3333333333333333,0.0474466340313782,0.08088989715439024,0.09833930392796524,0.03350896336165761
2020-07-29,2020,565,57,0.09380530973451327,0.21052631578947367,0.03855986644194222,0.06841666855226858,0.08551097889924783,-0.010854064469169596
2020-07-30,2020,563,57,0.08170515097690942,0.21052631578947367,0.023005099857515705,0.050116779850769115,0.06700322418890207,-0.02234084995996045
2020-07-31,2020,557,56,0.08617594254937164,0.21428571428571427,0.02727021744085704,0.054574154838493164,0.07143957345925318,-0.054130580110921304
2020-08-03,2020,554,56,0.09025270758122744,0.19642857142857142,0.03530437003484814,0.05048697400644909,0.06716242304135119,-0.09448407420730001
2020-08-04,2020,551,56,0.0852994555353902,0.16071428571428573,0.026116843146143983,0.03391431630332149,0.05032658701752072,-0.08074312775919461
2020-08-05,2020,548,55,0.08029197080291971,0.14545454545454545,0.033800594387555595,0.041825292442056385,0.058107791661900846,-0.0897109411667481
2020-08-06,2020,544,55,0.07720588235294118,0.16363636363636364,0.03641048530850241,0.06043699591641319,0.07704765036187634,-0.05190835922165115
2020-08-07,2020,539,54,0.07050092764378478,0.14814814814814814,0.02695122066572534,0.042437844347601575,0.058863520496044715,-0.04426452686509099
2020-08-10,2020,535,54,0.0691588785046729,0.1111111111111111,0.03503864735164557,0.023775203095281666,0.039685575100576895,-0.05171396839806755
2020-08-11,2020,530,53,0.07358490566037736,0.11320754716981132,0.027087723617612088,0.04503591208215575,0.06158742796947908,0.03789013606419053
2020-08-12,2020,523,53,0.07074569789674952,0.1320754716981132,0.03254861992825022,0.04558800703396155,0.06193562781740377,0.00018227936317227498
2020-08-13,2020,523,53,0.07265774378585087,0.1509433962264151,0.019795750213451212,0.02985764289168462,0.046227833733137894,-0.014175260974886717
2020-08-14,2020,528,53,0.06628787878787878,0.1509433962264151,-0.0007316691023130928,-0.02188883896857082,-0.006444642762915717,-0.12803940245842235
2020-08-17,2020,538,54,0.055762081784386616,0.12962962962962962,-0.006128010366474419,0.001621228776831586,0.017458534739846127,-0.07318671769435428
2020-08-18,2020,538,54,0.05018587360594796,0.12962962962962962,-0.009769661510892563,0.0003651854290001609,0.016348718830709385,-0.02241607966377278
2020-08-19,2020,541,55,0.04805914972273567,0.12727272727272726,-0.022285970737913427,5.609785899982017e-05,0.016465805309494447,0.05421084576521547
2020-08-20,2020,535,54,0.09719626168224299,0.24074074074074073,0.008802409727580254,0.02730063485169484,0.04423093962190957,0.2308493603730645
2020-08-21,2020,538,54,0.07434944237918216,0.2037037037037037,0.004898575584320489,0.02370755586907199,0.040452623895388444,0.17748521642376447
2020-08-24,2020,536,54,0.048507462686567165,0.12962962962962962,0.004863922894130283,0.014598220958442305,0.030971407933373402,0.07333649119913051
2020-08-25,2020,532,54,0.046992481203007516,0.12962962962962962,0.003255243976240781,0.022615564208346588,0.03882405442109299,0.006703366708437134
2020-08-26,2020,533,54,0.0375234521575985,0.1111111111111111,-0.000652313394359894,0.02368592110677573,0.03972284892573129,-0.019368387834224215
2020-08-27,2020,538,54,0.03903345724907063,0.07407407407407407,-0.006562746217412439,0.013107716659311841,0.02877920396030644,-0.04224862502542538
2020-08-28,2020,539,54,0.03525046382189239,0.07407407407407407,-0.033921544835414395,-0.03652609116610445,-0.0216544365768169,-0.2556307432934089
2020-08-31,2020,547,55,0.029250457038391225,0.07272727272727272,-0.04843846046753185,-0.05446298199173939,-0.03937168622413147,-0.20186614434191763
2020-09-01,2020,551,56,0.029038112522686024,0.08928571428571429,-0.04345333321563962,-0.04833011474464527,-0.033287024952259846,-0.26064412715688856
2020-09-02,2020,550,55,0.02909090909090909,0.09090909090909091,-0.04647011679357974,-0.057614195375350605,-0.042657772855261775,-0.2853016759702
2020-09-03,2020,554,56,0.02707581227436823,0.07142857142857142,-0.03229400549483579,-0.03191273703395786,-0.016273009468681623,-0.09976777159537294
2020-09-04,2020,555,56,0.021621621621621623,0.03571428571428571,-0.04876415630633837,-0.0657569294323569,-0.05055777342699881,-0.2226908887473806
2020-09-07,2020,563,57,0.023090586145648313,0.07017543859649122,-0.04621795265510727,-0.031436901064331536,-0.01563519347100979,-0.05094930588748666
2020-09-08,2020,560,56,0.03214285714285714,0.125,-0.05207243584715537,-0.01992979217871712,-0.0035639564466457907,0.05417798851839742
2020-09-09,2020,565,57,0.02831858407079646,0.14035087719298245,-0.07301647991713392,-0.05349034318394864,-0.03769922374489515,-0.11210083485696543
2020-09-10,2020,567,57,0.03350970017636684,0.17543859649122806,-0.05932592515035075,-0.021525151412153994,-0.005279833796222466,-0.005170206622620546
2020-09-11,2020,568,57,0.035211267605633804,0.19298245614035087,-0.03677234229362204,0.03945911811125917,0.056569423853795715,0.15744785605373962
2020-09-14,2020,567,57,0.031746031746031744,0.15789473684210525,-0.027370687248505013,0.047795641786420665,0.06473628103496415,0.14310346776993169
2020-09-15,2020,564,57,0.03368794326241135,0.19298245614035087,-0.017251055276298412,0.031370491655039835,0.04766223221492555,0.02318850322040444
2020-09-16,2020,566,57,0.030035335689045935,0.17543859649122806,-0.022007805466021532,0.025410924437014815,0.04188533726817212,0.06572441160572641
2020-09-17,2020,553,56,0.034358047016274866,0.17857142857142858,-0.02879748766082147,0.017916062262324728,0.034278761842087016,0.016591418499865274
2020-09-18,2020,555,56,0.032432432432432434,0.19642857142857142,-0.030800911171787692,0.01760546990071731,0.033986170305223544,0.029708530960381462
2020-09-21,2020,558,56,0.034050179211469536,0.16071428571428573,-0.033630385391310254,0.006320471022335556,0.022682686551176136,0.0337220579772412
2020-09-22,2020,556,56,0.0341726618705036,0.125,-0.029051769518291724,-0.008875069111226899,0.007369931317451757,0.02523475426014854
2020-09-23,2020,559,56,0.044722719141323794,0.19642857142857142,-0.026414793040776454,0.00468881329508384,0.021465303213788055,0.06397529326326558
2020-09-24,2020,549,55,0.04735883424408015,0.2,-0.020184093705678724,0.009691459668917424,0.026585338236555657,0.06001922685307998
2020-09-25,2020,547,55,0.0603290676416819,0.23636363636363636,-0.002215230402479536,0.03604105359721121,0.053178180681913115,0.14039343479698096
2020-09-28,2020,555,56,0.04504504504504504,0.23214285714285715,0.0029962997820903925,0.05966584830024651,0.07677606535456126,0.12725468244763088
2020-09-29,2020,548,55,0.058394160583941604,0.2909090909090909,0.006748044133909306,0.0731739056585452,0.09036781461171932,0.1388858394496029
2020-09-30,2020,542,55,0.05350553505535055,0.23636363636363636,-0.003003015034694422,0.03291909702473836,0.04942290067307603,0.015005035694542895
2020-10-05,2020,541,55,0.038817005545286505,0.2,-0.01059677889194639,0.021244161311445724,0.03766128655157257,-0.040332095355793296
2020-10-06,2020,540,54,0.03333333333333333,0.14814814814814814,-0.022920113336163728,-0.0010514056798445748,0.0152475606271123,0.0064501515486730665
2020-10-07,2020,535,54,0.03551401869158879,0.16666666666666666,-0.014761287880928972,0.008780710127779144,0.024997335143895166,-0.05567332737123818
2020-10-08,2020,536,54,0.029850746268656716,0.14814814814814814,-0.008121574454217486,0.004247251755673803,0.02030045323407605,-0.04964479843273818
2020-10-12,2020,531,54,0.030131826741996232,0.12962962962962962,0.006644835849865591,0.03116902622352795,0.04776426179265598,0.068824468325265
2020-10-13,2020,528,53,0.026515151515151516,0.11320754716981132,0.007779480411803666,-0.002948901395960853,0.01299673363995238,-0.1004349343481587
2020-10-14,2020,530,53,0.022641509433962263,0.11320754716981132,-0.011215966288527527,-0.040948824134250855,-0.02528037807110753,-0.23058910154732104
2020-10-15,2020,523,53,0.019120458891013385,0.09433962264150944,-0.026255246865855508,-0.06506293780835799,-0.04964885934117317,-0.2736901512608313
2020-10-16,2020,519,52,0.030828516377649325,0.09615384615384616,-0.021629255620939918,-0.04329227988098509,-0.02745431667937966,-0.17771705675678534
2020-10-19,2020,523,53,0.028680688336520075,0.11320754716981132,-0.046570901831019064,-0.07756247555190107,-0.06185550547296118,-0.20528521624368656
2020-10-20,2020,524,53,0.026717557251908396,0.11320754716981132,-0.061517171696735776,-0.09382361230106777,-0.0781919873639165,-0.23783390723565215
2020-10-21,2020,520,52,0.028846153846153848,0.11538461538461539,-0.06390289910636839,-0.09256741635332894,-0.0767536633562026,-0.23389381859470446
2020-10-22,2020,513,52,0.03313840155945419,0.09615384615384616,-0.05140088041150217,-0.07173700349254848,-0.05575019330305334,-0.17465529825611112
2020-10-23,2020,507,51,0.03155818540433925,0.09803921568627451,-0.05607863817392521,-0.08407066649050603,-0.06823901913797402,-0.19838621957611088
2020-10-26,2020,509,51,0.03143418467583497,0.11764705882352941,-0.05417048066298471,-0.07276561293695187,-0.0564772211646803,-0.09351251565185888
2020-10-27,2020,506,51,0.03162055335968379,0.11764705882352941,-0.05964480850788163,-0.08164126114689033,-0.06553673063446994,-0.12945034657990978
2020-10-28,2020,504,51,0.047619047619047616,0.1568627450980392,-0.03946271865680112,-0.023608082100081963,-0.006470793120965632,0.02958636675936836
2020-10-29,2020,504,51,0.05952380952380952,0.17647058823529413,-0.053939054761895144,-0.06967766918355248,-0.053061767202777436,-0.026307595258247787
2020-10-30,2020,498,50,0.07429718875502007,0.18,-0.035756127723877144,-0.03215508118042157,-0.014901610215039647,0.06638469054664078
2020-11-02,2020,501,51,0.08982035928143713,0.23529411764705882,-0.01235415365502483,-0.0011162293191125678,0.016247265027471768,0.08348002003960207
2020-11-03,2020,505,51,0.08316831683168317,0.19607843137254902,-0.022520022722011604,-0.02022281231751411,-0.0031449307939630544,0.10543171022300317
2020-11-04,2020,506,51,0.08695652173913043,0.19607843137254902,-0.02395742566249619,-0.029570718138300936,-0.012673316055653278,0.08920700561367209
2020-11-05,2020,505,51,0.09702970297029703,0.19607843137254902,-0.030637359941307816,-0.04202234861288194,-0.025348489111211882,0.035888620753891105
2020-11-06,2020,506,51,0.1007905138339921,0.17647058823529413,-0.03712292957958548,-0.07991647727757864,-0.06379186365108744,-0.026727003039164747
2020-11-09,2020,510,51,0.09215686274509804,0.1568627450980392,-0.051268385693461066,-0.0791648052450156,-0.0629056452350271,-0.028265030040937587
2020-11-10,2020,512,52,0.1015625,0.17307692307692307,-0.06724530364230376,-0.07771555764624836,-0.06103969288719677,0.08556172299599159
2020-11-11,2020,521,53,0.09596928982725528,0.18867924528301888,-0.05367562477459094,-0.0650109178196507,-0.0484443005879947,0.1332375818300514
2020-11-12,2020,523,53,0.10325047801147227,0.16981132075471697,-0.042168168737522604,-0.04980992326630531,-0.03314889873948916,0.14179024913229776
2020-11-13,2020,521,53,0.10748560460652591,0.1509433962264151,-0.04645098185398571,-0.06432766206132993,-0.04816161799044715,0.029139453620713688
2020-11-16,2020,524,53,0.09541984732824428,0.16981132075471697,0.006523676853577259,0.021449708588415693,0.038229655335197434,0.08466894548364647
2020-11-17,2020,527,53,0.10246679316888045,0.20754716981132076,-0.011327375610759733,-0.0094091385994487,0.006911230571615949,0.05518990101347384
2020-11-18,2020,533,54,0.09193245778611632,0.18518518518518517,-0.01166286463958901,-0.019719099854805074,-0.0033785886827721857,0.0953818630181228
2020-11-19,2020,534,54,0.09363295880149813,0.12962962962962962,-0.013069957301565566,-0.0345608419635206,-0.01850483187393598,0.045096396536313185
2020-11-20,2020,532,54,0.08082706766917293,0.16666666666666666,-0.010029106600487767,-0.007404529807464999,0.008957380276865743,0.02990804566967976
2020-11-23,2020,534,54,0.07677902621722846,0.16666666666666666,-0.012568959827010198,-0.005828208495531749,0.010532670576054583,0.0021494718050618154
2020-11-24,2020,531,54,0.08851224105461393,0.16666666666666666,-0.019763740957615017,-0.020424840672715553,-0.00444825829377538,-0.045317564991691164
2020-11-25,2020,537,54,0.08752327746741155,0.18518518518518517,-0.024689138986780428,0.006745590883960231,0.023413387234059876,0.006405263852676957
2020-11-26,2020,548,55,0.07846715328467153,0.2,-0.0252934377734914,0.024940606601219537,0.04192491933222738,-0.008573385458550537
2020-11-27,2020,558,56,0.06630824372759857,0.19642857142857142,-0.03408647716075566,0.005056371198586536,0.02170037279431249,-0.05461948792818024
2020-11-30,2020,572,58,0.06118881118881119,0.20689655172413793,-0.0414018327283362,-0.010142436811164649,0.006551645359812205,-0.05925997455520006
2020-12-01,2020,573,58,0.06457242582897033,0.1724137931034483,-0.032288111936522965,-0.010111639356165074,0.006393143944490179,-0.04892821244967647
2020-12-02,2020,581,59,0.06540447504302926,0.1694915254237288,-0.03595521126562249,-0.00620979177110642,0.010527785019651296,-0.024855301934753396
2020-12-03,2020,584,59,0.07191780821917808,0.22033898305084745,-0.03236830597022349,0.030758172281760823,0.04811097179775456,0.016866515235815557
2020-12-04,2020,588,59,0.07653061224489796,0.2711864406779661,-0.02146788981654841,0.07845855707299562,0.09648719722207431,0.05269493044318521
2020-12-07,2020,586,59,0.07849829351535836,0.2033898305084746,-0.015322208679124072,0.032178870894269025,0.04950853534355711,0.08326107874565203
2020-12-08,2020,591,60,0.06937394247038917,0.18333333333333332,-0.04225266009349574,0.0004668883276847539,0.017252264380531627,-0.002717527315808971
2020-12-09,2020,594,60,0.0707070707070707,0.23333333333333334,-0.06478849993665052,0.022989183513961054,0.04065005231254409,0.05514549543166753
2020-12-10,2020,593,60,0.08600337268128162,0.23333333333333334,-0.08566796991979403,-0.022784421209104455,-0.005494829198658091,-0.0018808481489185572
2020-12-11,2020,594,60,0.09090909090909091,0.31666666666666665,-0.07810226796910492,-0.006978800514316296,0.010733966779992483,0.05668321344867925
2020-12-14,2020,598,60,0.08862876254180602,0.3,-0.11014865475294479,-0.05931849111367285,-0.0423637127662152,-0.06134008483678654
2020-12-15,2020,598,60,0.10869565217391304,0.36666666666666664,-0.11707391356211799,-0.05290535455516479,-0.03540660023477511,0.05798236720792073
2020-12-16,2020,599,60,0.09515859766277128,0.31666666666666665,-0.10095705144466255,-0.030229230188766314,-0.012728143898976668,0.03456879320668187
2020-12-17,2020,601,61,0.09484193011647254,0.3442622950819672,-0.13004398752183186,-0.06339013339592647,-0.046267434863338175,0.007261073481170204
2020-12-18,2020,604,61,0.10099337748344371,0.32786885245901637,-0.1336981245485585,-0.07678106511301387,-0.05983993195974371,0.0015135862651999542
2020-12-21,2020,607,61,0.085667215815486,0.2786885245901639,-0.1536170853482425,-0.12024814306214422,-0.10364726207711508,-0.026009897985376444
2020-12-22,2020,606,61,0.10726072607260725,0.32786885245901637,-0.18606883890118603,-0.16592051952086,-0.1498272051396218,-0.07792450475432784
2020-12-23,2020,609,61,0.090311986863711,0.21311475409836064,-0.2319152260746822,-0.23740954320039048,-0.22189802825110458,-0.15958818324657656
2020-12-24,2020,612,62,0.08660130718954248,0.20967741935483872,-0.20061087005810035,-0.20311379304343205,-0.1875103792290437,-0.13889195798979126
2020-12-25,2020,607,61,0.08072487644151564,0.16393442622950818,-0.18218767491065632,-0.21299960143970922,-0.197800118736231,-0.14307358255148916
2020-12-28,2020,611,62,0.07528641571194762,0.16129032258064516,-0.16938581776744488,-0.209010475707463,-0.19427635493762843,-0.23759563304373854
2020-12-29,2020,616,62,0.08279220779220779,0.20967741935483872,-0.1641224598238715,-0.1900322924797416,-0.17496004546183133,-0.2004845578081777
2020-12-30,2020,614,62,0.07003257328990228,0.20967741935483872,-0.13824114424237866,-0.1553678302436378,-0.14042125961056917,-0.22397639637229483
2020-12-31,2020,613,62,0.06035889070146819,0.14516129032258066,-0.1410293083386948,-0.19173861818805873,-0.1776679542131824,-0.31025331898412345
2021-01-04,2021,614,62,0.03420195439739414,0.03225806451612903,-0.1538263460732606,-0.22680165981399128,-0.2132320725775547,-0.36028029541549833
2021-01-05,2021,610,61,0.03278688524590164,0.04918032786885246,-0.16087941709516723,-0.21494690191609295,-0.2009676384635977,-0.3556432259802681
2021-01-06,2021,605,61,0.03801652892561983,0.08196721311475409,-0.1390071680032687,-0.2009421790359364,-0.18681387970412688,-0.3133422689362358
2021-01-07,2021,603,61,0.03150912106135987,0.08196721311475409,-0.10636937214316482,-0.15610449614375535,-0.14189724480444038,-0.339078262680912
2021-01-08,2021,609,61,0.027914614121510674,0.06557377049180328,-0.10647017219408188,-0.15969940672133237,-0.14547038693718578,-0.3105440489486952
2021-01-11,2021,608,61,0.029605263157894735,0.08196721311475409,-0.12389152808872239,-0.16878779712346825,-0.15413369803911325,-0.2651240556602348
2021-01-12,2021,612,62,0.029411764705882353,0.08064516129032258,-0.08544821731367111,-0.08892629557618258,-0.07307901508864668,-0.08401690520975878
2021-01-13,2021,612,62,0.026143790849673203,0.0967741935483871,-0.05382377880907118,-0.05112142616653256,-0.03513912182172084,-0.04200687523632165
2021-01-14,2021,610,61,0.03934426229508197,0.11475409836065574,-0.029322930562643033,-0.03533377434903944,-0.019368407591995256,-0.005666420596883048
2021-01-15,2021,608,61,0.05592105263157895,0.14754098360655737,-0.013989146270530823,0.0010177760916815141,0.01784099341260972,0.12304873277897328
2021-01-18,2021,605,61,0.05454545454545454,0.11475409836065574,-0.005205004631238261,-0.020726652131892467,-0.0045732763391359,-0.01665283588396273
2021-01-19,2021,601,61,0.059900166389351084,0.18032786885245902,0.017862566030120344,0.025590953245222973,0.04226866525611379,-0.025018768208250733
2021-01-20,2021,598,60,0.08361204013377926,0.21666666666666667,0.07104674431966278,0.10523159036565063,0.12265734362828319,0.08536894562887842
2021-01-21,2021,600,60,0.08333333333333333,0.18333333333333332,0.0833581028899434,0.10621749965863692,0.12335130427652684,0.06007285105694815
2021-01-22,2021,604,61,0.08112582781456953,0.19672131147540983,0.06416012200900668,0.07885060979670892,0.0958866491378416,-0.022329135101803867
2021-01-25,2021,603,61,0.07296849087893864,0.13114754098360656,0.05778453534045678,0.0739083116295605,0.09074486473631352,-0.06634306261732922
2021-01-26,2021,598,60,0.07859531772575251,0.16666666666666666,0.04804530641413961,0.06776490090217442,0.08467155984125951,-0.089966338578187
2021-01-27,2021,596,60,0.07885906040268456,0.18333333333333332,0.03667842019678553,0.04326295485517487,0.06016731758574982,-0.08904786878499926
2021-01-28,2021,591,60,0.08798646362098139,0.21666666666666667,0.047874636145042955,0.03952173613840035,0.05610844388282473,-0.19641278296662465
2021-01-29,2021,586,59,0.12116040955631399,0.2711864406779661,0.04700085114079531,0.06452685234791998,0.08200499623775977,-0.07684940098758002
2021-02-01,2021,581,59,0.11359724612736662,0.3050847457627119,0.06986864099953033,0.10394643898720424,0.12185877909826066,0.06861222759097944
2021-02-02,2021,580,58,0.10344827586206896,0.27586206896551724,0.07803921578816764,0.11270862549672463,0.1304720121643346,0.039164209198879925
2021-02-03,2021,572,58,0.10314685314685315,0.29310344827586204,0.07902769117639614,0.12865788052115568,0.14687956904126442,0.10645495563110477
2021-02-04,2021,570,57,0.11578947368421053,0.3508771929824561,0.08456858392833451,0.13534269364907967,0.15355671807749835,0.11201197586748012
2021-02-05,2021,567,57,0.12169312169312169,0.3157894736842105,0.11031519415735014,0.16377340979782753,0.18182467539210664,0.12549551538875178
2021-02-17,2021,568,57,0.09330985915492958,0.2807017543859649,0.11304398143680491,0.1639208421405573,0.1818838782521261,0.13925053082442232
2021-02-18,2021,572,58,0.08216783216783216,0.2413793103448276,0.10449460950472096,0.17957590378299007,0.1976585822359229,0.04817434040154536
2021-02-19,2021,573,58,0.07853403141361257,0.22413793103448276,0.09077433352624713,0.14808058141355496,0.16570120058351628,-0.05695562622511112
2021-02-22,2021,581,59,0.06884681583476764,0.2033898305084746,0.054468849182039154,0.07938562713785374,0.09622617387421167,-0.12550076775031985
2021-02-23,2021,586,59,0.06996587030716724,0.2033898305084746,0.06521636168619621,0.1024707837455451,0.11945237268539421,-0.10501289684455019
2021-02-24,2021,587,59,0.08006814310051108,0.2542372881355932,0.06366833295353536,0.08491670952766159,0.10157526362750498,-0.14433042842330412
2021-02-25,2021,594,60,0.0707070707070707,0.23333333333333334,0.04906660448531811,0.10255788325257273,0.1201469951983515,0.009316864828210435
2021-02-26,2021,588,59,0.06972789115646258,0.2033898305084746,0.03628537110987856,0.04591905595222264,0.06263249541179984,-0.08858145401103379
2021-03-02,2021,589,59,0.08488964346349745,0.23728813559322035,0.04454964004243562,0.07807657594887034,0.09556692199180106,0.026050408249971856
2021-03-03,2021,589,59,0.06960950764006792,0.1864406779661017,0.055725468441518475,0.09076771412536654,0.10825156485697865,0.05312946819498189
2021-03-04,2021,590,59,0.08135593220338982,0.2033898305084746,0.03396562489743764,0.08632683698972608,0.10439273070274523,0.12457952310439334
2021-03-05,2021,591,60,0.10998307952622674,0.2833333333333333,0.049592627432606964,0.09157923620853066,0.10949457999325247,0.145847004192526
2021-03-08,2021,596,60,0.1174496644295302,0.31666666666666665,0.04742041152551001,0.13134725242362674,0.15031991907163988,0.2671471545957843
2021-03-09,2021,598,60,0.14381270903010032,0.3333333333333333,0.06333155329674052,0.1415056472225745,0.16047188236934254,0.27530666598281195
2021-03-10,2021,600,60,0.15166666666666667,0.35,0.054151539383996514,0.1315263240166998,0.15032834492937547,0.25310229728590194
2021-03-11,2021,604,61,0.14403973509933773,0.29508196721311475,0.07708912544205843,0.12154510760087477,0.13969791396553538,0.1723411411785925
2021-03-12,2021,607,61,0.14827018121911037,0.3442622950819672,0.060952033147757864,0.10512461735445335,0.12301493712745129,0.14162016846383155
2021-03-15,2021,609,61,0.1297208538587849,0.29508196721311475,0.03825660516750233,0.060183545590902485,0.07742004588166777,0.06477198568724171
2021-03-16,2021,615,62,0.14471544715447154,0.3064516129032258,0.044287869215843725,0.08056155546992604,0.09827164751282842,0.11397350064263123
2021-03-17,2021,617,62,0.15559157212317667,0.2903225806451613,0.051774874668847976,0.08520105702093325,0.10303936647188904,0.11681071472147678
2021-03-18,2021,622,63,0.15755627009646303,0.3333333333333333,0.055555229574052456,0.09558455369460275,0.11382250929481592,0.05830667497181201
2021-03-19,2021,626,63,0.17092651757188498,0.2857142857142857,0.04396477389073918,0.04732254038779143,0.06489134804771127,0.034943797911170464
2021-03-22,2021,629,63,0.17647058823529413,0.3333333333333333,0.06233058740790162,0.07503711722261826,0.09271138447088381,0.03150867698224707
2021-03-23,2021,636,64,0.21069182389937108,0.34375,0.04290830603112928,0.06869856744878934,0.08652187899759442,0.03458275643357387
2021-03-24,2021,636,64,0.19025157232704404,0.25,0.026377625050945385,0.025214234140241154,0.04258415327764199,0.059114060379883246
2021-03-25,2021,637,64,0.20408163265306123,0.375,0.04526367764834501,0.10607538071855313,0.12473551889204283,0.06413660305834842
2021-03-26,2021,641,65,0.1996879875195008,0.3384615384615385,0.052971644171049666,0.07331896183426549,0.09119161474151068,0.0386784320770715
2021-03-29,2021,645,65,0.20310077519379846,0.36923076923076925,0.06363435455465759,0.08473696237019707,0.10261829246992775,0.024638851611857495
2021-03-30,2021,645,65,0.20465116279069767,0.36923076923076925,0.054526945856807986,0.07827978613356042,0.0960814387101988,0.012112965861780954
2021-03-31,2021,649,65,0.19722650231124808,0.3076923076923077,0.03449556375898634,0.03443388954612698,0.05127002086356636,-0.10715163485300237
2021-04-01,2021,649,65,0.18181818181818182,0.26153846153846155,0.011690663745821051,-0.011478548965910551,0.004178790379327933,-0.17820054473901437
2021-04-06,2021,657,66,0.1704718417047184,0.22727272727272727,0.008856479232952155,-0.030682681678969734,-0.015414217401681793,-0.2188569501401275
2021-04-07,2021,657,66,0.1643835616438356,0.21212121212121213,-0.010097024567384396,-0.0667284194342174,-0.05185633940918629,-0.26183558472762847
2021-04-08,2021,661,67,0.14826021180030258,0.19402985074626866,-0.00869769850439996,-0.03275224272978883,-0.017227170012510482,-0.2276782432433261
2021-04-09,2021,669,67,0.14499252615844543,0.19402985074626866,0.002301446103930439,-0.016746980056095276,-0.0009830603922937257,-0.2359731510808782
2021-04-12,2021,682,69,0.13049853372434017,0.17391304347826086,-0.017059414646735965,-0.03165214856665307,-0.01663302846527285,-0.26705937962109355
2021-04-13,2021,692,70,0.14739884393063585,0.2571428571428571,-0.03426646472464048,-0.05442701626561101,-0.040236991824754244,-0.29709561931885053
2021-04-14,2021,694,70,0.15273775216138327,0.2857142857142857,-0.022864116188919904,-0.04623790341243774,-0.03221334526611971,-0.3179601937672139
2021-04-15,2021,696,70,0.12931034482758622,0.22857142857142856,-0.04625255268259864,-0.0907198335496312,-0.07732980601241483,-0.3975523480468296
2021-04-16,2021,705,71,0.11063829787234042,0.28169014084507044,-0.09017231638267383,-0.15341351999295455,-0.1413442202688287,-0.47527023824527
2021-04-19,2021,716,72,0.08100558659217877,0.2916666666666667,-0.09540058403192873,-0.13465170500797793,-0.12157292437390312,-0.43209107108034206
2021-04-20,2021,723,73,0.07192254495159059,0.2328767123287671,-0.07799654320202426,-0.09446184843564571,-0.08085512147155392,-0.35310631153601396
2021-04-21,2021,727,73,0.061898211829436035,0.2191780821917808,-0.09882937914814958,-0.14640860216100104,-0.1336924555403114,-0.47317397495589314
2021-04-22,2021,735,74,0.07891156462585033,0.25675675675675674,-0.07359349282453283,-0.09175906800321196,-0.07788391068107445,-0.3869956101957288
2021-04-23,2021,739,74,0.07442489851150202,0.2702702702702703,-0.057956231096805644,-0.06998579763014198,-0.05601555334628514,-0.3630264014303092
2021-04-26,2021,742,75,0.05121293800539083,0.14666666666666667,-0.06857210437063375,-0.10832197862864276,-0.09483806164226914,-0.41250010271891996
2021-04-27,2021,748,75,0.04411764705882353,0.12,-0.06488160837970788,-0.10136535184424823,-0.08776430001457586,-0.39494532677553656
2021-04-28,2021,745,75,0.038926174496644296,0.12,-0.06612390928994653,-0.09056602253116725,-0.07687305421431184,-0.38428184785189046
2021-04-29,2021,749,75,0.03204272363150868,0.08,-0.06330112016433886,-0.07826122455764777,-0.06405068163103582,-0.3700283158293054
2021-05-03,2021,752,76,0.03324468085106383,0.13157894736842105,-0.059791070932875834,-0.05796118528429948,-0.043035374833991474,-0.2785654297460513
2021-05-04,2021,754,76,0.05968169761273209,0.2631578947368421,-0.01863297096805318,0.04260888267235588,0.05935112166243912,-0.017124749577044473
2021-05-05,2021,755,76,0.05827814569536424,0.21052631578947367,-0.03388492916501471,0.01074117058334741,0.027062371803755796,-0.07158738720729882
2021-05-06,2021,754,76,0.05570291777188329,0.19736842105263158,-0.013410669370328874,0.038861364827321304,0.05540424317322462,-0.0035062590332895975
2021-05-07,2021,756,76,0.04894179894179894,0.17105263157894737,-0.027198169618867816,0.002110197903859031,0.017837033366378076,-0.142224314117144
2021-05-10,2021,754,76,0.04111405835543767,0.10526315789473684,-0.04493361956644261,-0.04683326525679058,-0.031414080557657965,-0.09320334638707421
2021-05-11,2021,749,75,0.05874499332443257,0.16,-0.021835905117433507,-0.0033526456260298304,0.013012079749432692,0.05134837309648285
2021-05-12,2021,738,74,0.08943089430894309,0.20270270270270271,0.01983504953938342,0.0896915562273192,0.10828181199016296,0.4259372018866569
2021-05-13,2021,734,74,0.10762942779291552,0.35135135135135137,-0.011727903324790769,0.0463621295669692,0.06422058380657676,0.28778145833803
2021-05-14,2021,731,74,0.1354309165526676,0.581081081081081,0.05232507276421439,0.22049174977200234,0.24164873461519326,0.6121937500134402
2021-05-17,2021,724,73,0.281767955801105,0.8904109589041096,0.05984168151996622,0.23214770723213654,0.2531516866414408,0.5836185513304648
2021-05-18,2021,734,74,0.1362397820163488,0.581081081081081,0.03569265237144973,0.17611817600497642,0.19570475157392472,0.4738877759266199
2021-05-19,2021,724,73,0.1132596685082873,0.4657534246575342,0.034849440814655575,0.1835949952251038,0.20336094127530346,0.4522733555471442
2021-05-20,2021,724,73,0.15331491712707182,0.5616438356164384,0.04190933016732331,0.18432847447356523,0.20392387081606447,0.42289565406879565
2021-05-21,2021,716,72,0.11312849162011174,0.4166666666666667,0.0471748188246209,0.19521705918069437,0.21470574430096556,0.2827987582127619
2021-05-24,2021,718,72,0.10306406685236769,0.4027777777777778,0.030389496513326928,0.17498688311131017,0.19400395756576996,0.14647151068057893
2021-05-25,2021,715,72,0.0951048951048951,0.375,0.036218858692664495,0.15134089900523887,0.1700062287988947,0.1936890365288942
2021-05-26,2021,711,72,0.09423347398030943,0.375,0.04126758433755428,0.1686197688663884,0.18768368406101466,0.26980948929007387
2021-05-27,2021,703,71,0.10526315789473684,0.352112676056338,0.04130132406840546,0.15894875556264518,0.1777178280050506,0.176118488899481
2021-05-28,2021,700,70,0.08857142857142856,0.2857142857142857,0.04119410461956761,0.16726065225412687,0.1860844701116468,0.15124185163518974
2021-05-31,2021,693,70,0.08658008658008658,0.37142857142857144,0.03810887436187678,0.1998170519969366,0.2190431013346821,0.12464176240833744
2021-06-01,2021,686,69,0.09183673469387756,0.43478260869565216,0.0318336234596259,0.17980014819924514,0.19879302100975418,0.15750162344139043
2021-06-02,2021,684,69,0.09064327485380116,0.463768115942029,0.033222628108443245,0.2112607546773407,0.23066368787143388,0.14971226925879444
2021-06-03,2021,684,69,0.08333333333333333,0.4782608695652174,0.030514559831997235,0.1960001911583573,0.21527030780747744,0.09308383509860757
2021-06-04,2021,680,68,0.1,0.5,0.041379363202404304,0.20571371284653694,0.22526704410363174,0.1358739340779757
2021-06-07,2021,677,68,0.1137370753323486,0.5,0.04323682463232437,0.22532326853542567,0.24519568222279636,0.12929985790880177
2021-06-08,2021,658,66,0.11702127659574468,0.45454545454545453,0.03689946158381168,0.14707094874567506,0.16572388785754266,0.07064429763481678
2021-06-09,2021,644,65,0.12111801242236025,0.46153846153846156,0.04858358004706702,0.2147355752585634,0.23448848361801194,0.12001940969542715
2021-06-10,2021,639,64,0.11580594679186229,0.453125,0.05878234972769103,0.17941318787867144,0.19822595768088458,0.11542819575440776
2021-06-11,2021,636,64,0.13522012578616352,0.484375,0.06243526529990355,0.15756422607379356,0.17611438023008424,0.14072417599719114
2021-06-15,2021,628,63,0.1305732484076433,0.3968253968253968,0.03379069614931329,0.04957522756222558,0.06652012457705915,0.06696617357663914
2021-06-16,2021,623,63,0.14285714285714285,0.4444444444444444,0.029594351210873556,0.053282711780497524,0.07043297013369806,0.09139452218366588
2021-06-17,2021,621,63,0.1288244766505636,0.3968253968253968,0.024918707544303087,0.045776512819679316,0.06283319535424581,0.08801893924817444
2021-06-18,2021,625,63,0.1312,0.36507936507936506,0.03515693563255325,0.0075135410416643815,0.023969254090059865,0.08046088578360534
2021-06-21,2021,626,63,0.1501597444089457,0.38095238095238093,0.03511311319135313,-0.02571196866840696,-0.009819383023446598,0.01513982029478137
2021-06-22,2021,627,63,0.1419457735247209,0.38095238095238093,0.018947283709891564,-0.00523260311529097,0.010929561277799461,-0.06136498652258355
2021-06-23,2021,627,63,0.13556618819776714,0.4126984126984127,0.017688133569677435,0.012130644014164313,0.028309819198505982,-0.11223271149297435
2021-06-24,2021,633,64,0.11848341232227488,0.359375,0.002718584335096312,-0.045544751998582995,-0.030223288585488454,-0.18576664251231956
2021-06-25,2021,637,64,0.11459968602825746,0.34375,0.009261616698912742,-0.02810030465983064,-0.01244726901614242,-0.11409893661592103
2021-06-28,2021,642,65,0.11059190031152648,0.2923076923076923,0.01996291164107845,-0.04790880463685616,-0.032816963884254285,-0.11649101667553557
2021-06-29,2021,643,65,0.10108864696734059,0.26153846153846155,0.012085348046635143,-0.0798434072032065,-0.06529081879008809,-0.1906513319995517
2021-06-30,2021,645,65,0.07906976744186046,0.13846153846153847,0.0035201667975443295,-0.11550777916170914,-0.10187567318484157,-0.2923131615814447
2021-07-01,2021,645,65,0.08992248062015504,0.18461538461538463,0.006303089677498174,-0.0814001989958787,-0.06688379907482805,-0.19894689843575422
2021-07-02,2021,646,65,0.08204334365325078,0.15384615384615385,-0.005406866248043896,-0.10581669683771017,-0.09179387933450796,-0.28853681578192675
2021-07-05,2021,653,66,0.06125574272588055,0.10606060606060606,-0.010511549003251986,-0.09207207907676125,-0.07774114998235629,-0.28576867050965266
2021-07-06,2021,651,66,0.06912442396313365,0.16666666666666666,-0.003942283093752622,-0.08239748520613144,-0.0678204642958356,-0.21773270419550667
2021-07-07,2021,654,66,0.07339449541284404,0.13636363636363635,-0.015132949335596552,-0.10723158280807821,-0.09290800447363236,-0.22082344873352983
2021-07-08,2021,661,67,0.06354009077155824,0.1044776119402985,-0.020530628689526285,-0.11485338592353878,-0.10053532402682715,-0.24313772507612835
2021-07-09,2021,659,66,0.06069802731411229,0.045454545454545456,-0.029566890445049857,-0.14346406131804107,-0.12976000123191206,-0.33161148734067075
2021-07-12,2021,662,67,0.04078549848942598,0.029850746268656716,-0.03607470869089339,-0.1385535733915114,-0.12492536039271544,-0.40896343788423994
2021-07-13,2021,668,67,0.05089820359281437,0.1044776119402985,-0.02327423592201105,-0.0736759554139913,-0.05911898645918597,-0.2718112305580409
2021-07-14,2021,670,67,0.05223880597014925,0.11940298507462686,-0.027966695968037653,-0.07399092776665288,-0.05957388421570374,-0.34391584359805444
2021-07-15,2021,671,68,0.037257824143070044,0.04411764705882353,-0.031946449810365936,-0.0830493866391836,-0.06867747985373794,-0.3266241572601255
2021-07-16,2021,672,68,0.03125,0.07352941176470588,-0.05277961175515521,-0.11511319787618747,-0.10131336952261973,-0.4254854235928847
2021-07-19,2021,670,67,0.025373134328358207,0.029850746268656716,-0.07311542500739464,-0.14120529161784628,-0.12772124658937725,-0.4558901421187635
2021-07-20,2021,674,68,0.025222551928783383,0.014705882352941176,-0.08167980279366571,-0.1788917947077855,-0.16618892707588315,-0.5717188895741474
2021-07-21,2021,675,68,0.028148148148148148,0.04411764705882353,-0.055934024344668355,-0.11865303000966977,-0.10490083805807253,-0.4333481363157148
2021-07-22,2021,676,68,0.016272189349112426,0.029411764705882353,-0.06259115663389614,-0.12395384306161288,-0.11067368561287534,-0.4819439314663714
2021-07-23,2021,677,68,0.014771048744460856,0.014705882352941176,-0.064831584067934,-0.11549284842225636,-0.10216604985157732,-0.4551505263225472
2021-07-26,2021,675,68,0.013333333333333334,0.014705882352941176,-0.07739724445705988,-0.09656495532752964,-0.08237505125176847,-0.34285009220907386
2021-07-27,2021,675,68,0.017777777777777778,0.058823529411764705,-0.06102202499570568,-0.051420741546079694,-0.03641597117733402,-0.23241882614392886
2021-07-28,2021,672,68,0.019345238095238096,0.10294117647058823,-0.05415210457536023,-0.039979448092602274,-0.024609690264529957,-0.1882502594469489
2021-07-29,2021,665,67,0.016541353383458645,0.05970149253731343,-0.06281078847038626,-0.05497268347812135,-0.03981932179482217,-0.21033648165526067
2021-07-30,2021,664,67,0.01355421686746988,0.07462686567164178,-0.06323707231031789,-0.05838547093363432,-0.043199289567931336,-0.21779038220623723
2021-08-02,2021,662,67,0.013595166163141994,0.07462686567164178,-0.06543918103559154,-0.06881552696452606,-0.05375064629592713,-0.23656430722433722
2021-08-03,2021,659,66,0.012139605462822459,0.045454545454545456,-0.06762889888676206,-0.07709826288386622,-0.06214939721588104,-0.2487569844950523
2021-08-04,2021,655,66,0.012213740458015267,0.07575757575757576,-0.062071639985134416,-0.057085345446208975,-0.041811671857201554,-0.22782562002704349
2021-08-05,2021,659,66,0.012139605462822459,0.045454545454545456,-0.06480905827346081,-0.05863595782102229,-0.043472878796651133,-0.2772408033062899
2021-08-06,2021,654,66,0.012232415902140673,0.045454545454545456,-0.07431550095417767,-0.08087664117374078,-0.0657561999903834,-0.2974747932447086
2021-08-09,2021,647,65,0.02009273570324575,0.09230769230769231,-0.08361738833567936,-0.10469179166912353,-0.08990663216145811,-0.33991785625371684
2021-08-10,2021,640,64,0.01875,0.078125,-0.07521024672747878,-0.09460420927265971,-0.07960163277485857,-0.3099835335112416
2021-08-11,2021,641,65,0.028081123244929798,0.13846153846153847,-0.07051515977619817,-0.07831433316404553,-0.06317894112116698,-0.2504828892815959
2021-08-12,2021,639,64,0.02190923317683881,0.109375,-0.06862352488703048,-0.07413817909009471,-0.0589050086744331,-0.2709945592699615
2021-08-13,2021,640,64,0.025,0.140625,-0.056958659709279255,-0.04460902642992093,-0.028575883350517778,-0.08666641428566794
2021-08-16,2021,635,64,0.03937007874015748,0.125,-0.03903295989271755,-0.05714141682329932,-0.04135526983235292,-0.13505512508483566
2021-08-17,2021,633,64,0.061611374407582936,0.171875,-0.020771212305104165,-0.013851094410824627,0.0028700034955099207,0.10636028431997774
2021-08-18,2021,633,64,0.03475513428120063,0.109375,-0.04076281560512946,-0.06614050752604272,-0.05046966434558984,-0.20320534703065876
2021-08-19,2021,630,63,0.06031746031746032,0.14285714285714285,-0.037162779550975536,-0.05437847938815258,-0.03830717916248882,-0.14781090486559964
2021-08-20,2021,624,63,0.041666666666666664,0.12698412698412698,-0.04604561074293693,-0.07194635408462896,-0.05611393773456564,-0.2142390436151447
2021-08-23,2021,620,62,0.025806451612903226,0.03225806451612903,-0.04425123934143937,-0.10926247409272767,-0.09478729147506594,-0.3942551475433955
2021-08-24,2021,622,63,0.027331189710610933,0.07936507936507936,-0.03638278947542332,-0.07273777186522612,-0.05757810662702153,-0.3233846058870158
2021-08-25,2021,617,62,0.02593192868719611,0.06451612903225806,-0.038837009563616666,-0.07018814240884377,-0.05506895565631126,-0.3914611209272894
2021-08-26,2021,614,62,0.029315960912052116,0.06451612903225806,-0.03519387946094393,-0.07901871347512815,-0.06391065150287854,-0.37422013737705545
2021-08-27,2021,614,62,0.029315960912052116,0.08064516129032258,-0.02757211305011724,-0.06893790521781219,-0.05401423862187035,-0.4041129737396527
2021-08-30,2021,609,61,0.024630541871921183,0.04918032786885246,-0.021808243725008294,-0.08137650450072159,-0.06708191068285853,-0.46218560179273827
2021-08-31,2021,606,61,0.02145214521452145,0.04918032786885246,-0.014360974734842108,-0.07438300436387214,-0.05994031328674861,-0.42268426486319827
2021-09-01,2021,602,61,0.02159468438538206,0.04918032786885246,-0.025252650346665878,-0.0922346673689499,-0.07851224657567303,-0.5266427410032303
2021-09-02,2021,600,60,0.023333333333333334,0.05,-0.03374977726883595,-0.11589566491086423,-0.10261538315621223,-0.5988377743879588
2021-09-03,2021,597,60,0.021775544388609715,0.03333333333333333,-0.011945102337676552,-0.06743453662775399,-0.053535425313410906,-0.5127366310125745
2021-09-06,2021,593,60,0.023608768971332208,0.05,-0.002498311026395879,-0.06601966308426771,-0.05218673080234247,-0.5388384321773868
2021-09-07,2021,580,58,0.02586206896551724,0.08620689655172414,0.0054965545986682945,-0.025279114125647727,-0.010419635935430568,-0.42455637917227856
2021-09-08,2021,575,58,0.03304347826086956,0.10344827586206896,0.015439874701427818,-0.0164814739500189,-0.001383472343903525,-0.3729676369660365
2021-09-09,2021,574,58,0.02613240418118467,0.06896551724137931,0.0022072825399113783,-0.05610532341292552,-0.041908736176858266,-0.5076626591447707
2021-09-10,2021,571,58,0.02276707530647986,0.034482758620689655,-0.004025571554274001,-0.07246629551284199,-0.05870431961651715,-0.5520125080018113
2021-09-13,2021,564,57,0.01950354609929078,0.03508771929824561,-0.009466663262494106,-0.07580454339109317,-0.062056488343909234,-0.5406468628233303
2021-09-14,2021,561,57,0.0196078431372549,0.03508771929824561,-0.01753427933746703,-0.06499848912786464,-0.050623510023441225,-0.44130684411333765
2021-09-15,2021,557,56,0.017953321364452424,0.017857142857142856,-0.015170681950509583,-0.06737301320669688,-0.053026667191255164,-0.4168005854308216
2021-09-16,2021,554,56,0.02527075812274368,0.07142857142857142,-0.009639265841264155,-0.02687524967282821,-0.011678963664186191,-0.28593761655970307
2021-09-17,2021,556,56,0.025179856115107913,0.08928571428571429,-0.007156950903211279,0.010292950107301715,0.02638449594869476,-0.19173231564486362
2021-09-22,2021,553,56,0.027124773960216998,0.07142857142857142,-0.004955015240559855,-0.0020741699137168767,0.013657894121377764,-0.24640082658719897
2021-09-23,2021,554,56,0.023465703971119134,0.08928571428571429,-0.013086640767054746,-0.0022734038255625383,0.013410676740809856,-0.2296295910745462
2021-09-24,2021,550,55,0.02181818181818182,0.09090909090909091,-0.0025050398849762088,-0.008006433747518402,0.007456542624235502,-0.2326203737933952
2021-09-27,2021,558,56,0.021505376344086023,0.07142857142857142,-0.012146560689325344,-0.019557473550849976,-0.0040799507057018925,-0.24177523488993635
2021-09-28,2021,559,56,0.025044722719141325,0.07142857142857142,-0.003802175178402125,-0.001094186322756963,0.014949528725218809,-0.08273820681182086
2021-09-29,2021,560,56,0.05,0.125,-0.003008963228756413,-0.010390331496760078,0.005528571980575236,-0.06864562974213954
2021-09-30,2021,561,57,0.0392156862745098,0.08771929824561403,0.00549750066816333,0.0039235540059486705,0.019912940915298247,-0.03889762766454074
2021-10-01,2021,563,57,0.06216696269982238,0.12280701754385964,0.02147000828788188,0.025374610407916456,0.04197915135006492,0.07139559873321857
2021-10-04,2021,564,57,0.09929078014184398,0.24561403508771928,0.03390890824405761,0.07282076933898056,0.09048481807888477,0.23390600010180496
2021-10-05,2021,562,57,0.08718861209964412,0.21052631578947367,0.0211029052093062,0.039367388289515956,0.05629215865194149,0.07072091813573117
2021-10-06,2021,559,56,0.09838998211091235,0.21428571428571427,0.03426809326378254,0.05529215406090622,0.0724117465941978,0.12837733420759115
2021-10-07,2021,563,57,0.06394316163410302,0.17543859649122806,0.01281851525394645,0.02799927373639023,0.04472087223058659,0.10407073517830782
2021-10-08,2021,559,56,0.06618962432915922,0.14285714285714285,-0.0022683014389119445,0.012036690286966816,0.028997411360414758,0.20431607961277318
2021-10-12,2021,563,57,0.108348134991119,0.2807017543859649,0.002600117088685303,0.03975405109516124,0.05724959791753881,0.2768993131782868
2021-10-13,2021,561,57,0.12299465240641712,0.2807017543859649,0.017808996863017557,0.048036579721117946,0.06562794802362108,0.2868029565850031
2021-10-14,2021,559,56,0.12164579606440072,0.26785714285714285,0.027572245619840265,0.06202274656876677,0.07954560749768211,0.20903330742312295
2021-10-15,2021,561,57,0.0944741532976827,0.2631578947368421,0.03263676663496657,0.06315047265573079,0.08049607169157381,0.18737468061323742
2021-10-18,2021,566,57,0.10247349823321555,0.2807017543859649,0.025704348860297037,0.05153250935297937,0.06889907077638432,0.19807972822901154
2021-10-19,2021,566,57,0.08657243816254417,0.2807017543859649,0.018086615360404835,0.049341461901985136,0.06659955803003288,0.13589397989169752
2021-10-20,2021,567,57,0.08641975308641975,0.24561403508771928,0.017601626063269978,0.039730434560669686,0.05692968451228691,0.14032218679776656
2021-10-21,2021,572,58,0.08916083916083917,0.27586206896551724,0.003670327568221808,0.029882741588744034,0.04707313909838975,0.1300504157518602
2021-10-22,2021,572,58,0.0944055944055944,0.3103448275862069,0.002899097670979238,0.03791177675051844,0.055302381417256276,0.16848741698244513
2021-10-25,2021,570,57,0.08947368421052632,0.24561403508771928,0.004219283219796758,0.014951619919334061,0.03185441762991319,0.11871874220861095
2021-10-26,2021,573,58,0.08551483420593368,0.25862068965517243,0.004999134500241067,0.020492220032429464,0.03728950559803528,0.14811929132986293
2021-10-27,2021,572,58,0.06643356643356643,0.1896551724137931,0.01508699251720823,0.03659551562004761,0.05352052623335129,0.18060127456118724
2021-10-28,2021,573,58,0.07155322862129145,0.1896551724137931,0.005672986378889728,0.018039832143756353,0.03471008320113839,0.11303163032059665
2021-10-29,2021,571,58,0.06830122591943957,0.15517241379310345,-0.008206483395961016,-0.01434288171969728,0.0016420152918384429,-0.007448660056257004
2021-11-01,2021,572,58,0.05419580419580419,0.10344827586206896,-0.019721736869908493,-0.031584578834235426,-0.01594641045019738,-0.09071109946832279
2021-11-02,2021,574,58,0.06968641114982578,0.1724137931034483,0.0043816075381193625,0.02369346653263197,0.04024503268339701,0.09891468744313336
2021-11-03,2021,574,58,0.06445993031358885,0.1724137931034483,-0.010491097889732662,0.004330800019542434,0.02074056610600606,0.04221658678161372
2021-11-04,2021,578,58,0.0657439446366782,0.1724137931034483,-0.033202528061362126,-0.017918601303371327,-0.0016717267384495447,0.02810306443495644
2021-11-05,2021,579,58,0.06217616580310881,0.1896551724137931,-0.01823704118040221,0.013763414283661084,0.03037935569920996,0.05074734178529897
2021-11-08,2021,580,58,0.05344827586206897,0.1896551724137931,-0.0019514200876742326,0.040992512540539504,0.057769968602390524,0.0996471916856053
2021-11-09,2021,580,58,0.04827586206896552,0.13793103448275862,-0.0009268809114151893,0.025890880270980462,0.04242076287378185,0.09318572042814013
2021-11-10,2021,585,59,0.04786324786324787,0.15254237288135594,-0.00951027040592325,0.0071530808465955584,0.02362622139883846,0.07958255555254282
2021-11-11,2021,589,59,0.04584040747028863,0.0847457627118644,-0.008302447490723591,0.01269045576269455,0.029118575467733974,0.03291955164855295
2021-11-12,2021,594,60,0.04882154882154882,0.13333333333333333,-0.006958407678789581,0.004707567541608474,0.02092735485128823,0.041534762932023885
2021-11-15,2021,596,60,0.040268456375838924,0.13333333333333333,-0.0003204984886139889,0.0075265653559823805,0.02369456382877822,0.046530976200435566
2021-11-16,2021,601,61,0.036605657237936774,0.11475409836065574,-0.00814063369041657,-0.010712417185650018,0.00496589304941711,-0.07489966608244682
2021-11-17,2021,604,61,0.0380794701986755,0.11475409836065574,-0.003303393479359973,0.004511451683433589,0.020405358338729813,-0.013338839526270992
2021-11-18,2021,605,61,0.03636363636363636,0.11475409836065574,0.0006997868437781227,0.01765554537632324,0.0337615585393924,0.06265653278328483
2021-11-19,2021,603,61,0.03980099502487562,0.11475409836065574,-0.005454777651231877,-0.006864570863751959,0.008921388407354984,-0.07418899523933753
2021-11-22,2021,604,61,0.0347682119205298,0.11475409836065574,-0.00525108526414942,0.0013470839433363255,0.017201952349289798,-0.056083344710802355
2021-11-23,2021,602,61,0.036544850498338874,0.08196721311475409,-0.005177594462138386,0.0032470804257350187,0.01936926182981562,0.021863848436714264
2021-11-24,2021,603,61,0.03980099502487562,0.09836065573770492,-0.0158455668193876,0.0011440580818442387,0.017301249538800988,-0.020204028376346068
2021-11-25,2021,603,61,0.04145936981757877,0.11475409836065574,-0.014868353781626504,0.024293649064208014,0.04102240016163944,0.08699206215453004
2021-11-26,2021,605,61,0.05454545454545454,0.16393442622950818,0.0007403163871719548,0.061595430055884956,0.07919849882932457,0.26777218096395866
2021-11-29,2021,600,60,0.056666666666666664,0.18333333333333332,-0.009950882076471072,0.04053950584633361,0.057788998572449485,0.11544875499565835
2021-11-30,2021,604,61,0.048013245033112585,0.18032786885245902,-0.022658342328352,0.03515394167329366,0.052534608244689834,0.03878423427421943
2021-12-01,2021,607,61,0.04942339373970346,0.16393442622950818,-0.015256627191022883,0.03153298342682315,0.048689836460684664,0.018336190481007448
2021-12-02,2021,607,61,0.06589785831960461,0.19672131147540983,0.004373772601157252,0.040745430536422454,0.05778184010023344,0.04775749866886825
2021-12-03,2021,607,61,0.05271828665568369,0.16393442622950818,-0.020448445234676586,-0.00022381999839116514,0.016405502450626067,0.01288841300387023
2021-12-06,2021,603,61,0.05140961857379768,0.19672131147540983,-0.043449765634837476,-0.018258352506007054,-0.0016319154184782495,-0.017831737574645064
2021-12-07,2021,601,61,0.05490848585690516,0.18032786885245902,-0.04199311930103659,-0.03513678975394274,-0.01902056933711312,-0.12803747266996454
2021-12-08,2021,599,60,0.048414023372287146,0.2,-0.042710456550263294,-0.031715231916953746,-0.015625319306511225,-0.22281791350965705
2021-12-09,2021,595,60,0.043697478991596636,0.18333333333333332,-0.048055807826066416,-0.04377664201959934,-0.0279500067054509,-0.27568110488945136
2021-12-10,2021,591,60,0.03722504230118443,0.16666666666666666,-0.05049315640801587,-0.04866205632633172,-0.03285321013180847,-0.2787466465268141
2021-12-13,2021,595,60,0.03529411764705882,0.15,-0.08074786355864194,-0.11703484112147645,-0.10201489779375363,-0.3908792950264197
2021-12-14,2021,594,60,0.05555555555555555,0.18333333333333332,-0.07635799024703648,-0.09626647580573251,-0.08074177909576309,-0.32498592494966044
2021-12-15,2021,592,60,0.04391891891891892,0.15,-0.08713276099632529,-0.12320817120693604,-0.10818022610029275,-0.4611200260459985
2021-12-16,2021,584,59,0.03424657534246575,0.13559322033898305,-0.09755645298260386,-0.13108013467640392,-0.11620204152934616,-0.5043883060703678
2021-12-17,2021,585,59,0.03418803418803419,0.13559322033898305,-0.09511295410257227,-0.11541871560094558,-0.10012855150594342,-0.3796247154023036
2021-12-20,2021,581,59,0.03270223752151463,0.1694915254237288,-0.09049167987702206,-0.10951840016545761,-0.09419309567032978,-0.3932552564502311
2021-12-21,2021,578,58,0.031141868512110725,0.1206896551724138,-0.08312906511523115,-0.1084045810691276,-0.0934145436287409,-0.4439795416967175
2021-12-22,2021,580,58,0.029310344827586206,0.1206896551724138,-0.0829593630114433,-0.11746384625813536,-0.10264515390629485,-0.44647043597837754
2021-12-23,2021,584,59,0.018835616438356163,0.0847457627118644,-0.08238870913272939,-0.1217861638889888,-0.1074370253070772,-0.5505566412864652
2021-12-24,2021,588,59,0.02040816326530612,0.05084745762711865,-0.09459583864070041,-0.13975196831452963,-0.1255587735763193,-0.5498473975536632
2021-12-27,2021,590,59,0.015254237288135594,0.01694915254237288,-0.09403886192626247,-0.15504428992867542,-0.14148681086710113,-0.6176972766072132
2021-12-28,2021,589,59,0.013582342954159592,0.01694915254237288,-0.08329430284958991,-0.14708274689646683,-0.1335360192820867,-0.6358057914616727
2021-12-29,2021,592,60,0.015202702702702704,0.03333333333333333,-0.06787890567389242,-0.1215594947306038,-0.10757528745646897,-0.5864503809233057
2021-12-30,2021,589,59,0.010186757215619695,0.01694915254237288,-0.06224802281920134,-0.12539960666865174,-0.11141510546541476,-0.5394977328504421
2022-01-03,2022,594,60,0.013468013468013467,0.03333333333333333,-0.03651063777532772,-0.07614528225908543,-0.06150216560407038,-0.4892487957208577
2022-01-04,2022,598,60,0.008361204013377926,0.03333333333333333,-0.030110129098493355,-0.07889471164089187,-0.06436956625274576,-0.49926586137703866
2022-01-05,2022,598,60,0.013377926421404682,0.05,-0.03386723041183601,-0.0654235434780255,-0.05050246560117136,-0.39959764405003495
2022-01-06,2022,594,60,0.013468013468013467,0.05,-0.04101653982422877,-0.09695529303490898,-0.08278610748479553,-0.47191458220982896
2022-01-07,2022,597,60,0.010050251256281407,0.05,-0.030726593711086284,-0.06712421240111634,-0.05230326741091629,-0.3561756599737462
2022-01-10,2022,599,60,0.008347245409015025,0.05,-0.030972653590686468,-0.06897094964468702,-0.05409172669519465,-0.3477914186268564
2022-01-11,2022,599,60,0.01669449081803005,0.06666666666666667,-0.01095430499195426,-0.04677469576865903,-0.03171698603431719,-0.28642892661536495
2022-01-12,2022,600,60,0.015,0.05,0.0032142632749396533,-0.03313964265477681,-0.017928803210636828,-0.22695330694516
2022-01-13,2022,598,60,0.01839464882943144,0.05,0.02019350990608928,-0.013818644293296038,0.0015380730746076931,-0.17611709586255403
2022-01-14,2022,591,60,0.01353637901861252,0.05,0.028039267645414645,-0.013736904002847937,0.0013793707695206252,-0.2529422620129348
2022-01-17,2022,594,60,0.013468013468013467,0.05,0.030420893820104915,-0.009399121275649052,0.0057185896543416066,-0.3107273317142756
2022-01-18,2022,591,60,0.01692047377326565,0.05,0.012397225768735386,-0.028321122719900355,-0.01355623093928354,-0.35703517472550844
2022-01-19,2022,586,59,0.020477815699658702,0.05084745762711865,0.0163004847010585,-0.034567736249211806,-0.019884462592704173,-0.36533165516925087
2022-01-20,2022,581,59,0.020654044750430294,0.05084745762711865,0.016109885654525556,-0.026680572244448135,-0.011505009031907739,-0.27597141646357976
2022-01-21,2022,579,58,0.03281519861830743,0.06896551724137931,0.033620614684049886,-0.008451247063719351,0.00712335624574685,-0.18538724427093706
2022-01-24,2022,576,58,0.03819444444444445,0.08620689655172414,0.042714114896886264,-0.0010085807297393382,0.014669045192689986,-0.18815581703391743
2022-01-25,2022,571,58,0.043782837127845885,0.06896551724137931,0.04637882186840029,0.009874783197544033,0.02571216615278609,-0.13991027820396087
2022-01-26,2022,566,57,0.045936395759717315,0.08771929824561403,0.044319819702775175,-0.004586139447325529,0.01036180672918799,-0.2987667495915344
2022-02-07,2022,563,57,0.03374777975133215,0.07017543859649122,0.026900931946017996,-0.019823299035438866,-0.005510221572955871,-0.3228466453940784
2022-02-08,2022,560,56,0.026785714285714284,0.07142857142857142,0.01869951016401659,-0.01494005500940081,-0.00041892314528006735,-0.37036835207146407
2022-02-09,2022,556,56,0.017985611510791366,0.03571428571428571,0.0017921969690922785,-0.04156355889265328,-0.027081358328069776,-0.3748265648089925
2022-02-10,2022,558,56,0.016129032258064516,0.017857142857142856,0.026609433640788147,-0.014743708317352546,-0.00013194545483947797,-0.2980201962519355
2022-02-11,2022,556,56,0.01618705035971223,0.03571428571428571,0.03119669665461769,-0.01448593606142996,0.00020730467580165612,-0.24643263450432223
2022-02-14,2022,554,56,0.019855595667870037,0.03571428571428571,0.02658143853553725,-0.023281176656978316,-0.008905850751407624,-0.34816900670888035
2022-02-15,2022,548,55,0.021897810218978103,0.03636363636363636,0.021528982643712415,-0.020319749261008647,-0.005958967695359911,-0.381803655348311
2022-02-16,2022,546,55,0.020146520146520148,0.03636363636363636,0.016952689573758572,-0.015381710983061368,-0.0005278971401937772,-0.3035911521969976
2022-02-17,2022,543,55,0.020257826887661142,0.03636363636363636,0.0263628838890823,0.004221744134687536,0.019450208401795118,-0.18058850191389764
2022-02-18,2022,544,55,0.02389705882352941,0.05454545454545454,0.01710943480057266,-0.007238478272311285,0.007912366454561347,-0.25473780487998043
2022-02-21,2022,548,55,0.020072992700729927,0.10909090909090909,0.017914739077918667,0.021748912564692996,0.03743170966742518,-0.17144053744552096
2022-02-22,2022,547,55,0.031078610603290677,0.16363636363636364,0.02095913262668504,0.035656518264571904,0.05178921292140169,-0.10365632503416411
2022-02-23,2022,544,55,0.029411764705882353,0.16363636363636364,0.018703261547244627,0.03777053575971267,0.05400841630102163,-0.08675314239800377
2022-02-24,2022,548,55,0.0364963503649635,0.10909090909090909,0.0055102005941009835,-0.003159183818151878,0.01267790677480993,-0.11927238479163053
2022-02-25,2022,547,55,0.03290676416819013,0.12727272727272726,0.009614417614220674,0.01843527448533106,0.03444511784927789,-0.11674123251510457
2022-03-01,2022,552,56,0.025362318840579712,0.08928571428571429,0.008687181346379854,0.024500799323715156,0.040518090568401235,-0.09364650692973515
2022-03-02,2022,551,56,0.02722323049001815,0.125,-0.00459745282314602,0.012975840684753822,0.028946711199709683,-0.16353851647606654
2022-03-03,2022,555,56,0.023423423423423424,0.08928571428571429,-0.010970767289292568,-0.01277353077805304,0.0029614212976534055,-0.1913495788041588
2022-03-04,2022,558,56,0.023297491039426525,0.07142857142857142,-0.001964672769681171,0.0052339966542852435,0.02130880986908981,-0.13087878514535795
2022-03-07,2022,558,56,0.02867383512544803,0.10714285714285714,0.004587941640559788,0.030730210339765956,0.04766536969279504,0.04220781429627109
2022-03-08,2022,558,56,0.043010752688172046,0.16071428571428573,-0.002028575099608956,0.000517274514317093,0.016704319331949356,-0.08660673925341959
2022-03-09,2022,563,57,0.037300177619893425,0.14035087719298245,0.009114582381528104,-0.0034108401417270186,0.012443091938535732,-0.12082620638442934
2022-03-10,2022,565,57,0.02831858407079646,0.14035087719298245,0.011079407864572843,0.007088104229402885,0.022786643654830466,-0.18153967448708186
2022-03-11,2022,562,57,0.030249110320284697,0.14035087719298245,-0.0025018760191700034,0.00019232862540737687,0.0158906071741804,-0.22456467448537085
2022-03-14,2022,557,56,0.02872531418312388,0.14285714285714285,-0.02043531787577905,0.0005735142802851137,0.01679609421446186,-0.11620288228840549
2022-03-15,2022,560,56,0.04285714285714286,0.19642857142857142,-0.005061219258343187,0.030461549322940346,0.047095807673260145,-0.038765318369589234
2022-03-16,2022,558,56,0.044802867383512544,0.19642857142857142,0.008583284914716131,0.026325444810310593,0.042353920841164926,-0.12278808216125925
2022-03-17,2022,558,56,0.03046594982078853,0.10714285714285714,0.005786060487182195,0.022368845023111213,0.03812076085367105,-0.16558150158601267
2022-03-18,2022,561,57,0.0285204991087344,0.08771929824561403,0.0006829441147933703,0.006317608173529773,0.021843016941791818,-0.1753466200825145
2022-03-21,2022,559,56,0.023255813953488372,0.07142857142857142,-0.0005481207535918739,-0.01241960281996282,0.002882239444926279,-0.1718976938514935
2022-03-22,2022,560,56,0.019642857142857142,0.05357142857142857,-0.0029093507828988627,-0.016430679981674384,-0.0012714572406510186,-0.21421809575077594
2022-03-23,2022,563,57,0.019538188277087035,0.05263157894736842,0.00344824443635644,-0.019141622514392373,-0.004148214419319985,-0.250696876889732
2022-03-24,2022,566,57,0.0176678445229682,0.07017543859649122,-0.012921250638732507,-0.0475213210992438,-0.0333524883253801,-0.37109777799279275
2022-03-25,2022,563,57,0.021314387211367674,0.07017543859649122,-0.010023133400416263,-0.05467464985252722,-0.04046761147440836,-0.3209297803772749
2022-03-28,2022,563,57,0.017761989342806393,0.07017543859649122,-0.012953273967883453,-0.061855053627480346,-0.04807783512804251,-0.3476550049898018
2022-03-29,2022,567,57,0.021164021164021163,0.07017543859649122,-0.007904963565995318,-0.06320318511222102,-0.04949613966070764,-0.37907292425151456
2022-03-30,2022,570,57,0.015789473684210527,0.03508771929824561,-0.013908001507406918,-0.061087151175370204,-0.0472090224276384,-0.36593720104573524
2022-03-31,2022,574,58,0.020905923344947737,0.08620689655172414,-0.010115901563953577,-0.03979159084450072,-0.02547216403551797,-0.3411453185275167
2022-04-01,2022,574,58,0.01916376306620209,0.06896551724137931,-0.017944927396255105,-0.04704051587013624,-0.03268768672477893,-0.3153585745887646
2022-04-06,2022,566,57,0.015901060070671377,0.05263157894736842,-0.020314928074002373,-0.03894806876626923,-0.024277541728873926,-0.2999376988584035
2022-04-07,2022,566,57,0.026501766784452298,0.10526315789473684,-0.009474002862117789,-0.042157450369509034,-0.027734114998768728,-0.3028384589796305
2022-04-08,2022,571,58,0.017513134851138354,0.08620689655172414,-0.030188769912430066,-0.0684392700277247,-0.05469192053661494,-0.3806692892322904
2022-04-11,2022,568,57,0.01232394366197183,0.017543859649122806,-0.014201869614319924,-0.051231041553559946,-0.037050529046188635,-0.28619502982510053
2022-04-12,2022,571,58,0.012259194395796848,0.017241379310344827,-0.021614088403288295,-0.04345619241874203,-0.029267980205273932,-0.30689113667289014
2022-04-13,2022,573,58,0.013961605584642234,0.034482758620689655,-0.01641872367971716,-0.05219269464635865,-0.038749157700297826,-0.3455455284085089
2022-04-14,2022,573,58,0.008726003490401396,0.017241379310344827,-0.020922757065325814,-0.055567538090829885,-0.04173391734352733,-0.2757138787658517
2022-04-15,2022,573,58,0.006980802792321117,0.017241379310344827,-0.017910582169978352,-0.0323473220683381,-0.017969003471646764,-0.17901962544030045
2022-04-18,2022,580,58,0.005172413793103448,0.05172413793103448,-0.017128147711171347,-0.03467095888603391,-0.02019476494066394,-0.21841840580377334
2022-04-19,2022,575,58,0.0034782608695652175,0.034482758620689655,-0.024120656803279274,-0.03425671617794982,-0.019604976936114217,-0.23395629092687062
2022-04-20,2022,577,58,0.0034662045060658577,0.034482758620689655,-0.010699192368500678,-0.021262230152312687,-0.006810455224714432,-0.21818580588916275
2022-04-21,2022,575,58,0.0034782608695652175,0.034482758620689655,-0.022728623323765455,-0.028985522752839145,-0.014284720480272557,-0.21737099629562162
2022-04-22,2022,574,58,0.003484320557491289,0.034482758620689655,-0.01838342761272575,-0.023689812503514693,-0.008710309521222315,-0.11722127195455148
2022-04-25,2022,580,58,0.008620689655172414,0.05172413793103448,-0.011045760529945917,-0.0338136605003364,-0.019138879616642467,-0.15693303856842414
2022-04-26,2022,571,58,0.010507880910683012,0.034482758620689655,0.00751538745236351,0.01231653657145069,0.028177763209061034,0.05125814162567893
2022-04-27,2022,576,58,0.017361111111111112,0.05172413793103448,0.0049099684395020405,-0.021922414178303307,-0.006846118601856588,-0.1166029068498582
2022-04-28,2022,577,58,0.012131715771230503,0.034482758620689655,-0.006005625429773383,-0.03467878622113643,-0.019669474491300666,-0.10156126785014845
2022-04-29,2022,568,57,0.014084507042253521,0.03508771929824561,-0.010129023689914448,-0.0234633004444679,-0.007853060673721764,-0.03360966269207771
2022-05-03,2022,562,57,0.01601423487544484,0.05263157894736842,-0.02394785586418142,-0.03655031736238751,-0.020962387782438932,-0.05693727180307722
2022-05-04,2022,559,56,0.017889087656529516,0.05357142857142857,-0.015527539666671064,-0.024461189153651593,-0.008910104475870265,-0.0835764874444324
2022-05-05,2022,558,56,0.016129032258064516,0.07142857142857142,-0.006703374518775795,-0.014548569390022578,0.0013748367507413742,0.011569631426088805
2022-05-06,2022,552,56,0.019927536231884056,0.05357142857142857,-0.020595962190109045,-0.04890799352779494,-0.03329690150216409,-0.033473124401268955
2022-05-09,2022,556,56,0.02877697841726619,0.07142857142857142,0.0035678889542837024,0.004593669050312096,0.02133945573121308,0.1608290267002181
2022-05-10,2022,550,55,0.02909090909090909,0.07272727272727272,-0.010382385207318533,-0.013100211991402962,0.0033145809729999576,0.053552565568996985
2022-05-11,2022,548,55,0.03467153284671533,0.10909090909090909,0.001186543163722509,0.0033285446142851845,0.020068854279392083,0.15251137888245517
2022-05-12,2022,554,56,0.05415162454873646,0.17857142857142858,0.015237316897261792,0.019404128667966404,0.03635421650102295,0.15613809828359212
2022-05-13,2022,555,56,0.03423423423423423,0.16071428571428573,0.00956347833754861,0.026732133294681156,0.04315771133806804,-0.010274140516919793
2022-05-16,2022,548,55,0.029197080291970802,0.14545454545454545,0.007260026959742146,0.01342411201483704,0.02964996914064321,-0.044837690592037086
2022-05-17,2022,547,55,0.025594149908592323,0.12727272727272726,0.017208561183533585,0.017351321594161365,0.0332824296445368,-0.15763371282158892
2022-05-18,2022,551,56,0.023593466424682397,0.10714285714285714,-0.00034001026845285664,-0.007070793724213782,0.008678471603234594,-0.14218843111968094
2022-05-19,2022,550,55,0.02181818181818182,0.07272727272727272,-0.00943679945496819,-0.04019948645429771,-0.025231384963215357,-0.24849965233241003
2022-05-20,2022,552,56,0.019927536231884056,0.05357142857142857,-0.02871827233695805,-0.06380972874562522,-0.049552487404545806,-0.359436894287224
2022-05-23,2022,548,55,0.016423357664233577,0.03636363636363636,-0.021396151857233627,-0.05319689652940623,-0.03842002834149423,-0.2933578389998161
2022-05-24,2022,544,55,0.02389705882352941,0.10909090909090909,-0.026140016630022852,-0.04716453391651678,-0.03247591661297514,-0.27752991966326546
2022-05-25,2022,550,55,0.01818181818181818,0.10909090909090909,-0.014586754439114906,-0.02896051306923139,-0.014346113420586903,-0.27883611543739745
2022-05-26,2022,549,55,0.023679417122040074,0.09090909090909091,-0.00866381100065173,-0.039954455280351825,-0.025380379800511003,-0.24224211393250872
2022-05-27,2022,549,55,0.020036429872495445,0.07272727272727272,0.003192099733149757,-0.02353389197133396,-0.008716194690508262,-0.17591565190456013
2022-05-30,2022,550,55,0.01090909090909091,0.03636363636363636,0.0028260408987931243,-0.033606053774156396,-0.01923442169581755,-0.23234060696832853
2022-05-31,2022,551,56,0.010889292196007259,0.05357142857142857,0.0074529156611012806,-0.018386193212736126,-0.003992905166312626,-0.2532713786647346
2022-06-01,2022,554,56,0.01263537906137184,0.05357142857142857,-0.003217398439982412,-0.042169831453703156,-0.028432884822433776,-0.279633196334123
2022-06-02,2022,553,56,0.0108499095840868,0.05357142857142857,-0.01010607754550652,-0.058567512529019726,-0.0455999420648961,-0.34409120341741234
2022-06-06,2022,554,56,0.009025270758122744,0.03571428571428571,0.004333852802471554,-0.034166154480740445,-0.02091334847569928,-0.29328762634982075
2022-06-07,2022,550,55,0.007272727272727273,0.03636363636363636,0.01253219404846409,-0.016642572780780386,-0.003100289029225151,-0.24893578310852416
2022-06-08,2022,551,56,0.007259528130671506,0.03571428571428571,0.0047384888556322195,-0.01642909470010842,-0.0031191700095081626,-0.2502809839099589
2022-06-09,2022,554,56,0.005415162454873646,0.017857142857142856,-0.008160859329692512,-0.03432321562430822,-0.02073976126124975,-0.2225705784906991
2022-06-10,2022,552,56,0.0036231884057971015,0.017857142857142856,-0.016483279440285024,-0.05481348724841099,-0.04110197721538388,-0.19289738874733184
2022-06-13,2022,553,56,0.003616636528028933,0.017857142857142856,-0.01372779700260237,-0.05263214538506914,-0.038837672350929504,-0.21869921999067315
2022-06-14,2022,551,56,0.0054446460980036296,0.017857142857142856,-0.0217263903960492,-0.05919193530765088,-0.045900815679838516,-0.25507141166258973
2022-06-15,2022,550,55,0.007272727272727273,0.01818181818181818,-0.03622341224443764,-0.0582849879522242,-0.04460320894777844,-0.22216215690862676
2022-06-16,2022,552,56,0.009057971014492754,0.017857142857142856,-0.01395118652204995,-0.018929131912032476,-0.004171181937121111,-0.09708177699481847
2022-06-17,2022,555,56,0.012612612612612612,0.03571428571428571,-0.030139473380687398,-0.03287696823304067,-0.018131192813374785,-0.0992836675865787
2022-06-20,2022,558,56,0.023297491039426525,0.08928571428571429,0.008940959594006315,0.02608656551132018,0.041835706552334005,0.02363957284351642
2022-06-21,2022,559,56,0.008944543828264758,0.03571428571428571,-0.0027366051699671437,0.016151000944623798,0.031660174579697754,-0.032957758670436835
2022-06-22,2022,558,56,0.017921146953405017,0.08928571428571429,0.0011862605122680823,0.0393176182416428,0.055540653866835606,0.12393038564246703
2022-06-23,2022,557,56,0.025134649910233394,0.125,-0.008027692593090214,0.04305116351703114,0.05966294630177327,0.20591836023276125
2022-06-24,2022,561,57,0.0196078431372549,0.15789473684210525,-0.01980918737465025,0.03680892114034838,0.053229059423917986,0.1425834519969508
2022-06-27,2022,560,56,0.010714285714285714,0.07142857142857142,-0.017101186704891524,0.015905890466019593,0.03184738758702295,0.006432145146235435
2022-06-28,2022,561,57,0.012477718360071301,0.10526315789473684,-0.019269642320927836,0.026713382954676845,0.0429615325325319,0.001004474922526414
2022-06-29,2022,557,56,0.01436265709156194,0.125,-0.026551965564872385,0.0220432514287309,0.03849602890987735,0.03377696013087835
2022-06-30,2022,555,56,0.01981981981981982,0.125,-0.021257686576992507,0.03392194033161883,0.05087807843623466,0.12135885026436778
2022-07-01,2022,553,56,0.05605786618444846,0.21428571428571427,-0.02124547035124664,0.0411070895210078,0.05898782203572682,0.37132526125406584
2022-07-04,2022,557,56,0.04847396768402154,0.21428571428571427,-0.01992580334104987,0.03315315052604857,0.050657299821615424,0.3065884652424858
2022-07-05,2022,561,57,0.035650623885918005,0.15789473684210525,-0.031998818104129835,0.015540131916214579,0.03269254613844812,0.20666994717654127
2022-07-06,2022,560,56,0.05357142857142857,0.23214285714285715,-0.04337592234046969,0.0048849139730509005,0.022210245313312775,0.16026999949896206
2022-07-07,2022,559,56,0.03756708407871199,0.19642857142857142,-0.0396325230720666,-0.013020203630059525,0.0034758340543036004,0.0028113484415059806
2022-07-08,2022,559,56,0.017889087656529516,0.10714285714285714,-0.052815417777644,-0.017702920333126867,-0.000911682392194508,0.047758472031443164
2022-07-11,2022,552,56,0.018115942028985508,0.10714285714285714,-0.05614684733290323,-0.018080577221528598,-0.0009164594960715434,0.10858672918800436
2022-07-12,2022,548,55,0.043795620437956206,0.18181818181818182,-0.02783542687085712,0.008320699929685748,0.025575852171194426,0.09862670449658642
2022-07-13,2022,551,56,0.030852994555353903,0.125,-0.012805915620424796,0.024529788799744972,0.04190952015549267,0.12052004293671632
2022-07-14,2022,549,55,0.01639344262295082,0.05454545454545454,-0.02501849404651938,-0.010394728641980173,0.006449725593492825,-0.038061835121150196
2022-07-15,2022,549,55,0.020036429872495445,0.07272727272727272,-0.013033954947952394,-0.01678887112028833,-0.00021446236853791645,-0.08930855202559679
2022-07-18,2022,541,55,0.014787430683918669,0.07272727272727272,-0.026777712994198167,-0.014925240515422293,0.0019367368078037617,-0.015047378970910892
2022-07-19,2022,539,54,0.01855287569573284,0.1111111111111111,-0.030770040128795025,-0.010731412868148684,0.005944742570531742,-0.12365541699629282
2022-07-20,2022,537,54,0.024208566108007448,0.14814814814814814,-0.024935194803040163,0.016404831728744067,0.03358739170629651,-0.08537074135872938
2022-07-21,2022,536,54,0.024253731343283583,0.14814814814814814,-0.013809920640190702,0.018454781752613534,0.03538629747861396,-0.1277175704519225
2022-07-22,2022,532,54,0.022556390977443608,0.1111111111111111,-0.008936627096099072,0.021809175213475848,0.03886471620513028,-0.04119347253508164
2022-07-25,2022,535,54,0.028037383177570093,0.1111111111111111,-0.0014185487829765538,0.014521571785784658,0.031177716279579742,-0.07851815165483096
2022-07-26,2022,536,54,0.04291044776119403,0.14814814814814814,0.010788392266259684,0.04205044410400968,0.05908162377106115,0.07557999175531523
2022-07-27,2022,537,54,0.037243947858473,0.1111111111111111,0.01906854272184129,0.03844194940407418,0.055048545708009045,-0.04080951114041541
2022-07-28,2022,534,54,0.04868913857677903,0.1111111111111111,0.027963461613798556,0.06374965308254417,0.08086902097880425,0.10310525312984252
2022-07-29,2022,518,52,0.03861003861003861,0.15384615384615385,0.020013430305760433,0.04739362394001707,0.06433956446628467,0.08374994587789736
2022-08-01,2022,518,52,0.04054054054054054,0.15384615384615385,0.016678014085566167,0.029430571393948963,0.04588633598949338,-0.002787843575733487
2022-08-02,2022,523,53,0.040152963671128104,0.1320754716981132,0.029668385243822145,0.044624137617702536,0.061474819614688335,0.1353074867409172
2022-08-03,2022,519,52,0.06165703275529865,0.17307692307692307,0.04736308414052574,0.07476172696793866,0.09211386134030623,0.21021205070576315
2022-08-04,2022,521,53,0.0690978886756238,0.22641509433962265,0.06574843468818722,0.09814764154337714,0.11531578383477063,0.13503320889710885
2022-08-05,2022,520,52,0.04807692307692308,0.15384615384615385,0.0721518909647486,0.11086128879724555,0.127933663856853,0.12465409008999376
2022-08-08,2022,527,53,0.051233396584440226,0.1509433962264151,0.04757453585361124,0.05791158201940636,0.07424882739202755,-0.0017633187155329602
2022-08-09,2022,526,53,0.043726235741444866,0.1509433962264151,0.023975868996660436,0.03566754417819657,0.05180305570092855,-0.07346664649227518
2022-08-10,2022,525,53,0.049523809523809526,0.1320754716981132,0.03514906144966472,0.034963725168171,0.05049384594462075,-0.10925759972372881
2022-08-11,2022,531,54,0.03954802259887006,0.14814814814814814,0.053863063824249276,0.061290194290713716,0.07725409110155278,-0.019319970307117663
2022-08-12,2022,533,54,0.039399624765478425,0.14814814814814814,0.04092902040889412,0.03806493321813852,0.0538624168138031,-0.04505834143321468
2022-08-15,2022,548,55,0.032846715328467155,0.10909090909090909,0.037222999202618505,0.02687509219401512,0.0425038439865974,-0.10174010840664226
2022-08-16,2022,552,56,0.028985507246376812,0.10714285714285714,0.05031231423716214,0.031023679546464605,0.046398638137400736,-0.07668409615131178
2022-08-17,2022,553,56,0.027124773960216998,0.08928571428571429,0.04456606345871333,0.011925409446528394,0.027107204699606004,-0.1050602506587418
2022-08-18,2022,559,56,0.016100178890876567,0.05357142857142857,0.03476151861619296,-0.019136510487806124,-0.004604092685198303,-0.2506716737794228
2022-08-19,2022,566,57,0.0176678445229682,0.03508771929824561,0.020217724218914473,-0.023716869700444294,-0.009169709957497356,-0.21481849496862276
2022-08-22,2022,567,57,0.01763668430335097,0.05263157894736842,0.012736378334632061,-0.014276803563141077,0.0007386639890153404,-0.1412159458955786
2022-08-23,2022,566,57,0.015901060070671377,0.07017543859649122,0.007455922391003829,-0.030901560703838832,-0.01631175211794123,-0.21628080709598693
2022-08-24,2022,569,57,0.014059753954305799,0.05263157894736842,0.01277985598916927,-0.02156038661516392,-0.0069651808042751236,-0.20807805691500847
2022-08-25,2022,577,58,0.010398613518197574,0.034482758620689655,0.007142556008294209,-0.03897451880131449,-0.024966013482102853,-0.3399116710599913
2022-08-26,2022,581,59,0.0068846815834767644,0.03389830508474576,-0.01581180232455849,-0.046484049014420756,-0.032424372007402856,-0.30343151545950475
2022-08-29,2022,582,59,0.012027491408934709,0.03389830508474576,-0.007874190909147996,-0.04510907925681556,-0.031086098334707893,-0.33326693780936867
2022-08-30,2022,579,58,0.0069084628670120895,0.017241379310344827,-0.038901116049633346,-0.0953563416315287,-0.08237047693877723,-0.4196820714013254
2022-08-31,2022,581,59,0.0051635111876075735,0.01694915254237288,-0.02552660453240586,-0.07851035468483054,-0.06524710892045622,-0.40160145953792387
2022-09-01,2022,582,59,0.006872852233676976,0.01694915254237288,-0.009026382771840345,-0.0628797382717573,-0.04951755664668215,-0.3880861196982118
2022-09-02,2022,581,59,0.008605851979345954,0.03389830508474576,-0.005120093628588183,-0.04348512977132029,-0.029862124452543996,-0.35306130315788575
2022-09-05,2022,585,59,0.010256410256410256,0.05084745762711865,0.006345192405785224,-0.014906279106577852,-0.0005517011345774683,-0.24440919820465526
2022-09-06,2022,585,59,0.013675213675213675,0.05084745762711865,-0.0036126221745474965,-0.0027887077155994136,0.01232519551645608,-0.14413201039068838
2022-09-07,2022,584,59,0.0136986301369863,0.03389830508474576,-0.012207092675797416,-0.016697514193796247,-0.0016931929378740116,-0.17137161534951512
2022-09-08,2022,579,58,0.010362694300518135,0.017241379310344827,-0.003939606136202171,-0.012190474464666024,0.0023383317562205804,-0.2315189385019623
2022-09-12,2022,581,59,0.0068846815834767644,0.0,0.010230757793252363,-0.024882090112856085,-0.011414889657337599,-0.36418185055492913
2022-09-13,2022,574,58,0.006968641114982578,0.0,0.012109050204684635,-0.02040879517711746,-0.006566722501817609,-0.3197181185417428
2022-09-14,2022,576,58,0.005208333333333333,0.017241379310344827,-0.029622801408045202,-0.0693099070587562,-0.05647471530166137,-0.48701303594303375
2022-09-15,2022,572,58,0.0034965034965034965,0.017241379310344827,-0.029891182877621752,-0.04466758335678449,-0.03092884673507095,-0.36815052383513297
2022-09-16,2022,570,57,0.0035087719298245615,0.017543859649122806,-0.01270462027535461,-0.022138097505689246,-0.00834650576037029,-0.3256223970756645
2022-09-19,2022,567,57,0.003527336860670194,0.017543859649122806,-0.009699924582294326,-0.01823891492296501,-0.004171388084217774,-0.2877495966507065
2022-09-20,2022,560,56,0.0017857142857142857,0.017857142857142856,0.0035423205670649105,0.0005859468624183786,0.014731257181700947,-0.2535526716785267
2022-09-21,2022,555,56,0.007207207207207207,0.07142857142857142,-0.0049025771376535465,-0.012939540423526035,0.0012172269929178272,-0.2576952630875247
2022-09-22,2022,550,55,0.005454545454545455,0.05454545454545454,-0.022641273320535185,-0.043138739342781396,-0.02948867052783163,-0.3502855035734153
2022-09-23,2022,545,55,0.007339449541284404,0.07272727272727272,-0.008440288986040233,-0.010830724602225698,0.003583383598638289,-0.22888692527116708
2022-09-26,2022,543,55,0.011049723756906077,0.09090909090909091,0.02183785719661412,0.016005701264333642,0.030600882644091186,-0.19388733226018381
2022-09-27,2022,541,55,0.012939001848428836,0.10909090909090909,0.003938117126104383,-0.00533211841496688,0.009082330475953472,-0.27208463727681187
2022-09-28,2022,541,55,0.018484288354898338,0.09090909090909091,0.026339980154164024,0.028670458306018654,0.04399532596111316,-0.06537119973990588
2022-09-29,2022,538,54,0.01486988847583643,0.07407407407407407,0.007939641479526163,0.01727823758886359,0.03268090061320104,-0.06129053717132472
2022-09-30,2022,537,54,0.0111731843575419,0.037037037037037035,-0.012029086997494805,-0.009252727171093092,0.006046630919056549,-0.11014888819201804
2022-10-03,2022,532,54,0.011278195488721804,0.037037037037037035,-0.008727623671167115,-0.012116523332818978,0.002918261493073862,-0.2079985482195772
2022-10-04,2022,530,53,0.005660377358490566,0.05660377358490566,-0.0013101706615291273,-0.009091626631597419,0.00577271965171055,-0.25144755752431985
2022-10-05,2022,530,53,0.005660377358490566,0.05660377358490566,0.026657345989268822,0.0316446825816966,0.04678643132187194,-0.17259110187123597
2022-10-06,2022,527,53,0.0056925996204933585,0.05660377358490566,0.034161313474523655,0.04933916990523244,0.06484060618649527,-0.12481364098776673
2022-10-07,2022,521,53,0.011516314779270634,0.09433962264150944,0.006381948630667521,0.04164041650530484,0.05806411711231405,0.012104011546524187
2022-10-11,2022,516,52,0.025193798449612403,0.17307692307692307,-0.0007069032445444776,0.03963701342398085,0.05644699059384312,0.10422496706034125
2022-10-12,2022,509,51,0.019646365422396856,0.11764705882352941,-0.015470740571571379,0.03143100330740061,0.04854671127093245,0.1678219525621197
2022-10-13,2022,514,52,0.054474708171206226,0.25,0.02154238146635014,0.06907534720062201,0.08643977732682508,0.2163201927546927
2022-10-14,2022,511,52,0.03522504892367906,0.19230769230769232,-0.036095606254160056,0.021266249687462966,0.03903889914476302,0.23164269867246634
2022-10-17,2022,510,51,0.0392156862745098,0.21568627450980393,-0.03687835577189478,0.010740899613492798,0.0282365751528785,0.13270672119251675
2022-10-18,2022,511,52,0.03718199608610567,0.21153846153846154,-0.08153524180907151,-0.015683430479601065,0.002255496113279358,0.18377429509824073
2022-10-19,2022,510,51,0.0392156862745098,0.23529411764705882,-0.09838861691469247,-0.01782629712822518,0.0005274176395740077,0.2423265804362948
2022-10-20,2022,525,53,0.05523809523809524,0.3018867924528302,-0.07412991518440003,0.023919012243488868,0.04274161692507114,0.3368650114828278
2022-10-21,2022,522,53,0.09578544061302682,0.39622641509433965,-0.0652255415193711,0.039858216434362506,0.05862262206662828,0.323225022099344
2022-10-24,2022,519,52,0.0789980732177264,0.3076923076923077,-0.08171608958192382,0.026055950448845268,0.04493014335427802,0.33945955128317684
2022-10-25,2022,511,52,0.1095890410958904,0.40384615384615385,-0.1004233000404436,0.003595775600300153,0.022601250444679324,0.336369898986992
2022-10-26,2022,510,51,0.11176470588235295,0.45098039215686275,-0.08040950621848492,0.01867334847065716,0.037732269904041736,0.40086330026063166
2022-10-27,2022,500,50,0.082,0.4,-0.09316350227928304,0.0024647686325228535,0.021423899207463973,0.37982235128940517
2022-10-28,2022,496,50,0.11290322580645161,0.46,-0.09127753346528815,-0.013831805946046464,0.004818969270700932,0.3747389610079579
2022-10-31,2022,494,50,0.08299595141700405,0.34,-0.06449162408640612,0.01823733954750903,0.03702072490528891,0.40823299990152917
2022-11-01,2022,490,49,0.07755102040816327,0.30612244897959184,-0.07543648888703233,-0.019198175252995598,-0.0009839342148644872,0.3503386359092896
2022-11-02,2022,493,50,0.07707910750507099,0.28,-0.08112011870290894,-0.033576387129924376,-0.015230978263273775,0.3640943586432029
2022-11-03,2022,491,50,0.08757637474541752,0.28,-0.10725532789385646,-0.05378080680097267,-0.035355482191932276,0.3077890835436057
2022-11-04,2022,494,50,0.07489878542510121,0.26,-0.09012884598496623,-0.05283606900934938,-0.03489232704265752,0.3231042551332508
2022-11-07,2022,499,50,0.07214428857715431,0.3,-0.08051406041336588,-0.05325698273494979,-0.03560191074583116,0.28177627544245115
2022-11-08,2022,499,50,0.07414829659318638,0.2,-0.06806804030614876,-0.056858579961555245,-0.03979472715839383,0.18640376975683667
2022-11-09,2022,498,50,0.05823293172690763,0.14,-0.06483031942434128,-0.06164569162218513,-0.04492288807960012,0.09280892845830474
2022-11-10,2022,493,50,0.06288032454361055,0.22,-0.01918223429714334,-0.013702754148512433,0.0027556431282108563,0.03302690716340608
2022-11-11,2022,497,50,0.05432595573440644,0.12,-0.007504895487925349,0.014714918318058016,0.031692494213811345,0.13344931293206752
2022-11-14,2022,504,51,0.047619047619047616,0.11764705882352941,-0.0009497212930832162,0.0033829329281212265,0.019810450478778253,0.08687174861588372
2022-11-15,2022,509,51,0.047151277013752456,0.1568627450980392,0.02691532782982944,0.027929396347711428,0.044138759914880796,0.027964919343394797
2022-11-16,2022,515,52,0.04660194174757282,0.1346153846153846,0.02400973226757682,0.029278553202099232,0.04585112873760433,0.07786128169855679
2022-11-17,2022,501,51,0.033932135728542916,0.09803921568627451,0.023201525092474955,0.029164435567865885,0.04561594590030001,0.049674838340037775
2022-11-18,2022,503,51,0.041749502982107355,0.11764705882352941,0.024056728750742547,0.010669114682134108,0.026636251322519296,-0.015173850069141456
2022-11-21,2022,505,51,0.03564356435643564,0.09803921568627451,0.01636697658357504,-0.006717857183087714,0.009012051543493476,-0.07385939932249086
2022-11-22,2022,505,51,0.04356435643564356,0.0784313725490196,0.025190946080937384,-0.01554792024291759,-0.0005506353089888898,-0.20722967252973484
2022-11-23,2022,502,51,0.027888446215139442,0.058823529411764705,0.024606981718530194,-0.0037078398322392104,0.011494724073450245,-0.1663406215308089
2022-11-24,2022,503,51,0.02385685884691849,0.058823529411764705,0.018500886875627127,-0.0176948902890079,-0.0025474385355339657,-0.2043763085941193
2022-11-25,2022,513,52,0.02729044834307992,0.07692307692307693,0.027412363850219664,0.007401679511402691,0.02296130286526047,-0.16885604234043217
2022-11-28,2022,514,52,0.017509727626459144,0.038461538461538464,0.008370586735259955,-0.02459124474750687,-0.009385154060748361,-0.2104101796946268
2022-11-29,2022,517,52,0.013539651837524178,0.038461538461538464,0.007100501469380808,-0.02558598233632163,-0.0104957609744309,-0.22516851023989493
2022-11-30,2022,523,53,0.01338432122370937,0.03773584905660377,0.01961520948122758,-0.02241377228549012,-0.008020520855083023,-0.2965580695095144
2022-12-01,2022,528,53,0.00946969696969697,0.018867924528301886,0.0074252721690269835,-0.028729035121101268,-0.01426593138761778,-0.3036461216260033
2022-12-02,2022,533,54,0.0075046904315197,0.037037037037037035,-0.004135122541829231,-0.03461754490742827,-0.020153176821726695,-0.32344233427166164
2022-12-05,2022,535,54,0.007476635514018692,0.0,-0.008256404227615897,-0.05197816068294219,-0.03765174583160665,-0.3260704377175779
2022-12-06,2022,542,55,0.01107011070110701,0.0,-0.005361642389696063,-0.04120820705501708,-0.02644006378156149,-0.29364540770430503
2022-12-07,2022,545,55,0.011009174311926606,0.0,-0.006440998395903563,-0.041251320474545085,-0.02631086912323644,-0.2832273927949146
2022-12-08,2022,547,55,0.012797074954296161,0.0,-0.016868009601959767,-0.056808125838398234,-0.042039401763992894,-0.3140680085199371
2022-12-09,2022,546,55,0.01098901098901099,0.01818181818181818,-0.03376778654781356,-0.0532240980876648,-0.03786563154744103,-0.21711754245412204
2022-12-12,2022,545,55,0.009174311926605505,0.01818181818181818,-0.04008458134052094,-0.06330284518421948,-0.04808513586867394,-0.25535156736191356
2022-12-13,2022,547,55,0.009140767824497258,0.03636363636363636,-0.04457451448414823,-0.06217002188682247,-0.04686329798860993,-0.2106768260651515
2022-12-14,2022,548,55,0.0036496350364963502,0.01818181818181818,-0.04886079491891466,-0.08603333461398716,-0.07120652246066297,-0.33159071305461146
2022-12-15,2022,549,55,0.0036429872495446266,0.01818181818181818,-0.0716439741653337,-0.105224171881924,-0.09025307417215911,-0.2923447507387127
2022-12-16,2022,553,56,0.0054249547920434,0.017857142857142856,-0.07146884083540865,-0.09189429008375619,-0.07655982307968452,-0.22383151644372132
2022-12-19,2022,552,56,0.005434782608695652,0.017857142857142856,-0.066279848968267,-0.08128168895394504,-0.06574761026973887,-0.19565411458468485
2022-12-20,2022,557,56,0.01436265709156194,0.07142857142857142,-0.0893583597266103,-0.09123281626423611,-0.07488560851115834,0.003232278481342286
2022-12-21,2022,562,57,0.012455516014234875,0.05263157894736842,-0.058635395646741695,-0.05492298264112925,-0.038497755256315755,0.002735808546674471
2022-12-22,2022,557,56,0.01436265709156194,0.05357142857142857,-0.05408697360652862,-0.06015755122289871,-0.04354852078011157,0.11294084780953674
2022-12-23,2022,553,56,0.0216998191681736,0.05357142857142857,-0.07158990482450435,-0.09598550545985893,-0.07967001508467633,0.06937750746825438
2022-12-26,2022,548,55,0.03102189781021898,0.05454545454545454,-0.06939205083958644,-0.1039298368732364,-0.08783747829978154,-0.033200122358188276
2022-12-27,2022,543,55,0.02394106813996317,0.03636363636363636,-0.05987488023989248,-0.08434016365365472,-0.06804891762420164,0.014633928432232
2022-12-28,2022,539,54,0.04267161410018553,0.05555555555555555,-0.04727647388611473,-0.06489973238962624,-0.04812515185101637,0.1096609848898856
2022-12-29,2022,534,54,0.056179775280898875,0.1111111111111111,-0.055757811653753805,-0.06249215086356775,-0.04563114862288506,0.08004513374344871
2022-12-30,2022,530,53,0.05849056603773585,0.1509433962264151,-0.06067240491515516,-0.06186420265903211,-0.044822749918106114,0.11536668182755845
2023-01-03,2023,524,53,0.04961832061068702,0.1320754716981132,-0.07388061237520875,-0.07592910054924275,-0.059212087370586336,0.06820044721857682
2023-01-04,2023,525,53,0.04380952380952381,0.11320754716981132,-0.07252351090952534,-0.06690034081117703,-0.0502288474330877,0.013539773624057762
2023-01-05,2023,517,52,0.05222437137330754,0.1346153846153846,-0.07117351455809927,-0.06807956240076327,-0.05128665232697757,0.09889578387304886
2023-01-06,2023,518,52,0.052123552123552123,0.1346153846153846,-0.032477299989957256,-0.021981949188561504,-0.005292801354664032,0.10310772726264239
2023-01-09,2023,513,52,0.042884990253411304,0.11538461538461539,-0.019089514042888826,-0.004875107841308978,0.012005319787530024,0.1709949445680261
2023-01-10,2023,513,52,0.04678362573099415,0.15384615384615385,0.004808395808324931,0.022542717556146823,0.039542474856869535,0.1878644736743191
2023-01-11,2023,511,52,0.05283757338551859,0.15384615384615385,0.012146238215607593,0.03773968394797829,0.05503886899130036,0.20089496174149946
2023-01-12,2023,506,51,0.07312252964426877,0.21568627450980393,0.03798215527571099,0.07700390986148276,0.09464206153672937,0.23869838679630254
2023-01-13,2023,503,51,0.0775347912524851,0.21568627450980393,0.04635004663411853,0.08055878619602831,0.09812941305280205,0.20150376450307583
2023-01-16,2023,493,50,0.07302231237322515,0.22,0.042839733547244116,0.08351772615114264,0.1013429470017249,0.24843436114233353
2023-01-17,2023,493,50,0.07505070993914807,0.18,0.06426671322510918,0.09062926069082565,0.10779864776018033,0.13035686092260204
2023-01-30,2023,493,50,0.05476673427991886,0.16,0.051007592720986594,0.09389360446220771,0.11121414528894569,0.10721082367902773
2023-01-31,2023,490,49,0.044897959183673466,0.16326530612244897,0.030749810016758198,0.07585163858443332,0.09306959085938649,0.06939505685984396
2023-02-01,2023,498,50,0.04417670682730924,0.16,0.034160016947856996,0.07452724908351809,0.09157766318809124,0.025238885556522192
2023-02-02,2023,503,51,0.03777335984095427,0.19607843137254902,0.03774506845343399,0.08535094221833839,0.10264113708861158,0.022265808594921135
2023-02-03,2023,508,51,0.04133858267716536,0.19607843137254902,0.034952796290383226,0.08602469697493587,0.10354485606898632,0.0926347758670827
2023-02-06,2023,515,52,0.04854368932038835,0.15384615384615385,0.037516157720860276,0.06820569390729815,0.08544235180956115,0.10598421673354294
2023-02-07,2023,519,52,0.05202312138728324,0.19230769230769232,0.0310508796994088,0.06415942581871928,0.08118365184180987,0.02466689621276063
2023-02-08,2023,524,53,0.04770992366412214,0.16981132075471697,0.030419964285048465,0.04463572976189712,0.06104270555071049,-0.08948637233005269
2023-02-09,2023,526,53,0.04182509505703422,0.11320754716981132,0.02617684675895128,0.023138942718338423,0.03921647325849521,-0.10476353740514098
2023-02-10,2023,535,54,0.05420560747663551,0.2037037037037037,0.03795584054032945,0.053139792341997,0.06955075343963336,-0.07138632856140241
2023-02-13,2023,542,55,0.05350553505535055,0.16363636363636364,0.039788196523434,0.06526435815798257,0.08181172966108448,-0.022459822496756893
2023-02-14,2023,543,55,0.05156537753222836,0.2,0.01698285647655515,0.03895848920829349,0.05518008786665209,-0.0422694143850954
2023-02-15,2023,543,55,0.049723756906077346,0.21818181818181817,0.007026368914328451,0.03893071395343773,0.055491443869818455,-0.029000781712335718
2023-02-16,2023,545,55,0.03669724770642202,0.16363636363636364,0.018869606485209706,0.051718111282531544,0.06836935803831078,-0.009575581137619098
2023-02-17,2023,547,55,0.04021937842778794,0.14545454545454545,0.0056936242861316275,0.027246493565943473,0.04368082902676223,-0.04673182235212702
2023-02-20,2023,562,57,0.03914590747330961,0.17543859649122806,-0.010091374202515095,0.02757742923532639,0.044258798387355455,-0.04030099691190766
2023-02-21,2023,563,57,0.03019538188277087,0.10526315789473684,-0.0220001916460627,0.012579971502482556,0.029358170574699628,0.015931090673753527
2023-02-22,2023,573,58,0.03664921465968586,0.1724137931034483,-0.024808100116421955,0.013488105751734846,0.030265011208009215,0.01760594374415584
2023-02-23,2023,580,58,0.039655172413793106,0.15517241379310345,-0.012748781469212557,0.011541509748148927,0.027917961286827397,-0.055289111093656876
2023-02-24,2023,584,59,0.046232876712328765,0.1694915254237288,-0.026040967187072456,-0.0018243804910551176,0.014554223193003788,-0.05029606867860783
2023-03-01,2023,584,59,0.0410958904109589,0.13559322033898305,-0.011629421085145253,-0.005484920599434564,0.010580129592199146,-0.10657043621888117
2023-03-02,2023,584,59,0.0410958904109589,0.13559322033898305,-0.016220199615147833,-0.022257056794519278,-0.006440728245062961,-0.09697765028053028
2023-03-03,2023,587,59,0.039182282793867124,0.13559322033898305,-0.020685251631532033,-0.007949611386651206,0.008101534139506579,-0.08394163902261179
2023-03-06,2023,591,60,0.02707275803722504,0.06666666666666667,-0.016590662104759846,-0.008314292164948455,0.007597780577271928,-0.10254774791041796
2023-03-07,2023,593,60,0.016863406408094434,0.06666666666666667,-0.015001181934565427,-0.00035916350392933654,0.015686732086691288,-0.0713174286842719
2023-03-08,2023,599,60,0.01669449081803005,0.06666666666666667,-0.018666838005203502,-0.008084216396663967,0.007804958642486343,-0.10047445870468914
2023-03-09,2023,602,61,0.016611295681063124,0.06557377049180328,-0.01162392668731502,0.008294814305360651,0.024681717028545082,-0.007647464509505087
2023-03-10,2023,606,61,0.033003300330033,0.13114754098360656,0.011659950614198698,0.04633770437964269,0.0634161026568695,0.12704195215128178
2023-03-13,2023,609,61,0.04597701149425287,0.18032786885245902,0.018905062564795138,0.06438843421768983,0.08166818625946053,0.11746792851153107
2023-03-14,2023,611,62,0.060556464811783964,0.22580645161290322,0.018000920577519723,0.0775252750323921,0.09505362312523254,0.08612054271315679
2023-03-15,2023,613,62,0.0636215334420881,0.22580645161290322,0.030469161486367195,0.09528980810756565,0.11322799212361596,0.16262539220842837
2023-03-16,2023,618,62,0.0744336569579288,0.22580645161290322,0.040699560870383115,0.08597500619559754,0.10361949737384822,0.1712286814310779
2023-03-17,2023,622,63,0.0707395498392283,0.19047619047619047,0.04810801994898924,0.08142717330470714,0.0987275582672624,0.13861199631918808
2023-03-20,2023,622,63,0.06752411575562701,0.19047619047619047,0.01809665780479116,0.03407337113552755,0.050657311159292694,-0.00630114377856147
2023-03-21,2023,623,63,0.051364365971107544,0.15873015873015872,0.0010933175935519614,-0.003077189267429135,0.01274517814542488,-0.12664791493054797
2023-03-22,2023,621,63,0.0499194847020934,0.15873015873015872,0.024862689629860556,0.03360694626001505,0.04979823842564241,-0.06673999565688597
2023-03-23,2023,620,62,0.041935483870967745,0.12903225806451613,0.01852306429846932,0.013383133822296406,0.028874828774909943,-0.18498770518908164
2023-03-24,2023,625,63,0.0416,0.1111111111111111,0.026103838506843897,0.023713826212536267,0.03933638355522769,-0.1864251425577991
2023-03-27,2023,628,63,0.044585987261146494,0.12698412698412698,0.024359680451402924,0.04185678629728949,0.057856973014693565,-0.15323707523659602
2023-03-28,2023,629,63,0.05246422893481717,0.1746031746031746,0.03326311961090319,0.07169689572514418,0.08839769753871625,-0.04446276335880561
2023-03-29,2023,624,63,0.05448717948717949,0.14285714285714285,0.04109007600574186,0.08768279726125344,0.10458254525249147,-0.027079570059439603
2023-03-30,2023,622,63,0.05305466237942122,0.14285714285714285,0.03803100423822274,0.07245904094379436,0.08901155339635641,-0.060271093508399806
2023-03-31,2023,618,62,0.04692556634304207,0.16129032258064516,0.03265706763907512,0.07877984456083427,0.09558135472019015,-0.007430182445425353
2023-04-06,2023,613,62,0.040783034257748776,0.14516129032258066,0.027780991236080747,0.07579448708456298,0.09253655345832348,-0.005516252064960977
2023-04-07,2023,610,61,0.040983606557377046,0.16393442622950818,0.022655520300797927,0.07215473871545224,0.08893750078399641,-0.010054915597001685
2023-04-10,2023,611,62,0.03436988543371522,0.0967741935483871,-0.0010908183307750253,0.017198876652378823,0.03318168287924619,-0.09111024204213897
2023-04-11,2023,605,61,0.03140495867768595,0.09836065573770492,0.0029164467144787804,0.03279181664609155,0.048897876209179084,-0.07624893366616162
2023-04-12,2023,603,61,0.026533996683250415,0.08196721311475409,-0.02660131636962369,-0.009230564293037922,0.006274301603347286,-0.17086327110997382
2023-04-13,2023,604,61,0.026490066225165563,0.09836065573770492,-0.017673804381910595,0.012067981955101238,0.0278732096968976,-0.12100501929109976
2023-04-14,2023,606,61,0.019801980198019802,0.06557377049180328,-0.02681388003400813,-0.023442789726675423,-0.008250616100927737,-0.20747394473948746
2023-04-17,2023,610,61,0.009836065573770493,0.04918032786885246,-0.038423589003211356,-0.05018541566519464,-0.03523477825226219,-0.25124243118495504
2023-04-18,2023,610,61,0.013114754098360656,0.06557377049180328,-0.041040645911804195,-0.04192699089532698,-0.026538632906169562,-0.21966975759052368
2023-04-19,2023,615,62,0.022764227642276424,0.08064516129032258,-0.05306908181356253,-0.06065928026123011,-0.04519978015489784,-0.2213661199986929
2023-04-20,2023,620,62,0.027419354838709678,0.0967741935483871,-0.03704088147840848,-0.025395222282604345,-0.009407700884233513,-0.1400852509072687
2023-04-21,2023,619,62,0.04038772213247173,0.1935483870967742,-0.019634245164145855,0.027493736859138994,0.044529184746281744,0.01542204231642731
2023-04-24,2023,622,63,0.03054662379421222,0.15873015873015872,-0.021613625492967976,0.02283722560567884,0.03971458170993627,-0.017604868593552984
2023-04-25,2023,623,63,0.052969502407704656,0.23809523809523808,-0.0007349848609467748,0.05302186099994115,0.07054736771902269,0.09063806633578572
2023-04-26,2023,624,63,0.05929487179487179,0.2222222222222222,-0.03055159277220448,0.02724065477492971,0.044625627915414905,0.07933765152103062
2023-04-27,2023,618,62,0.06310679611650485,0.25806451612903225,-0.06724465360930663,-0.030227583636611436,-0.013480575270490711,-0.057028189548983865
2023-04-28,2023,616,62,0.05357142857142857,0.1935483870967742,-0.06325504541279336,-0.035876443235947963,-0.01919887264258925,-0.012612554267485476
2023-05-02,2023,622,63,0.05627009646302251,0.2222222222222222,-0.069769562185506,-0.05337758950021578,-0.03696507959219904,-0.05516477660972929
2023-05-03,2023,618,62,0.059870550161812294,0.20967741935483872,-0.05719146990067183,-0.03646191149896434,-0.01980932547767392,-0.0024585092406613374
2023-05-04,2023,619,62,0.05654281098546042,0.1935483870967742,-0.043166094859378584,-0.010788447548874822,0.006036217950731216,0.037327292182560354
2023-05-05,2023,618,62,0.06310679611650485,0.22580645161290322,-0.047371178930923234,-0.013849870852425153,0.003026943729356112,0.025470140389600257
2023-05-08,2023,622,63,0.06109324758842444,0.20634920634920634,-0.03160774286264535,-0.003613868609118755,0.013358241568827115,0.07848974701788086
2023-05-09,2023,619,62,0.06623586429725363,0.24193548387096775,-0.02008031809748529,0.013933484483543906,0.031204519434841142,0.14615080897249094
2023-05-10,2023,618,62,0.06957928802588997,0.24193548387096775,-0.02979103374832169,0.020659109418640312,0.03830620522224213,0.13101728839352256
2023-05-11,2023,617,62,0.0940032414910859,0.27419354838709675,-0.012079118136666706,0.05076363036536423,0.06888399123704472,0.250038945740311
2023-05-12,2023,614,62,0.08469055374592833,0.24193548387096775,-0.02240500180461491,0.02116585894733916,0.03897254155126979,0.18787464613824034
2023-05-15,2023,614,62,0.09283387622149837,0.1935483870967742,-0.032778072462575684,-0.015953957650830415,0.0012812993691348347,0.14937870139170625
2023-05-16,2023,614,62,0.09120521172638436,0.24193548387096775,-0.046469792570680825,-0.011349886477799862,0.006191962732258228,0.16955817686798338
2023-05-17,2023,608,61,0.09375,0.3114754098360656,-0.03123545332548612,0.00396574576736833,0.02128749725434988,0.09578185791379365
2023-05-18,2023,610,61,0.09180327868852459,0.2459016393442623,-0.024409925478965564,-0.002211822528079892,0.014950717264841344,0.14666295251252576
2023-05-19,2023,606,61,0.09075907590759076,0.21311475409836064,-0.021860351581038977,0.005883028963617831,0.023143334240585862,0.1847890818079331
2023-05-22,2023,600,60,0.08333333333333333,0.18333333333333332,-0.0301683925238618,-0.005424820716455588,0.011643585775205,0.13830113328392654
2023-05-23,2023,600,60,0.085,0.16666666666666666,-0.03356318282334121,-0.009810205524814946,0.007187779594425297,0.11637523154929451
2023-05-24,2023,597,60,0.08710217755443886,0.2,-0.022927805848554486,-0.010541785326681449,0.006256220827148146,0.09091974234358792
2023-05-25,2023,601,61,0.08153078202995008,0.18032786885245902,-0.005978147167720551,0.009642245466047783,0.026389129278099357,0.045263543813890396
2023-05-26,2023,602,61,0.08803986710963455,0.21311475409836064,0.010142904506450525,0.020028980698615008,0.03651632298937645,0.039877491017941705
2023-05-29,2023,607,61,0.07084019769357495,0.19672131147540983,-0.0021699359946504597,0.008576466029092502,0.024995245874433376,0.009009125021475772
2023-05-30,2023,610,61,0.07049180327868852,0.18032786885245902,0.011351615710056192,0.032864101385923966,0.04967124351860336,0.08201863333514611
2023-05-31,2023,613,62,0.06199021207177814,0.1935483870967742,-0.001339381894404785,0.030065900092185207,0.04701004083153717,0.06687630460427564
2023-06-01,2023,616,62,0.06818181818181818,0.24193548387096775,-0.007708200698346027,0.033566225947235476,0.05071073943103617,0.05745422600052814
2023-06-02,2023,623,63,0.07062600321027288,0.20634920634920634,-0.006064779569770848,0.01052887187680353,0.027218483502342097,0.026620432145676765
2023-06-05,2023,628,63,0.06210191082802548,0.19047619047619047,-0.015162528561022178,-0.0014616992225906969,0.015063239513194042,0.030131654060886887
2023-06-06,2023,627,63,0.07177033492822966,0.25396825396825395,0.007168181145041702,0.031121685073958887,0.04771776435147781,0.04307895586589567
2023-06-07,2023,631,64,0.061806656101426306,0.203125,0.00020175853001755354,0.0033493786930772016,0.019363230822124468,-0.02579894275926294
2023-06-08,2023,629,63,0.06200317965023847,0.1111111111111111,0.0008521777395550232,0.001414788598793811,0.017416443533467225,0.013845319615347742
2023-06-09,2023,627,63,0.05582137161084529,0.14285714285714285,-0.004883510298894854,0.017061136320028977,0.033406251185951065,-0.025356782087981804
2023-06-12,2023,630,63,0.06190476190476191,0.2222222222222222,0.005888715209218825,0.04823450248882714,0.06489877244534545,-0.02080786580063414
2023-06-13,2023,629,63,0.06995230524642289,0.2222222222222222,0.0007954466664474776,0.01718855037229166,0.0333877955986555,-0.03233832189224857
2023-06-14,2023,630,63,0.07301587301587302,0.2857142857142857,-0.0011716599092968891,0.024359477107962553,0.04081923925134655,-0.019940229486234896
2023-06-15,2023,634,64,0.06466876971608833,0.234375,0.005584060087016277,0.0175660081773809,0.03385637099364833,-0.05646467625048047
2023-06-16,2023,641,65,0.07644305772230889,0.24615384615384617,-0.006027049478280081,0.009940009964146485,0.02618142372057615,-0.09810082656207082
2023-06-19,2023,644,65,0.07298136645962733,0.2,-0.005932617022333082,-0.01780830829764406,-0.002164945180622467,-0.11857987293689821
2023-06-20,2023,641,65,0.07332293291731669,0.2153846153846154,-0.004664910491006105,-0.004039939380896924,0.011965159739020563,-0.10618056748092614
2023-06-21,2023,642,65,0.06853582554517133,0.2,0.01030297197657059,0.03628312398365882,0.05268994277981299,-0.09594092619197923
2023-06-26,2023,650,65,0.08153846153846153,0.2923076923076923,-0.0016156221603119674,0.04886495315643849,0.06562623066061196,-0.10402527169987526
2023-06-27,2023,654,66,0.10397553516819572,0.3484848484848485,0.0046638602057132,0.07838913397696809,0.09579827479999499,-0.012714481438745956
2023-06-28,2023,651,66,0.10291858678955453,0.3484848484848485,-0.0002445490307434543,0.06694852412014494,0.08408122649073065,-0.06071399872494438
2023-06-29,2023,654,66,0.10091743119266056,0.36363636363636365,-0.007293286429132168,0.06826294662950327,0.08566105597506825,-0.03705919248135136
2023-06-30,2023,658,66,0.0911854103343465,0.36363636363636365,-0.009312041156125505,0.04489300841397113,0.06181688219440907,-0.06267628799184122
2023-07-03,2023,660,66,0.07878787878787878,0.3333333333333333,-0.00994629104830404,0.02204523896917197,0.03837451269654103,-0.11255800646255353
2023-07-04,2023,657,66,0.0715372907153729,0.3181818181818182,-0.01737049443677804,-0.014478812398642885,0.0013165976683976168,-0.13308976149895874
2023-07-05,2023,657,66,0.0730593607305936,0.3333333333333333,-0.027657021434269773,-0.039084299471657244,-0.023721653621520254,-0.16725145968701313
2023-07-06,2023,660,66,0.07424242424242425,0.30303030303030304,-0.026308183027471378,-0.03934486156939363,-0.023793188426247728,-0.1595989622481797
2023-07-07,2023,666,67,0.07357357357357357,0.2537313432835821,-0.02134879710292053,-0.022284636450908904,-0.006371459470859846,-0.15886289060429204
2023-07-10,2023,662,67,0.07250755287009064,0.2537313432835821,-0.020111307197352844,-0.017520452542173177,-0.0017084717341624537,-0.17956464906857147
2023-07-11,2023,663,67,0.0693815987933635,0.208955223880597,-0.016651411148540966,-0.031696123878745416,-0.016247450211486533,-0.17114405220172618
2023-07-12,2023,663,67,0.06787330316742081,0.23880597014925373,-0.01780949930839824,-0.054704721857945886,-0.039965703765184796,-0.3090430692136447
2023-07-13,2023,664,67,0.061746987951807226,0.19402985074626866,-0.01668462776500243,-0.07269228038239016,-0.05827095413798437,-0.33852898089943506
2023-07-14,2023,664,67,0.04819277108433735,0.13432835820895522,-0.026116820918918187,-0.08222439961009388,-0.06824154269237591,-0.3744879336021713
2023-07-17,2023,666,67,0.04054054054054054,0.11940298507462686,-0.02255589048094496,-0.08501696424578258,-0.07115943782022062,-0.35108954362485495
2023-07-18,2023,659,66,0.03793626707132018,0.06060606060606061,-0.015975120972473476,-0.05893985621904644,-0.04464593546453736,-0.26699111907652806
2023-07-19,2023,651,66,0.03686635944700461,0.07575757575757576,-0.005789088280379301,-0.012600744823402234,0.002631918730849538,-0.1583315245753518
2023-07-20,2023,650,65,0.027692307692307693,0.06153846153846154,-0.021100045628295355,-0.02420609683034741,-0.009053161366321234,-0.21554972327344307
2023-07-21,2023,651,66,0.02304147465437788,0.07575757575757576,-0.02333427903959363,-0.052027333483537226,-0.03737717283751135,-0.28596419556701286
2023-07-24,2023,650,65,0.02923076923076923,0.1076923076923077,-0.02298032262875975,-0.051931346829428904,-0.037239338382314656,-0.2548137821312225
2023-07-25,2023,654,66,0.019877675840978593,0.045454545454545456,-0.020727454193060497,-0.055905889020414185,-0.04134049381705707,-0.28992789290132304
2023-07-26,2023,655,66,0.025954198473282442,0.045454545454545456,-0.03086464120833058,-0.06166702461719009,-0.04693359550292462,-0.20151347962810814
2023-07-27,2023,660,66,0.021212121212121213,0.045454545454545456,-0.019654903851614242,-0.060733531988507006,-0.04631820855189264,-0.25260621542280765
2023-07-28,2023,658,66,0.025835866261398176,0.07575757575757576,-0.03211597251260414,-0.08958549681814373,-0.07563951065746595,-0.3514266829379495
2023-07-31,2023,659,66,0.024279210925644917,0.06060606060606061,-0.03283068206209572,-0.06254664807596147,-0.04792672313853924,-0.2563496889032141
2023-08-01,2023,655,66,0.02900763358778626,0.07575757575757576,-0.0190213669267336,-0.018745666176328054,-0.0034059089479423557,-0.16923838202637584
2023-08-02,2023,656,66,0.04573170731707317,0.13636363636363635,-0.003515879828158357,0.027269673894480085,0.043496182894629434,-0.010946790491085549
2023-08-04,2023,655,66,0.03969465648854962,0.10606060606060606,-0.0073725404815667556,-0.0068759167373841,0.008780329103808309,-0.10110705456103472
2023-08-07,2023,654,66,0.03058103975535168,0.07575757575757576,-0.013637269385273959,-0.025536072669389613,-0.010127430232532215,-0.14961733494451418
2023-08-08,2023,650,65,0.036923076923076927,0.07692307692307693,-0.0027187729613971823,0.0051293038545397775,0.021152481723453135,-0.02536458525755544
2023-08-09,2023,650,65,0.04153846153846154,0.09230769230769231,0.005541360784010033,0.014087727785117875,0.030184861324565906,0.05288159914888832
2023-08-10,2023,644,65,0.052795031055900624,0.15384615384615385,0.026162787299057213,0.045979111756831115,0.06242879244813292,0.13955045259301962
2023-08-11,2023,643,65,0.04510108864696734,0.1076923076923077,0.026643796683680825,0.06126003957908088,0.07805285978835297,0.2009088143932666
2023-08-14,2023,642,65,0.05451713395638629,0.15384615384615385,0.02616110794627895,0.02236195838078994,0.03851966956912978,0.017532403401963464
2023-08-15,2023,642,65,0.048286604361370715,0.12307692307692308,0.014469811069825585,0.0020364807394026917,0.018170224578138716,0.006863248238645896
2023-08-16,2023,640,64,0.053125,0.125,0.01579430257416132,-0.011046627907416218,0.004969025747752955,-0.04007318789314201
2023-08-17,2023,636,64,0.04559748427672956,0.171875,0.002299996151066101,-0.018511759339694796,-0.002468425658566399,-0.07597466408805549
2023-08-18,2023,635,64,0.05984251968503937,0.15625,0.0006572454922282725,-0.01648552752087792,-0.0003583214273108898,-0.009150960978848013
2023-08-21,2023,634,64,0.04889589905362776,0.09375,0.003748676084376989,-0.04294463442259593,-0.02738798222691887,-0.06537438939786125
2023-08-22,2023,631,64,0.0554675118858954,0.078125,0.011228129556863123,-0.03873240494758382,-0.02317932154216236,-0.06497757411613264
2023-08-23,2023,625,63,0.0432,0.06349206349206349,0.01491425087202553,-0.06186005119681983,-0.04707226427844006,-0.16418802467374002
2023-08-24,2023,625,63,0.0384,0.06349206349206349,0.020853789529610225,-0.034181729402144964,-0.01909310268806133,-0.15156618042384906
2023-08-25,2023,622,63,0.04019292604501608,0.047619047619047616,0.014344494290013164,-0.030716413840866225,-0.015503796754084155,-0.16042204186870682
2023-08-28,2023,621,63,0.043478260869565216,0.09523809523809523,0.03194455928925197,0.00404859396083602,0.01978779440278626,-0.03889387951290483
2023-08-29,2023,617,62,0.03079416531604538,0.0967741935483871,0.027409319219808274,0.01147875278375294,0.02706110878576137,-0.10487324302399986
2023-08-30,2023,617,62,0.02593192868719611,0.08064516129032258,0.020800717310450165,0.01620211289710475,0.03189062548358098,-0.10368974998690078
2023-08-31,2023,616,62,0.022727272727272728,0.08064516129032258,0.008254777291583564,0.005770635309947859,0.02148517557631035,-0.11305566080591137
2023-09-01,2023,612,62,0.024509803921568627,0.0967741935483871,0.003991922199266011,0.018587842801498427,0.03466078536217842,0.006076640193946219
2023-09-04,2023,608,61,0.023026315789473683,0.08196721311475409,0.008306698995384089,0.008995018286709318,0.024738850039675023,-0.007510763685162756
2023-09-05,2023,610,61,0.019672131147540985,0.01639344262295082,0.0059590509643960956,-0.004805676842071822,0.010509359388406357,-0.07039754874253372
2023-09-06,2023,607,61,0.018121911037891267,0.03278688524590164,-0.00527410459741052,-0.013554921171582981,0.0020032062305565816,-0.037464873244011626
2023-09-07,2023,607,61,0.0214168039538715,0.03278688524590164,-0.013401975984218306,-0.02163819477180397,-0.005998780125018678,-0.04830601978954175
2023-09-08,2023,602,61,0.024916943521594685,0.03278688524590164,-0.03913284653708613,-0.05846904598980031,-0.043187178099817695,-0.16843663985165344
2023-09-11,2023,597,60,0.02512562814070352,0.05,-0.0282621796914942,-0.02215235721757773,-0.006108969954816675,-0.015681866324804488
2023-09-12,2023,596,60,0.031879194630872486,0.13333333333333333,-0.021814001197760613,0.006636874728552359,0.022951711876819828,-0.03237783336512542
2023-09-13,2023,595,60,0.031932773109243695,0.15,-0.028305187418153584,0.0018908869623280255,0.017950860126001927,-0.11776145746266137
2023-09-14,2023,593,60,0.02023608768971332,0.11666666666666667,-0.03904810481824922,-0.005666827085827332,0.010171253935579458,-0.15588900658099855
2023-09-15,2023,595,60,0.01680672268907563,0.11666666666666667,-0.032518937245106024,-0.009085802443480085,0.006526986800354436,-0.2155308401756389
2023-09-18,2023,598,60,0.020066889632107024,0.11666666666666667,-0.042782397197535224,-0.008550036991751818,0.0071715771508811975,-0.17147508354576055
2023-09-19,2023,595,60,0.030252100840336135,0.15,-0.053831360076897365,-0.007653287328848635,0.008254421334299414,-0.11767168244075055
2023-09-20,2023,595,60,0.025210084033613446,0.13333333333333333,-0.040932590047627095,-0.0011719594241915876,0.014801070396879149,-0.09532912075193058
2023-09-21,2023,596,60,0.028523489932885907,0.13333333333333333,-0.02831568400621249,0.016621448500516212,0.03306827371266484,0.00155574644739511
2023-09-22,2023,599,60,0.03005008347245409,0.13333333333333333,-0.03307860292607258,0.0006453496254187563,0.016829802073232,-0.05630299402926309
2023-09-25,2023,597,60,0.02512562814070352,0.16666666666666666,-0.03413529380784905,0.0001059083695248153,0.015975609752841735,-0.1379615202321489
2023-09-26,2023,594,60,0.02861952861952862,0.13333333333333333,-0.032985112778488083,-0.003494811319778242,0.012493665681860203,-0.14676859261254985
2023-09-27,2023,587,59,0.027257240204429302,0.13559322033898305,-0.025622230464611984,0.00419696631929012,0.020151694064103606,-0.12791651288045253
2023-09-28,2023,584,59,0.025684931506849314,0.15254237288135594,-0.03646297475245228,-0.03448620230940744,-0.019369027894084283,-0.2569667838771004
2023-10-02,2023,583,59,0.02058319039451115,0.11864406779661017,-0.039613959387768224,-0.03907666975048504,-0.023999739200343786,-0.3040240243822853
2023-10-03,2023,585,59,0.020512820512820513,0.1016949152542373,-0.04988088758129668,-0.04671355812652327,-0.031160773357191533,-0.2040132811507839
2023-10-04,2023,584,59,0.018835616438356163,0.06779661016949153,-0.05515908552481203,-0.08140642691076388,-0.0663240991473998,-0.3110667838333546
2023-10-05,2023,581,59,0.024096385542168676,0.0847457627118644,-0.04546634931155286,-0.07730329432356525,-0.06219861783532378,-0.29929561715779485
2023-10-06,2023,576,58,0.029513888888888888,0.1206896551724138,-0.034580237547435826,-0.056094739347201286,-0.040929942198303426,-0.2656712626864931
2023-10-11,2023,584,59,0.0273972602739726,0.15254237288135594,-0.019784837790538794,-0.0074519647823692555,0.008502677367057428,-0.09210308986240388
2023-10-12,2023,579,58,0.017271157167530225,0.08620689655172414,-0.027662081900390004,-0.031573307777744315,-0.016061241829490255,-0.1404064541094828
2023-10-13,2023,580,58,0.01206896551724138,0.034482758620689655,-0.03065055160737478,-0.03967372427056644,-0.024265658336553843,-0.1354767945122382
2023-10-16,2023,580,58,0.01206896551724138,0.034482758620689655,-0.03945892871934043,-0.049854464148488285,-0.034413762059893604,-0.07695709305267247
2023-10-17,2023,581,59,0.01721170395869191,0.0847457627118644,-0.028863528891540542,-0.027450155292955532,-0.011555451799893124,-0.00327817977533777
2023-10-18,2023,588,59,0.027210884353741496,0.11864406779661017,-0.026781712093000502,0.0048513058550515836,0.02170443376864791,0.06799740204428478
2023-10-19,2023,584,59,0.030821917808219176,0.13559322033898305,-0.017988305432460532,0.023950255892303356,0.04106802758813172,0.05447091464412583
2023-10-20,2023,584,59,0.04280821917808219,0.15254237288135594,-0.0029796180054229154,0.03817579086355388,0.05555877253733782,0.09404281382268025
2023-10-23,2023,585,59,0.044444444444444446,0.1694915254237288,-0.012733516709956635,0.016199612858573825,0.033367099054299895,0.049513292209468665
2023-10-24,2023,582,59,0.03951890034364261,0.15254237288135594,-0.029902235851511524,-0.02086169512445604,-0.004135171268932836,-0.05390229736089301
2023-10-25,2023,584,59,0.030821917808219176,0.1016949152542373,-0.02753501554300469,0.0071761021666705655,0.02452241212284676,0.03823124610335429
2023-10-26,2023,583,59,0.04631217838765009,0.1694915254237288,-0.024371028079307598,0.003885492990904831,0.021130337488091955,0.005684830979334208
2023-10-27,2023,585,59,0.04786324786324787,0.1694915254237288,-0.02260017921886744,-0.008317256924895105,0.008684367513395935,0.006653222779252374
2023-10-30,2023,584,59,0.03767123287671233,0.15254237288135594,-0.028397892697543666,-0.01867440977809774,-0.0019493566989804347,-0.11840764265205884
2023-10-31,2023,582,59,0.058419243986254296,0.2711864406779661,-0.00832996240843126,0.033004953069718734,0.05072985605693001,0.09396800250157268
2023-11-01,2023,581,59,0.06540447504302926,0.2542372881355932,-0.0005831866462170405,0.03860491349710624,0.056245761219012515,0.0982725815324766
2023-11-02,2023,583,59,0.05660377358490566,0.2033898305084746,0.005495158021556733,0.03340681881098048,0.05073819858446058,0.055738208300190675
2023-11-03,2023,581,59,0.05679862306368331,0.23728813559322035,0.013779516047297321,0.05166390622840551,0.06913823727473288,0.12857097360762867
2023-11-06,2023,586,59,0.052901023890784986,0.1864406779661017,0.014552563983355273,0.023937932547994343,0.04091245275658236,0.0945793274257094
2023-11-07,2023,589,59,0.05432937181663837,0.1864406779661017,0.013509231190416218,0.01672257927008944,0.03344220340241828,0.010212950884536524
2023-11-08,2023,583,59,0.058319039451114926,0.2033898305084746,0.016257689484273245,0.029278945315997496,0.04622356035860461,0.07699117175863053
2023-11-09,2023,581,59,0.06712564543889846,0.2542372881355932,0.0248168580948454,0.050969762653206456,0.06818618762234986,0.15823059887047966
2023-11-10,2023,584,59,0.0684931506849315,0.23728813559322035,0.0362293433143564,0.06298024435102825,0.08019493017139202,0.15586386876883201
2023-11-13,2023,583,59,0.06689536878216124,0.15254237288135594,0.03343859166923149,0.04189691028750893,0.0587994037340204,0.12414679725292833
2023-11-14,2023,582,59,0.06872852233676977,0.15254237288135594,0.031826477347899944,0.019856250666435062,0.03623223788034424,-0.01310772204948009
2023-11-15,2023,582,59,0.06872852233676977,0.15254237288135594,0.026294279603251126,0.013103666355633035,0.029390099223173243,0.05274956954339755
2023-11-16,2023,585,59,0.06324786324786325,0.0847457627118644,0.01238172597945997,-0.016572706701004143,-0.0005402012482747417,0.010026964054226867
2023-11-17,2023,587,59,0.05281090289608177,0.0847457627118644,0.0026621827349649777,-0.03684253318459983,-0.021122921028873174,-0.11945545689425263
2023-11-20,2023,589,59,0.05432937181663837,0.06779661016949153,-0.008550084712836987,-0.055342310615918835,-0.03994372822492933,-0.21188773415738893
2023-11-21,2023,594,60,0.04882154882154882,0.05,-0.013479730123856143,-0.06112260279859091,-0.0458525040026874,-0.1846385888379976
2023-11-22,2023,595,60,0.043697478991596636,0.05,-0.016909753755606802,-0.06211689772623306,-0.04683246737276436,-0.23177906455386946
2023-11-23,2023,599,60,0.04674457429048414,0.08333333333333333,-0.01306198317995066,-0.04447709682959634,-0.029044498688512877,-0.19265067135169647
2023-11-24,2023,602,61,0.04817275747508306,0.08196721311475409,-0.018275357262045797,-0.03379646074682216,-0.018138181060438505,-0.13863397728106264
2023-11-27,2023,607,61,0.05601317957166392,0.06557377049180328,-0.023298241608213387,-0.03276341487825775,-0.01692182147821184,-0.04405740787668664
2023-11-28,2023,613,62,0.04730831973898858,0.08064516129032258,-0.02581433277466588,-0.03480729012972799,-0.01901923552214908,-0.10172066155529974
2023-11-29,2023,616,62,0.045454545454545456,0.08064516129032258,-0.037367666546878675,-0.05107155304325279,-0.035360868022130204,-0.11433922478528537
2023-11-30,2023,616,62,0.040584415584415584,0.06451612903225806,-0.04135840765676064,-0.059446481940901845,-0.043831824462697316,-0.14887814386384093
2023-12-01,2023,622,63,0.02572347266881029,0.047619047619047616,-0.04034538842123337,-0.06618427404462385,-0.050814253465793074,-0.18153015127737962
2023-12-04,2023,622,63,0.02572347266881029,0.047619047619047616,-0.04243617929599869,-0.05921685773799436,-0.04365183393834517,-0.15083034583403818
2023-12-05,2023,624,63,0.02564102564102564,0.031746031746031744,-0.034302121962872634,-0.043885567576407776,-0.02833822259202921,-0.1751516838592227
2023-12-06,2023,628,63,0.01910828025477707,0.015873015873015872,-0.035463721790332435,-0.04592154054698871,-0.03043774458062299,-0.21075815939512632
2023-12-07,2023,630,63,0.026984126984126985,0.06349206349206349,-0.02535036405405259,-0.028340679215549173,-0.012686520158985479,-0.19381737261828377
2023-12-08,2023,631,64,0.01901743264659271,0.046875,-0.033066382605323415,-0.04489508133401257,-0.02942007139875974,-0.21603096545187156
2023-12-11,2023,635,64,0.01889763779527559,0.0625,-0.03729944261849966,-0.040544814384600544,-0.02507431598012387,-0.2094219626366793
2023-12-12,2023,639,64,0.017214397496087636,0.0625,-0.03750258507939429,-0.03708943344690963,-0.02161198337375562,-0.22415811664939903
2023-12-13,2023,639,64,0.018779342723004695,0.078125,-0.0346931598744644,-0.030086544361929722,-0.014558077702314114,-0.22584867054220836
2023-12-14,2023,642,65,0.018691588785046728,0.07692307692307693,-0.032675892134272494,-0.021810061547807808,-0.006292999989559413,-0.18061649730575016
2023-12-15,2023,642,65,0.020249221183800622,0.07692307692307693,-0.022340622107488117,0.004832912908429568,0.020817732626289307,-0.0608161156114753
2023-12-18,2023,649,65,0.02157164869029276,0.07692307692307693,-0.01895441685634896,0.014817603018683718,0.030782910751194763,-0.03842699636497516
2023-12-19,2023,649,65,0.020030816640986132,0.06153846153846154,-0.021009273139923623,0.0038050699622281907,0.019476798164352285,-0.1098808987126008
2023-12-20,2023,649,65,0.01694915254237288,0.06153846153846154,-0.03542518151489862,-0.019204777340297016,-0.00363627650508509,-0.13056021881045976
2023-12-21,2023,648,65,0.015432098765432098,0.046153846153846156,-0.06711189887851315,-0.05794106640622876,-0.042472192411882104,-0.17349472149163486
2023-12-22,2023,647,65,0.015455950540958269,0.06153846153846154,-0.0608368608788406,-0.05539973253980237,-0.03982884934127455,-0.11035214338731233
2023-12-25,2023,646,65,0.017027863777089782,0.046153846153846156,-0.050059121844472934,-0.028296445599259094,-0.0123233096244974,-0.011363527863592664
2023-12-26,2023,645,65,0.018604651162790697,0.046153846153846156,-0.04894197038837501,-0.036037773699900896,-0.020304462771936344,-0.05197283969812125
2023-12-27,2023,645,65,0.017054263565891473,0.046153846153846156,-0.05807751128239599,-0.05369433222442041,-0.03820663223029746,-0.08442032293746596
2023-12-28,2023,644,65,0.012422360248447204,0.03076923076923077,-0.06073187461261198,-0.060866096547324174,-0.045487016561730195,-0.12196634626897669
2023-12-29,2023,643,65,0.012441679626749611,0.046153846153846156,-0.061623060749739916,-0.05497791398455905,-0.03939011103112252,-0.06358192004950891
