method,signal_date,fill_date,side,symbol,fill_open,fill_high,fill_low,fill_close,fill_volume,fill_turnover_twd,signal_close,recorded_corporate_action_on_fill,surge_adjusted,observed_quote,valid_open,one_price_session,zero_or_missing_volume,raw_open_change_from_signal_close,one_price_up_near_10pct,one_price_down_near_10pct,one_price_up_buy_positive
logistic,2025-12-31,2026-01-02,buy,1528,23.0,23.1,22.15,22.8,11282121,255108077,23.75,False,True,True,True,False,False,-0.03157894736842104,False,False,False
logistic,2025-12-31,2026-01-02,buy,1587,49.95,50.5,49.25,49.95,1023966,51060798,49.4,False,False,True,True,False,False,0.011133603238866474,False,False,False
logistic,2025-12-31,2026-01-02,buy,1721,17.95,18.15,17.0,17.35,12981173,229519036,16.5,False,True,True,True,False,False,0.08787878787878789,False,False,False
logistic,2025-12-31,2026-01-02,buy,1727,43.75,47.0,43.35,45.25,11001246,503002579,43.35,False,False,True,True,False,False,0.009227220299884653,False,False,False
logistic,2025-12-31,2026-01-02,buy,2009,48.0,49.6,48.0,48.6,9637388,468658217,48.25,False,False,True,True,False,False,-0.005181347150259086,False,False,False
logistic,2025-12-31,2026-01-02,buy,2313,93.9,95.0,91.5,94.6,28005649,2621696157,93.1,False,True,True,True,False,False,0.008592910848550073,False,False,False
logistic,2025-12-31,2026-01-02,buy,2329,56.0,57.0,55.4,55.9,25657890,1444584795,56.0,False,False,True,True,False,False,0.0,False,False,False
logistic,2025-12-31,2026-01-02,buy,2337,40.55,43.35,40.05,43.35,171846986,7314045530,39.45,False,True,True,True,False,False,0.027883396704689423,False,False,False
logistic,2025-12-31,2026-01-02,buy,2344,83.1,90.8,82.1,90.8,414793767,36674571197,82.6,False,True,True,True,False,False,0.006053268765133124,False,False,False
logistic,2025-12-31,2026-01-02,buy,2349,15.5,15.8,14.8,14.85,16123234,243628375,15.3,False,False,True,True,False,False,0.013071895424836555,False,False,False
logistic,2025-12-31,2026-01-02,buy,2402,64.1,66.5,63.5,63.5,15476826,1001222645,63.0,False,False,True,True,False,False,0.0174603174603174,False,False,False
logistic,2025-12-31,2026-01-02,buy,2406,25.35,25.9,24.8,24.85,7187409,181110296,25.25,False,True,True,True,False,False,0.003960396039603964,False,False,False
logistic,2025-12-31,2026-01-02,buy,2408,192.5,208.5,191.0,207.0,138960869,27966612651,193.0,False,True,True,True,False,False,-0.002590673575129543,False,False,False
logistic,2025-12-31,2026-01-02,buy,2413,44.8,46.8,44.0,46.1,4184617,187418548,45.6,False,False,True,True,False,False,-0.01754385964912286,False,False,False
logistic,2025-12-31,2026-01-02,buy,2429,80.3,80.9,79.1,79.5,357083,28551460,80.2,False,False,True,True,False,False,0.0012468827930174342,False,False,False
logistic,2025-12-31,2026-01-02,buy,2441,89.5,91.0,86.1,90.2,15084999,1345530958,89.0,False,False,True,True,False,False,0.00561797752808979,False,False,False
logistic,2025-12-31,2026-01-02,buy,2451,198.0,212.0,193.5,203.0,17563816,3574639307,196.0,False,True,True,True,False,False,0.010204081632652962,False,False,False
logistic,2025-12-31,2026-01-02,buy,2485,26.5,26.6,25.55,25.55,18494247,477629287,26.4,False,True,True,True,False,False,0.0037878787878788955,False,False,False
logistic,2025-12-31,2026-01-02,buy,2491,20.2,20.25,19.35,19.4,752436,14900532,19.9,False,False,True,True,False,False,0.015075376884422065,False,False,False
logistic,2025-12-31,2026-01-02,buy,2493,122.5,127.0,121.0,124.5,3268179,407326917,121.0,False,False,True,True,False,False,0.012396694214876103,False,False,False
logistic,2025-12-31,2026-01-02,buy,2495,33.05,33.8,32.65,32.65,9182859,303832976,33.05,False,False,True,True,False,False,0.0,False,False,False
logistic,2025-12-31,2026-01-02,buy,3006,119.5,129.5,117.0,129.5,32963935,4161592927,118.0,False,True,True,True,False,False,0.012711864406779627,False,False,False
logistic,2025-12-31,2026-01-02,buy,3011,15.15,15.3,14.65,14.7,1637048,24381743,15.1,False,False,True,True,False,False,0.0033112582781458233,False,False,False
logistic,2025-12-31,2026-01-02,buy,3060,31.9,33.65,31.75,32.6,8815929,289809033,31.75,False,False,True,True,False,False,0.0047244094488188,False,False,False
logistic,2025-12-31,2026-01-02,buy,3092,25.6,26.8,24.5,26.8,3485378,88849836,25.6,False,False,True,True,False,False,0.0,False,False,False
logistic,2025-12-31,2026-01-02,buy,3138,109.0,110.5,103.5,105.5,939199,100779835,108.0,False,True,True,True,False,False,0.0092592592592593,False,False,False
logistic,2025-12-31,2026-01-02,buy,3229,27.0,28.4,27.0,28.3,325246,9111078,27.7,False,False,True,True,False,False,-0.02527075812274371,False,False,False
logistic,2025-12-31,2026-01-02,buy,3481,16.95,18.5,16.2,18.1,788088302,13790925317,17.05,False,True,True,True,False,False,-0.0058651026392962935,False,False,False
logistic,2025-12-31,2026-01-02,buy,3550,16.75,17.4,16.5,16.5,4837619,81595999,16.6,False,False,True,True,False,False,0.009036144578313143,False,False,False
logistic,2025-12-31,2026-01-02,buy,3701,53.8,53.8,51.0,52.0,4890175,255195422,54.4,False,False,True,True,False,False,-0.011029411764705954,False,False,False
logistic,2025-12-31,2026-01-02,buy,3715,128.0,135.0,125.5,127.0,55305834,7161729657,127.5,False,False,True,True,False,False,0.0039215686274509665,False,False,False
logistic,2025-12-31,2026-01-02,buy,4722,187.5,193.0,182.5,186.0,5170628,973373075,187.5,False,False,True,True,False,False,0.0,False,False,False
logistic,2025-12-31,2026-01-02,buy,4927,32.8,33.4,31.75,31.8,18206735,586959189,32.8,False,False,True,True,False,False,0.0,False,False,False
logistic,2025-12-31,2026-01-02,buy,4967,190.0,195.0,183.5,193.5,36809588,6988952051,189.0,False,True,True,True,False,False,0.005291005291005346,False,False,False
logistic,2025-12-31,2026-01-02,buy,4989,53.8,57.4,53.0,54.3,40315631,2210447802,52.5,False,True,True,True,False,False,0.024761904761904763,False,False,False
logistic,2025-12-31,2026-01-02,buy,5521,23.7,25.55,23.7,24.35,6223739,154167828,23.35,False,False,True,True,False,False,0.01498929336188426,False,False,False
logistic,2025-12-31,2026-01-02,buy,6133,21.0,21.5,20.8,20.8,1454539,30618598,20.8,False,True,True,True,False,False,0.009615384615384581,False,False,False
logistic,2025-12-31,2026-01-02,buy,6139,554.0,578.0,552.0,565.0,5926137,3355916772,552.0,False,False,True,True,False,False,0.0036231884057971175,False,False,False
logistic,2025-12-31,2026-01-02,buy,6152,10.6,10.7,10.3,10.5,756850,7934518,10.4,False,True,True,True,False,False,0.019230769230769162,False,False,False
logistic,2025-12-31,2026-01-02,buy,6155,47.2,48.45,47.0,48.45,10917217,527396253,44.05,False,True,True,True,False,False,0.07150964812712846,False,False,False
logistic,2025-12-31,2026-01-02,buy,6164,12.55,12.9,12.55,12.55,973661,12310430,12.8,False,False,True,True,False,False,-0.01953125,False,False,False
logistic,2025-12-31,2026-01-02,buy,6205,60.3,61.0,58.7,61.0,1871791,112325303,62.0,False,False,True,True,False,False,-0.02741935483870972,False,False,False
logistic,2025-12-31,2026-01-02,buy,6209,67.3,67.5,65.5,66.4,9464162,626678975,66.8,False,False,True,True,False,False,0.007485029940119681,False,False,False
logistic,2025-12-31,2026-01-02,buy,6243,36.65,37.6,36.65,37.3,233721,8705904,37.35,False,False,True,True,False,False,-0.018741633199464647,False,False,False
logistic,2025-12-31,2026-01-02,buy,6257,119.5,124.0,116.0,117.0,27540985,3291482540,116.5,False,False,True,True,False,False,0.025751072961373467,False,False,False
logistic,2025-12-31,2026-01-02,buy,6426,101.5,106.5,100.0,100.5,3538675,365823746,97.9,False,False,True,True,False,False,0.036772216547497294,False,False,False
logistic,2025-12-31,2026-01-02,buy,6431,25.05,27.5,25.05,26.9,264701,7095847,26.9,False,False,True,True,False,False,-0.06877323420074344,False,False,False
logistic,2025-12-31,2026-01-02,buy,6442,1385.0,1420.0,1365.0,1380.0,2958883,4116048410,1360.0,False,False,True,True,False,False,0.018382352941176405,False,False,False
logistic,2025-12-31,2026-01-02,buy,6443,28.35,29.4,27.5,27.75,57367075,1617378497,27.9,False,True,True,True,False,False,0.016129032258064724,False,False,False
logistic,2025-12-31,2026-01-02,buy,6515,2880.0,2960.0,2755.0,2895.0,880238,2528851325,2840.0,False,True,True,True,False,False,0.014084507042253502,False,False,False
logistic,2025-12-31,2026-01-02,buy,6658,60.5,62.5,59.7,60.9,1765154,107543651,58.6,False,False,True,True,False,False,0.03242320819112621,False,False,False
logistic,2025-12-31,2026-01-02,buy,6706,141.5,145.5,136.0,136.5,12067700,1689507817,140.5,False,False,True,True,False,False,0.007117437722419906,False,False,False
logistic,2025-12-31,2026-01-02,buy,7740,158.5,163.0,158.5,160.5,42068,6730758,158.0,False,False,True,True,False,False,0.0031645569620253333,False,False,False
logistic,2025-12-31,2026-01-02,buy,8021,193.5,195.0,186.0,189.5,20081930,3804617796,190.0,False,True,True,True,False,False,0.018421052631578894,False,False,False
logistic,2025-12-31,2026-01-02,buy,8110,58.2,62.3,58.2,62.3,12470578,759855906,57.2,False,True,True,True,False,False,0.0174825174825175,False,False,False
logistic,2025-12-31,2026-01-02,buy,8131,66.9,67.9,64.0,66.7,62201252,4109477211,64.7,False,True,True,True,False,False,0.03400309119010814,False,False,False
logistic,2025-12-31,2026-01-02,buy,8271,114.0,115.0,110.0,113.0,12014779,1356952092,113.0,False,False,True,True,False,False,0.008849557522123908,False,False,False
logistic,2025-12-31,2026-01-02,buy,8438,44.85,46.05,43.55,46.05,2519985,114362586,41.9,False,True,True,True,False,False,0.07040572792362765,False,False,False
logistic,2025-12-31,2026-01-02,buy,8467,180.0,181.0,174.0,177.5,250959,44460012,180.0,False,False,True,True,False,False,0.0,False,False,False
mom60_skip5,2025-12-31,2026-01-02,buy,1303,60.2,60.2,57.0,57.0,101489286,5853333897,60.2,False,True,True,True,False,False,0.0,False,False,False
mom60_skip5,2025-12-31,2026-01-02,buy,1419,66.6,67.2,66.3,67.2,146717,9806171,66.6,False,False,True,True,False,False,0.0,False,False,False
mom60_skip5,2025-12-31,2026-01-02,buy,1519,770.0,777.0,737.0,744.0,4156239,3118686184,765.0,False,True,True,True,False,False,0.006535947712418277,False,False,False
mom60_skip5,2025-12-31,2026-01-02,buy,1587,49.95,50.5,49.25,49.95,1023966,51060798,49.4,False,False,True,True,False,False,0.011133603238866474,False,False,False
mom60_skip5,2025-12-31,2026-01-02,buy,1802,34.6,34.95,34.35,34.75,22884054,793403006,34.55,False,True,True,True,False,False,0.0014471780028944004,False,False,False
mom60_skip5,2025-12-31,2026-01-02,buy,2313,93.9,95.0,91.5,94.6,28005649,2621696157,93.1,False,True,True,True,False,False,0.008592910848550073,False,False,False
mom60_skip5,2025-12-31,2026-01-02,buy,2337,40.55,43.35,40.05,43.35,171846986,7314045530,39.45,False,True,True,True,False,False,0.027883396704689423,False,False,False
mom60_skip5,2025-12-31,2026-01-02,buy,2344,83.1,90.8,82.1,90.8,414793767,36674571197,82.6,False,True,True,True,False,False,0.006053268765133124,False,False,False
mom60_skip5,2025-12-31,2026-01-02,buy,2349,15.5,15.8,14.8,14.85,16123234,243628375,15.3,False,False,True,True,False,False,0.013071895424836555,False,False,False
mom60_skip5,2025-12-31,2026-01-02,buy,2368,684.0,687.0,636.0,643.0,14169480,9258745775,687.0,False,False,True,True,False,False,-0.004366812227074246,False,False,False
mom60_skip5,2025-12-31,2026-01-02,buy,2399,26.15,28.2,26.1,27.3,23768280,647765190,26.15,False,False,True,True,False,False,0.0,False,False,False
mom60_skip5,2025-12-31,2026-01-02,buy,2406,25.35,25.9,24.8,24.85,7187409,181110296,25.25,False,True,True,True,False,False,0.003960396039603964,False,False,False
mom60_skip5,2025-12-31,2026-01-02,buy,2408,192.5,208.5,191.0,207.0,138960869,27966612651,193.0,False,True,True,True,False,False,-0.002590673575129543,False,False,False
mom60_skip5,2025-12-31,2026-01-02,buy,2413,44.8,46.8,44.0,46.1,4184617,187418548,45.6,False,False,True,True,False,False,-0.01754385964912286,False,False,False
mom60_skip5,2025-12-31,2026-01-02,buy,2441,89.5,91.0,86.1,90.2,15084999,1345530958,89.0,False,False,True,True,False,False,0.00561797752808979,False,False,False
mom60_skip5,2025-12-31,2026-01-02,buy,2449,253.5,272.0,252.5,267.5,57297864,15211858904,247.5,False,True,True,True,False,False,0.024242424242424176,False,False,False
mom60_skip5,2025-12-31,2026-01-02,buy,2451,198.0,212.0,193.5,203.0,17563816,3574639307,196.0,False,True,True,True,False,False,0.010204081632652962,False,False,False
mom60_skip5,2025-12-31,2026-01-02,buy,2485,26.5,26.6,25.55,25.55,18494247,477629287,26.4,False,True,True,True,False,False,0.0037878787878788955,False,False,False
mom60_skip5,2025-12-31,2026-01-02,buy,2491,20.2,20.25,19.35,19.4,752436,14900532,19.9,False,False,True,True,False,False,0.015075376884422065,False,False,False
mom60_skip5,2025-12-31,2026-01-02,buy,2495,33.05,33.8,32.65,32.65,9182859,303832976,33.05,False,False,True,True,False,False,0.0,False,False,False
mom60_skip5,2025-12-31,2026-01-02,buy,2515,12.8,12.95,12.75,12.9,6186615,79508049,12.8,False,False,True,True,False,False,0.0,False,False,False
mom60_skip5,2025-12-31,2026-01-02,buy,3002,25.15,25.5,24.8,25.15,823904,20804596,25.05,False,False,True,True,False,False,0.003992015968063756,False,False,False
mom60_skip5,2025-12-31,2026-01-02,buy,3017,1535.0,1540.0,1440.0,1455.0,5780257,8489042455,1510.0,False,False,True,True,False,False,0.01655629139072845,False,False,False
mom60_skip5,2025-12-31,2026-01-02,buy,3025,65.0,66.8,64.5,64.9,1411277,92742269,64.0,False,False,True,True,False,False,0.015625,False,False,False
mom60_skip5,2025-12-31,2026-01-02,buy,3037,222.5,225.0,216.0,219.0,21511262,4726739953,220.0,False,True,True,True,False,False,0.011363636363636465,False,False,False
mom60_skip5,2025-12-31,2026-01-02,buy,3060,31.9,33.65,31.75,32.6,8815929,289809033,31.75,False,False,True,True,False,False,0.0047244094488188,False,False,False
mom60_skip5,2025-12-31,2026-01-02,buy,3229,27.0,28.4,27.0,28.3,325246,9111078,27.7,False,False,True,True,False,False,-0.02527075812274371,False,False,False
mom60_skip5,2025-12-31,2026-01-02,buy,3443,2180.0,2240.0,2150.0,2185.0,3753466,8262839395,2125.0,False,True,True,True,False,False,0.025882352941176467,False,False,False
mom60_skip5,2025-12-31,2026-01-02,buy,3543,41.75,43.5,41.75,42.65,2094111,89775020,41.75,False,True,True,True,False,False,0.0,False,False,False
mom60_skip5,2025-12-31,2026-01-02,buy,3665,1525.0,1570.0,1510.0,1525.0,2346102,3600745270,1520.0,False,False,True,True,False,False,0.00328947368421062,False,False,False
mom60_skip5,2025-12-31,2026-01-02,buy,3711,253.0,264.0,250.0,258.0,24219119,6227577620,250.5,False,False,True,True,False,False,0.009980039920159722,False,False,False
mom60_skip5,2025-12-31,2026-01-02,buy,3715,128.0,135.0,125.5,127.0,55305834,7161729657,127.5,False,False,True,True,False,False,0.0039215686274509665,False,False,False
mom60_skip5,2025-12-31,2026-01-02,buy,4967,190.0,195.0,183.5,193.5,36809588,6988952051,189.0,False,True,True,True,False,False,0.005291005291005346,False,False,False
mom60_skip5,2025-12-31,2026-01-02,buy,4989,53.8,57.4,53.0,54.3,40315631,2210447802,52.5,False,True,True,True,False,False,0.024761904761904763,False,False,False
mom60_skip5,2025-12-31,2026-01-02,buy,5515,36.0,36.2,35.1,36.05,926650,32894538,36.0,False,False,True,True,False,False,0.0,False,False,False
mom60_skip5,2025-12-31,2026-01-02,buy,5521,23.7,25.55,23.7,24.35,6223739,154167828,23.35,False,False,True,True,False,False,0.01498929336188426,False,False,False
mom60_skip5,2025-12-31,2026-01-02,buy,5522,77.0,77.5,73.4,74.1,2000346,149079637,76.5,False,False,True,True,False,False,0.006535947712418277,False,False,False
mom60_skip5,2025-12-31,2026-01-02,buy,6139,554.0,578.0,552.0,565.0,5926137,3355916772,552.0,False,False,True,True,False,False,0.0036231884057971175,False,False,False
mom60_skip5,2025-12-31,2026-01-02,buy,6155,47.2,48.45,47.0,48.45,10917217,527396253,44.05,False,True,True,True,False,False,0.07150964812712846,False,False,False
mom60_skip5,2025-12-31,2026-01-02,buy,6209,67.3,67.5,65.5,66.4,9464162,626678975,66.8,False,False,True,True,False,False,0.007485029940119681,False,False,False
mom60_skip5,2025-12-31,2026-01-02,buy,6282,42.9,44.8,42.8,43.8,61037767,2687773123,42.3,False,True,True,True,False,False,0.014184397163120588,False,False,False
mom60_skip5,2025-12-31,2026-01-02,buy,6426,101.5,106.5,100.0,100.5,3538675,365823746,97.9,False,False,True,True,False,False,0.036772216547497294,False,False,False
mom60_skip5,2025-12-31,2026-01-02,buy,6431,25.05,27.5,25.05,26.9,264701,7095847,26.9,False,False,True,True,False,False,-0.06877323420074344,False,False,False
mom60_skip5,2025-12-31,2026-01-02,buy,6442,1385.0,1420.0,1365.0,1380.0,2958883,4116048410,1360.0,False,False,True,True,False,False,0.018382352941176405,False,False,False
mom60_skip5,2025-12-31,2026-01-02,buy,6443,28.35,29.4,27.5,27.75,57367075,1617378497,27.9,False,True,True,True,False,False,0.016129032258064724,False,False,False
mom60_skip5,2025-12-31,2026-01-02,buy,6691,565.0,572.0,554.0,554.0,1441434,807277881,558.0,False,False,True,True,False,False,0.012544802867383575,False,False,False
mom60_skip5,2025-12-31,2026-01-02,buy,6706,141.5,145.5,136.0,136.5,12067700,1689507817,140.5,False,False,True,True,False,False,0.007117437722419906,False,False,False
mom60_skip5,2025-12-31,2026-01-02,buy,6770,39.85,42.2,39.3,42.1,352857727,14600797303,39.55,False,True,True,True,False,False,0.007585335018963413,False,False,False
mom60_skip5,2025-12-31,2026-01-02,buy,6805,1635.0,1635.0,1520.0,1535.0,2344640,3649867275,1625.0,False,False,True,True,False,False,0.006153846153846176,False,False,False
mom60_skip5,2025-12-31,2026-01-02,buy,8021,193.5,195.0,186.0,189.5,20081930,3804617796,190.0,False,True,True,True,False,False,0.018421052631578894,False,False,False
mom60_skip5,2025-12-31,2026-01-02,buy,8039,85.8,90.1,85.2,89.2,20990284,1862338876,85.2,False,False,True,True,False,False,0.007042253521126751,False,False,False
mom60_skip5,2025-12-31,2026-01-02,buy,8110,58.2,62.3,58.2,62.3,12470578,759855906,57.2,False,True,True,True,False,False,0.0174825174825175,False,False,False
mom60_skip5,2025-12-31,2026-01-02,buy,8112,75.5,78.2,74.8,76.4,34690813,2669659233,74.7,False,False,True,True,False,False,0.010709504685408211,False,False,False
mom60_skip5,2025-12-31,2026-01-02,buy,8131,66.9,67.9,64.0,66.7,62201252,4109477211,64.7,False,True,True,True,False,False,0.03400309119010814,False,False,False
mom60_skip5,2025-12-31,2026-01-02,buy,8150,47.85,49.2,46.8,48.6,30166843,1461179814,47.15,False,True,True,True,False,False,0.014846235418876086,False,False,False
mom60_skip5,2025-12-31,2026-01-02,buy,8210,1000.0,1010.0,939.0,954.0,3664197,3529696523,1005.0,False,False,True,True,False,False,-0.00497512437810943,False,False,False
mom60_skip5,2025-12-31,2026-01-02,buy,8271,114.0,115.0,110.0,113.0,12014779,1356952092,113.0,False,False,True,True,False,False,0.008849557522123908,False,False,False
mom60_skip5,2025-12-31,2026-01-02,buy,8499,341.0,341.5,328.0,330.5,270885,90079031,339.5,False,False,True,True,False,False,0.004418262150220897,False,False,False
mom60_skip5,2025-12-31,2026-01-02,buy,8996,580.0,595.0,563.0,569.0,4581202,2634722045,580.0,False,True,True,True,False,False,0.0,False,False,False
logistic,2026-01-30,2026-02-02,buy,1471,12.2,12.2,11.8,11.85,898148,10731881,12.5,False,False,True,True,False,False,-0.02400000000000002,False,False,False
logistic,2026-01-30,2026-02-02,buy,1503,224.5,226.0,212.5,216.0,6545033,1423534451,229.0,False,False,True,True,False,False,-0.01965065502183405,False,False,False
logistic,2026-01-30,2026-02-02,buy,1514,120.0,122.0,118.5,121.5,6219216,748831137,123.5,False,False,True,True,False,False,-0.028340080971659964,False,False,False
logistic,2026-01-30,2026-02-02,buy,1526,19.8,20.15,19.55,19.65,196795,3897519,20.3,False,False,True,True,False,False,-0.024630541871921152,False,False,False
logistic,2026-01-30,2026-02-02,buy,1717,59.7,60.6,55.7,57.1,40122924,2312767333,61.7,False,False,True,True,False,False,-0.03241491085899517,False,False,False
logistic,2026-01-30,2026-02-02,buy,1802,46.45,46.5,44.35,44.95,24747482,1124214654,48.25,False,True,True,True,False,False,-0.03730569948186524,False,False,False
logistic,2026-01-30,2026-02-02,buy,1809,24.35,26.5,23.75,24.0,5775305,144595085,24.7,False,False,True,True,False,False,-0.014170040485829927,False,False,False
logistic,2026-01-30,2026-02-02,buy,2025,13.35,13.35,12.5,12.55,288938,3671572,13.35,False,False,True,True,False,False,0.0,False,False,False
logistic,2026-01-30,2026-02-02,buy,2028,20.1,20.85,19.5,19.65,1005143,20076940,20.1,False,False,True,True,False,False,0.0,False,False,False
logistic,2026-01-30,2026-02-02,buy,2233,279.0,298.0,278.5,288.5,9508230,2760835915,289.5,False,False,True,True,False,False,-0.03626943005181349,False,False,False
logistic,2026-01-30,2026-02-02,buy,2303,62.3,62.4,58.8,60.7,193775514,11666908350,62.4,False,False,True,True,False,False,-0.0016025641025640969,False,False,False
logistic,2026-01-30,2026-02-02,buy,2312,25.7,26.3,25.45,25.45,14863590,381401134,26.35,False,False,True,True,False,False,-0.024667931688804656,False,False,False
logistic,2026-01-30,2026-02-02,buy,2367,52.5,53.0,47.75,49.2,137146747,6872317076,51.8,False,True,True,True,False,False,0.013513513513513598,False,False,False
logistic,2026-01-30,2026-02-02,buy,2369,26.5,26.55,25.4,25.7,9051052,233581001,27.3,False,False,True,True,False,False,-0.02930402930402931,False,False,False
logistic,2026-01-30,2026-02-02,buy,2419,29.6,30.9,29.2,30.45,4249540,128177055,30.0,False,False,True,True,False,False,-0.013333333333333308,False,False,False
logistic,2026-01-30,2026-02-02,buy,2431,15.65,15.7,14.9,15.1,2606478,39567572,15.75,False,False,True,True,False,False,-0.006349206349206327,False,False,False
logistic,2026-01-30,2026-02-02,buy,2444,12.4,12.9,12.4,12.7,540078,6848422,12.7,False,False,True,True,False,False,-0.023622047244094446,False,False,False
logistic,2026-01-30,2026-02-02,buy,2457,28.75,29.75,28.6,29.35,10167514,296770409,29.0,False,False,True,True,False,False,-0.008620689655172376,False,False,False
logistic,2026-01-30,2026-02-02,buy,2481,89.6,92.9,87.0,88.0,21509262,1923365394,90.4,False,False,True,True,False,False,-0.008849557522124019,False,False,False
logistic,2026-01-30,2026-02-02,buy,2484,27.05,27.5,26.55,26.8,2318214,62590337,28.0,False,False,True,True,False,False,-0.03392857142857142,False,False,False
logistic,2026-01-30,2026-02-02,buy,3016,61.6,62.3,57.6,59.2,5212111,307778702,64.0,False,False,True,True,False,False,-0.03749999999999998,False,False,False
logistic,2026-01-30,2026-02-02,buy,3037,375.0,377.0,355.0,365.0,88667655,32539246108,378.5,False,True,True,True,False,False,-0.009247027741083214,False,False,False
logistic,2026-01-30,2026-02-02,buy,3135,114.0,116.0,108.5,113.5,2394714,268164750,118.5,False,False,True,True,False,False,-0.03797468354430378,False,False,False
logistic,2026-01-30,2026-02-02,buy,3189,245.0,251.0,230.5,239.5,44449860,10692149350,252.0,False,True,True,True,False,False,-0.02777777777777779,False,False,False
logistic,2026-01-30,2026-02-02,buy,3532,139.0,140.0,131.0,133.0,3484922,468543918,141.0,False,False,True,True,False,False,-0.014184397163120588,False,False,False
logistic,2026-01-30,2026-02-02,buy,3535,101.0,101.5,91.1,93.0,7893499,746674765,100.5,False,True,True,True,False,False,0.004975124378109541,False,False,False
logistic,2026-01-30,2026-02-02,buy,3543,44.2,45.45,42.85,43.05,2394584,104803570,44.35,False,True,True,True,False,False,-0.0033821871476887866,False,False,False
logistic,2026-01-30,2026-02-02,buy,3576,10.95,11.6,10.75,11.2,31355361,349762133,11.2,False,True,True,True,False,False,-0.022321428571428603,False,False,False
logistic,2026-01-30,2026-02-02,buy,3645,62.5,62.5,59.3,60.1,2597343,157107931,62.6,False,True,True,True,False,False,-0.0015974440894569453,False,False,False
logistic,2026-01-30,2026-02-02,buy,4764,113.0,116.5,108.5,112.0,1573057,175581488,117.0,False,False,True,True,False,False,-0.03418803418803418,False,False,False
logistic,2026-01-30,2026-02-02,buy,4934,15.5,15.7,14.6,14.65,1196440,17886306,15.5,False,True,True,True,False,False,0.0,False,False,False
logistic,2026-01-30,2026-02-02,buy,4958,195.5,197.5,176.5,183.5,63369486,11758703720,195.5,False,False,True,True,False,False,0.0,False,False,False
logistic,2026-01-30,2026-02-02,buy,6282,48.8,50.5,48.0,48.3,41233523,2018125073,49.8,False,False,True,True,False,False,-0.02008032128514059,False,False,False
logistic,2026-01-30,2026-02-02,buy,6285,190.5,197.5,179.0,183.0,57456084,10879198622,185.0,False,False,True,True,False,False,0.029729729729729648,False,False,False
logistic,2026-01-30,2026-02-02,buy,6415,278.0,297.0,276.0,289.5,14725522,4257233521,280.5,False,False,True,True,False,False,-0.0089126559714795,False,False,False
logistic,2026-01-30,2026-02-02,buy,6657,51.6,51.6,48.75,48.8,850553,42204117,51.1,False,False,True,True,False,False,0.009784735812133016,False,False,False
logistic,2026-01-30,2026-02-02,buy,6770,66.3,66.9,62.6,62.6,282567486,18090031239,69.5,False,False,True,True,False,False,-0.04604316546762599,False,False,False
logistic,2026-01-30,2026-02-02,buy,6949,588.0,620.0,585.0,601.0,400758,242835451,600.0,False,False,True,True,False,False,-0.020000000000000018,False,False,False
logistic,2026-01-30,2026-02-02,buy,8046,381.0,381.0,360.0,368.0,2963688,1090677035,388.5,False,True,True,True,False,False,-0.019305019305019266,False,False,False
logistic,2026-01-30,2026-02-02,buy,8104,39.75,39.8,37.8,37.8,4608025,177216127,42.0,False,False,True,True,False,False,-0.0535714285714286,False,False,False
logistic,2026-01-30,2026-02-02,buy,8150,59.0,59.9,55.7,57.9,24800508,1427824247,60.2,False,False,True,True,False,False,-0.019933554817275767,False,False,False
logistic,2026-01-30,2026-02-02,buy,8476,18.7,18.7,17.95,18.1,1689956,30720708,18.85,False,False,True,True,False,False,-0.007957559681697757,False,False,False
logistic,2026-01-30,2026-02-02,buy,9955,33.0,33.4,32.45,33.1,2013327,66156921,35.7,False,False,True,True,False,False,-0.0756302521008404,False,False,False
logistic,2026-01-30,2026-02-02,sell,1587,45.2,45.75,43.8,44.1,1004027,44906889,46.15,False,,True,True,False,False,-0.02058504875406275,False,False,False
logistic,2026-01-30,2026-02-02,sell,1727,43.05,43.05,40.95,41.35,2826676,117591040,43.4,False,,True,True,False,False,-0.008064516129032251,False,False,False
logistic,2026-01-30,2026-02-02,sell,2009,47.8,48.1,45.1,45.2,16912058,775033849,50.1,False,,True,True,False,False,-0.045908183632734634,False,False,False
logistic,2026-01-30,2026-02-02,sell,2329,56.7,56.8,53.0,54.6,18756685,1026113684,58.1,False,,True,True,False,False,-0.02409638554216864,False,False,False
logistic,2026-01-30,2026-02-02,sell,2349,13.5,13.5,13.0,13.1,7228594,95376046,13.6,False,,True,True,False,False,-0.007352941176470562,False,False,False
logistic,2026-01-30,2026-02-02,sell,2402,53.3,53.5,51.1,52.1,5052562,263038950,53.2,False,,True,True,False,False,0.001879699248120259,False,False,False
logistic,2026-01-30,2026-02-02,sell,2429,61.6,61.8,58.0,59.4,723375,43057868,61.6,False,,True,True,False,False,0.0,False,False,False
logistic,2026-01-30,2026-02-02,sell,2441,87.4,88.8,85.2,86.3,7765853,671642518,89.4,False,,True,True,False,False,-0.022371364653243853,False,False,False
logistic,2026-01-30,2026-02-02,sell,2491,17.9,17.9,17.15,17.15,320178,5574579,18.0,False,,True,True,False,False,-0.005555555555555647,False,False,False
logistic,2026-01-30,2026-02-02,sell,2493,106.5,113.0,106.5,111.0,902476,99367941,109.0,False,,True,True,False,False,-0.022935779816513735,False,False,False
logistic,2026-01-30,2026-02-02,sell,2495,34.25,34.45,32.2,32.85,7210898,239034471,35.0,False,,True,True,False,False,-0.021428571428571463,False,False,False
logistic,2026-01-30,2026-02-02,sell,3011,13.35,13.35,12.9,12.95,908034,11854884,13.5,False,,True,True,False,False,-0.011111111111111183,False,False,False
logistic,2026-01-30,2026-02-02,sell,3138,181.5,182.0,162.0,164.0,4568725,782191309,178.0,False,,True,True,False,False,0.0196629213483146,False,False,False
logistic,2026-01-30,2026-02-02,sell,3229,22.0,23.8,21.5,23.1,165044,3715998,21.8,False,,True,True,False,False,0.00917431192660545,False,False,False
logistic,2026-01-30,2026-02-02,sell,3715,140.5,141.5,135.0,138.0,20746309,2859062573,143.0,False,,True,True,False,False,-0.0174825174825175,False,False,False
logistic,2026-01-30,2026-02-02,sell,4722,153.5,155.5,150.5,151.0,921080,140718403,154.5,False,,True,True,False,False,-0.006472491909385147,False,False,False
logistic,2026-01-30,2026-02-02,sell,4927,31.55,31.85,30.6,30.9,5644609,175821899,32.0,False,,True,True,False,False,-0.014062499999999978,False,False,False
logistic,2026-01-30,2026-02-02,sell,4989,52.7,52.9,49.0,49.55,9133568,458542930,53.3,False,,True,True,False,False,-0.011257035647279423,False,False,False
logistic,2026-01-30,2026-02-02,sell,5521,21.15,22.05,20.9,21.2,4278474,92164511,21.15,False,,True,True,False,False,0.0,False,False,False
logistic,2026-01-30,2026-02-02,sell,6139,560.0,569.0,550.0,555.0,3284310,1830119389,575.0,False,,True,True,False,False,-0.02608695652173909,False,False,False
logistic,2026-01-30,2026-02-02,sell,6164,12.6,12.6,12.0,12.0,511014,6211859,12.55,False,,True,True,False,False,0.003984063745019917,False,False,False
logistic,2026-01-30,2026-02-02,sell,6205,51.8,52.8,49.6,50.7,518660,26094993,51.1,False,,True,True,False,False,0.013698630136986134,False,False,False
logistic,2026-01-30,2026-02-02,sell,6209,65.5,66.0,59.6,60.0,9663189,595399839,65.5,False,,True,True,False,False,0.0,False,False,False
logistic,2026-01-30,2026-02-02,sell,6243,34.1,34.1,32.8,33.1,211834,7044723,34.3,False,,True,True,False,False,-0.005830903790087327,False,False,False
logistic,2026-01-30,2026-02-02,sell,6257,128.0,129.0,124.0,125.5,7195166,904642472,130.0,False,,True,True,False,False,-0.01538461538461533,False,False,False
logistic,2026-01-30,2026-02-02,sell,6431,27.6,29.6,27.6,28.25,1517676,43958121,27.6,False,,True,True,False,False,0.0,False,False,False
logistic,2026-01-30,2026-02-02,sell,6515,3945.0,4110.0,3850.0,4060.0,636198,2541379400,3905.0,False,,True,True,False,False,0.010243277848911658,False,False,False
logistic,2026-01-30,2026-02-02,sell,6658,50.4,52.3,50.4,51.8,174917,8989511,52.7,False,,True,True,False,False,-0.0436432637571158,False,False,False
logistic,2026-01-30,2026-02-02,sell,7740,153.0,153.0,148.0,149.0,68965,10291495,153.0,False,,True,True,False,False,0.0,False,False,False
logistic,2026-01-30,2026-02-02,sell,8021,196.5,196.5,189.0,190.0,4766535,909299536,205.0,False,,True,True,False,False,-0.04146341463414638,False,False,False
logistic,2026-01-30,2026-02-02,sell,8271,119.0,119.5,111.5,112.0,7491709,855829832,123.5,False,,True,True,False,False,-0.036437246963562764,False,False,False
logistic,2026-01-30,2026-02-02,sell,8438,58.0,59.3,55.7,57.2,1041209,59493486,57.6,False,,True,True,False,False,0.00694444444444442,False,False,False
logistic,2026-01-30,2026-02-02,sell,8467,181.0,190.0,180.5,183.5,72861,13536159,184.0,False,,True,True,False,False,-0.016304347826086918,False,False,False
mom60_skip5,2026-01-30,2026-02-02,buy,1528,27.3,27.3,25.6,25.7,2781908,73127147,27.85,False,False,True,True,False,False,-0.019748653500897717,False,False,False
mom60_skip5,2026-01-30,2026-02-02,buy,1560,400.0,417.5,399.5,415.0,2163964,886455391,406.5,False,True,True,True,False,False,-0.01599015990159902,False,False,False
mom60_skip5,2026-01-30,2026-02-02,buy,1717,59.7,60.6,55.7,57.1,40122924,2312767333,61.7,False,False,True,True,False,False,-0.03241491085899517,False,False,False
mom60_skip5,2026-01-30,2026-02-02,buy,1721,17.45,17.45,16.95,17.0,961873,16408833,17.45,False,False,True,True,False,False,0.0,False,False,False
mom60_skip5,2026-01-30,2026-02-02,buy,1789,25.0,25.25,23.3,23.6,3706996,89381957,24.65,False,False,True,True,False,False,0.014198782961460488,False,False,False
mom60_skip5,2026-01-30,2026-02-02,buy,1809,24.35,26.5,23.75,24.0,5775305,144595085,24.7,False,False,True,True,False,False,-0.014170040485829927,False,False,False
mom60_skip5,2026-01-30,2026-02-02,buy,2303,62.3,62.4,58.8,60.7,193775514,11666908350,62.4,False,False,True,True,False,False,-0.0016025641025640969,False,False,False
mom60_skip5,2026-01-30,2026-02-02,buy,2305,13.35,13.4,12.5,13.05,1275016,16554945,13.5,False,False,True,True,False,False,-0.011111111111111183,False,False,False
mom60_skip5,2026-01-30,2026-02-02,buy,2331,26.4,27.3,25.8,26.25,8451523,222338613,26.9,False,False,True,True,False,False,-0.018587360594795488,False,False,False
mom60_skip5,2026-01-30,2026-02-02,buy,2367,52.5,53.0,47.75,49.2,137146747,6872317076,51.8,False,True,True,True,False,False,0.013513513513513598,False,False,False
mom60_skip5,2026-01-30,2026-02-02,buy,2460,22.55,22.7,21.35,21.45,510729,11158071,22.7,False,True,True,True,False,False,-0.0066079295154184425,False,False,False
mom60_skip5,2026-01-30,2026-02-02,buy,2484,27.05,27.5,26.55,26.8,2318214,62590337,28.0,False,False,True,True,False,False,-0.03392857142857142,False,False,False
mom60_skip5,2026-01-30,2026-02-02,buy,2486,125.0,126.0,120.0,125.0,5638667,689355247,128.0,False,False,True,True,False,False,-0.0234375,False,False,False
mom60_skip5,2026-01-30,2026-02-02,buy,3006,195.0,195.0,176.5,183.0,66806255,12394190353,195.0,False,False,True,True,False,False,0.0,False,False,False
mom60_skip5,2026-01-30,2026-02-02,buy,3051,24.05,24.95,24.05,24.25,1083736,26455117,24.95,False,False,True,True,False,False,-0.03607214428857708,False,False,False
mom60_skip5,2026-01-30,2026-02-02,buy,3092,24.9,24.9,23.85,23.95,657016,15852067,25.0,False,True,True,True,False,False,-0.0040000000000000036,False,False,False
mom60_skip5,2026-01-30,2026-02-02,buy,3135,114.0,116.0,108.5,113.5,2394714,268164750,118.5,False,False,True,True,False,False,-0.03797468354430378,False,False,False
mom60_skip5,2026-01-30,2026-02-02,buy,3138,181.5,182.0,162.0,164.0,4568725,782191309,178.0,False,True,True,True,False,False,0.0196629213483146,False,False,False
mom60_skip5,2026-01-30,2026-02-02,buy,3189,245.0,251.0,230.5,239.5,44449860,10692149350,252.0,False,True,True,True,False,False,-0.02777777777777779,False,False,False
mom60_skip5,2026-01-30,2026-02-02,buy,3308,20.85,21.1,20.0,20.35,200508,4102754,22.0,False,False,True,True,False,False,-0.05227272727272725,False,False,False
mom60_skip5,2026-01-30,2026-02-02,buy,3481,20.85,22.2,20.7,21.15,421571722,8983124843,21.8,False,True,True,True,False,False,-0.04357798165137616,False,False,False
mom60_skip5,2026-01-30,2026-02-02,buy,3532,139.0,140.0,131.0,133.0,3484922,468543918,141.0,False,False,True,True,False,False,-0.014184397163120588,False,False,False
mom60_skip5,2026-01-30,2026-02-02,buy,3576,10.95,11.6,10.75,11.2,31355361,349762133,11.2,False,True,True,True,False,False,-0.022321428571428603,False,False,False
mom60_skip5,2026-01-30,2026-02-02,buy,3653,2750.0,2970.0,2750.0,2955.0,1935240,5637029955,2840.0,False,False,True,True,False,False,-0.03169014084507038,False,False,False
mom60_skip5,2026-01-30,2026-02-02,buy,3701,55.8,55.8,52.0,54.0,5746229,309056308,55.6,False,True,True,True,False,False,0.003597122302158251,False,False,False
mom60_skip5,2026-01-30,2026-02-02,buy,4764,113.0,116.5,108.5,112.0,1573057,175581488,117.0,False,False,True,True,False,False,-0.03418803418803418,False,False,False
mom60_skip5,2026-01-30,2026-02-02,buy,4927,31.55,31.85,30.6,30.9,5644609,175821899,32.0,False,True,True,True,False,False,-0.014062499999999978,False,False,False
mom60_skip5,2026-01-30,2026-02-02,buy,5292,192.5,192.5,185.5,189.0,152687,28637091,193.5,False,False,True,True,False,False,-0.0051679586563307955,False,False,False
mom60_skip5,2026-01-30,2026-02-02,buy,6133,24.35,24.65,23.35,23.7,4078526,97393769,24.75,False,False,True,True,False,False,-0.016161616161616155,False,False,False
mom60_skip5,2026-01-30,2026-02-02,buy,6152,12.9,13.5,12.5,12.55,1456305,18675220,12.85,False,True,True,True,False,False,0.0038910505836575737,False,False,False
mom60_skip5,2026-01-30,2026-02-02,buy,6239,250.5,251.5,238.0,244.5,12320170,3005583948,254.0,False,False,True,True,False,False,-0.013779527559055094,False,False,False
mom60_skip5,2026-01-30,2026-02-02,buy,6515,3945.0,4110.0,3850.0,4060.0,636198,2541379400,3905.0,False,True,True,True,False,False,0.010243277848911658,False,False,False
mom60_skip5,2026-01-30,2026-02-02,buy,8046,381.0,381.0,360.0,368.0,2963688,1090677035,388.5,False,True,True,True,False,False,-0.019305019305019266,False,False,False
mom60_skip5,2026-01-30,2026-02-02,buy,8438,58.0,59.3,55.7,57.2,1041209,59493486,57.6,False,True,True,True,False,False,0.00694444444444442,False,False,False
mom60_skip5,2026-01-30,2026-02-02,sell,1519,950.0,961.0,931.0,942.0,3699440,3491647968,970.0,False,,True,True,False,False,-0.020618556701030966,False,False,False
mom60_skip5,2026-01-30,2026-02-02,sell,1587,45.2,45.75,43.8,44.1,1004027,44906889,46.15,False,,True,True,False,False,-0.02058504875406275,False,False,False
mom60_skip5,2026-01-30,2026-02-02,sell,2399,23.2,23.2,22.25,22.55,2334559,52808855,23.25,False,,True,True,False,False,-0.0021505376344086446,False,False,False
mom60_skip5,2026-01-30,2026-02-02,sell,2441,87.4,88.8,85.2,86.3,7765853,671642518,89.4,False,,True,True,False,False,-0.022371364653243853,False,False,False
mom60_skip5,2026-01-30,2026-02-02,sell,2449,289.5,293.5,280.0,285.0,17191140,4908944906,296.0,False,,True,True,False,False,-0.02195945945945943,False,False,False
mom60_skip5,2026-01-30,2026-02-02,sell,2515,13.7,13.9,13.5,13.55,7436090,101963400,13.7,False,,True,True,False,False,0.0,False,False,False
mom60_skip5,2026-01-30,2026-02-02,sell,3002,21.5,21.65,20.7,20.75,699264,14757425,21.5,False,,True,True,False,False,0.0,False,False,False
mom60_skip5,2026-01-30,2026-02-02,sell,3017,1440.0,1505.0,1415.0,1490.0,7071740,10437827835,1460.0,False,,True,True,False,False,-0.013698630136986356,False,False,False
mom60_skip5,2026-01-30,2026-02-02,sell,3229,22.0,23.8,21.5,23.1,165044,3715998,21.8,False,,True,True,False,False,0.00917431192660545,False,False,False
mom60_skip5,2026-01-30,2026-02-02,sell,3543,44.2,45.45,42.85,43.05,2394584,104803570,44.35,False,,True,True,False,False,-0.0033821871476887866,False,False,False
mom60_skip5,2026-01-30,2026-02-02,sell,3665,1270.0,1355.0,1270.0,1325.0,2715843,3585111855,1300.0,False,,True,True,False,False,-0.023076923076923106,False,False,False
mom60_skip5,2026-01-30,2026-02-02,sell,3711,294.0,298.0,288.5,292.0,13901958,4061005832,297.0,False,,True,True,False,False,-0.010101010101010055,False,False,False
mom60_skip5,2026-01-30,2026-02-02,sell,4989,52.7,52.9,49.0,49.55,9133568,458542930,53.3,False,,True,True,False,False,-0.011257035647279423,False,False,False
mom60_skip5,2026-01-30,2026-02-02,sell,5515,32.1,32.45,31.8,32.05,470210,15081392,32.45,False,,True,True,False,False,-0.01078582434514641,False,False,False
mom60_skip5,2026-01-30,2026-02-02,sell,5522,65.7,67.3,65.4,66.8,809245,53966034,66.2,False,,True,True,False,False,-0.007552870090634434,False,False,False
mom60_skip5,2026-01-30,2026-02-02,sell,6139,560.0,569.0,550.0,555.0,3284310,1830119389,575.0,False,,True,True,False,False,-0.02608695652173909,False,False,False
mom60_skip5,2026-01-30,2026-02-02,sell,6426,123.0,128.5,120.0,124.0,16924220,2104318304,122.5,False,,True,True,False,False,0.004081632653061273,False,False,False
mom60_skip5,2026-01-30,2026-02-02,sell,6691,588.0,591.0,576.0,587.0,692268,404587081,593.0,False,,True,True,False,False,-0.00843170320404718,False,False,False
mom60_skip5,2026-01-30,2026-02-02,sell,6805,1410.0,1460.0,1370.0,1405.0,1706364,2419230460,1425.0,False,,True,True,False,False,-0.010526315789473717,False,False,False
mom60_skip5,2026-01-30,2026-02-02,sell,8112,82.7,82.7,76.2,76.2,45028494,3502360575,84.6,False,,True,True,False,False,-0.02245862884160743,False,False,False
mom60_skip5,2026-01-30,2026-02-02,sell,8210,891.0,921.0,884.0,900.0,1408571,1273843294,905.0,False,,True,True,False,False,-0.015469613259668558,False,False,False
mom60_skip5,2026-01-30,2026-02-02,sell,8271,119.0,119.5,111.5,112.0,7491709,855829832,123.5,False,,True,True,False,False,-0.036437246963562764,False,False,False
mom60_skip5,2026-01-30,2026-02-02,sell,8499,291.5,300.0,289.0,292.5,124997,36633537,298.5,False,,True,True,False,False,-0.02345058626465657,False,False,False
mom60_skip5,2026-01-30,2026-02-02,sell,8996,717.0,806.0,715.0,773.0,5581873,4302193811,747.0,False,,True,True,False,False,-0.04016064257028118,False,False,False
logistic,2026-02-26,2026-03-02,buy,1303,88.3,91.8,88.3,89.5,66187720,5959944972,91.8,False,False,True,True,False,False,-0.03812636165577343,False,False,False
logistic,2026-02-26,2026-03-02,buy,1326,52.0,52.9,48.15,48.2,101925500,5083836880,51.0,False,False,True,True,False,False,0.019607843137254832,False,False,False
logistic,2026-02-26,2026-03-02,buy,1711,26.2,27.9,25.75,27.2,23925275,651192545,27.2,False,True,True,True,False,False,-0.03676470588235292,False,False,False
logistic,2026-02-26,2026-03-02,buy,2455,221.0,239.0,221.0,239.0,13349486,3127934308,217.5,False,True,True,True,False,False,0.016091954022988464,False,False,False
logistic,2026-02-26,2026-03-02,buy,2460,29.6,29.6,28.05,28.85,1112574,32158800,28.05,False,False,True,True,False,False,0.05525846702317283,False,False,False
logistic,2026-02-26,2026-03-02,buy,2467,311.0,353.0,310.5,353.0,5617917,1914435529,321.0,False,True,True,True,False,False,-0.031152647975077885,False,False,False
logistic,2026-02-26,2026-03-02,buy,3028,53.0,54.9,52.2,52.6,7221039,385564708,55.5,False,False,True,True,False,False,-0.04504504504504503,False,False,False
logistic,2026-02-26,2026-03-02,buy,3040,40.1,40.1,38.65,38.7,480631,18828482,40.1,False,True,True,True,False,False,0.0,False,False,False
logistic,2026-02-26,2026-03-02,buy,3049,10.3,11.4,10.0,11.4,24789305,274732398,10.4,False,True,True,True,False,False,-0.009615384615384581,False,False,False
logistic,2026-02-26,2026-03-02,buy,3138,193.0,217.5,193.0,217.5,6384802,1347001722,198.0,False,False,True,True,False,False,-0.025252525252525304,False,False,False
logistic,2026-02-26,2026-03-02,buy,3308,24.1,26.7,23.95,26.35,1139324,29337486,25.15,False,False,True,True,False,False,-0.04174950298210722,False,False,False
logistic,2026-02-26,2026-03-02,buy,3686,19.5,22.0,19.2,21.95,2826489,61232937,20.0,False,False,True,True,False,False,-0.025000000000000022,False,False,False
logistic,2026-02-26,2026-03-02,buy,4919,71.2,79.9,71.2,79.9,17518578,1344703912,72.7,False,True,True,True,False,False,-0.02063273727647863,False,False,False
logistic,2026-02-26,2026-03-02,buy,4927,44.65,48.0,44.55,46.4,31981749,1477363548,47.25,False,False,True,True,False,False,-0.05502645502645509,False,False,False
logistic,2026-02-26,2026-03-02,buy,4956,24.5,26.05,24.25,25.7,1928314,48977217,25.8,False,True,True,True,False,False,-0.050387596899224785,False,False,False
logistic,2026-02-26,2026-03-02,buy,4977,166.0,184.5,165.5,174.0,38129544,6710720200,173.0,False,False,True,True,False,False,-0.040462427745664775,False,False,False
logistic,2026-02-26,2026-03-02,buy,6202,60.7,65.0,60.5,62.6,11983938,760855261,62.7,False,False,True,True,False,False,-0.03189792663476876,False,False,False
logistic,2026-02-26,2026-03-02,buy,6230,152.0,172.5,152.0,167.0,1524204,254754466,157.0,False,False,True,True,False,False,-0.031847133757961776,False,False,False
logistic,2026-02-26,2026-03-02,buy,6271,170.5,178.0,168.5,170.5,9222118,1601398721,177.0,False,False,True,True,False,False,-0.03672316384180796,False,False,False
logistic,2026-02-26,2026-03-02,buy,6451,200.0,215.5,196.0,204.5,5194727,1073288224,209.0,False,True,True,True,False,False,-0.0430622009569378,False,False,False
logistic,2026-02-26,2026-03-02,buy,6515,4895.0,5155.0,4775.0,4775.0,604282,2972010915,5115.0,False,True,True,True,False,False,-0.043010752688172005,False,False,False
logistic,2026-02-26,2026-03-02,buy,6715,165.0,191.0,163.5,188.0,2138088,391883442,174.5,False,True,True,True,False,False,-0.054441260744985676,False,False,False
logistic,2026-02-26,2026-03-02,buy,6830,283.0,313.5,281.0,313.5,7599226,2295498155,285.0,False,True,True,True,False,False,-0.007017543859649145,False,False,False
logistic,2026-02-26,2026-03-02,buy,6854,147.0,152.5,143.0,143.0,1397100,205536308,151.5,False,False,True,True,False,False,-0.02970297029702973,False,False,False
logistic,2026-02-26,2026-03-02,buy,6861,125.0,125.0,125.0,125.0,438743,54842875,114.0,False,True,True,True,True,False,0.09649122807017552,True,False,True
logistic,2026-02-26,2026-03-02,buy,6862,214.5,238.0,212.0,228.0,2672956,608351235,220.0,False,False,True,True,False,False,-0.025000000000000022,False,False,False
logistic,2026-02-26,2026-03-02,buy,8021,248.0,261.5,246.0,253.0,12086377,3068309574,256.0,False,False,True,True,False,False,-0.03125,False,False,False
logistic,2026-02-26,2026-03-02,buy,8438,68.5,76.3,67.1,75.8,13505086,1000666505,69.4,False,False,True,True,False,False,-0.012968299711815678,False,False,False
logistic,2026-02-26,2026-03-02,sell,1503,225.0,233.0,225.0,226.0,5709688,1302128076,236.0,False,,True,True,False,False,-0.04661016949152541,False,False,False
logistic,2026-02-26,2026-03-02,sell,1514,123.0,129.0,123.0,124.0,5007341,630012312,128.0,False,,True,True,False,False,-0.0390625,False,False,False
logistic,2026-02-26,2026-03-02,sell,1526,19.85,19.85,19.4,19.6,100290,1966478,19.7,False,,True,True,False,False,0.0076142131979697325,False,False,False
logistic,2026-02-26,2026-03-02,sell,1721,17.55,18.3,17.55,17.8,2035180,36520251,18.6,False,,True,True,False,False,-0.05645161290322587,False,False,False
logistic,2026-02-26,2026-03-02,sell,1809,24.5,27.5,24.2,27.1,10350831,275086429,25.65,False,,True,True,False,False,-0.04483430799220267,False,False,False
logistic,2026-02-26,2026-03-02,sell,2025,12.05,12.05,11.85,12.0,116551,1395023,12.05,False,,True,True,False,False,0.0,False,False,False
logistic,2026-02-26,2026-03-02,sell,2028,19.45,19.5,18.9,19.05,85441,1630960,19.3,False,,True,True,False,False,0.007772020725388629,False,False,False
logistic,2026-02-26,2026-03-02,sell,2233,226.0,239.0,225.0,235.5,1225968,287348189,233.5,False,,True,True,False,False,-0.032119914346895095,False,False,False
logistic,2026-02-26,2026-03-02,sell,2303,64.1,65.6,63.5,64.5,97505815,6302454861,65.4,False,,True,True,False,False,-0.01987767584097877,False,False,False
logistic,2026-02-26,2026-03-02,sell,2312,25.0,25.2,24.45,25.05,23105714,575271264,25.75,False,,True,True,False,False,-0.029126213592232997,False,False,False
logistic,2026-02-26,2026-03-02,sell,2369,27.2,29.3,26.65,28.8,14067366,399592039,28.55,False,,True,True,False,False,-0.04728546409807355,False,False,False
logistic,2026-02-26,2026-03-02,sell,2419,28.6,31.8,28.6,31.2,4681874,145230378,29.8,False,,True,True,False,False,-0.04026845637583887,False,False,False
logistic,2026-02-26,2026-03-02,sell,2444,13.4,15.0,13.15,15.0,4909558,70733390,13.65,False,,True,True,False,False,-0.01831501831501836,False,False,False
logistic,2026-02-26,2026-03-02,sell,2457,30.2,31.3,29.6,30.85,4894052,149575919,31.0,False,,True,True,False,False,-0.02580645161290329,False,False,False
logistic,2026-02-26,2026-03-02,sell,2481,88.0,95.9,87.3,94.6,27517765,2559540480,90.6,False,,True,True,False,False,-0.028697571743929284,False,False,False
logistic,2026-02-26,2026-03-02,sell,2484,28.1,30.6,28.1,30.2,2911230,86902128,30.05,False,,True,True,False,False,-0.06489184692179695,False,False,False
logistic,2026-02-26,2026-03-02,sell,3016,60.2,61.0,58.8,60.5,2272867,137106737,63.0,False,,True,True,False,False,-0.0444444444444444,False,False,False
logistic,2026-02-26,2026-03-02,sell,3532,133.5,140.0,130.5,135.5,5307075,718294498,138.0,False,,True,True,False,False,-0.03260869565217395,False,False,False
logistic,2026-02-26,2026-03-02,sell,3543,50.5,52.8,50.1,51.1,3560279,183376376,53.5,False,,True,True,False,False,-0.05607476635514019,False,False,False
logistic,2026-02-26,2026-03-02,sell,3645,61.1,69.7,60.4,68.3,12898783,857722402,64.2,False,,True,True,False,False,-0.04828660436137078,False,False,False
logistic,2026-02-26,2026-03-02,sell,6133,23.6,24.2,23.3,23.9,2401172,57264238,24.65,False,,True,True,False,False,-0.04259634888438124,False,False,False
logistic,2026-02-26,2026-03-02,sell,6282,49.8,52.9,49.7,51.7,21273374,1091045835,52.0,False,,True,True,False,False,-0.04230769230769238,False,False,False
logistic,2026-02-26,2026-03-02,sell,6415,272.0,276.5,268.5,273.0,3393719,928055095,281.0,False,,True,True,False,False,-0.03202846975088969,False,False,False
logistic,2026-02-26,2026-03-02,sell,6657,47.7,51.5,46.8,50.6,798418,39750091,47.7,False,,True,True,False,False,0.0,False,False,False
logistic,2026-02-26,2026-03-02,sell,6949,694.0,718.0,665.0,690.0,401880,276657108,695.0,False,,True,True,False,False,-0.0014388489208633226,False,False,False
logistic,2026-02-26,2026-03-02,sell,8104,37.5,39.45,37.25,38.0,1318849,50457745,39.0,False,,True,True,False,False,-0.038461538461538436,False,False,False
logistic,2026-02-26,2026-03-02,sell,8131,66.0,70.2,65.9,69.7,5358456,370638265,71.4,False,,True,True,False,False,-0.0756302521008404,False,False,False
logistic,2026-02-26,2026-03-02,sell,8476,20.1,20.1,19.45,19.65,822465,16195178,19.95,False,,True,True,False,False,0.007518796992481258,False,False,False
logistic,2026-02-26,2026-03-02,sell,9955,36.95,36.95,36.95,36.95,1245710,46028916,33.6,False,,True,True,True,False,0.09970238095238093,True,False,False
mom60_skip5,2026-02-26,2026-03-02,buy,1471,13.35,14.4,12.35,14.3,7487467,103922155,13.6,False,False,True,True,False,False,-0.018382352941176516,False,False,False
mom60_skip5,2026-02-26,2026-03-02,buy,2345,1360.0,1435.0,1360.0,1415.0,4142561,5844537320,1400.0,False,False,True,True,False,False,-0.02857142857142858,False,False,False
mom60_skip5,2026-02-26,2026-03-02,buy,2383,2280.0,2435.0,2280.0,2380.0,3331488,7929076350,2440.0,False,False,True,True,False,False,-0.06557377049180324,False,False,False
mom60_skip5,2026-02-26,2026-03-02,buy,2449,313.5,322.0,308.0,316.0,13136560,4161141575,327.0,False,False,True,True,False,False,-0.041284403669724745,False,False,False
mom60_skip5,2026-02-26,2026-03-02,buy,2454,1945.0,1945.0,1880.0,1900.0,9622026,18429524093,1945.0,False,False,True,True,False,False,0.0,False,False,False
mom60_skip5,2026-02-26,2026-03-02,buy,2455,221.0,239.0,221.0,239.0,13349486,3127934308,217.5,False,True,True,True,False,False,0.016091954022988464,False,False,False
mom60_skip5,2026-02-26,2026-03-02,buy,2467,311.0,353.0,310.5,353.0,5617917,1914435529,321.0,False,True,True,True,False,False,-0.031152647975077885,False,False,False
mom60_skip5,2026-02-26,2026-03-02,buy,3167,285.5,314.0,285.5,309.0,1655695,501569776,297.0,False,True,True,True,False,False,-0.03872053872053871,False,False,False
mom60_skip5,2026-02-26,2026-03-02,buy,3533,1700.0,1760.0,1690.0,1700.0,2035769,3499097615,1775.0,False,False,True,True,False,False,-0.04225352112676062,False,False,False
mom60_skip5,2026-02-26,2026-03-02,buy,3535,125.5,140.0,125.0,140.0,7069161,958098200,127.5,False,False,True,True,False,False,-0.015686274509803977,False,False,False
mom60_skip5,2026-02-26,2026-03-02,buy,3550,17.75,18.85,17.35,18.45,3677762,67480800,18.15,False,False,True,True,False,False,-0.022038567493112837,False,False,False
mom60_skip5,2026-02-26,2026-03-02,buy,3711,358.5,382.0,358.5,370.5,26177963,9735168997,387.5,False,False,True,True,False,False,-0.07483870967741935,False,False,False
mom60_skip5,2026-02-26,2026-03-02,buy,4540,49.15,53.4,48.8,50.9,4801922,248394690,51.7,False,False,True,True,False,False,-0.04932301740812384,False,False,False
mom60_skip5,2026-02-26,2026-03-02,buy,4916,65.0,66.0,62.6,63.5,9981820,638779095,63.8,False,False,True,True,False,False,0.018808777429467183,False,False,False
mom60_skip5,2026-02-26,2026-03-02,buy,4977,166.0,184.5,165.5,174.0,38129544,6710720200,173.0,False,False,True,True,False,False,-0.040462427745664775,False,False,False
mom60_skip5,2026-02-26,2026-03-02,buy,6202,60.7,65.0,60.5,62.6,11983938,760855261,62.7,False,False,True,True,False,False,-0.03189792663476876,False,False,False
mom60_skip5,2026-02-26,2026-03-02,buy,6285,177.5,194.5,177.5,184.5,37222683,6986666454,187.0,False,False,True,True,False,False,-0.050802139037433136,False,False,False
mom60_skip5,2026-02-26,2026-03-02,buy,6415,272.0,276.5,268.5,273.0,3393719,928055095,281.0,False,False,True,True,False,False,-0.03202846975088969,False,False,False
mom60_skip5,2026-02-26,2026-03-02,buy,6426,180.5,193.0,179.0,179.0,898712,166364171,191.5,False,False,True,True,False,False,-0.057441253263707526,False,False,False
mom60_skip5,2026-02-26,2026-03-02,buy,6446,713.0,723.0,688.0,689.0,4273509,3005194177,724.0,False,False,True,True,False,False,-0.015193370165745845,False,False,False
mom60_skip5,2026-02-26,2026-03-02,buy,6715,165.0,191.0,163.5,188.0,2138088,391883442,174.5,False,True,True,True,False,False,-0.054441260744985676,False,False,False
mom60_skip5,2026-02-26,2026-03-02,buy,6830,283.0,313.5,281.0,313.5,7599226,2295498155,285.0,False,True,True,True,False,False,-0.007017543859649145,False,False,False
mom60_skip5,2026-02-26,2026-03-02,buy,6949,694.0,718.0,665.0,690.0,401880,276657108,695.0,False,False,True,True,False,False,-0.0014388489208633226,False,False,False
mom60_skip5,2026-02-26,2026-03-02,buy,8996,856.0,899.0,856.0,879.0,400439,353462186,879.0,False,False,True,True,False,False,-0.026166097838452806,False,False,False
mom60_skip5,2026-02-26,2026-03-02,sell,1303,88.3,91.8,88.3,89.5,66187720,5959944972,91.8,False,,True,True,False,False,-0.03812636165577343,False,False,False
mom60_skip5,2026-02-26,2026-03-02,sell,1419,67.6,67.8,66.7,67.4,132424,8922075,67.8,False,,True,True,False,False,-0.002949852507374673,False,False,False
mom60_skip5,2026-02-26,2026-03-02,sell,1560,495.0,522.0,495.0,506.0,2516930,1277520059,524.0,False,,True,True,False,False,-0.05534351145038163,False,False,False
mom60_skip5,2026-02-26,2026-03-02,sell,1789,21.4,21.9,21.2,21.7,1248660,26840880,21.4,False,,True,True,False,False,0.0,False,False,False
mom60_skip5,2026-02-26,2026-03-02,sell,1802,56.5,67.2,56.4,67.2,244135741,15646910163,61.1,False,,True,True,False,False,-0.07528641571194761,False,False,False
mom60_skip5,2026-02-26,2026-03-02,sell,1809,24.5,27.5,24.2,27.1,10350831,275086429,25.65,False,,True,True,False,False,-0.04483430799220267,False,False,False
mom60_skip5,2026-02-26,2026-03-02,sell,2303,64.1,65.6,63.5,64.5,97505815,6302454861,65.4,False,,True,True,False,False,-0.01987767584097877,False,False,False
mom60_skip5,2026-02-26,2026-03-02,sell,2305,13.4,13.6,13.05,13.45,471398,6287562,13.65,False,,True,True,False,False,-0.01831501831501836,False,False,False
mom60_skip5,2026-02-26,2026-03-02,sell,2331,26.2,27.3,26.05,26.95,3317544,88991320,27.6,False,,True,True,False,False,-0.050724637681159535,False,False,False
mom60_skip5,2026-02-26,2026-03-02,sell,2451,202.0,222.0,201.0,218.5,4893627,1049140551,210.0,False,,True,True,False,False,-0.03809523809523807,False,False,False
mom60_skip5,2026-02-26,2026-03-02,sell,2484,28.1,30.6,28.1,30.2,2911230,86902128,30.05,False,,True,True,False,False,-0.06489184692179695,False,False,False
mom60_skip5,2026-02-26,2026-03-02,sell,2491,17.5,18.15,17.0,18.0,332403,5915619,17.25,False,,True,True,False,False,0.01449275362318847,False,False,False
mom60_skip5,2026-02-26,2026-03-02,sell,2495,31.0,31.9,31.0,31.55,2429876,76691753,32.3,False,,True,True,False,False,-0.04024767801857576,False,False,False
mom60_skip5,2026-02-26,2026-03-02,sell,3025,58.5,58.7,56.5,58.1,1010386,58394023,58.5,False,,True,True,False,False,0.0,False,False,False
mom60_skip5,2026-02-26,2026-03-02,sell,3051,22.3,23.3,22.2,23.05,825317,18963698,23.15,False,,True,True,False,False,-0.036717062634989084,False,False,False
mom60_skip5,2026-02-26,2026-03-02,sell,3060,32.0,34.2,32.0,33.55,3178498,105664237,33.9,False,,True,True,False,False,-0.05604719764011801,False,False,False
mom60_skip5,2026-02-26,2026-03-02,sell,3443,2700.0,2735.0,2625.0,2645.0,2795594,7464658180,2770.0,False,,True,True,False,False,-0.02527075812274371,False,False,False
mom60_skip5,2026-02-26,2026-03-02,sell,3653,3045.0,3120.0,2980.0,3045.0,1014337,3095101255,3120.0,False,,True,True,False,False,-0.024038461538461564,False,False,False
mom60_skip5,2026-02-26,2026-03-02,sell,3715,151.0,157.5,149.5,153.0,22615497,3473264033,158.0,False,,True,True,False,False,-0.044303797468354444,False,False,False
mom60_skip5,2026-02-26,2026-03-02,sell,5292,178.0,181.5,177.5,180.0,145151,26001179,180.5,False,,True,True,False,False,-0.013850415512465353,False,False,False
mom60_skip5,2026-02-26,2026-03-02,sell,6155,50.3,53.4,49.65,52.1,1753787,91098883,53.3,False,,True,True,False,False,-0.05628517823639778,False,False,False
mom60_skip5,2026-02-26,2026-03-02,sell,6209,61.7,62.5,60.7,61.5,3650688,224179934,63.4,False,,True,True,False,False,-0.02681388012618291,False,False,False
mom60_skip5,2026-02-26,2026-03-02,sell,6282,49.8,52.9,49.7,51.7,21273374,1091045835,52.0,False,,True,True,False,False,-0.04230769230769238,False,False,False
mom60_skip5,2026-02-26,2026-03-02,sell,8039,95.5,106.5,93.2,106.5,28341507,2889160796,97.0,False,,True,True,False,False,-0.015463917525773141,False,False,False
mom60_skip5,2026-02-26,2026-03-02,sell,8150,69.5,71.5,66.6,67.9,80708670,5508077119,71.5,False,,True,True,False,False,-0.027972027972028024,False,False,False
logistic,2026-03-31,2026-04-01,buy,1304,17.0,17.75,16.5,17.25,59234326,1017998259,18.25,False,False,True,True,False,False,-0.06849315068493156,False,False,False
logistic,2026-03-31,2026-04-01,buy,1305,16.5,17.2,16.15,16.9,24848807,415264915,17.35,False,False,True,True,False,False,-0.04899135446685887,False,False,False
logistic,2026-03-31,2026-04-01,buy,1308,17.65,18.5,17.15,17.9,22854998,407496588,18.5,False,False,True,True,False,False,-0.04594594594594603,False,False,False
logistic,2026-03-31,2026-04-01,buy,1309,22.0,24.1,21.0,23.6,54457066,1249261524,23.05,False,False,True,True,False,False,-0.045553145336225676,False,False,False
logistic,2026-03-31,2026-04-01,buy,1310,10.6,11.1,10.6,10.9,9664658,104749719,11.05,False,False,True,True,False,False,-0.040723981900452566,False,False,False
logistic,2026-03-31,2026-04-01,buy,1725,30.75,30.95,29.7,29.7,198023,5972470,30.25,False,False,True,True,False,False,0.016528925619834656,False,False,False
logistic,2026-03-31,2026-04-01,buy,1727,50.0,50.7,49.25,49.25,2377194,118364741,48.5,False,True,True,True,False,False,0.030927835051546282,False,False,False
logistic,2026-03-31,2026-04-01,buy,1735,25.05,26.0,24.0,25.5,406199,10130466,23.95,False,True,True,True,False,False,0.04592901878914413,False,False,False
logistic,2026-03-31,2026-04-01,buy,1809,26.6,26.95,26.0,26.05,1833702,48456495,25.65,False,False,True,True,False,False,0.0370370370370372,False,False,False
logistic,2026-03-31,2026-04-01,buy,2360,1530.0,1610.0,1505.0,1610.0,4429071,6959600005,1465.0,False,True,True,True,False,False,0.04436860068259385,False,False,False
logistic,2026-03-31,2026-04-01,buy,2369,29.65,30.95,29.35,30.25,24806588,754074714,28.15,False,False,True,True,False,False,0.05328596802841923,False,False,False
logistic,2026-03-31,2026-04-01,buy,2399,31.5,32.5,30.6,31.85,3095917,98251142,30.05,False,True,True,True,False,False,0.048252911813643884,False,False,False
logistic,2026-03-31,2026-04-01,buy,2426,33.9,34.85,33.9,34.85,1560626,54194383,31.7,False,True,True,True,False,False,0.06940063091482651,False,False,False
logistic,2026-03-31,2026-04-01,buy,2616,16.7,16.95,16.25,16.8,1116605,18512316,17.0,False,False,True,True,False,False,-0.01764705882352946,False,False,False
logistic,2026-03-31,2026-04-01,buy,3054,72.3,74.3,71.2,74.3,443411,32532227,67.6,False,False,True,True,False,False,0.06952662721893499,False,False,False
logistic,2026-03-31,2026-04-01,buy,3167,396.5,405.0,376.0,405.0,8949577,3538580090,368.5,False,True,True,True,False,False,0.07598371777476265,False,False,False
logistic,2026-03-31,2026-04-01,buy,3437,21.5,22.55,20.8,22.55,1342202,29257225,20.6,False,True,True,True,False,False,0.043689320388349495,False,False,False
logistic,2026-03-31,2026-04-01,buy,3563,798.0,805.0,774.0,775.0,3554341,2805624700,760.0,False,True,True,True,False,False,0.050000000000000044,False,False,False
logistic,2026-03-31,2026-04-01,buy,3715,185.5,187.5,176.0,180.0,43560239,7887682095,175.0,False,False,True,True,False,False,0.06000000000000005,False,False,False
logistic,2026-03-31,2026-04-01,buy,4906,37.6,39.65,36.3,39.65,114141049,4345114907,36.05,False,False,True,True,False,False,0.04299583911234417,False,False,False
logistic,2026-03-31,2026-04-01,buy,4949,69.2,73.0,67.9,67.9,9709805,679851789,67.0,False,True,True,True,False,False,0.032835820895522394,False,False,False
logistic,2026-03-31,2026-04-01,buy,4960,24.3,24.3,21.9,21.9,36751340,819669355,24.3,False,True,True,True,False,False,0.0,False,False,False
logistic,2026-03-31,2026-04-01,buy,5244,39.05,41.0,38.4,38.95,3151680,125152868,37.6,False,True,True,True,False,False,0.03856382978723394,False,False,False
logistic,2026-03-31,2026-04-01,buy,6141,20.5,21.25,20.2,20.9,825827,17136304,19.8,False,True,True,True,False,False,0.03535353535353525,False,False,False
logistic,2026-03-31,2026-04-01,buy,6205,52.7,55.2,51.4,53.6,1140210,61212960,50.8,False,True,True,True,False,False,0.03740157480314976,False,False,False
logistic,2026-03-31,2026-04-01,buy,6226,12.7,12.95,12.15,12.9,1297900,16396856,12.7,False,False,True,True,False,False,0.0,False,False,False
logistic,2026-03-31,2026-04-01,buy,6456,54.0,55.5,53.6,54.4,5204722,283158054,51.9,False,True,True,True,False,False,0.040462427745664664,False,False,False
logistic,2026-03-31,2026-04-01,buy,6550,19.3,20.45,19.3,20.3,1457784,29001401,19.15,False,False,True,True,False,False,0.00783289817232391,False,False,False
logistic,2026-03-31,2026-04-01,buy,7610,356.5,370.0,355.0,366.5,939128,340730760,351.0,False,True,True,True,False,False,0.015669515669515688,False,False,False
logistic,2026-03-31,2026-04-01,buy,8271,139.0,143.0,139.0,143.0,956089,136309599,130.0,False,True,True,True,False,False,0.0692307692307692,False,False,False
logistic,2026-03-31,2026-04-01,buy,8996,892.0,920.0,871.0,908.0,5012666,4523431188,846.0,False,True,True,True,False,False,0.05437352245862881,False,False,False
logistic,2026-03-31,2026-04-01,sell,1303,76.2,80.7,75.8,78.7,105710042,8295302606,73.9,False,,True,True,False,False,0.03112313937753708,False,False,False
logistic,2026-03-31,2026-04-01,sell,1326,44.65,46.15,44.6,45.3,41315255,1875470258,44.95,False,,True,True,False,False,-0.006674082313681939,False,False,False
logistic,2026-03-31,2026-04-01,sell,1471,12.2,12.45,12.05,12.25,480357,5881168,12.0,False,,True,True,False,False,0.016666666666666607,False,False,False
logistic,2026-03-31,2026-04-01,sell,1717,60.0,60.5,59.2,60.0,6938678,415897275,57.6,False,,True,True,False,False,0.04166666666666674,False,False,False
logistic,2026-03-31,2026-04-01,sell,2406,34.5,34.6,32.5,32.5,14130234,469339791,32.7,False,,True,True,False,False,0.05504587155963292,False,False,False
logistic,2026-03-31,2026-04-01,sell,2431,11.85,12.05,11.75,11.9,510848,6085637,11.55,False,,True,True,False,False,0.025974025974025983,False,False,False
logistic,2026-03-31,2026-04-01,sell,2460,25.0,26.5,25.0,25.5,256465,6599111,24.65,False,,True,True,False,False,0.014198782961460488,False,False,False
logistic,2026-03-31,2026-04-01,sell,3028,51.0,51.5,50.2,50.4,1708052,86684435,48.6,False,,True,True,False,False,0.04938271604938271,False,False,False
logistic,2026-03-31,2026-04-01,sell,3040,52.5,53.1,50.1,51.5,233840,11992380,52.5,False,,True,True,False,False,0.0,False,False,False
logistic,2026-03-31,2026-04-01,sell,3060,29.55,29.75,28.9,28.9,1731496,50507775,28.45,False,,True,True,False,False,0.03866432337434089,False,False,False
logistic,2026-03-31,2026-04-01,sell,3092,28.7,29.0,28.3,28.75,287236,8217962,27.75,False,,True,True,False,False,0.03423423423423411,False,False,False
logistic,2026-03-31,2026-04-01,sell,3138,176.0,177.5,168.0,170.5,2371756,410552391,167.5,False,,True,True,False,False,0.05074626865671639,False,False,False
logistic,2026-03-31,2026-04-01,sell,3308,20.2,21.25,20.2,20.7,99178,2063248,20.0,False,,True,True,False,False,0.010000000000000009,False,False,False
logistic,2026-03-31,2026-04-01,sell,3481,25.05,25.95,24.8,25.05,328715661,8324559551,23.85,False,,True,True,False,False,0.05031446540880502,False,False,False
logistic,2026-03-31,2026-04-01,sell,3535,110.0,110.0,104.0,106.0,3190558,338794730,103.5,False,,True,True,False,False,0.06280193236714982,False,False,False
logistic,2026-03-31,2026-04-01,sell,3550,18.3,19.2,18.0,18.55,3459677,64866499,17.6,False,,True,True,False,False,0.03977272727272729,False,False,False
logistic,2026-03-31,2026-04-01,sell,3686,18.0,18.35,17.75,17.9,251967,4512929,17.8,False,,True,True,False,False,0.011235955056179803,False,False,False
logistic,2026-03-31,2026-04-01,sell,4927,41.75,42.35,41.15,41.45,3857285,160779915,40.15,False,,True,True,False,False,0.03985056039850554,False,False,False
logistic,2026-03-31,2026-04-01,sell,4934,17.0,17.3,16.6,16.65,796084,13504548,16.3,False,,True,True,False,False,0.042944785276073594,False,False,False
logistic,2026-03-31,2026-04-01,sell,4958,219.0,222.0,215.0,219.5,26677086,5840482552,206.5,False,,True,True,False,False,0.060532687651331685,False,False,False
logistic,2026-03-31,2026-04-01,sell,6155,46.4,46.4,44.1,44.5,1397399,63356540,44.0,False,,True,True,False,False,0.05454545454545445,False,False,False
logistic,2026-03-31,2026-04-01,sell,6202,48.2,48.35,47.1,47.7,1810633,85838503,46.75,False,,True,True,False,False,0.031016042780748654,False,False,False
logistic,2026-03-31,2026-04-01,sell,6230,144.0,145.5,143.5,144.0,85916,12413549,138.5,False,,True,True,False,False,0.03971119133573997,False,False,False
logistic,2026-03-31,2026-04-01,sell,6271,145.5,151.0,145.5,149.0,3028576,450449568,140.5,False,,True,True,False,False,0.03558718861209975,False,False,False
logistic,2026-03-31,2026-04-01,sell,6285,180.0,184.5,176.0,178.0,24963032,4498111515,170.0,False,,True,True,False,False,0.05882352941176472,False,False,False
logistic,2026-03-31,2026-04-01,sell,6443,42.8,43.4,41.05,41.15,29765733,1244888406,40.85,False,,True,True,False,False,0.047735618115055,False,False,False
logistic,2026-03-31,2026-04-01,sell,6515,7795.0,7795.0,6915.0,7290.0,245732,1785184790,7150.0,False,,True,True,False,False,0.09020979020979025,False,False,False
logistic,2026-03-31,2026-04-01,sell,6706,119.0,119.0,114.5,115.0,3418407,396925642,112.5,False,,True,True,False,False,0.057777777777777706,False,False,False
logistic,2026-03-31,2026-04-01,sell,6854,139.5,145.5,139.5,141.0,660819,93868092,136.5,False,,True,True,False,False,0.0219780219780219,False,False,False
logistic,2026-03-31,2026-04-01,sell,6862,169.5,169.5,161.0,161.5,365383,59882669,160.5,False,,True,True,False,False,0.05607476635514019,False,False,False
logistic,2026-03-31,2026-04-01,sell,8110,50.8,50.9,49.0,50.9,13089763,654238907,47.95,False,,True,True,False,False,0.05943691345151181,False,False,False
logistic,2026-03-31,2026-04-01,sell,8150,56.0,56.3,55.1,55.5,5385721,298964501,53.6,False,,True,True,False,False,0.04477611940298498,False,False,False
mom60_skip5,2026-03-31,2026-04-01,buy,1305,16.5,17.2,16.15,16.9,24848807,415264915,17.35,False,False,True,True,False,False,-0.04899135446685887,False,False,False
mom60_skip5,2026-03-31,2026-04-01,buy,1309,22.0,24.1,21.0,23.6,54457066,1249261524,23.05,False,False,True,True,False,False,-0.045553145336225676,False,False,False
mom60_skip5,2026-03-31,2026-04-01,buy,1711,38.1,39.1,37.75,38.95,4789023,183980203,36.35,False,True,True,True,False,False,0.04814305364511684,False,False,False
mom60_skip5,2026-03-31,2026-04-01,buy,1802,54.1,55.4,53.5,53.9,55082667,2993530580,51.9,False,True,True,True,False,False,0.04238921001926799,False,False,False
mom60_skip5,2026-03-31,2026-04-01,buy,1809,26.6,26.95,26.0,26.05,1833702,48456495,25.65,False,False,True,True,False,False,0.0370370370370372,False,False,False
mom60_skip5,2026-03-31,2026-04-01,buy,2243,21.2,22.75,21.2,22.05,844262,18724101,21.8,False,True,True,True,False,False,-0.02752293577981657,False,False,False
mom60_skip5,2026-03-31,2026-04-01,buy,2308,1465.0,1495.0,1450.0,1475.0,12559029,18509028346,1380.0,False,True,True,True,False,False,0.061594202898550776,False,False,False
mom60_skip5,2026-03-31,2026-04-01,buy,2360,1530.0,1610.0,1505.0,1610.0,4429071,6959600005,1465.0,False,True,True,True,False,False,0.04436860068259385,False,False,False
mom60_skip5,2026-03-31,2026-04-01,buy,2369,29.65,30.95,29.35,30.25,24806588,754074714,28.15,False,False,True,True,False,False,0.05328596802841923,False,False,False
mom60_skip5,2026-03-31,2026-04-01,buy,2426,33.9,34.85,33.9,34.85,1560626,54194383,31.7,False,True,True,True,False,False,0.06940063091482651,False,False,False
mom60_skip5,2026-03-31,2026-04-01,buy,2605,41.8,42.95,40.35,41.0,20344039,848255128,42.0,False,False,True,True,False,False,-0.004761904761904856,False,False,False
mom60_skip5,2026-03-31,2026-04-01,buy,3036,227.0,229.5,220.5,225.0,10337848,2326915306,217.0,False,False,True,True,False,False,0.04608294930875578,False,False,False
mom60_skip5,2026-03-31,2026-04-01,buy,3049,11.95,12.1,11.6,11.7,9531138,112408141,11.45,False,False,True,True,False,False,0.04366812227074246,False,False,False
mom60_skip5,2026-03-31,2026-04-01,buy,3054,72.3,74.3,71.2,74.3,443411,32532227,67.6,False,False,True,True,False,False,0.06952662721893499,False,False,False
mom60_skip5,2026-03-31,2026-04-01,buy,3437,21.5,22.55,20.8,22.55,1342202,29257225,20.6,False,True,True,True,False,False,0.043689320388349495,False,False,False
mom60_skip5,2026-03-31,2026-04-01,buy,3653,3980.0,4050.0,3950.0,3950.0,1416825,5661398790,3795.0,False,True,True,True,False,False,0.0487483530961792,False,False,False
mom60_skip5,2026-03-31,2026-04-01,buy,3702,92.6,92.9,88.4,89.9,15924350,1435485624,88.0,False,False,True,True,False,False,0.05227272727272725,False,False,False
mom60_skip5,2026-03-31,2026-04-01,buy,3714,48.05,49.8,48.0,49.3,13116104,644082236,45.55,False,True,True,True,False,False,0.05488474204171245,False,False,False
mom60_skip5,2026-03-31,2026-04-01,buy,4919,93.5,96.9,90.8,94.5,14187393,1322940263,89.0,False,True,True,True,False,False,0.050561797752809,False,False,False
mom60_skip5,2026-03-31,2026-04-01,buy,4949,69.2,73.0,67.9,67.9,9709805,679851789,67.0,False,True,True,True,False,False,0.032835820895522394,False,False,False
mom60_skip5,2026-03-31,2026-04-01,buy,4956,33.0,33.4,32.25,32.35,2889636,94469147,31.6,False,True,True,True,False,False,0.044303797468354444,False,False,False
mom60_skip5,2026-03-31,2026-04-01,buy,4960,24.3,24.3,21.9,21.9,36751340,819669355,24.3,False,True,True,True,False,False,0.0,False,False,False
mom60_skip5,2026-03-31,2026-04-01,buy,6141,20.5,21.25,20.2,20.9,825827,17136304,19.8,False,True,True,True,False,False,0.03535353535353525,False,False,False
mom60_skip5,2026-03-31,2026-04-01,buy,6205,52.7,55.2,51.4,53.6,1140210,61212960,50.8,False,True,True,True,False,False,0.03740157480314976,False,False,False
mom60_skip5,2026-03-31,2026-04-01,buy,6226,12.7,12.95,12.15,12.9,1297900,16396856,12.7,False,False,True,True,False,False,0.0,False,False,False
mom60_skip5,2026-03-31,2026-04-01,buy,6451,319.0,322.5,297.0,305.0,2599198,801931055,296.0,False,True,True,True,False,False,0.07770270270270263,False,False,False
mom60_skip5,2026-03-31,2026-04-01,buy,6861,132.0,134.5,127.5,132.0,519509,68102575,126.0,False,True,True,True,False,False,0.04761904761904767,False,False,False
mom60_skip5,2026-03-31,2026-04-01,buy,7610,356.5,370.0,355.0,366.5,939128,340730760,351.0,False,True,True,True,False,False,0.015669515669515688,False,False,False
mom60_skip5,2026-03-31,2026-04-01,buy,7750,1300.0,1355.0,1295.0,1355.0,328204,437938275,1265.0,True,True,True,True,False,False,0.027667984189723382,False,False,False
mom60_skip5,2026-03-31,2026-04-01,buy,8271,139.0,143.0,139.0,143.0,956089,136309599,130.0,False,True,True,True,False,False,0.0692307692307692,False,False,False
mom60_skip5,2026-03-31,2026-04-01,sell,1528,27.95,28.75,25.9,26.1,106699874,2897074938,26.95,False,,True,True,False,False,0.03710575139146566,False,False,False
mom60_skip5,2026-03-31,2026-04-01,sell,1721,17.5,17.75,17.3,17.35,585939,10205630,17.2,False,,True,True,False,False,0.01744186046511631,False,False,False
mom60_skip5,2026-03-31,2026-04-01,sell,2344,97.1,97.2,91.3,93.1,205567931,19253182752,90.2,False,,True,True,False,False,0.0764966740576496,False,False,False
mom60_skip5,2026-03-31,2026-04-01,sell,2345,1585.0,1660.0,1575.0,1660.0,4304379,7001411990,1510.0,False,,True,True,False,False,0.04966887417218535,False,False,False
mom60_skip5,2026-03-31,2026-04-01,sell,2349,13.3,13.3,13.0,13.1,2458319,32315566,12.75,False,,True,True,False,False,0.04313725490196085,False,False,False
mom60_skip5,2026-03-31,2026-04-01,sell,2368,905.0,946.0,904.0,946.0,7499563,6997637375,860.0,False,,True,True,False,False,0.05232558139534893,False,False,False
mom60_skip5,2026-03-31,2026-04-01,sell,2406,34.5,34.6,32.5,32.5,14130234,469339791,32.7,False,,True,True,False,False,0.05504587155963292,False,False,False
mom60_skip5,2026-03-31,2026-04-01,sell,2408,211.5,213.0,205.0,211.0,121908452,25460998092,198.5,False,,True,True,False,False,0.06549118387909325,False,False,False
mom60_skip5,2026-03-31,2026-04-01,sell,2449,277.0,283.5,273.5,280.5,20066612,5596972972,261.0,False,,True,True,False,False,0.06130268199233724,False,False,False
mom60_skip5,2026-03-31,2026-04-01,sell,2454,1550.0,1550.0,1460.0,1465.0,11745526,17578588190,1490.0,False,,True,True,False,False,0.04026845637583887,False,False,False
mom60_skip5,2026-03-31,2026-04-01,sell,2460,25.0,26.5,25.0,25.5,256465,6599111,24.65,False,,True,True,False,False,0.014198782961460488,False,False,False
mom60_skip5,2026-03-31,2026-04-01,sell,3308,20.2,21.25,20.2,20.7,99178,2063248,20.0,False,,True,True,False,False,0.010000000000000009,False,False,False
mom60_skip5,2026-03-31,2026-04-01,sell,3535,110.0,110.0,104.0,106.0,3190558,338794730,103.5,False,,True,True,False,False,0.06280193236714982,False,False,False
mom60_skip5,2026-03-31,2026-04-01,sell,3550,18.3,19.2,18.0,18.55,3459677,64866499,17.6,False,,True,True,False,False,0.03977272727272729,False,False,False
mom60_skip5,2026-03-31,2026-04-01,sell,3701,58.0,58.6,56.5,56.5,2679464,153711240,55.7,False,,True,True,False,False,0.04129263913824044,False,False,False
mom60_skip5,2026-03-31,2026-04-01,sell,4540,42.2,42.9,41.75,41.9,636117,26911821,41.15,False,,True,True,False,False,0.025516403402187304,False,False,False
mom60_skip5,2026-03-31,2026-04-01,sell,4764,122.5,128.5,120.0,125.5,2547264,319438329,117.0,False,,True,True,False,False,0.047008547008547064,False,False,False
mom60_skip5,2026-03-31,2026-04-01,sell,4916,58.0,58.3,56.7,57.4,2213318,127198391,56.1,False,,True,True,False,False,0.033868092691622165,False,False,False
mom60_skip5,2026-03-31,2026-04-01,sell,4927,41.75,42.35,41.15,41.45,3857285,160779915,40.15,False,,True,True,False,False,0.03985056039850554,False,False,False
mom60_skip5,2026-03-31,2026-04-01,sell,4977,190.0,190.5,182.5,182.5,4556653,852766995,177.0,False,,True,True,False,False,0.07344632768361592,False,False,False
mom60_skip5,2026-03-31,2026-04-01,sell,5521,12.65,12.75,12.35,12.6,5140107,64489623,12.35,False,,True,True,False,False,0.02429149797570851,False,False,False
mom60_skip5,2026-03-31,2026-04-01,sell,6133,23.0,23.3,22.65,22.65,969678,22182811,22.3,False,,True,True,False,False,0.03139013452914785,False,False,False
mom60_skip5,2026-03-31,2026-04-01,sell,6202,48.2,48.35,47.1,47.7,1810633,85838503,46.75,False,,True,True,False,False,0.031016042780748654,False,False,False
mom60_skip5,2026-03-31,2026-04-01,sell,6239,195.0,197.5,194.5,195.0,6746157,1319881131,187.0,False,,True,True,False,False,0.04278074866310155,False,False,False
mom60_skip5,2026-03-31,2026-04-01,sell,6426,143.0,149.5,143.0,149.5,231761,34397141,136.0,False,,True,True,False,False,0.05147058823529416,False,False,False
mom60_skip5,2026-03-31,2026-04-01,sell,6431,22.5,23.95,22.5,22.95,259207,6006619,23.5,False,,True,True,False,False,-0.04255319148936165,False,False,False
mom60_skip5,2026-03-31,2026-04-01,sell,6446,620.0,635.0,614.0,635.0,1617578,1015061092,600.0,False,,True,True,False,False,0.03333333333333344,False,False,False
mom60_skip5,2026-03-31,2026-04-01,sell,6706,119.0,119.0,114.5,115.0,3418407,396925642,112.5,False,,True,True,False,False,0.057777777777777706,False,False,False
mom60_skip5,2026-03-31,2026-04-01,sell,8110,50.8,50.9,49.0,50.9,13089763,654238907,47.95,False,,True,True,False,False,0.05943691345151181,False,False,False
mom60_skip5,2026-03-31,2026-04-01,sell,8131,60.6,61.8,59.8,61.1,4838989,294194294,58.2,False,,True,True,False,False,0.04123711340206193,False,False,False
mom60_skip5,2026-03-31,2026-04-01,sell,8996,892.0,920.0,871.0,908.0,5012666,4523431188,846.0,False,,True,True,False,False,0.05437352245862881,False,False,False
logistic,2026-04-30,2026-05-04,buy,1597,144.0,157.5,144.0,157.5,4281902,652821492,143.5,False,True,True,True,False,False,0.0034843205574912606,False,False,False
logistic,2026-04-30,2026-05-04,buy,1721,24.55,25.05,24.15,24.3,2114095,51669628,24.2,False,True,True,True,False,False,0.01446280991735538,False,False,False
logistic,2026-04-30,2026-05-04,buy,2233,315.5,325.0,301.0,318.5,6301467,1984912178,300.0,False,True,True,True,False,False,0.05166666666666675,False,False,False
logistic,2026-04-30,2026-05-04,buy,2340,38.0,41.25,37.2,40.05,21964831,872931074,38.05,False,False,True,True,False,False,-0.0013140604467805073,False,False,False
logistic,2026-04-30,2026-05-04,buy,2351,156.5,162.0,155.5,158.0,10427297,1655387597,154.0,False,True,True,True,False,False,0.016233766233766156,False,False,False
logistic,2026-04-30,2026-05-04,buy,2388,83.0,84.2,75.2,83.1,57348953,4583134687,78.6,False,False,True,True,False,False,0.055979643765903475,False,False,False
logistic,2026-04-30,2026-05-04,buy,2464,116.0,120.0,113.0,116.0,25160104,2925470893,113.5,False,True,True,True,False,False,0.022026431718061623,False,False,False
logistic,2026-04-30,2026-05-04,buy,2484,40.75,41.8,39.6,41.5,2696881,110103232,39.55,False,True,True,True,False,False,0.03034134007585343,False,False,False
logistic,2026-04-30,2026-05-04,buy,2486,280.0,297.5,279.0,297.5,16433973,4794267349,270.5,False,False,True,True,False,False,0.03512014787430684,False,False,False
logistic,2026-04-30,2026-05-04,buy,2489,42.1,42.8,41.25,42.0,42868114,1798161061,42.1,False,True,True,True,False,False,0.0,False,False,False
logistic,2026-04-30,2026-05-04,buy,3016,98.6,98.6,98.6,98.6,2218752,218768869,89.7,False,True,True,True,True,False,0.09921962095875125,True,False,True
logistic,2026-04-30,2026-05-04,buy,3026,215.0,233.5,202.0,226.0,16422071,3621111992,212.5,False,True,True,True,False,False,0.0117647058823529,False,False,False
logistic,2026-04-30,2026-05-04,buy,3042,156.5,166.0,154.0,166.0,2477115,397404729,153.0,False,True,True,True,False,False,0.02287581699346397,False,False,False
logistic,2026-04-30,2026-05-04,buy,3055,79.0,80.7,77.8,78.0,1464250,115532537,78.3,False,True,True,True,False,False,0.008939974457215838,False,False,False
logistic,2026-04-30,2026-05-04,buy,3229,44.05,44.05,41.9,43.55,617544,26950507,40.05,False,False,True,True,False,False,0.09987515605493136,False,False,False
logistic,2026-04-30,2026-05-04,buy,3583,824.0,828.0,772.0,793.0,3625667,2887488984,792.0,False,False,True,True,False,False,0.04040404040404044,False,False,False
logistic,2026-04-30,2026-05-04,buy,3645,105.5,105.5,96.5,97.8,9622025,969428307,104.0,False,False,True,True,False,False,0.014423076923076872,False,False,False
logistic,2026-04-30,2026-05-04,buy,3673,60.9,62.4,60.3,61.4,7429980,456970476,60.4,False,True,True,True,False,False,0.008278145695364225,False,False,False
logistic,2026-04-30,2026-05-04,buy,3714,76.0,79.1,74.3,78.4,16782874,1300075586,74.1,False,False,True,True,False,False,0.025641025641025772,False,False,False
logistic,2026-04-30,2026-05-04,buy,4540,69.6,71.0,66.0,68.4,24016104,1644366682,68.5,False,False,True,True,False,False,0.016058394160583855,False,False,False
logistic,2026-04-30,2026-05-04,buy,4576,232.5,243.0,210.0,233.0,18931571,4269504114,222.0,False,True,True,True,False,False,0.04729729729729737,False,False,False
logistic,2026-04-30,2026-05-04,buy,4720,26.3,26.4,25.25,25.4,5689165,145575417,26.4,False,False,True,True,False,False,-0.0037878787878786735,False,False,False
logistic,2026-04-30,2026-05-04,buy,4927,53.0,54.8,51.3,53.4,18444782,982475810,52.2,False,False,True,True,False,False,0.015325670498084198,False,False,False
logistic,2026-04-30,2026-05-04,buy,4958,429.0,447.5,421.0,432.5,81110860,35186503869,421.0,False,True,True,True,False,False,0.019002375296912177,False,False,False
logistic,2026-04-30,2026-05-04,buy,6278,173.0,183.5,170.0,180.0,6313480,1129825706,168.0,False,True,True,True,False,False,0.029761904761904656,False,False,False
logistic,2026-04-30,2026-05-04,buy,6515,10800.0,10825.0,10300.0,10700.0,205376,2181336485,10385.0,False,False,True,True,False,False,0.03996148290804036,False,False,False
logistic,2026-04-30,2026-05-04,buy,6531,906.0,924.0,886.0,924.0,2344431,2138558189,840.0,False,True,True,True,False,False,0.07857142857142851,False,False,False
logistic,2026-04-30,2026-05-04,buy,6552,31.8,33.85,30.8,32.65,947720,30680161,32.2,False,False,True,True,False,False,-0.012422360248447228,False,False,False
logistic,2026-04-30,2026-05-04,buy,6658,154.5,154.5,143.5,143.5,2563138,378038278,149.5,False,True,True,True,False,False,0.03344481605351168,False,False,False
logistic,2026-04-30,2026-05-04,buy,6672,222.5,238.0,220.0,223.0,10613593,2402108785,219.0,False,False,True,True,False,False,0.015981735159817267,False,False,False
logistic,2026-04-30,2026-05-04,buy,6706,166.0,166.5,165.5,166.5,2877992,478699555,151.5,False,True,True,True,False,False,0.09570957095709565,False,False,False
logistic,2026-04-30,2026-05-04,buy,6902,104.5,104.5,99.9,100.5,243348,24889104,102.5,False,True,True,True,False,False,0.019512195121951237,False,False,False
logistic,2026-04-30,2026-05-04,buy,6909,62.7,62.9,58.7,58.7,2527027,152451966,61.6,False,False,True,True,False,False,0.017857142857142794,False,False,False
logistic,2026-04-30,2026-05-04,buy,7750,2600.0,2655.0,2555.0,2650.0,649177,1688247445,2575.0,False,False,True,True,False,False,0.009708737864077666,False,False,False
logistic,2026-04-30,2026-05-04,sell,1304,13.85,13.95,13.35,13.55,9614007,130314396,14.35,False,,True,True,False,False,-0.03484320557491294,False,False,False
logistic,2026-04-30,2026-05-04,sell,1305,14.3,14.3,13.5,13.7,8545905,117539025,14.85,False,,True,True,False,False,-0.03703703703703698,False,False,False
logistic,2026-04-30,2026-05-04,sell,1308,14.65,14.65,13.9,14.05,5640373,79627052,15.05,False,,True,True,False,False,-0.02657807308970106,False,False,False
logistic,2026-04-30,2026-05-04,sell,1309,19.7,19.75,18.85,19.2,16203835,311191521,20.8,False,,True,True,False,False,-0.05288461538461542,False,False,False
logistic,2026-04-30,2026-05-04,sell,1310,9.45,9.45,8.99,9.0,6013834,54668980,9.5,False,,True,True,False,False,-0.0052631578947369695,False,False,False
logistic,2026-04-30,2026-05-04,sell,1528,28.5,29.85,27.75,28.35,20370530,589033570,28.8,False,,True,True,False,False,-0.01041666666666674,False,False,False
logistic,2026-04-30,2026-05-04,sell,1725,31.0,31.1,30.5,30.5,139645,4292048,31.0,False,,True,True,False,False,0.0,False,False,False
logistic,2026-04-30,2026-05-04,sell,1809,26.2,28.25,25.7,28.25,4405037,122722115,25.7,False,,True,True,False,False,0.01945525291828787,False,False,False
logistic,2026-04-30,2026-05-04,sell,2313,254.5,268.5,247.0,268.5,83904966,21893109344,244.5,False,,True,True,False,False,0.04089979550102241,False,False,False
logistic,2026-04-30,2026-05-04,sell,2344,91.9,98.4,91.1,95.4,198798052,18840449075,89.8,False,,True,True,False,False,0.023385300668151476,False,False,False
logistic,2026-04-30,2026-05-04,sell,2360,2265.0,2330.0,2145.0,2310.0,6653939,15258651060,2120.0,False,,True,True,False,False,0.06839622641509435,False,False,False
logistic,2026-04-30,2026-05-04,sell,2367,58.2,62.0,56.5,59.1,58899270,3515340683,57.7,False,,True,True,False,False,0.008665511265164572,False,False,False
logistic,2026-04-30,2026-05-04,sell,2369,29.7,31.8,29.6,31.15,14772236,458010282,29.55,False,,True,True,False,False,0.0050761421319796,False,False,False
logistic,2026-04-30,2026-05-04,sell,2408,223.0,237.0,217.0,237.0,144354307,33090084460,215.5,False,,True,True,False,False,0.03480278422273786,False,False,False
logistic,2026-04-30,2026-05-04,sell,2413,44.2,45.65,43.8,44.65,1325880,59362117,43.55,False,,True,True,False,False,0.014925373134328401,False,False,False
logistic,2026-04-30,2026-05-04,sell,2451,258.0,266.0,253.5,265.5,9723247,2544843219,252.5,False,,True,True,False,False,0.0217821782178218,False,False,False
logistic,2026-04-30,2026-05-04,sell,2616,14.2,14.2,13.85,13.95,575171,8015370,14.2,False,,True,True,False,False,0.0,False,False,False
logistic,2026-04-30,2026-05-04,sell,3006,176.0,177.5,166.5,173.0,25858318,4456814342,169.5,False,,True,True,False,False,0.03834808259587019,False,False,False
logistic,2026-04-30,2026-05-04,sell,3037,912.0,920.0,862.0,911.0,43775340,39497726439,883.0,False,,True,True,False,False,0.0328425821064553,False,False,False
logistic,2026-04-30,2026-05-04,sell,3049,13.2,13.4,13.2,13.4,8081115,108138858,12.2,False,,True,True,False,False,0.08196721311475419,False,False,False
logistic,2026-04-30,2026-05-04,sell,3135,154.0,155.5,145.5,155.5,12562088,1918386893,141.5,False,,True,True,False,False,0.08833922261484095,False,False,False
logistic,2026-04-30,2026-05-04,sell,3563,883.0,898.0,866.0,886.0,1446072,1278073826,873.0,False,,True,True,False,False,0.01145475372279492,False,False,False
logistic,2026-04-30,2026-05-04,sell,3715,176.0,183.0,174.0,179.0,12704738,2278244028,174.0,False,,True,True,False,False,0.011494252873563315,False,False,False
logistic,2026-04-30,2026-05-04,sell,4906,34.3,35.25,34.15,34.25,7938180,275116711,34.3,False,,True,True,False,False,0.0,False,False,False
logistic,2026-04-30,2026-05-04,sell,4967,288.0,289.0,280.0,284.5,13452810,3840986695,281.0,False,,True,True,False,False,0.02491103202846978,False,False,False
logistic,2026-04-30,2026-05-04,sell,4977,222.5,225.5,215.5,219.5,8413985,1856793732,217.5,False,,True,True,False,False,0.02298850574712641,False,False,False
logistic,2026-04-30,2026-05-04,sell,5244,43.0,43.05,41.6,41.7,766552,32283628,42.45,False,,True,True,False,False,0.012956419316843215,False,False,False
logistic,2026-04-30,2026-05-04,sell,6152,13.85,14.4,13.6,14.05,1071016,15111713,13.5,False,,True,True,False,False,0.025925925925925908,False,False,False
logistic,2026-04-30,2026-05-04,sell,6550,17.5,17.9,17.4,17.55,537175,9455389,17.5,False,,True,True,False,False,0.0,False,False,False
logistic,2026-04-30,2026-05-04,sell,6770,52.7,53.5,51.6,53.1,97020345,5127217650,51.9,False,,True,True,False,False,0.015414258188824803,False,False,False
logistic,2026-04-30,2026-05-04,sell,8021,416.0,425.0,405.0,425.0,1039177,432339992,402.5,False,,True,True,False,False,0.03354037267080745,False,False,False
logistic,2026-04-30,2026-05-04,sell,8438,88.6,95.3,88.6,94.6,550926,51550911,88.3,False,,True,True,False,False,0.003397508493771184,False,False,False
mom60_skip5,2026-04-30,2026-05-04,buy,1721,24.55,25.05,24.15,24.3,2114095,51669628,24.2,False,True,True,True,False,False,0.01446280991735538,False,False,False
mom60_skip5,2026-04-30,2026-05-04,buy,1735,27.45,27.45,26.55,26.55,766655,20610294,27.2,False,False,True,True,False,False,0.009191176470588314,False,False,False
mom60_skip5,2026-04-30,2026-05-04,buy,2345,2380.0,2505.0,2360.0,2505.0,4412365,10867783650,2280.0,False,False,True,True,False,False,0.04385964912280693,False,False,False
mom60_skip5,2026-04-30,2026-05-04,buy,2351,156.5,162.0,155.5,158.0,10427297,1655387597,154.0,False,True,True,True,False,False,0.016233766233766156,False,False,False
mom60_skip5,2026-04-30,2026-05-04,buy,2368,1430.0,1480.0,1400.0,1440.0,4541472,6530525725,1390.0,False,False,True,True,False,False,0.02877697841726623,False,False,False
mom60_skip5,2026-04-30,2026-05-04,buy,2460,35.0,36.0,34.95,35.1,1650677,58303146,35.8,False,False,True,True,False,False,-0.022346368715083775,False,False,False
mom60_skip5,2026-04-30,2026-05-04,buy,2484,40.75,41.8,39.6,41.5,2696881,110103232,39.55,False,True,True,True,False,False,0.03034134007585343,False,False,False
mom60_skip5,2026-04-30,2026-05-04,buy,2489,42.1,42.8,41.25,42.0,42868114,1798161061,42.1,False,True,True,True,False,False,0.0,False,False,False
mom60_skip5,2026-04-30,2026-05-04,buy,3017,2920.0,2975.0,2815.0,2885.0,3728835,10768455685,2835.0,False,False,True,True,False,False,0.029982363315696592,False,False,False
mom60_skip5,2026-04-30,2026-05-04,buy,3026,215.0,233.5,202.0,226.0,16422071,3621111992,212.5,False,True,True,True,False,False,0.0117647058823529,False,False,False
mom60_skip5,2026-04-30,2026-05-04,buy,3030,347.0,376.5,345.0,376.5,9600169,3537551453,342.5,False,True,True,True,False,False,0.013138686131386912,False,False,False
mom60_skip5,2026-04-30,2026-05-04,buy,3042,156.5,166.0,154.0,166.0,2477115,397404729,153.0,False,True,True,True,False,False,0.02287581699346397,False,False,False
mom60_skip5,2026-04-30,2026-05-04,buy,3229,44.05,44.05,41.9,43.55,617544,26950507,40.05,False,False,True,True,False,False,0.09987515605493136,False,False,False
mom60_skip5,2026-04-30,2026-05-04,buy,3563,883.0,898.0,866.0,886.0,1446072,1278073826,873.0,False,False,True,True,False,False,0.01145475372279492,False,False,False
mom60_skip5,2026-04-30,2026-05-04,buy,3583,824.0,828.0,772.0,793.0,3625667,2887488984,792.0,False,False,True,True,False,False,0.04040404040404044,False,False,False
mom60_skip5,2026-04-30,2026-05-04,buy,3645,105.5,105.5,96.5,97.8,9622025,969428307,104.0,False,False,True,True,False,False,0.014423076923076872,False,False,False
mom60_skip5,2026-04-30,2026-05-04,buy,3665,2950.0,2970.0,2860.0,2940.0,2964568,8655044425,2770.0,False,False,True,True,False,False,0.06498194945848379,False,False,False
mom60_skip5,2026-04-30,2026-05-04,buy,4576,232.5,243.0,210.0,233.0,18931571,4269504114,222.0,False,True,True,True,False,False,0.04729729729729737,False,False,False
mom60_skip5,2026-04-30,2026-05-04,buy,4764,283.5,283.5,278.0,283.5,530518,149677713,258.0,False,True,True,True,False,False,0.09883720930232553,False,False,False
mom60_skip5,2026-04-30,2026-05-04,buy,4958,429.0,447.5,421.0,432.5,81110860,35186503869,421.0,False,True,True,True,False,False,0.019002375296912177,False,False,False
mom60_skip5,2026-04-30,2026-05-04,buy,6213,280.5,292.0,275.5,290.0,7641269,2189322488,270.0,False,False,True,True,False,False,0.03888888888888897,False,False,False
mom60_skip5,2026-04-30,2026-05-04,buy,6426,224.5,233.0,216.0,223.0,3903816,875929417,223.5,False,True,True,True,False,False,0.004474272930648837,False,False,False
mom60_skip5,2026-04-30,2026-05-04,buy,6456,78.0,78.4,76.2,77.9,1962065,152215613,76.2,False,False,True,True,False,False,0.023622047244094446,False,False,False
mom60_skip5,2026-04-30,2026-05-04,buy,6531,906.0,924.0,886.0,924.0,2344431,2138558189,840.0,False,True,True,True,False,False,0.07857142857142851,False,False,False
mom60_skip5,2026-04-30,2026-05-04,buy,6658,154.5,154.5,143.5,143.5,2563138,378038278,149.5,False,True,True,True,False,False,0.03344481605351168,False,False,False
mom60_skip5,2026-04-30,2026-05-04,buy,6672,222.5,238.0,220.0,223.0,10613593,2402108785,219.0,False,False,True,True,False,False,0.015981735159817267,False,False,False
mom60_skip5,2026-04-30,2026-05-04,buy,6789,588.0,633.0,570.0,611.0,18201623,11072092437,576.0,False,False,True,True,False,False,0.02083333333333326,False,False,False
mom60_skip5,2026-04-30,2026-05-04,buy,7721,83.1,83.1,76.6,77.7,1615717,127344522,78.1,False,False,True,True,False,False,0.06402048655569792,False,False,False
mom60_skip5,2026-04-30,2026-05-04,buy,8039,138.0,144.0,133.0,134.0,12574538,1731595530,136.5,False,False,True,True,False,False,0.01098901098901095,False,False,False
mom60_skip5,2026-04-30,2026-05-04,buy,8996,1255.0,1310.0,1220.0,1245.0,5011036,6330419570,1250.0,False,False,True,True,False,False,0.0040000000000000036,False,False,False
mom60_skip5,2026-04-30,2026-05-04,sell,1305,14.3,14.3,13.5,13.7,8545905,117539025,14.85,False,,True,True,False,False,-0.03703703703703698,False,False,False
mom60_skip5,2026-04-30,2026-05-04,sell,1471,11.3,11.65,11.3,11.3,446228,5078217,11.3,False,,True,True,False,False,0.0,False,False,False
mom60_skip5,2026-04-30,2026-05-04,sell,1717,79.4,81.0,78.0,79.6,29324204,2330907615,78.9,False,,True,True,False,False,0.006337135614702172,False,False,False
mom60_skip5,2026-04-30,2026-05-04,sell,1802,68.0,68.9,66.1,66.2,79575936,5330973667,67.0,False,,True,True,False,False,0.014925373134328401,False,False,False
mom60_skip5,2026-04-30,2026-05-04,sell,1809,26.2,28.25,25.7,28.25,4405037,122722115,25.7,False,,True,True,False,False,0.01945525291828787,False,False,False
mom60_skip5,2026-04-30,2026-05-04,sell,2313,254.5,268.5,247.0,268.5,83904966,21893109344,244.5,False,,True,True,False,False,0.04089979550102241,False,False,False
mom60_skip5,2026-04-30,2026-05-04,sell,2367,58.2,62.0,56.5,59.1,58899270,3515340683,57.7,False,,True,True,False,False,0.008665511265164572,False,False,False
mom60_skip5,2026-04-30,2026-05-04,sell,2369,29.7,31.8,29.6,31.15,14772236,458010282,29.55,False,,True,True,False,False,0.0050761421319796,False,False,False
mom60_skip5,2026-04-30,2026-05-04,sell,2413,44.2,45.65,43.8,44.65,1325880,59362117,43.55,False,,True,True,False,False,0.014925373134328401,False,False,False
mom60_skip5,2026-04-30,2026-05-04,sell,2605,34.7,35.7,34.65,35.0,6330696,222037045,34.7,False,,True,True,False,False,0.0,False,False,False
mom60_skip5,2026-04-30,2026-05-04,sell,3006,176.0,177.5,166.5,173.0,25858318,4456814342,169.5,False,,True,True,False,False,0.03834808259587019,False,False,False
mom60_skip5,2026-04-30,2026-05-04,sell,3036,206.0,213.5,206.0,210.5,10172435,2141071919,204.0,False,,True,True,False,False,0.009803921568627416,False,False,False
mom60_skip5,2026-04-30,2026-05-04,sell,3049,13.2,13.4,13.2,13.4,8081115,108138858,12.2,False,,True,True,False,False,0.08196721311475419,False,False,False
mom60_skip5,2026-04-30,2026-05-04,sell,3092,31.8,31.95,31.15,31.35,611985,19251920,32.0,False,,True,True,False,False,-0.006249999999999978,False,False,False
mom60_skip5,2026-04-30,2026-05-04,sell,3135,154.0,155.5,145.5,155.5,12562088,1918386893,141.5,False,,True,True,False,False,0.08833922261484095,False,False,False
mom60_skip5,2026-04-30,2026-05-04,sell,3138,154.5,162.0,153.0,155.0,1698029,267954908,152.0,False,,True,True,False,False,0.016447368421052655,False,False,False
mom60_skip5,2026-04-30,2026-05-04,sell,3481,24.15,25.15,24.05,24.8,152389741,3777679978,23.95,False,,True,True,False,False,0.008350730688935215,False,False,False
mom60_skip5,2026-04-30,2026-05-04,sell,3532,192.5,207.5,191.5,207.5,4853450,981851908,189.0,False,,True,True,False,False,0.0185185185185186,False,False,False
mom60_skip5,2026-04-30,2026-05-04,sell,3576,16.0,16.0,15.35,15.4,23242684,362951704,16.0,False,,True,True,False,False,0.0,False,False,False
mom60_skip5,2026-04-30,2026-05-04,sell,3702,103.0,105.0,101.5,104.5,10018958,1039319358,101.0,False,,True,True,False,False,0.01980198019801982,False,False,False
mom60_skip5,2026-04-30,2026-05-04,sell,4967,288.0,289.0,280.0,284.5,13452810,3840986695,281.0,False,,True,True,False,False,0.02491103202846978,False,False,False
mom60_skip5,2026-04-30,2026-05-04,sell,6152,13.85,14.4,13.6,14.05,1071016,15111713,13.5,False,,True,True,False,False,0.025925925925925908,False,False,False
mom60_skip5,2026-04-30,2026-05-04,sell,6205,86.1,95.0,83.8,94.5,11444091,1018079831,86.5,False,,True,True,False,False,-0.0046242774566475076,False,False,False
mom60_skip5,2026-04-30,2026-05-04,sell,6226,12.65,12.85,12.3,12.55,1436896,18065504,12.55,False,,True,True,False,False,0.007968127490039834,False,False,False
mom60_skip5,2026-04-30,2026-05-04,sell,6285,221.0,233.0,217.5,226.5,24467377,5534462192,216.0,False,,True,True,False,False,0.02314814814814814,False,False,False
mom60_skip5,2026-04-30,2026-05-04,sell,6443,36.0,36.15,35.6,36.15,1952235,70285293,35.35,False,,True,True,False,False,0.018387553041018245,False,False,False
mom60_skip5,2026-04-30,2026-05-04,sell,6770,52.7,53.5,51.6,53.1,97020345,5127217650,51.9,False,,True,True,False,False,0.015414258188824803,False,False,False
mom60_skip5,2026-04-30,2026-05-04,sell,8438,88.6,95.3,88.6,94.6,550926,51550911,88.3,False,,True,True,False,False,0.003397508493771184,False,False,False
logistic,2026-05-29,2026-06-01,buy,1568,46.5,49.8,45.1,49.8,3710240,177818007,45.35,False,False,True,True,False,False,0.025358324145534628,False,False,False
logistic,2026-05-29,2026-06-01,buy,1582,121.0,121.5,112.0,114.0,10144671,1170107391,119.5,False,False,True,True,False,False,0.012552301255230214,False,False,False
logistic,2026-05-29,2026-06-01,buy,2241,34.6,35.7,33.45,34.65,2545175,87472537,34.55,False,True,True,True,False,False,0.0014471780028944004,False,False,False
logistic,2026-05-29,2026-06-01,buy,2302,37.35,40.65,36.85,38.25,10553752,408680372,37.5,False,True,True,True,False,False,-0.0040000000000000036,False,False,False
logistic,2026-05-29,2026-06-01,buy,2303,143.0,155.5,140.0,146.0,289268747,42885958394,144.5,False,False,True,True,False,False,-0.01038062283737029,False,False,False
logistic,2026-05-29,2026-06-01,buy,2305,23.85,24.4,23.05,23.05,6468616,152610540,23.8,False,True,True,True,False,False,0.0021008403361344463,False,False,False
logistic,2026-05-29,2026-06-01,buy,2313,288.5,291.5,278.5,282.0,72392478,20625239276,284.5,False,False,True,True,False,False,0.014059753954305698,False,False,False
logistic,2026-05-29,2026-06-01,buy,2327,765.0,811.0,765.0,790.0,32143661,25498679780,738.0,False,True,True,True,False,False,0.03658536585365857,False,False,False
logistic,2026-05-29,2026-06-01,buy,2344,168.0,173.5,166.0,168.0,295190831,50138270841,158.0,False,True,True,True,False,False,0.06329113924050622,False,False,False
logistic,2026-05-29,2026-06-01,buy,2375,163.5,175.0,158.0,164.0,7997735,1336279675,166.5,False,True,True,True,False,False,-0.018018018018018056,False,False,False
logistic,2026-05-29,2026-06-01,buy,2409,23.8,24.8,23.1,23.8,564845158,13630475797,23.0,False,True,True,True,False,False,0.034782608695652195,False,False,False
logistic,2026-05-29,2026-06-01,buy,2454,4440.0,4710.0,4440.0,4555.0,20083897,91443242369,4310.0,False,False,True,True,False,False,0.030162412993039345,False,False,False
logistic,2026-05-29,2026-06-01,buy,2472,383.0,408.0,383.0,392.0,3708970,1469275489,371.0,False,False,True,True,False,False,0.032345013477088846,False,False,False
logistic,2026-05-29,2026-06-01,buy,2478,140.5,152.5,140.5,144.0,3472752,512191765,139.0,False,True,True,True,False,False,0.010791366906474753,False,False,False
logistic,2026-05-29,2026-06-01,buy,2481,163.5,163.5,151.0,157.0,61880344,9678925663,162.5,False,False,True,True,False,False,0.006153846153846176,False,False,False
logistic,2026-05-29,2026-06-01,buy,2492,408.0,433.0,408.0,416.0,4963186,2118928535,394.0,False,True,True,True,False,False,0.035532994923857864,False,False,False
logistic,2026-05-29,2026-06-01,buy,3006,251.5,262.0,247.5,250.0,25907137,6586399904,246.5,False,False,True,True,False,False,0.020283975659229236,False,False,False
logistic,2026-05-29,2026-06-01,buy,3037,1070.0,1100.0,1025.0,1050.0,19127603,20296944890,1055.0,False,False,True,True,False,False,0.014218009478673022,False,False,False
logistic,2026-05-29,2026-06-01,buy,3048,72.0,73.0,67.5,68.4,14888350,1041148132,72.0,False,False,True,True,False,False,0.0,False,False,False
logistic,2026-05-29,2026-06-01,buy,3090,225.0,251.0,225.0,233.5,2078112,503684582,229.0,False,True,True,True,False,False,-0.017467248908296984,False,False,False
logistic,2026-05-29,2026-06-01,buy,3135,259.5,266.0,250.0,250.5,6635677,1692906932,260.5,False,False,True,True,False,False,-0.0038387715930902067,False,False,False
logistic,2026-05-29,2026-06-01,buy,3443,4655.0,4790.0,4540.0,4655.0,3322337,15461832075,4670.0,False,False,True,True,False,False,-0.0032119914346895317,False,False,False
logistic,2026-05-29,2026-06-01,buy,3481,54.5,56.1,53.7,56.1,478118322,26313894519,51.0,False,True,True,True,False,False,0.06862745098039214,False,False,False
logistic,2026-05-29,2026-06-01,buy,3528,129.0,129.0,129.0,129.0,1451709,187270461,117.5,False,False,True,True,True,False,0.09787234042553195,True,False,False
logistic,2026-05-29,2026-06-01,buy,3532,350.5,350.5,350.5,350.5,1076050,377155461,319.0,False,True,True,True,True,False,0.0987460815047021,True,False,True
logistic,2026-05-29,2026-06-01,buy,5243,128.5,132.0,123.0,124.0,5910308,750687375,126.5,False,False,True,True,False,False,0.015810276679841806,False,False,False
logistic,2026-05-29,2026-06-01,buy,6116,18.25,18.8,18.25,18.8,58323262,1084804278,17.1,False,True,True,True,False,False,0.067251461988304,False,False,False
logistic,2026-05-29,2026-06-01,buy,6155,63.0,69.0,63.0,69.0,20681711,1375139931,62.8,False,True,True,True,False,False,0.0031847133757962887,False,False,False
logistic,2026-05-29,2026-06-01,buy,6405,86.0,86.0,77.9,79.7,682746,55615048,79.8,False,False,True,True,False,False,0.07769423558897248,False,False,False
logistic,2026-05-29,2026-06-01,buy,6415,600.0,636.0,593.0,606.0,7635267,4643059524,600.0,False,False,True,True,False,False,0.0,False,False,False
logistic,2026-05-29,2026-06-01,buy,6449,403.5,434.5,403.5,411.0,611765,259336096,395.0,False,False,True,True,False,False,0.021518987341772045,False,False,False
logistic,2026-05-29,2026-06-01,buy,6834,78.0,82.7,76.6,77.0,812284,64880115,75.2,False,True,True,True,False,False,0.037234042553191404,False,False,False
logistic,2026-05-29,2026-06-01,buy,8021,466.0,475.0,463.5,464.0,1800728,840943141,450.0,False,True,True,True,False,False,0.03555555555555556,False,False,False
logistic,2026-05-29,2026-06-01,buy,8028,329.0,359.5,327.5,356.5,15191948,5359754326,327.0,False,False,True,True,False,False,0.006116207951070374,False,False,False
logistic,2026-05-29,2026-06-01,buy,8039,161.5,161.5,149.0,153.0,32721311,5071839456,162.0,False,False,True,True,False,False,-0.0030864197530864335,False,False,False
logistic,2026-05-29,2026-06-01,buy,8114,247.0,264.0,238.5,259.5,2148303,545413236,246.0,False,False,True,True,False,False,0.004065040650406582,False,False,False
logistic,2026-05-29,2026-06-01,buy,8261,182.5,188.5,172.0,174.0,9012092,1609900054,181.0,False,True,True,True,False,False,0.008287292817679592,False,False,False
logistic,2026-05-29,2026-06-01,sell,1711,49.1,51.3,49.0,49.35,12409628,620563539,49.1,False,,True,True,False,False,0.0,False,False,False
logistic,2026-05-29,2026-06-01,sell,1727,94.5,99.3,93.8,95.4,8641811,834396413,94.0,False,,True,True,False,False,0.005319148936170137,False,False,False
logistic,2026-05-29,2026-06-01,sell,1735,25.05,25.65,24.7,25.3,375839,9516144,25.0,False,,True,True,False,False,0.0020000000000000018,False,False,False
logistic,2026-05-29,2026-06-01,sell,1802,72.0,78.1,71.0,74.8,180789702,13578840891,71.9,False,,True,True,False,False,0.0013908205841446364,False,False,False
logistic,2026-05-29,2026-06-01,sell,2233,353.0,361.5,344.0,355.0,1186787,420885541,353.0,False,,True,True,False,False,0.0,False,False,False
logistic,2026-05-29,2026-06-01,sell,2340,38.2,38.7,36.6,36.6,8213367,307819436,38.15,False,,True,True,False,False,0.001310615989515096,False,False,False
logistic,2026-05-29,2026-06-01,sell,2388,77.4,77.5,74.6,74.8,8687478,658304293,76.9,False,,True,True,False,False,0.006501950585175553,False,False,False
logistic,2026-05-29,2026-06-01,sell,2399,48.7,52.4,48.5,50.2,13406131,681048233,47.9,False,,True,True,False,False,0.016701461377870652,False,False,False
logistic,2026-05-29,2026-06-01,sell,2455,428.0,428.5,410.5,415.5,1670842,703191566,422.0,False,,True,True,False,False,0.014218009478673022,False,False,False
logistic,2026-05-29,2026-06-01,sell,2467,634.0,647.0,625.0,637.0,1405177,894698114,619.0,False,,True,True,False,False,0.024232633279483107,False,False,False
logistic,2026-05-29,2026-06-01,sell,2485,74.6,74.8,72.5,72.6,21901665,1609688246,74.2,False,,True,True,False,False,0.005390835579514697,False,False,False
logistic,2026-05-29,2026-06-01,sell,2486,267.0,270.0,256.0,266.5,11620881,3028630635,264.5,False,,True,True,False,False,0.00945179584120992,False,False,False
logistic,2026-05-29,2026-06-01,sell,3054,66.7,68.9,66.7,68.5,208882,14241400,66.8,False,,True,True,False,False,-0.0014970059880238251,False,False,False
logistic,2026-05-29,2026-06-01,sell,3437,24.05,24.9,23.7,24.35,1810311,44314274,23.8,False,,True,True,False,False,0.010504201680672232,False,False,False
logistic,2026-05-29,2026-06-01,sell,3576,18.4,18.9,18.0,18.5,20929809,387283731,18.35,False,,True,True,False,False,0.0027247956403269047,False,False,False
logistic,2026-05-29,2026-06-01,sell,3701,53.3,56.9,53.3,55.7,1986862,110444587,53.8,False,,True,True,False,False,-0.009293680297397744,False,False,False
logistic,2026-05-29,2026-06-01,sell,3714,73.5,74.2,71.5,71.6,19876127,1441494755,72.8,False,,True,True,False,False,0.009615384615384581,False,False,False
logistic,2026-05-29,2026-06-01,sell,4540,70.8,75.4,70.8,75.4,18060802,1342361707,68.6,False,,True,True,False,False,0.03206997084548102,False,False,False
logistic,2026-05-29,2026-06-01,sell,4576,268.0,273.0,263.0,263.0,3150705,844980872,266.5,False,,True,True,False,False,0.0056285178236397115,False,False,False
logistic,2026-05-29,2026-06-01,sell,4720,25.25,25.75,24.9,25.4,2507282,63723103,25.25,False,,True,True,False,False,0.0,False,False,False
logistic,2026-05-29,2026-06-01,sell,4927,56.2,59.9,55.4,55.8,12635305,725111310,56.2,False,,True,True,False,False,0.0,False,False,False
logistic,2026-05-29,2026-06-01,sell,4949,97.5,104.0,95.7,103.5,4367818,439149908,94.6,False,,True,True,False,False,0.030655391120507414,False,False,False
logistic,2026-05-29,2026-06-01,sell,4956,45.4,47.15,45.2,45.5,2843279,131159276,45.4,False,,True,True,False,False,0.0,False,False,False
logistic,2026-05-29,2026-06-01,sell,6205,78.0,81.5,77.7,81.2,1384344,110754566,78.0,False,,True,True,False,False,0.0,False,False,False
logistic,2026-05-29,2026-06-01,sell,6226,13.05,13.85,13.05,13.55,2778882,37688872,13.0,False,,True,True,False,False,0.0038461538461538325,False,False,False
logistic,2026-05-29,2026-06-01,sell,6278,221.5,225.5,212.5,219.0,12281117,2685143729,221.0,False,,True,True,False,False,0.002262443438914019,False,False,False
logistic,2026-05-29,2026-06-01,sell,6426,270.0,281.0,266.5,267.0,1425050,386761948,267.0,False,,True,True,False,False,0.011235955056179803,False,False,False
logistic,2026-05-29,2026-06-01,sell,6552,35.35,35.35,33.2,33.65,557112,18916993,34.75,False,,True,True,False,False,0.01726618705035965,False,False,False
logistic,2026-05-29,2026-06-01,sell,6672,223.0,226.0,218.0,220.0,5736887,1271272625,222.5,False,,True,True,False,False,0.0022471910112360494,False,False,False
logistic,2026-05-29,2026-06-01,sell,6902,147.0,149.0,142.0,147.0,400374,58751877,143.0,False,,True,True,False,False,0.027972027972027913,False,False,False
logistic,2026-05-29,2026-06-01,sell,6909,53.3,54.5,52.4,52.8,635995,33699564,53.5,True,,True,True,False,False,-0.0037383177570093906,False,False,False
logistic,2026-05-29,2026-06-01,sell,8046,842.0,923.0,838.0,905.0,21446815,19302169900,848.0,False,,True,True,False,False,-0.007075471698113178,False,False,False
logistic,2026-05-29,2026-06-01,sell,8271,248.5,256.0,245.5,248.5,6612524,1658875128,245.5,False,,True,True,False,False,0.012219959266802416,False,False,False
logistic,2026-05-29,2026-06-01,sell,8996,1080.0,1100.0,1040.0,1045.0,2391569,2536314055,1090.0,False,,True,True,False,False,-0.00917431192660545,False,False,False
mom60_skip5,2026-05-29,2026-06-01,buy,1597,180.5,187.0,179.0,180.5,5043420,918848112,180.0,False,False,True,True,False,False,0.002777777777777768,False,False,False
mom60_skip5,2026-05-29,2026-06-01,buy,1727,94.5,99.3,93.8,95.4,8641811,834396413,94.0,False,False,True,True,False,False,0.005319148936170137,False,False,False
mom60_skip5,2026-05-29,2026-06-01,buy,2303,143.0,155.5,140.0,146.0,289268747,42885958394,144.5,False,False,True,True,False,False,-0.01038062283737029,False,False,False
mom60_skip5,2026-05-29,2026-06-01,buy,2327,765.0,811.0,765.0,790.0,32143661,25498679780,738.0,False,True,True,True,False,False,0.03658536585365857,False,False,False
mom60_skip5,2026-05-29,2026-06-01,buy,2388,77.4,77.5,74.6,74.8,8687478,658304293,76.9,False,False,True,True,False,False,0.006501950585175553,False,False,False
mom60_skip5,2026-05-29,2026-06-01,buy,2399,48.7,52.4,48.5,50.2,13406131,681048233,47.9,False,False,True,True,False,False,0.016701461377870652,False,False,False
mom60_skip5,2026-05-29,2026-06-01,buy,2454,4440.0,4710.0,4440.0,4555.0,20083897,91443242369,4310.0,False,False,True,True,False,False,0.030162412993039345,False,False,False
mom60_skip5,2026-05-29,2026-06-01,buy,2464,194.5,202.0,191.5,199.0,23206852,4588493958,184.5,False,False,True,True,False,False,0.05420054200542013,False,False,False
mom60_skip5,2026-05-29,2026-06-01,buy,2472,383.0,408.0,383.0,392.0,3708970,1469275489,371.0,False,False,True,True,False,False,0.032345013477088846,False,False,False
mom60_skip5,2026-05-29,2026-06-01,buy,2478,140.5,152.5,140.5,144.0,3472752,512191765,139.0,False,True,True,True,False,False,0.010791366906474753,False,False,False
mom60_skip5,2026-05-29,2026-06-01,buy,2492,408.0,433.0,408.0,416.0,4963186,2118928535,394.0,False,True,True,True,False,False,0.035532994923857864,False,False,False
mom60_skip5,2026-05-29,2026-06-01,buy,3016,138.5,141.0,125.0,126.0,15785863,2041402164,138.0,False,False,True,True,False,False,0.0036231884057971175,False,False,False
mom60_skip5,2026-05-29,2026-06-01,buy,3033,50.3,50.5,48.05,48.85,17868088,875768705,50.3,False,False,True,True,False,False,0.0,False,False,False
mom60_skip5,2026-05-29,2026-06-01,buy,3048,72.0,73.0,67.5,68.4,14888350,1041148132,72.0,False,False,True,True,False,False,0.0,False,False,False
mom60_skip5,2026-05-29,2026-06-01,buy,3055,109.0,113.5,107.0,108.5,3392801,371944634,108.0,False,False,True,True,False,False,0.0092592592592593,False,False,False
mom60_skip5,2026-05-29,2026-06-01,buy,3090,225.0,251.0,225.0,233.5,2078112,503684582,229.0,False,True,True,True,False,False,-0.017467248908296984,False,False,False
mom60_skip5,2026-05-29,2026-06-01,buy,3135,259.5,266.0,250.0,250.5,6635677,1692906932,260.5,False,False,True,True,False,False,-0.0038387715930902067,False,False,False
mom60_skip5,2026-05-29,2026-06-01,buy,3209,76.5,78.3,75.0,75.3,3682786,281593587,76.1,False,False,True,True,False,False,0.005256241787122251,False,False,False
mom60_skip5,2026-05-29,2026-06-01,buy,3443,4655.0,4790.0,4540.0,4655.0,3322337,15461832075,4670.0,False,False,True,True,False,False,-0.0032119914346895317,False,False,False
mom60_skip5,2026-05-29,2026-06-01,buy,3481,54.5,56.1,53.7,56.1,478118322,26313894519,51.0,False,True,True,True,False,False,0.06862745098039214,False,False,False
mom60_skip5,2026-05-29,2026-06-01,buy,3532,350.5,350.5,350.5,350.5,1076050,377155461,319.0,False,True,True,True,True,False,0.0987460815047021,True,False,True
mom60_skip5,2026-05-29,2026-06-01,buy,3673,87.5,94.9,87.4,89.5,48207223,4421739487,86.3,False,False,True,True,False,False,0.013904982618771822,False,False,False
mom60_skip5,2026-05-29,2026-06-01,buy,3702,117.5,120.0,116.5,118.5,9193934,1086272223,117.5,False,False,True,True,False,False,0.0,False,False,False
mom60_skip5,2026-05-29,2026-06-01,buy,6166,135.0,142.0,131.5,133.5,3698961,499827353,132.0,False,False,True,True,False,False,0.022727272727272707,False,False,False
mom60_skip5,2026-05-29,2026-06-01,buy,6224,93.7,93.7,88.1,88.1,3327161,300822971,95.0,False,False,True,True,False,False,-0.013684210526315743,False,False,False
mom60_skip5,2026-05-29,2026-06-01,buy,6278,221.5,225.5,212.5,219.0,12281117,2685143729,221.0,False,False,True,True,False,False,0.002262443438914019,False,False,False
mom60_skip5,2026-05-29,2026-06-01,buy,6405,86.0,86.0,77.9,79.7,682746,55615048,79.8,False,False,True,True,False,False,0.07769423558897248,False,False,False
mom60_skip5,2026-05-29,2026-06-01,buy,6449,403.5,434.5,403.5,411.0,611765,259336096,395.0,False,False,True,True,False,False,0.021518987341772045,False,False,False
mom60_skip5,2026-05-29,2026-06-01,buy,6831,752.0,802.0,704.0,762.0,3210530,2436876345,742.0,False,False,True,True,False,False,0.013477088948786964,False,False,False
mom60_skip5,2026-05-29,2026-06-01,buy,6834,78.0,82.7,76.6,77.0,812284,64880115,75.2,False,True,True,True,False,False,0.037234042553191404,False,False,False
mom60_skip5,2026-05-29,2026-06-01,buy,7730,214.0,223.0,213.0,215.0,106682,23118953,213.5,False,False,True,True,False,False,0.0023419203747072626,False,False,False
mom60_skip5,2026-05-29,2026-06-01,sell,1309,15.85,16.3,15.55,16.2,5928325,95508666,15.7,False,,True,True,False,False,0.009554140127388644,False,False,False
mom60_skip5,2026-05-29,2026-06-01,sell,1721,28.5,29.0,28.1,28.1,2992598,85351086,28.25,False,,True,True,False,False,0.008849557522123908,False,False,False
mom60_skip5,2026-05-29,2026-06-01,sell,1735,25.05,25.65,24.7,25.3,375839,9516144,25.0,False,,True,True,False,False,0.0020000000000000018,False,False,False
mom60_skip5,2026-05-29,2026-06-01,sell,2308,2450.0,2520.0,2410.0,2420.0,9840869,24040759685,2445.0,False,,True,True,False,False,0.002044989775051187,False,False,False
mom60_skip5,2026-05-29,2026-06-01,sell,2337,169.5,175.0,166.0,167.5,190490552,32593672622,166.5,False,,True,True,False,False,0.018018018018018056,False,False,False
mom60_skip5,2026-05-29,2026-06-01,sell,2360,2520.0,2710.0,2500.0,2580.0,3918391,10177367150,2520.0,False,,True,True,False,False,0.0,False,False,False
mom60_skip5,2026-05-29,2026-06-01,sell,2455,428.0,428.5,410.5,415.5,1670842,703191566,422.0,False,,True,True,False,False,0.014218009478673022,False,False,False
mom60_skip5,2026-05-29,2026-06-01,sell,2460,33.05,33.05,32.35,32.8,739399,24154798,32.4,False,,True,True,False,False,0.020061728395061706,False,False,False
mom60_skip5,2026-05-29,2026-06-01,sell,2467,634.0,647.0,625.0,637.0,1405177,894698114,619.0,False,,True,True,False,False,0.024232633279483107,False,False,False
mom60_skip5,2026-05-29,2026-06-01,sell,2485,74.6,74.8,72.5,72.6,21901665,1609688246,74.2,False,,True,True,False,False,0.005390835579514697,False,False,False
mom60_skip5,2026-05-29,2026-06-01,sell,2489,50.1,50.4,48.65,48.65,31391915,1549440750,49.5,False,,True,True,False,False,0.0121212121212122,False,False,False
mom60_skip5,2026-05-29,2026-06-01,sell,3017,2705.0,2835.0,2705.0,2785.0,5090031,14219678560,2665.0,False,,True,True,False,False,0.015009380863039379,False,False,False
mom60_skip5,2026-05-29,2026-06-01,sell,3437,24.05,24.9,23.7,24.35,1810311,44314274,23.8,False,,True,True,False,False,0.010504201680672232,False,False,False
mom60_skip5,2026-05-29,2026-06-01,sell,3533,2675.0,2735.0,2605.0,2675.0,795297,2117041665,2650.0,False,,True,True,False,False,0.009433962264151052,False,False,False
mom60_skip5,2026-05-29,2026-06-01,sell,3563,833.0,833.0,823.0,825.0,674301,558155660,826.0,False,,True,True,False,False,0.008474576271186418,False,False,False
mom60_skip5,2026-05-29,2026-06-01,sell,3645,107.0,108.0,104.5,107.0,4135290,440484646,106.5,False,,True,True,False,False,0.0046948356807512415,False,False,False
mom60_skip5,2026-05-29,2026-06-01,sell,3653,3550.0,3895.0,3550.0,3840.0,2419419,9152809610,3545.0,False,,True,True,False,False,0.0014104372355430161,False,False,False
mom60_skip5,2026-05-29,2026-06-01,sell,3665,2150.0,2180.0,2095.0,2120.0,1512799,3223957430,2085.0,False,,True,True,False,False,0.031175059952038398,False,False,False
mom60_skip5,2026-05-29,2026-06-01,sell,3711,603.0,615.0,599.0,601.0,25834856,15655331746,611.0,False,,True,True,False,False,-0.013093289689034338,False,False,False
mom60_skip5,2026-05-29,2026-06-01,sell,6426,270.0,281.0,266.5,267.0,1425050,386761948,267.0,False,,True,True,False,False,0.011235955056179803,False,False,False
mom60_skip5,2026-05-29,2026-06-01,sell,6442,1855.0,1930.0,1835.0,1885.0,1936621,3667827785,1845.0,False,,True,True,False,False,0.005420054200542035,False,False,False
mom60_skip5,2026-05-29,2026-06-01,sell,6456,78.4,84.1,78.0,83.9,36104373,2971952580,76.5,False,,True,True,False,False,0.024836601307189676,False,False,False
mom60_skip5,2026-05-29,2026-06-01,sell,6789,532.0,550.0,522.0,547.0,2859328,1536591788,526.0,False,,True,True,False,False,0.011406844106463865,False,False,False
mom60_skip5,2026-05-29,2026-06-01,sell,6949,667.0,667.0,607.0,644.0,291654,183147325,645.0,False,,True,True,False,False,0.03410852713178292,False,False,False
mom60_skip5,2026-05-29,2026-06-01,sell,7721,74.1,80.0,73.6,80.0,1787470,140882004,72.8,False,,True,True,False,False,0.017857142857142794,False,False,False
mom60_skip5,2026-05-29,2026-06-01,sell,8021,466.0,475.0,463.5,464.0,1800728,840943141,450.0,False,,True,True,False,False,0.03555555555555556,False,False,False
mom60_skip5,2026-05-29,2026-06-01,sell,8039,161.5,161.5,149.0,153.0,32721311,5071839456,162.0,False,,True,True,False,False,-0.0030864197530864335,False,False,False
mom60_skip5,2026-05-29,2026-06-01,sell,8996,1080.0,1100.0,1040.0,1045.0,2391569,2536314055,1090.0,False,,True,True,False,False,-0.00917431192660545,False,False,False
logistic,2026-06-30,2026-07-01,buy,1303,177.5,183.0,177.5,183.0,46426678,8391316069,166.5,False,True,True,True,False,False,0.06606606606606613,False,False,False
logistic,2026-06-30,2026-07-01,buy,1809,55.5,57.5,53.5,55.2,17326065,964507950,54.2,False,False,True,True,False,False,0.023985239852398532,False,False,False
logistic,2026-06-30,2026-07-01,buy,2233,233.0,233.0,233.0,233.0,654067,152397611,212.0,False,True,True,True,True,False,0.09905660377358494,True,False,True
logistic,2026-06-30,2026-07-01,buy,2243,59.1,62.5,59.1,62.0,653486,39599783,57.0,False,False,True,True,False,False,0.03684210526315801,False,False,False
logistic,2026-06-30,2026-07-01,buy,2316,225.0,227.0,217.5,218.0,777938,172203040,217.0,False,False,True,True,False,False,0.03686635944700467,False,False,False
logistic,2026-06-30,2026-07-01,buy,2379,831.0,862.0,787.0,829.0,9541866,7891990211,806.0,False,False,True,True,False,False,0.03101736972704705,False,False,False
logistic,2026-06-30,2026-07-01,buy,2406,45.0,45.95,39.8,40.2,104050379,4588622667,41.8,False,False,True,True,False,False,0.07655502392344515,False,False,False
logistic,2026-06-30,2026-07-01,buy,2408,455.0,455.0,412.0,421.0,101276439,43520129073,452.5,False,False,True,True,False,False,0.005524861878453136,False,False,False
logistic,2026-06-30,2026-07-01,buy,2425,46.0,46.5,43.2,43.55,6601782,295626138,45.2,False,False,True,True,False,False,0.017699115044247815,False,False,False
logistic,2026-06-30,2026-07-01,buy,2434,44.5,47.75,44.05,47.75,1263581,58308218,43.45,False,True,True,True,False,False,0.024165707710011475,False,False,False
logistic,2026-06-30,2026-07-01,buy,2483,58.0,58.0,55.2,55.9,1864314,105209720,57.1,False,False,True,True,False,False,0.015761821366024442,False,False,False
logistic,2026-06-30,2026-07-01,buy,2493,309.0,321.5,297.0,317.0,1802623,566827271,292.5,False,False,True,True,False,False,0.05641025641025643,False,False,False
logistic,2026-06-30,2026-07-01,buy,3094,39.55,41.35,38.45,38.45,3598925,142853432,39.45,False,False,True,True,False,False,0.0025348542458807355,False,False,False
logistic,2026-06-30,2026-07-01,buy,3450,540.0,541.0,509.0,512.0,1682039,878768467,532.0,False,False,True,True,False,False,0.015037593984962516,False,False,False
logistic,2026-06-30,2026-07-01,buy,3550,33.7,34.95,32.0,33.4,12622688,425397374,31.8,False,False,True,True,False,False,0.05974842767295607,False,False,False
logistic,2026-06-30,2026-07-01,buy,4722,294.0,299.5,275.0,275.5,2296366,673712618,287.5,False,False,True,True,False,False,0.022608695652173827,False,False,False
logistic,2026-06-30,2026-07-01,buy,6166,140.5,141.5,129.0,129.5,2763705,366183809,139.5,False,False,True,True,False,False,0.007168458781362075,False,False,False
logistic,2026-06-30,2026-07-01,buy,6202,67.8,70.4,64.3,64.4,6423457,432352862,65.1,False,False,True,True,False,False,0.04147465437788034,False,False,False
logistic,2026-06-30,2026-07-01,buy,6213,379.0,384.0,348.5,360.0,19931056,7299554991,370.5,False,False,True,True,False,False,0.02294197031039147,False,False,False
logistic,2026-06-30,2026-07-01,buy,6226,24.25,24.25,24.25,24.25,3000268,72756377,22.05,False,True,True,True,True,False,0.09977324263038545,True,False,True
logistic,2026-06-30,2026-07-01,buy,6239,345.0,345.0,325.0,335.5,29085328,9798764474,337.5,False,False,True,True,False,False,0.022222222222222143,False,False,False
logistic,2026-06-30,2026-07-01,buy,6269,72.0,72.6,65.0,65.5,11339722,766783835,71.0,False,False,True,True,False,False,0.014084507042253502,False,False,False
logistic,2026-06-30,2026-07-01,buy,6271,277.0,293.5,276.5,287.5,42671326,12263611140,267.0,False,False,True,True,False,False,0.03745318352059934,False,False,False
logistic,2026-06-30,2026-07-01,buy,6525,158.5,162.0,150.5,151.5,2862915,446224558,151.0,False,True,True,True,False,False,0.04966887417218535,False,False,False
logistic,2026-06-30,2026-07-01,buy,6573,22.75,23.4,21.0,21.0,1771158,39051761,21.7,False,True,True,True,False,False,0.048387096774193505,False,False,False
logistic,2026-06-30,2026-07-01,buy,6672,302.5,330.0,290.5,290.5,12667207,3947892335,300.0,False,False,True,True,False,False,0.008333333333333304,False,False,False
logistic,2026-06-30,2026-07-01,buy,6831,948.0,955.0,877.0,903.0,2252590,2073457797,873.0,False,False,True,True,False,False,0.08591065292096212,False,False,False
logistic,2026-06-30,2026-07-01,buy,6862,204.0,211.0,194.0,195.5,1504327,306587748,201.5,False,False,True,True,False,False,0.012406947890818865,False,False,False
logistic,2026-06-30,2026-07-01,buy,7788,258.5,262.0,252.0,254.0,1437404,370132560,257.0,False,False,True,True,False,False,0.005836575875486361,False,False,False
logistic,2026-06-30,2026-07-01,buy,8046,1200.0,1285.0,1150.0,1175.0,21195715,25742039075,1185.0,False,False,True,True,False,False,0.012658227848101333,False,False,False
logistic,2026-06-30,2026-07-01,buy,8150,102.5,109.0,96.7,107.0,117404586,12320120500,99.5,False,False,True,True,False,False,0.03015075376884413,False,False,False
logistic,2026-06-30,2026-07-01,buy,8454,299.5,299.5,275.5,276.0,2438847,686710471,297.5,False,False,True,True,False,False,0.006722689075630228,False,False,False
logistic,2026-06-30,2026-07-01,buy,8996,1620.0,1620.0,1540.0,1555.0,678047,1065169265,1550.0,False,False,True,True,False,False,0.04516129032258065,False,False,False
logistic,2026-06-30,2026-07-01,sell,1568,38.0,38.2,36.85,38.0,608574,22860751,37.4,False,,True,True,False,False,0.016042780748663166,False,False,False
logistic,2026-06-30,2026-07-01,sell,1582,84.2,84.4,81.6,81.7,1229765,101164624,83.4,False,,True,True,False,False,0.00959232613908867,False,False,False
logistic,2026-06-30,2026-07-01,sell,1597,141.0,148.0,141.0,143.0,981285,141530670,141.0,False,,True,True,False,False,0.0,False,False,False
logistic,2026-06-30,2026-07-01,sell,1721,23.25,25.6,22.7,25.6,3766030,93633130,23.3,False,,True,True,False,False,-0.0021459227467811592,False,False,False
logistic,2026-06-30,2026-07-01,sell,2241,45.95,46.3,43.5,44.15,1597521,70967691,45.4,False,,True,True,False,False,0.01211453744493407,False,False,False
logistic,2026-06-30,2026-07-01,sell,2303,170.0,173.0,166.5,169.0,244699836,41495531853,164.5,False,,True,True,False,False,0.033434650455927084,False,False,False
logistic,2026-06-30,2026-07-01,sell,2313,237.5,237.5,220.0,220.0,26693869,6053364788,232.5,False,,True,True,False,False,0.021505376344086002,False,False,False
logistic,2026-06-30,2026-07-01,sell,2337,156.0,156.5,142.5,143.5,129835728,19135241370,155.5,False,,True,True,False,False,0.003215434083601254,False,False,False
logistic,2026-06-30,2026-07-01,sell,2344,207.0,207.5,188.0,190.0,234325131,45690769245,207.5,False,,True,True,False,False,-0.002409638554216831,False,False,False
logistic,2026-06-30,2026-07-01,sell,2454,4315.0,4380.0,4225.0,4335.0,10163517,43956801560,4245.0,False,,True,True,False,False,0.01648998822143688,False,False,False
logistic,2026-06-30,2026-07-01,sell,2489,44.0,45.0,40.8,40.9,24586960,1036222521,43.3,False,,True,True,False,False,0.01616628175519641,False,False,False
logistic,2026-06-30,2026-07-01,sell,3006,226.5,228.0,206.0,213.0,10575515,2277774747,226.0,False,,True,True,False,False,0.0022123893805310324,False,False,False
logistic,2026-06-30,2026-07-01,sell,3048,64.3,68.8,64.2,65.7,11941805,794349607,62.9,False,,True,True,False,False,0.022257551669316422,False,False,False
logistic,2026-06-30,2026-07-01,sell,3135,181.5,182.0,166.5,167.0,3109590,531996521,179.5,False,,True,True,False,False,0.011142061281337101,False,False,False
logistic,2026-06-30,2026-07-01,sell,3167,831.0,850.0,830.0,842.0,536816,450810407,842.0,False,,True,True,False,False,-0.013064133016627122,False,False,False
logistic,2026-06-30,2026-07-01,sell,3443,4865.0,5130.0,4845.0,5045.0,2288154,11464470595,4845.0,False,,True,True,False,False,0.0041279669762641635,False,False,False
logistic,2026-06-30,2026-07-01,sell,3528,100.0,102.5,98.0,98.0,617170,61620191,99.9,False,,True,True,False,False,0.0010010010010008674,False,False,False
logistic,2026-06-30,2026-07-01,sell,3583,909.0,946.0,885.0,905.0,3000033,2749834386,904.0,False,,True,True,False,False,0.005530973451327359,False,False,False
logistic,2026-06-30,2026-07-01,sell,3645,92.0,93.0,89.5,91.1,1371379,125620843,91.4,False,,True,True,False,False,0.006564551422319376,False,False,False
logistic,2026-06-30,2026-07-01,sell,3673,82.0,82.4,75.7,76.2,12779374,1002587620,80.4,False,,True,True,False,False,0.01990049751243772,False,False,False
logistic,2026-06-30,2026-07-01,sell,4960,26.25,26.5,24.45,24.6,6590679,165649007,26.15,False,,True,True,False,False,0.003824091778202643,False,False,False
logistic,2026-06-30,2026-07-01,sell,5243,104.0,104.0,100.0,100.0,1539470,155659492,102.0,False,,True,True,False,False,0.019607843137254832,False,False,False
logistic,2026-06-30,2026-07-01,sell,6442,1665.0,1675.0,1570.0,1575.0,2080293,3334403940,1640.0,False,,True,True,False,False,0.015243902439024293,False,False,False
logistic,2026-06-30,2026-07-01,sell,6456,70.0,70.8,63.7,63.8,8536571,563742513,69.5,False,,True,True,False,False,0.007194244604316502,False,False,False
logistic,2026-06-30,2026-07-01,sell,6515,8345.0,8890.0,8260.0,8890.0,271804,2386375220,8085.0,False,,True,True,False,False,0.03215831787260348,False,False,False
logistic,2026-06-30,2026-07-01,sell,6706,152.0,155.5,148.0,148.0,1476455,222837942,149.5,False,,True,True,False,False,0.01672240802675584,False,False,False
logistic,2026-06-30,2026-07-01,sell,7750,2005.0,2050.0,1945.0,2050.0,237999,478060215,2010.0,False,,True,True,False,False,-0.0024875621890547706,False,False,False
logistic,2026-06-30,2026-07-01,sell,8028,315.0,319.0,307.0,312.0,7117107,2225090265,317.0,False,,True,True,False,False,-0.006309148264984188,False,False,False
logistic,2026-06-30,2026-07-01,sell,8039,149.0,157.5,144.5,145.5,12536967,1891865733,149.0,False,,True,True,False,False,0.0,False,False,False
logistic,2026-06-30,2026-07-01,sell,8114,185.0,186.0,182.0,182.5,424134,77738025,183.5,False,,True,True,False,False,0.008174386920980936,False,False,False
mom60_skip5,2026-06-30,2026-07-01,buy,1303,177.5,183.0,177.5,183.0,46426678,8391316069,166.5,False,True,True,True,False,False,0.06606606606606613,False,False,False
mom60_skip5,2026-06-30,2026-07-01,buy,1568,38.0,38.2,36.85,38.0,608574,22860751,37.4,False,False,True,True,False,False,0.016042780748663166,False,False,False
mom60_skip5,2026-06-30,2026-07-01,buy,1809,55.5,57.5,53.5,55.2,17326065,964507950,54.2,False,False,True,True,False,False,0.023985239852398532,False,False,False
mom60_skip5,2026-06-30,2026-07-01,buy,2059,7395.0,7875.0,7300.0,7655.0,555290,4254172895,7360.0,False,False,True,True,False,False,0.004755434782608647,False,False,False
mom60_skip5,2026-06-30,2026-07-01,buy,2302,49.4,52.2,47.95,50.4,13075406,658557056,47.85,True,False,True,True,False,False,0.03239289446185989,False,False,False
mom60_skip5,2026-06-30,2026-07-01,buy,2305,39.05,41.0,37.05,38.0,2591845,102158277,38.5,False,False,True,True,False,False,0.014285714285714235,False,False,False
mom60_skip5,2026-06-30,2026-07-01,buy,2316,225.0,227.0,217.5,218.0,777938,172203040,217.0,False,False,True,True,False,False,0.03686635944700467,False,False,False
mom60_skip5,2026-06-30,2026-07-01,buy,2342,58.0,58.5,54.1,54.8,2648816,147432422,56.6,False,False,True,True,False,False,0.02473498233215543,False,False,False
mom60_skip5,2026-06-30,2026-07-01,buy,2344,207.0,207.5,188.0,190.0,234325131,45690769245,207.5,False,False,True,True,False,False,-0.002409638554216831,False,False,False
mom60_skip5,2026-06-30,2026-07-01,buy,2375,220.0,232.5,220.0,232.5,28832291,6625469571,211.5,False,False,True,True,False,False,0.04018912529550822,False,False,False
mom60_skip5,2026-06-30,2026-07-01,buy,2408,455.0,455.0,412.0,421.0,101276439,43520129073,452.5,False,False,True,True,False,False,0.005524861878453136,False,False,False
mom60_skip5,2026-06-30,2026-07-01,buy,2428,319.0,334.0,303.0,304.0,2969006,951151645,315.0,False,False,True,True,False,False,0.012698412698412653,False,False,False
mom60_skip5,2026-06-30,2026-07-01,buy,2481,194.0,199.0,194.0,194.5,8547757,1680389592,182.5,False,False,True,True,False,False,0.06301369863013706,False,False,False
mom60_skip5,2026-06-30,2026-07-01,buy,2483,58.0,58.0,55.2,55.9,1864314,105209720,57.1,False,False,True,True,False,False,0.015761821366024442,False,False,False
mom60_skip5,2026-06-30,2026-07-01,buy,2491,41.0,41.05,39.2,39.2,529328,21205706,40.15,False,False,True,True,False,False,0.021170610211706187,False,False,False
mom60_skip5,2026-06-30,2026-07-01,buy,2493,309.0,321.5,297.0,317.0,1802623,566827271,292.5,False,False,True,True,False,False,0.05641025641025643,False,False,False
mom60_skip5,2026-06-30,2026-07-01,buy,3008,4490.0,4560.0,4250.0,4330.0,2760698,12062422910,4290.0,False,False,True,True,False,False,0.046620046620046596,False,False,False
mom60_skip5,2026-06-30,2026-07-01,buy,3021,32.0,33.05,30.5,30.5,2601867,83186930,30.05,False,False,True,True,False,False,0.06489184692179695,False,False,False
mom60_skip5,2026-06-30,2026-07-01,buy,3450,540.0,541.0,509.0,512.0,1682039,878768467,532.0,False,False,True,True,False,False,0.015037593984962516,False,False,False
mom60_skip5,2026-06-30,2026-07-01,buy,4807,36.65,37.95,36.35,37.55,228290,8495048,36.3,False,False,True,True,False,False,0.009641873278236845,False,False,False
mom60_skip5,2026-06-30,2026-07-01,buy,5285,97.6,98.7,92.3,92.9,3716097,352008717,96.3,False,False,True,True,False,False,0.01349948078920038,False,False,False
mom60_skip5,2026-06-30,2026-07-01,buy,6116,19.85,20.45,18.35,18.35,136601802,2630070778,19.6,False,False,True,True,False,False,0.012755102040816313,False,False,False
mom60_skip5,2026-06-30,2026-07-01,buy,6155,93.6,98.5,88.0,88.0,16044445,1518657466,91.9,False,False,True,True,False,False,0.018498367791077053,False,False,False
mom60_skip5,2026-06-30,2026-07-01,buy,6196,573.0,598.0,564.0,571.0,3066586,1771629420,554.0,False,False,True,True,False,False,0.03429602888086647,False,False,False
mom60_skip5,2026-06-30,2026-07-01,buy,6197,354.5,362.0,348.0,348.0,2315444,818440683,350.0,False,False,True,True,False,False,0.0128571428571429,False,False,False
mom60_skip5,2026-06-30,2026-07-01,buy,6525,158.5,162.0,150.5,151.5,2862915,446224558,151.0,False,True,True,True,False,False,0.04966887417218535,False,False,False
mom60_skip5,2026-06-30,2026-07-01,buy,7788,258.5,262.0,252.0,254.0,1437404,370132560,257.0,False,False,True,True,False,False,0.005836575875486361,False,False,False
mom60_skip5,2026-06-30,2026-07-01,buy,8021,591.0,623.0,556.0,561.0,13463897,7945700172,574.0,False,False,True,True,False,False,0.029616724738676048,False,False,False
mom60_skip5,2026-06-30,2026-07-01,buy,8150,102.5,109.0,96.7,107.0,117404586,12320120500,99.5,False,False,True,True,False,False,0.03015075376884413,False,False,False
mom60_skip5,2026-06-30,2026-07-01,buy,8162,80.9,80.9,77.2,77.2,323121,25455026,79.2,False,False,True,True,False,False,0.02146464646464641,False,False,False
mom60_skip5,2026-06-30,2026-07-01,buy,8261,297.5,297.5,291.5,297.5,12471334,3702568039,270.5,False,True,True,True,False,False,0.09981515711645095,False,False,False
mom60_skip5,2026-06-30,2026-07-01,sell,1597,141.0,148.0,141.0,143.0,981285,141530670,141.0,False,,True,True,False,False,0.0,False,False,False
mom60_skip5,2026-06-30,2026-07-01,sell,1711,45.8,46.2,43.9,44.0,5326318,238642727,44.9,False,,True,True,False,False,0.020044543429843964,False,False,False
mom60_skip5,2026-06-30,2026-07-01,sell,2345,2600.0,2695.0,2540.0,2660.0,4593489,12098866390,2495.0,False,,True,True,False,False,0.04208416833667328,False,False,False
mom60_skip5,2026-06-30,2026-07-01,sell,2368,1245.0,1245.0,1185.0,1220.0,4405709,5383220970,1200.0,False,,True,True,False,False,0.03750000000000009,False,False,False
mom60_skip5,2026-06-30,2026-07-01,sell,2388,74.4,76.0,70.9,71.1,4173030,305908405,73.3,False,,True,True,False,False,0.015006821282401273,False,False,False
mom60_skip5,2026-06-30,2026-07-01,sell,2399,49.3,51.2,49.1,49.7,17910741,904628136,48.6,False,,True,True,False,False,0.014403292181069949,False,False,False
mom60_skip5,2026-06-30,2026-07-01,sell,2486,241.5,243.0,229.0,231.0,5545808,1301990836,238.5,False,,True,True,False,False,0.012578616352201255,False,False,False
mom60_skip5,2026-06-30,2026-07-01,sell,3030,336.0,360.0,334.0,353.5,7317437,2586410180,327.5,False,,True,True,False,False,0.025954198473282508,False,False,False
mom60_skip5,2026-06-30,2026-07-01,sell,3033,49.8,51.8,49.4,49.8,9803875,496526144,49.4,False,,True,True,False,False,0.00809716599190291,False,False,False
mom60_skip5,2026-06-30,2026-07-01,sell,3054,61.8,61.9,60.3,60.6,64338,3936381,62.8,False,,True,True,False,False,-0.015923566878980888,False,False,False
mom60_skip5,2026-06-30,2026-07-01,sell,3055,127.5,127.5,126.0,127.5,4736561,603787803,116.0,False,,True,True,False,False,0.09913793103448265,False,False,False
mom60_skip5,2026-06-30,2026-07-01,sell,3135,181.5,182.0,166.5,167.0,3109590,531996521,179.5,False,,True,True,False,False,0.011142061281337101,False,False,False
mom60_skip5,2026-06-30,2026-07-01,sell,3209,59.6,60.2,57.4,57.6,1600496,93696606,59.2,False,,True,True,False,False,0.006756756756756799,False,False,False
mom60_skip5,2026-06-30,2026-07-01,sell,3702,107.5,113.0,105.5,110.0,51228863,5603369985,107.0,False,,True,True,False,False,0.004672897196261738,False,False,False
mom60_skip5,2026-06-30,2026-07-01,sell,3714,65.9,66.3,62.4,62.4,7208924,461710861,64.8,False,,True,True,False,False,0.016975308641975495,False,False,False
mom60_skip5,2026-06-30,2026-07-01,sell,4576,213.5,223.5,212.5,214.0,1714688,372322905,211.0,False,,True,True,False,False,0.011848341232227444,False,False,False
mom60_skip5,2026-06-30,2026-07-01,sell,4949,78.0,79.1,76.0,76.1,892388,69029905,77.5,False,,True,True,False,False,0.006451612903225712,False,False,False
mom60_skip5,2026-06-30,2026-07-01,sell,4956,39.1,40.1,37.7,37.7,1755568,68331737,38.4,False,,True,True,False,False,0.01822916666666674,False,False,False
mom60_skip5,2026-06-30,2026-07-01,sell,4960,26.25,26.5,24.45,24.6,6590679,165649007,26.15,False,,True,True,False,False,0.003824091778202643,False,False,False
mom60_skip5,2026-06-30,2026-07-01,sell,6141,39.6,39.6,38.5,39.3,594060,23285025,38.6,False,,True,True,False,False,0.02590673575129543,False,False,False
mom60_skip5,2026-06-30,2026-07-01,sell,6213,379.0,384.0,348.5,360.0,19931056,7299554991,370.5,False,,True,True,False,False,0.02294197031039147,False,False,False
mom60_skip5,2026-06-30,2026-07-01,sell,6515,8345.0,8890.0,8260.0,8890.0,271804,2386375220,8085.0,False,,True,True,False,False,0.03215831787260348,False,False,False
mom60_skip5,2026-06-30,2026-07-01,sell,6715,440.0,447.0,430.5,443.5,165267,72670181,435.5,False,,True,True,False,False,0.010332950631458004,False,False,False
mom60_skip5,2026-06-30,2026-07-01,sell,6830,496.5,507.0,453.0,456.0,2268866,1063774025,496.5,False,,True,True,False,False,0.0,False,False,False
mom60_skip5,2026-06-30,2026-07-01,sell,7730,190.0,194.0,187.0,187.5,126649,23993999,188.0,False,,True,True,False,False,0.010638297872340496,False,False,False
mom60_skip5,2026-06-30,2026-07-01,sell,7750,2005.0,2050.0,1945.0,2050.0,237999,478060215,2010.0,False,,True,True,False,False,-0.0024875621890547706,False,False,False
mom60_skip5,2026-06-30,2026-07-01,sell,8046,1200.0,1285.0,1150.0,1175.0,21195715,25742039075,1185.0,False,,True,True,False,False,0.012658227848101333,False,False,False
mom60_skip5,2026-06-30,2026-07-01,sell,8271,193.0,193.0,180.0,180.0,2905759,534466256,194.5,True,,True,True,False,False,-0.007712082262210762,False,False,False
logistic,2026-07-31,2026-08-03,buy,1515,28.0,29.5,28.0,29.5,321222,9191899,28.8,False,True,True,True,False,False,-0.02777777777777779,False,False,False
logistic,2026-07-31,2026-08-03,buy,1810,24.2,24.65,23.85,23.85,5701319,137734614,24.4,False,False,True,True,False,False,-0.008196721311475419,False,False,False
logistic,2026-07-31,2026-08-03,buy,2332,20.8,22.6,20.7,22.2,48686422,1071078350,21.25,False,False,True,True,False,False,-0.02117647058823524,False,False,False
logistic,2026-07-31,2026-08-03,buy,2337,102.5,110.5,102.0,110.5,52907144,5724538021,100.5,False,True,True,True,False,False,0.01990049751243772,False,False,False
logistic,2026-07-31,2026-08-03,buy,2342,32.05,34.4,31.7,33.65,2350984,78646047,32.15,False,True,True,True,False,False,-0.0031104199066874783,False,False,False
logistic,2026-07-31,2026-08-03,buy,2344,134.0,143.0,133.5,143.0,77515412,10840912416,130.0,False,True,True,True,False,False,0.03076923076923066,False,False,False
logistic,2026-07-31,2026-08-03,buy,2360,2170.0,2170.0,1890.0,1960.0,4882719,9746611610,2100.0,False,False,True,True,False,False,0.03333333333333344,False,False,False
logistic,2026-07-31,2026-08-03,buy,2429,30.65,31.75,30.0,31.35,410936,12814652,30.65,False,False,True,True,False,False,0.0,False,False,False
logistic,2026-07-31,2026-08-03,buy,2455,301.5,321.0,300.0,321.0,6310849,1970160225,292.0,False,True,True,True,False,False,0.03253424657534243,False,False,False
logistic,2026-07-31,2026-08-03,buy,2466,88.6,98.9,88.5,97.4,1440589,137992997,91.1,False,False,True,True,False,False,-0.027442371020856227,False,False,False
logistic,2026-07-31,2026-08-03,buy,2486,199.0,206.5,196.0,206.5,5070674,1035149479,188.0,False,True,True,True,False,False,0.0585106382978724,False,False,False
logistic,2026-07-31,2026-08-03,buy,2923,35.0,35.35,32.0,33.0,324958,10669953,35.1,False,False,True,True,False,False,-0.002849002849002913,False,False,False
logistic,2026-07-31,2026-08-03,buy,3006,188.5,198.0,188.5,198.0,7128493,1381231614,180.0,False,True,True,True,False,False,0.047222222222222276,False,False,False
logistic,2026-07-31,2026-08-03,buy,3167,513.0,534.0,513.0,534.0,945883,499706048,486.0,False,True,True,True,False,False,0.05555555555555558,False,False,False
logistic,2026-07-31,2026-08-03,buy,6243,50.0,51.7,47.9,48.1,3658995,182408603,50.7,False,False,True,True,False,False,-0.013806706114398493,False,False,False
logistic,2026-07-31,2026-08-03,buy,6426,150.5,165.0,150.5,158.0,425384,68016117,151.0,False,True,True,True,False,False,-0.0033112582781457123,False,False,False
logistic,2026-07-31,2026-08-03,buy,6442,1175.0,1270.0,1175.0,1270.0,1373784,1707425905,1155.0,False,True,True,True,False,False,0.017316017316017396,False,False,False
logistic,2026-07-31,2026-08-03,buy,6505,71.4,71.4,67.2,67.7,30573283,2094571440,70.8,False,False,True,True,False,False,0.00847457627118664,False,False,False
logistic,2026-07-31,2026-08-03,buy,7795,355.0,385.5,347.0,385.5,461427,174046756,350.5,False,True,True,True,False,False,0.012838801711840153,False,False,False
logistic,2026-07-31,2026-08-03,buy,8033,169.5,175.5,167.5,172.5,1035498,179550564,165.0,False,False,True,True,False,False,0.027272727272727337,False,False,False
logistic,2026-07-31,2026-08-03,buy,8039,170.5,190.5,168.5,190.5,18356440,3364632927,173.5,False,True,True,True,False,False,-0.01729106628242072,False,False,False
logistic,2026-07-31,2026-08-03,buy,8131,54.9,60.8,54.8,60.0,5731437,338157486,56.2,False,False,True,True,False,False,-0.02313167259786486,False,False,False
logistic,2026-07-31,2026-08-03,sell,1809,31.6,34.35,31.5,34.3,1519259,50702978,32.2,False,,True,True,False,False,-0.018633540372670843,False,False,False
logistic,2026-07-31,2026-08-03,sell,2233,197.0,202.5,190.0,193.5,2365057,462714694,190.5,False,,True,True,False,False,0.034120734908136496,False,False,False
logistic,2026-07-31,2026-08-03,sell,2316,145.5,152.0,143.5,149.0,2247825,334003558,142.0,False,,True,True,False,False,0.02464788732394374,False,False,False
logistic,2026-07-31,2026-08-03,sell,2379,666.0,719.0,656.0,704.0,5675389,3972328594,683.0,False,,True,True,False,False,-0.024890190336749662,False,False,False
logistic,2026-07-31,2026-08-03,sell,2406,30.55,32.0,30.4,30.9,7658507,239786699,31.15,False,,True,True,False,False,-0.019261637239165297,False,False,False
logistic,2026-07-31,2026-08-03,sell,2409,23.7,24.4,23.4,23.9,131022880,3142926138,24.2,False,,True,True,False,False,-0.02066115702479343,False,False,False
logistic,2026-07-31,2026-08-03,sell,2425,48.0,49.65,46.4,48.3,10094913,482339436,46.95,False,,True,True,False,False,0.022364217252396124,False,False,False
logistic,2026-07-31,2026-08-03,sell,2464,134.5,147.5,134.0,147.5,6371176,910677349,134.5,False,,True,True,False,False,0.0,False,False,False
logistic,2026-07-31,2026-08-03,sell,3042,148.0,162.5,146.0,154.5,19961838,3123722928,149.5,False,,True,True,False,False,-0.010033444816053505,False,False,False
logistic,2026-07-31,2026-08-03,sell,3094,34.0,36.5,34.0,35.15,2728112,96369505,34.85,False,,True,True,False,False,-0.024390243902439046,False,False,False
logistic,2026-07-31,2026-08-03,sell,3481,45.0,46.7,43.8,45.8,379112934,17201598502,45.5,False,,True,True,False,False,-0.01098901098901095,False,False,False
logistic,2026-07-31,2026-08-03,sell,3550,19.8,21.3,19.5,20.9,1416394,29439988,19.75,False,,True,True,False,False,0.0025316455696202667,False,False,False
logistic,2026-07-31,2026-08-03,sell,6116,12.35,12.8,12.15,12.5,20094599,251806027,12.45,False,,True,True,False,False,-0.008032128514056214,False,False,False
logistic,2026-07-31,2026-08-03,sell,6155,51.7,56.0,51.7,53.5,3799554,206438917,51.2,False,,True,True,False,False,0.009765625,False,False,False
logistic,2026-07-31,2026-08-03,sell,6202,54.0,58.7,54.0,58.7,7476225,428144587,53.4,False,,True,True,False,False,0.011235955056179803,False,False,False
logistic,2026-07-31,2026-08-03,sell,6269,49.0,54.1,49.0,54.1,2843806,149840739,49.2,False,,True,True,False,False,-0.004065040650406582,False,False,False
logistic,2026-07-31,2026-08-03,sell,6271,158.0,169.0,157.0,168.0,7765210,1285416517,160.0,False,,True,True,False,False,-0.012499999999999956,False,False,False
logistic,2026-07-31,2026-08-03,sell,6405,35.15,37.3,34.5,36.1,1119378,40338777,35.3,False,,True,True,False,False,-0.004249291784702458,False,False,False
logistic,2026-07-31,2026-08-03,sell,6415,433.0,439.0,417.0,424.5,6745694,2892099135,413.0,False,,True,True,False,False,0.04842615012106544,False,False,False
logistic,2026-07-31,2026-08-03,sell,6658,139.5,147.0,138.0,143.0,343562,49417425,140.0,False,,True,True,False,False,-0.0035714285714285587,False,False,False
logistic,2026-07-31,2026-08-03,sell,6672,198.0,215.0,196.5,211.5,2828867,591441502,198.0,False,,True,True,False,False,0.0,False,False,False
logistic,2026-07-31,2026-08-03,sell,6861,200.0,202.0,193.0,198.0,435106,86017369,191.0,False,,True,True,False,False,0.04712041884816753,False,False,False
logistic,2026-07-31,2026-08-03,sell,6862,125.0,137.5,125.0,137.5,363408,49078987,125.0,False,,True,True,False,False,0.0,False,False,False
logistic,2026-07-31,2026-08-03,sell,7788,187.5,200.0,185.0,192.5,863877,167758995,189.5,False,,True,True,False,False,-0.01055408970976257,False,False,False
logistic,2026-07-31,2026-08-03,sell,8454,242.0,250.0,236.5,247.5,678972,166264906,245.5,False,,True,True,False,False,-0.014256619144602856,False,False,False
mom60_skip5,2026-07-31,2026-08-03,buy,1409,20.8,22.05,20.75,21.8,12476640,270012742,20.75,False,False,True,True,False,False,0.002409638554216942,False,False,False
mom60_skip5,2026-07-31,2026-08-03,buy,1515,28.0,29.5,28.0,29.5,321222,9191899,28.8,False,True,True,True,False,False,-0.02777777777777779,False,False,False
mom60_skip5,2026-07-31,2026-08-03,buy,1708,47.5,49.2,47.15,48.6,2944332,143236136,48.25,False,False,True,True,False,False,-0.015544041450777257,False,False,False
mom60_skip5,2026-07-31,2026-08-03,buy,1709,23.2,23.55,22.7,22.95,1375403,31735434,23.1,False,True,True,True,False,False,0.0043290043290042934,False,False,False
mom60_skip5,2026-07-31,2026-08-03,buy,1714,13.05,14.35,12.95,14.35,18803193,260083744,13.05,False,True,True,True,False,False,0.0,False,False,False
mom60_skip5,2026-07-31,2026-08-03,buy,1810,24.2,24.65,23.85,23.85,5701319,137734614,24.4,False,False,True,True,False,False,-0.008196721311475419,False,False,False
mom60_skip5,2026-07-31,2026-08-03,buy,2332,20.8,22.6,20.7,22.2,48686422,1071078350,21.25,False,False,True,True,False,False,-0.02117647058823524,False,False,False
mom60_skip5,2026-07-31,2026-08-03,buy,2356,60.7,64.6,59.6,63.9,33847058,2141510901,61.8,False,False,True,True,False,False,-0.017799352750809017,False,False,False
mom60_skip5,2026-07-31,2026-08-03,buy,2377,140.5,147.5,139.5,143.0,12129021,1743634033,142.0,False,False,True,True,False,False,-0.010563380281690127,False,False,False
mom60_skip5,2026-07-31,2026-08-03,buy,2379,666.0,719.0,656.0,704.0,5675389,3972328594,683.0,False,False,True,True,False,False,-0.024890190336749662,False,False,False
mom60_skip5,2026-07-31,2026-08-03,buy,2395,555.0,583.0,540.0,576.0,4389562,2487499620,563.0,False,False,True,True,False,False,-0.014209591474245165,False,False,False
mom60_skip5,2026-07-31,2026-08-03,buy,2409,23.7,24.4,23.4,23.9,131022880,3142926138,24.2,False,False,True,True,False,False,-0.02066115702479343,False,False,False
mom60_skip5,2026-07-31,2026-08-03,buy,2425,48.0,49.65,46.4,48.3,10094913,482339436,46.95,False,False,True,True,False,False,0.022364217252396124,False,False,False
mom60_skip5,2026-07-31,2026-08-03,buy,2434,49.3,56.2,47.9,49.75,1891099,96507963,53.2,False,False,True,True,False,False,-0.07330827067669188,False,False,False
mom60_skip5,2026-07-31,2026-08-03,buy,2466,88.6,98.9,88.5,97.4,1440589,137992997,91.1,False,False,True,True,False,False,-0.027442371020856227,False,False,False
mom60_skip5,2026-07-31,2026-08-03,buy,2527,43.9,45.5,42.0,45.05,1386013,60895032,44.55,False,False,True,True,False,False,-0.01459034792368119,False,False,False
mom60_skip5,2026-07-31,2026-08-03,buy,2634,61.2,62.3,60.6,60.7,17871838,1094880912,61.9,False,False,True,True,False,False,-0.011308562197091976,False,False,False
mom60_skip5,2026-07-31,2026-08-03,buy,2881,129.0,130.5,126.5,129.5,22087574,2843293083,130.0,False,False,True,True,False,False,-0.007692307692307665,False,False,False
mom60_skip5,2026-07-31,2026-08-03,buy,2883,30.5,30.55,29.9,30.4,58529947,1767577451,30.85,False,False,True,True,False,False,-0.011345218800648316,False,False,False
mom60_skip5,2026-07-31,2026-08-03,buy,2887,35.5,35.8,34.75,35.3,48595550,1715734152,35.95,False,False,True,True,False,False,-0.012517385257301838,False,False,False
mom60_skip5,2026-07-31,2026-08-03,buy,2923,35.0,35.35,32.0,33.0,324958,10669953,35.1,False,False,True,True,False,False,-0.002849002849002913,False,False,False
mom60_skip5,2026-07-31,2026-08-03,buy,3055,87.8,95.0,87.8,93.1,552718,50865295,90.4,False,True,True,True,False,False,-0.028761061946902755,False,False,False
mom60_skip5,2026-07-31,2026-08-03,buy,4551,163.0,168.5,159.0,160.0,903120,148152744,163.0,False,False,True,True,False,False,0.0,False,False,False
mom60_skip5,2026-07-31,2026-08-03,buy,4916,94.0,98.8,93.9,95.0,3020607,290732913,95.0,False,False,True,True,False,False,-0.010526315789473717,False,False,False
mom60_skip5,2026-07-31,2026-08-03,buy,6226,19.2,21.55,18.95,21.55,14078051,296386088,19.6,False,True,True,True,False,False,-0.020408163265306256,False,False,False
mom60_skip5,2026-07-31,2026-08-03,buy,6243,50.0,51.7,47.9,48.1,3658995,182408603,50.7,False,False,True,True,False,False,-0.013806706114398493,False,False,False
mom60_skip5,2026-07-31,2026-08-03,buy,6414,399.0,443.5,393.5,437.5,3126183,1334821592,405.0,False,False,True,True,False,False,-0.014814814814814836,False,False,False
mom60_skip5,2026-07-31,2026-08-03,buy,6446,1100.0,1165.0,1090.0,1165.0,975946,1117547090,1060.0,False,True,True,True,False,False,0.037735849056603765,False,False,False
mom60_skip5,2026-07-31,2026-08-03,buy,6505,71.4,71.4,67.2,67.7,30573283,2094571440,70.8,False,False,True,True,False,False,0.00847457627118664,False,False,False
mom60_skip5,2026-07-31,2026-08-03,buy,6573,16.75,17.7,16.6,16.85,451547,7696132,16.55,False,False,True,True,False,False,0.012084592145015005,False,False,False
mom60_skip5,2026-07-31,2026-08-03,buy,6579,152.5,164.0,151.5,163.0,961305,153093845,154.0,False,False,True,True,False,False,-0.009740259740259716,False,False,False
mom60_skip5,2026-07-31,2026-08-03,buy,6585,112.0,114.0,108.0,112.0,345728,38502879,113.5,False,False,True,True,False,False,-0.013215859030836996,False,False,False
mom60_skip5,2026-07-31,2026-08-03,buy,6957,210.5,217.0,210.5,213.0,176446,37595395,226.0,True,False,True,True,False,False,-0.06858407079646023,False,False,False
mom60_skip5,2026-07-31,2026-08-03,buy,8039,170.5,190.5,168.5,190.5,18356440,3364632927,173.5,False,True,True,True,False,False,-0.01729106628242072,False,False,False
mom60_skip5,2026-07-31,2026-08-03,buy,8114,195.5,215.0,195.0,215.0,1264451,267396813,195.5,False,False,True,True,False,False,0.0,False,False,False
mom60_skip5,2026-07-31,2026-08-03,buy,8454,242.0,250.0,236.5,247.5,678972,166264906,245.5,False,False,True,True,False,False,-0.014256619144602856,False,False,False
mom60_skip5,2026-07-31,2026-08-03,buy,8476,19.35,19.6,19.15,19.2,280590,5427706,19.35,False,False,True,True,False,False,0.0,False,False,False
mom60_skip5,2026-07-31,2026-08-03,buy,8926,59.1,62.0,58.7,61.8,3885952,237936973,59.0,False,False,True,True,False,False,0.0016949152542373724,False,False,False
mom60_skip5,2026-07-31,2026-08-03,buy,9914,76.7,77.4,75.8,76.4,1981358,151296615,76.8,False,True,True,True,False,False,-0.0013020833333332593,False,False,False
mom60_skip5,2026-07-31,2026-08-03,sell,1568,26.7,27.45,26.6,27.15,641221,17341278,26.6,False,,True,True,False,False,0.003759398496240518,False,False,False
mom60_skip5,2026-07-31,2026-08-03,sell,1727,66.8,72.5,66.8,70.8,1625532,114121767,67.8,False,,True,True,False,False,-0.014749262536873142,False,False,False
mom60_skip5,2026-07-31,2026-08-03,sell,1809,31.6,34.35,31.5,34.3,1519259,50702978,32.2,False,,True,True,False,False,-0.018633540372670843,False,False,False
mom60_skip5,2026-07-31,2026-08-03,sell,2316,145.5,152.0,143.5,149.0,2247825,334003558,142.0,False,,True,True,False,False,0.02464788732394374,False,False,False
mom60_skip5,2026-07-31,2026-08-03,sell,2342,32.05,34.4,31.7,33.65,2350984,78646047,32.15,False,,True,True,False,False,-0.0031104199066874783,False,False,False
mom60_skip5,2026-07-31,2026-08-03,sell,2351,142.5,159.5,142.5,156.5,3145124,489209258,145.5,False,,True,True,False,False,-0.020618556701030966,False,False,False
mom60_skip5,2026-07-31,2026-08-03,sell,2383,5135.0,5195.0,4930.0,4980.0,4183768,21241674925,4745.0,False,,True,True,False,False,0.08219178082191791,False,False,False
mom60_skip5,2026-07-31,2026-08-03,sell,2426,49.7,55.3,49.7,55.3,8272891,446475700,50.3,False,,True,True,False,False,-0.011928429423459175,False,False,False
mom60_skip5,2026-07-31,2026-08-03,sell,2428,216.0,230.0,215.5,224.0,1087621,242912853,218.5,False,,True,True,False,False,-0.011441647597253968,False,False,False
mom60_skip5,2026-07-31,2026-08-03,sell,2454,3910.0,3910.0,3780.0,3910.0,7516212,29287630390,3555.0,False,,True,True,False,False,0.09985935302391002,False,False,False
mom60_skip5,2026-07-31,2026-08-03,sell,2464,134.5,147.5,134.0,147.5,6371176,910677349,134.5,False,,True,True,False,False,0.0,False,False,False
mom60_skip5,2026-07-31,2026-08-03,sell,3016,77.5,87.8,77.5,87.8,3211226,270472243,79.9,False,,True,True,False,False,-0.030037546933667114,False,False,False
mom60_skip5,2026-07-31,2026-08-03,sell,3021,19.55,20.5,19.55,20.15,162521,3280829,20.15,False,,True,True,False,False,-0.02977667493796521,False,False,False
mom60_skip5,2026-07-31,2026-08-03,sell,3037,842.0,865.0,842.0,865.0,22551444,19358717389,787.0,False,,True,True,False,False,0.0698856416772553,False,False,False
mom60_skip5,2026-07-31,2026-08-03,sell,3042,148.0,162.5,146.0,154.5,19961838,3123722928,149.5,False,,True,True,False,False,-0.010033444816053505,False,False,False
mom60_skip5,2026-07-31,2026-08-03,sell,3048,45.5,50.8,45.4,50.8,2812760,139128519,46.25,False,,True,True,False,False,-0.01621621621621616,False,False,False
mom60_skip5,2026-07-31,2026-08-03,sell,3167,513.0,534.0,513.0,534.0,945883,499706048,486.0,False,,True,True,False,False,0.05555555555555558,False,False,False
mom60_skip5,2026-07-31,2026-08-03,sell,3229,43.75,47.45,43.75,47.45,1985020,91968739,43.15,False,,True,True,False,False,0.013904982618771822,False,False,False
mom60_skip5,2026-07-31,2026-08-03,sell,3443,4150.0,4185.0,4030.0,4185.0,1306441,5437655585,3805.0,False,,True,True,False,False,0.09067017082785811,False,False,False
mom60_skip5,2026-07-31,2026-08-03,sell,3450,383.0,409.0,382.0,409.0,8049019,3235341004,372.0,False,,True,True,False,False,0.029569892473118253,False,False,False
mom60_skip5,2026-07-31,2026-08-03,sell,3583,629.0,689.0,626.0,670.0,1486441,976796318,650.0,False,,True,True,False,False,-0.03230769230769226,False,False,False
mom60_skip5,2026-07-31,2026-08-03,sell,3673,53.9,58.2,53.5,57.7,4938263,279239399,54.7,False,,True,True,False,False,-0.014625228519195677,False,False,False
mom60_skip5,2026-07-31,2026-08-03,sell,4764,261.5,278.0,259.0,263.0,2170121,581862210,260.0,False,,True,True,False,False,0.005769230769230749,False,False,False
mom60_skip5,2026-07-31,2026-08-03,sell,4919,115.5,127.5,114.5,124.5,6198506,765462171,117.0,False,,True,True,False,False,-0.012820512820512775,False,False,False
mom60_skip5,2026-07-31,2026-08-03,sell,4958,418.0,443.5,417.0,421.5,54723422,23620644439,413.5,False,,True,True,False,False,0.010882708585247869,False,False,False
mom60_skip5,2026-07-31,2026-08-03,sell,6155,51.7,56.0,51.7,53.5,3799554,206438917,51.2,False,,True,True,False,False,0.009765625,False,False,False
mom60_skip5,2026-07-31,2026-08-03,sell,6196,461.0,513.0,460.0,494.0,1741795,859503232,468.0,False,,True,True,False,False,-0.014957264957264904,False,False,False
mom60_skip5,2026-07-31,2026-08-03,sell,6197,286.0,308.0,285.5,302.5,1873548,562224483,289.0,False,,True,True,False,False,-0.01038062283737029,False,False,False
mom60_skip5,2026-07-31,2026-08-03,sell,6224,51.0,54.9,51.0,54.0,420183,22473276,51.9,False,,True,True,False,False,-0.01734104046242768,False,False,False
mom60_skip5,2026-07-31,2026-08-03,sell,6278,137.0,149.5,137.0,145.5,3570448,520947486,140.0,False,,True,True,False,False,-0.021428571428571463,False,False,False
mom60_skip5,2026-07-31,2026-08-03,sell,6405,35.15,37.3,34.5,36.1,1119378,40338777,35.3,False,,True,True,False,False,-0.004249291784702458,False,False,False
mom60_skip5,2026-07-31,2026-08-03,sell,6415,433.0,439.0,417.0,424.5,6745694,2892099135,413.0,False,,True,True,False,False,0.04842615012106544,False,False,False
mom60_skip5,2026-07-31,2026-08-03,sell,6451,338.0,375.0,338.0,374.5,3329824,1218138859,341.0,False,,True,True,False,False,-0.008797653958944274,False,False,False
mom60_skip5,2026-07-31,2026-08-03,sell,6531,659.0,733.0,659.0,733.0,1943978,1382603347,667.0,False,,True,True,False,False,-0.01199400299850073,False,False,False
mom60_skip5,2026-07-31,2026-08-03,sell,6658,139.5,147.0,138.0,143.0,343562,49417425,140.0,False,,True,True,False,False,-0.0035714285714285587,False,False,False
mom60_skip5,2026-07-31,2026-08-03,sell,6672,198.0,215.0,196.5,211.5,2828867,591441502,198.0,False,,True,True,False,False,0.0,False,False,False
mom60_skip5,2026-07-31,2026-08-03,sell,6831,524.0,577.0,524.0,565.0,1858112,1058100087,525.0,False,,True,True,False,False,-0.0019047619047618536,False,False,False
mom60_skip5,2026-07-31,2026-08-03,sell,6861,200.0,202.0,193.0,198.0,435106,86017369,191.0,False,,True,True,False,False,0.04712041884816753,False,False,False
mom60_skip5,2026-07-31,2026-08-03,sell,7788,187.5,200.0,185.0,192.5,863877,167758995,189.5,False,,True,True,False,False,-0.01055408970976257,False,False,False
mom60_skip5,2026-07-31,2026-08-03,sell,8021,331.5,355.0,330.0,355.0,3153592,1102961476,323.0,False,,True,True,False,False,0.026315789473684292,False,False,False
mom60_skip5,2026-07-31,2026-08-03,sell,8150,73.0,78.9,73.0,77.6,48689772,3748512359,72.6,False,,True,True,False,False,0.005509641873278293,False,False,False
mom60_skip5,2026-07-31,2026-08-03,sell,8162,48.5,51.1,48.2,49.8,251557,12601593,48.2,False,,True,True,False,False,0.006224066390041472,False,False,False
logistic,2026-08-31,2026-09-01,buy,1597,139.5,149.0,138.5,144.5,2406761,348337593,138.5,False,False,True,True,False,False,0.0072202166064982976,False,False,False
logistic,2026-08-31,2026-09-01,buy,1709,33.8,36.75,33.55,36.4,31426363,1126260656,33.45,False,True,True,True,False,False,0.010463378176382543,False,False,False
logistic,2026-08-31,2026-09-01,buy,1727,100.0,101.0,94.5,95.3,7631288,741616403,99.9,False,False,True,True,False,False,0.0010010010010008674,False,False,False
logistic,2026-08-31,2026-09-01,buy,2033,24.45,25.45,23.4,23.9,3447898,82596207,26.0,False,True,True,True,False,False,-0.059615384615384626,False,False,False
logistic,2026-08-31,2026-09-01,buy,2368,1175.0,1245.0,1155.0,1225.0,12953799,15712164200,1165.0,False,False,True,True,False,False,0.008583690987124415,False,False,False
logistic,2026-08-31,2026-09-01,buy,2464,183.5,188.0,177.0,184.5,10411363,1899182132,180.0,False,False,True,True,False,False,0.019444444444444375,False,False,False
logistic,2026-08-31,2026-09-01,buy,2465,94.1,97.6,93.4,95.8,2639803,251848092,94.0,False,False,True,True,False,False,0.0010638297872340718,False,False,False
logistic,2026-08-31,2026-09-01,buy,2489,42.2,45.0,41.75,42.8,102064014,4440835111,42.2,False,False,True,True,False,False,0.0,False,False,False
logistic,2026-08-31,2026-09-01,buy,2491,45.75,45.75,45.75,45.75,1717223,78562891,50.8,False,False,True,True,True,False,-0.09940944881889757,False,True,False
logistic,2026-08-31,2026-09-01,buy,3008,7655.0,7995.0,7565.0,7580.0,3399074,26312957680,7650.0,False,False,True,True,False,False,0.0006535947712418277,False,False,False
logistic,2026-08-31,2026-09-01,buy,3042,186.0,190.5,181.5,182.0,17544015,3227960802,185.5,False,False,True,True,False,False,0.0026954177897573484,False,False,False
logistic,2026-08-31,2026-09-01,buy,3406,1005.0,1090.0,993.0,1005.0,13040049,13437176935,1005.0,False,False,True,True,False,False,0.0,False,False,False
logistic,2026-08-31,2026-09-01,buy,3443,6490.0,6490.0,5925.0,5995.0,2108698,12898210290,6100.0,False,True,True,True,False,False,0.06393442622950829,False,False,False
logistic,2026-08-31,2026-09-01,buy,3504,90.3,92.3,86.8,87.2,4351499,388900815,90.3,False,False,True,True,False,False,0.0,False,False,False
logistic,2026-08-31,2026-09-01,buy,3543,53.3,53.5,48.1,48.3,6418547,322710002,53.3,False,False,True,True,False,False,0.0,False,False,False
logistic,2026-08-31,2026-09-01,buy,3605,128.5,132.0,125.5,125.5,7867059,992522287,139.0,False,True,True,True,False,False,-0.07553956834532372,False,False,False
logistic,2026-08-31,2026-09-01,buy,3653,6075.0,6095.0,5820.0,5885.0,981544,5808967355,5990.0,False,False,True,True,False,False,0.014190317195325486,False,False,False
logistic,2026-08-31,2026-09-01,buy,6108,24.0,24.45,23.6,23.9,2663045,63704466,23.85,False,False,True,True,False,False,0.0062893081761006275,False,False,False
logistic,2026-08-31,2026-09-01,buy,6269,76.6,78.3,73.6,75.2,21712814,1633838275,74.9,False,False,True,True,False,False,0.022696929238985142,False,False,False
logistic,2026-08-31,2026-09-01,buy,6446,1375.0,1375.0,1310.0,1310.0,6426071,8583880915,1395.0,False,False,True,True,False,False,-0.014336917562724039,False,False,False
logistic,2026-08-31,2026-09-01,buy,6805,2305.0,2320.0,2130.0,2285.0,2618566,5869587020,2305.0,False,False,True,True,False,False,0.0,False,False,False
logistic,2026-08-31,2026-09-01,buy,6919,95.0,97.9,90.7,91.2,18657211,1738484731,94.8,False,False,True,True,False,False,0.0021097046413502962,False,False,False
logistic,2026-08-31,2026-09-01,buy,6933,296.0,314.5,296.0,314.5,3418616,1054552887,286.0,False,True,True,True,False,False,0.034965034965035,False,False,False
logistic,2026-08-31,2026-09-01,buy,7711,535.0,580.0,533.0,575.0,2373303,1319972809,535.0,False,False,True,True,False,False,0.0,False,False,False
logistic,2026-08-31,2026-09-01,buy,7788,321.0,323.0,302.5,320.5,3576565,1124645105,316.0,False,False,True,True,False,False,0.015822784810126667,False,False,False
logistic,2026-08-31,2026-09-01,buy,8103,120.5,127.5,116.5,126.5,17338178,2124436611,119.0,False,False,True,True,False,False,0.012605042016806678,False,False,False
logistic,2026-08-31,2026-09-01,sell,1810,25.15,25.2,24.65,24.7,3115409,77364942,24.9,False,,True,True,False,False,0.010040160642570184,False,False,False
logistic,2026-08-31,2026-09-01,sell,2243,42.05,46.2,42.0,46.2,356276,16127856,42.0,False,,True,True,False,False,0.0011904761904761862,False,False,False
logistic,2026-08-31,2026-09-01,sell,2302,44.75,45.75,44.0,44.0,4136779,185229840,44.15,False,,True,True,False,False,0.013590033975084959,False,False,False
logistic,2026-08-31,2026-09-01,sell,2332,20.1,20.35,19.85,19.85,7775635,155860688,19.9,False,,True,True,False,False,0.01005025125628145,False,False,False
logistic,2026-08-31,2026-09-01,sell,2337,126.0,127.5,122.0,122.5,31995454,3954047595,126.0,False,,True,True,False,False,0.0,False,False,False
logistic,2026-08-31,2026-09-01,sell,2342,40.3,42.4,40.25,41.2,2791067,115710761,40.15,False,,True,True,False,False,0.0037359900373599153,False,False,False
logistic,2026-08-31,2026-09-01,sell,2344,183.5,184.0,175.5,176.0,136605515,24249291776,182.5,False,,True,True,False,False,0.005479452054794498,False,False,False
logistic,2026-08-31,2026-09-01,sell,2360,1975.0,2055.0,1965.0,2030.0,1537485,3111593385,1960.0,False,,True,True,False,False,0.007653061224489832,False,False,False
logistic,2026-08-31,2026-09-01,sell,2408,551.0,551.0,516.0,518.0,82818290,43473340780,543.0,False,,True,True,False,False,0.014732965009208066,False,False,False
logistic,2026-08-31,2026-09-01,sell,2429,33.2,33.2,32.6,32.7,135390,4441722,33.05,False,,True,True,False,False,0.004538577912254427,False,False,False
logistic,2026-08-31,2026-09-01,sell,2466,99.8,102.5,99.0,99.5,815236,81421099,99.0,False,,True,True,False,False,0.008080808080808133,False,False,False
logistic,2026-08-31,2026-09-01,sell,2472,223.0,233.0,223.0,224.0,2524609,573486287,224.0,False,,True,True,False,False,-0.004464285714285698,False,False,False
logistic,2026-08-31,2026-09-01,sell,2483,35.5,36.05,34.8,34.8,750384,26391239,35.2,False,,True,True,False,False,0.008522727272727293,False,False,False
logistic,2026-08-31,2026-09-01,sell,2486,266.0,276.0,266.0,276.0,4976542,1344525443,263.0,False,,True,True,False,False,0.011406844106463865,False,False,False
logistic,2026-08-31,2026-09-01,sell,2493,179.5,188.5,179.5,187.0,1393113,258740654,179.5,False,,True,True,False,False,0.0,False,False,False
logistic,2026-08-31,2026-09-01,sell,2923,24.05,25.15,23.75,24.75,150820,3710972,24.2,False,,True,True,False,False,-0.00619834710743794,False,False,False
logistic,2026-08-31,2026-09-01,sell,3006,298.5,299.0,276.0,278.5,20165284,5687649253,292.5,False,,True,True,False,False,0.02051282051282044,False,False,False
logistic,2026-08-31,2026-09-01,sell,3016,102.0,108.0,102.0,104.0,7198205,760000667,103.0,False,,True,True,False,False,-0.009708737864077666,False,False,False
logistic,2026-08-31,2026-09-01,sell,4722,208.5,217.5,207.5,208.0,764950,161014291,208.0,False,,True,True,False,False,0.0024038461538462563,False,False,False
logistic,2026-08-31,2026-09-01,sell,4919,120.0,125.0,120.0,124.0,2541694,314372182,120.0,False,,True,True,False,False,0.0,False,False,False
logistic,2026-08-31,2026-09-01,sell,4958,512.0,550.0,508.0,535.0,71767430,38421671601,500.0,False,,True,True,False,False,0.02400000000000002,False,False,False
logistic,2026-08-31,2026-09-01,sell,6166,115.5,119.0,115.5,117.5,857022,100453965,115.5,False,,True,True,False,False,0.0,False,False,False
logistic,2026-08-31,2026-09-01,sell,6239,274.0,289.0,274.0,284.0,15260677,4337291924,277.0,False,,True,True,False,False,-0.010830324909747335,False,False,False
logistic,2026-08-31,2026-09-01,sell,6243,39.9,40.2,39.45,39.55,529062,21027148,39.9,False,,True,True,False,False,0.0,False,False,False
logistic,2026-08-31,2026-09-01,sell,6442,1630.0,1655.0,1610.0,1635.0,1814080,2956230325,1630.0,False,,True,True,False,False,0.0,False,False,False
logistic,2026-08-31,2026-09-01,sell,6449,234.0,246.5,232.5,236.0,1303616,311439826,232.0,False,,True,True,False,False,0.008620689655172376,False,False,False
logistic,2026-08-31,2026-09-01,sell,6505,73.7,77.6,73.3,76.7,30357487,2299743064,73.5,False,,True,True,False,False,0.0027210884353741083,False,False,False
logistic,2026-08-31,2026-09-01,sell,6525,142.0,145.5,141.5,143.0,1087296,156081118,139.5,False,,True,True,False,False,0.017921146953405076,False,False,False
logistic,2026-08-31,2026-09-01,sell,6531,936.0,980.0,923.0,958.0,4604911,4400568566,927.0,False,,True,True,False,False,0.009708737864077666,False,False,False
logistic,2026-08-31,2026-09-01,sell,6573,17.25,17.95,17.1,17.2,225662,3893063,17.4,False,,True,True,False,False,-0.008620689655172376,False,False,False
logistic,2026-08-31,2026-09-01,sell,6830,527.0,572.0,510.0,572.0,2997028,1647821556,520.0,False,,True,True,False,False,0.013461538461538414,False,False,False
logistic,2026-08-31,2026-09-01,sell,8131,63.5,64.1,63.2,63.5,1460699,92870792,63.7,False,,True,True,False,False,-0.0031397174254317317,False,False,False
logistic,2026-08-31,2026-09-01,sell,8150,89.3,96.3,89.3,93.2,49570952,4640667951,89.1,False,,True,True,False,False,0.002244668911335568,False,False,False
mom60_skip5,2026-08-31,2026-09-01,buy,1907,30.1,30.3,29.7,29.85,1103659,32974564,29.85,False,False,True,True,False,False,0.008375209380234505,False,False,False
mom60_skip5,2026-08-31,2026-09-01,buy,2006,79.9,82.0,79.9,81.2,2753837,223920170,80.8,False,False,True,True,False,False,-0.011138613861386037,False,False,False
mom60_skip5,2026-08-31,2026-09-01,buy,2027,48.6,50.3,48.6,49.8,12934911,641143223,48.8,False,False,True,True,False,False,-0.004098360655737654,False,False,False
mom60_skip5,2026-08-31,2026-09-01,buy,2030,22.65,22.95,22.5,22.75,1615166,36764491,22.65,False,True,True,True,False,False,0.0,False,False,False
mom60_skip5,2026-08-31,2026-09-01,buy,2033,24.45,25.45,23.4,23.9,3447898,82596207,26.0,False,True,True,True,False,False,-0.059615384615384626,False,False,False
mom60_skip5,2026-08-31,2026-09-01,buy,2103,28.35,29.45,28.2,28.8,7394990,213987255,28.4,False,False,True,True,False,False,-0.0017605633802816323,False,False,False
mom60_skip5,2026-08-31,2026-09-01,buy,2520,35.8,36.15,35.5,36.1,1435971,51532021,36.45,False,False,True,True,False,False,-0.017832647462277196,False,False,False
mom60_skip5,2026-08-31,2026-09-01,buy,2546,105.0,105.5,103.0,104.0,350692,36442660,106.5,False,False,True,True,False,False,-0.014084507042253502,False,False,False
mom60_skip5,2026-08-31,2026-09-01,buy,2609,59.4,60.5,57.5,57.6,49894440,2920400624,59.5,False,False,True,True,False,False,-0.001680672268907557,False,False,False
mom60_skip5,2026-08-31,2026-09-01,buy,2615,112.5,116.0,111.0,114.5,19050703,2169017454,114.0,False,False,True,True,False,False,-0.013157894736842146,False,False,False
mom60_skip5,2026-08-31,2026-09-01,buy,2630,51.1,52.2,50.8,51.3,1372211,70365329,51.3,False,False,True,True,False,False,-0.0038986354775827348,False,False,False
mom60_skip5,2026-08-31,2026-09-01,buy,2637,93.3,98.2,92.1,95.6,4930344,472346302,94.1,False,False,True,True,False,False,-0.008501594048884176,False,False,False
mom60_skip5,2026-08-31,2026-09-01,buy,2723,81.2,83.2,80.8,82.8,698668,57317536,82.0,False,False,True,True,False,False,-0.009756097560975618,False,False,False
mom60_skip5,2026-08-31,2026-09-01,buy,2851,45.0,46.0,44.4,45.85,2902000,131852512,46.2,False,False,True,True,False,False,-0.025974025974025983,False,False,False
mom60_skip5,2026-08-31,2026-09-01,buy,2890,40.8,42.0,40.75,41.5,27422506,1137356182,41.1,False,False,True,True,False,False,-0.007299270072992803,False,False,False
mom60_skip5,2026-08-31,2026-09-01,buy,2905,17.35,17.5,17.25,17.4,1002116,17435267,17.5,False,False,True,True,False,False,-0.008571428571428452,False,False,False
mom60_skip5,2026-08-31,2026-09-01,buy,2915,55.9,56.8,55.8,56.7,2422882,136588460,56.0,False,False,True,True,False,False,-0.0017857142857142794,False,False,False
mom60_skip5,2026-08-31,2026-09-01,buy,3022,90.5,93.1,89.5,92.5,1667997,152362796,90.3,False,False,True,True,False,False,0.00221483942414169,False,False,False
mom60_skip5,2026-08-31,2026-09-01,buy,3229,53.6,53.8,50.9,50.9,1325011,68567288,53.4,False,True,True,True,False,False,0.0037453183520599342,False,False,False
mom60_skip5,2026-08-31,2026-09-01,buy,3443,6490.0,6490.0,5925.0,5995.0,2108698,12898210290,6100.0,False,True,True,True,False,False,0.06393442622950829,False,False,False
mom60_skip5,2026-08-31,2026-09-01,buy,3605,128.5,132.0,125.5,125.5,7867059,992522287,139.0,False,True,True,True,False,False,-0.07553956834532372,False,False,False
mom60_skip5,2026-08-31,2026-09-01,buy,3617,254.0,262.5,251.0,251.5,964295,246247648,254.0,False,False,True,True,False,False,0.0,False,False,False
mom60_skip5,2026-08-31,2026-09-01,buy,3653,6075.0,6095.0,5820.0,5885.0,981544,5808967355,5990.0,False,False,True,True,False,False,0.014190317195325486,False,False,False
mom60_skip5,2026-08-31,2026-09-01,buy,4119,55.3,56.5,55.2,56.3,229253,12814630,55.4,False,False,True,True,False,False,-0.0018050541516245744,False,False,False
mom60_skip5,2026-08-31,2026-09-01,buy,5515,51.9,52.5,51.8,52.5,203016,10591531,52.3,False,False,True,True,False,False,-0.007648183556405286,False,False,False
mom60_skip5,2026-08-31,2026-09-01,buy,5608,16.95,17.05,16.65,16.7,4727320,79552329,16.95,False,False,True,True,False,False,0.0,False,False,False
mom60_skip5,2026-08-31,2026-09-01,buy,6108,24.0,24.45,23.6,23.9,2663045,63704466,23.85,False,False,True,True,False,False,0.0062893081761006275,False,False,False
mom60_skip5,2026-08-31,2026-09-01,buy,6213,550.0,575.0,545.0,550.0,13046089,7229292261,548.0,False,False,True,True,False,False,0.0036496350364962904,False,False,False
mom60_skip5,2026-08-31,2026-09-01,buy,6214,182.5,184.0,179.0,182.5,1319213,239210948,183.5,False,False,True,True,False,False,-0.00544959128065392,False,False,False
mom60_skip5,2026-08-31,2026-09-01,buy,6409,1035.0,1065.0,1030.0,1030.0,423798,441297715,1035.0,False,False,True,True,False,False,0.0,False,False,False
mom60_skip5,2026-08-31,2026-09-01,buy,6472,433.5,438.0,420.0,420.0,1140140,485206155,433.0,False,False,True,True,False,False,0.0011547344110853786,False,False,False
mom60_skip5,2026-08-31,2026-09-01,buy,7711,535.0,580.0,533.0,575.0,2373303,1319972809,535.0,False,False,True,True,False,False,0.0,False,False,False
mom60_skip5,2026-08-31,2026-09-01,buy,7788,321.0,323.0,302.5,320.5,3576565,1124645105,316.0,False,False,True,True,False,False,0.015822784810126667,False,False,False
mom60_skip5,2026-08-31,2026-09-01,buy,7795,507.0,554.0,498.0,538.0,1291279,684743818,508.0,False,False,True,True,False,False,-0.0019685039370078705,False,False,False
mom60_skip5,2026-08-31,2026-09-01,buy,8033,187.0,187.0,183.0,185.5,3433718,636441195,187.0,False,False,True,True,False,False,0.0,False,False,False
mom60_skip5,2026-08-31,2026-09-01,buy,8046,1260.0,1335.0,1220.0,1225.0,18224604,23278422005,1230.0,False,False,True,True,False,False,0.024390243902439046,False,False,False
mom60_skip5,2026-08-31,2026-09-01,buy,8462,167.5,172.0,167.0,171.5,65089,11011402,168.0,False,False,True,True,False,False,-0.0029761904761904656,False,False,False
mom60_skip5,2026-08-31,2026-09-01,buy,9921,101.5,103.5,100.0,102.5,1286163,131450589,102.0,False,False,True,True,False,False,-0.004901960784313708,False,False,False
mom60_skip5,2026-08-31,2026-09-01,buy,9945,27.6,28.1,27.6,28.05,4192254,116912639,27.8,False,False,True,True,False,False,-0.007194244604316502,False,False,False
mom60_skip5,2026-08-31,2026-09-01,sell,1409,25.0,27.05,25.0,25.65,65478367,1709276990,24.6,False,,True,True,False,False,0.016260162601625883,False,False,False
mom60_skip5,2026-08-31,2026-09-01,sell,1708,50.6,51.6,50.6,51.3,2386771,122034722,50.6,False,,True,True,False,False,0.0,False,False,False
mom60_skip5,2026-08-31,2026-09-01,sell,2243,42.05,46.2,42.0,46.2,356276,16127856,42.0,False,,True,True,False,False,0.0011904761904761862,False,False,False
mom60_skip5,2026-08-31,2026-09-01,sell,2303,127.5,136.5,127.0,132.5,223238022,29639493155,129.0,False,,True,True,False,False,-0.011627906976744207,False,False,False
mom60_skip5,2026-08-31,2026-09-01,sell,2305,29.7,30.3,29.25,29.55,4589754,136406786,30.05,False,,True,True,False,False,-0.011647254575707255,False,False,False
mom60_skip5,2026-08-31,2026-09-01,sell,2327,551.0,576.0,550.0,568.0,57762664,32647845491,545.0,False,,True,True,False,False,0.011009174311926495,False,False,False
mom60_skip5,2026-08-31,2026-09-01,sell,2344,183.5,184.0,175.5,176.0,136605515,24249291776,182.5,False,,True,True,False,False,0.005479452054794498,False,False,False
mom60_skip5,2026-08-31,2026-09-01,sell,2356,66.7,68.4,66.2,66.6,13332052,893448962,66.7,False,,True,True,False,False,0.0,False,False,False
mom60_skip5,2026-08-31,2026-09-01,sell,2375,127.0,133.0,126.5,127.0,5031478,648012041,127.0,False,,True,True,False,False,0.0,False,False,False
mom60_skip5,2026-08-31,2026-09-01,sell,2377,155.0,156.0,151.5,154.0,11358673,1744620012,155.0,False,,True,True,False,False,0.0,False,False,False
mom60_skip5,2026-08-31,2026-09-01,sell,2379,723.0,753.0,723.0,744.0,2713152,2015992297,721.0,False,,True,True,False,False,0.00277392510402219,False,False,False
mom60_skip5,2026-08-31,2026-09-01,sell,2409,26.8,27.1,26.35,26.4,107148029,2851258881,26.65,False,,True,True,False,False,0.005628517823639934,False,False,False
mom60_skip5,2026-08-31,2026-09-01,sell,2425,37.4,38.1,37.4,37.45,599173,22535195,37.4,False,,True,True,False,False,0.0,False,False,False
mom60_skip5,2026-08-31,2026-09-01,sell,2472,223.0,233.0,223.0,224.0,2524609,573486287,224.0,False,,True,True,False,False,-0.004464285714285698,False,False,False
mom60_skip5,2026-08-31,2026-09-01,sell,2478,123.0,128.0,122.5,123.5,3801857,475242368,123.5,False,,True,True,False,False,-0.004048582995951455,False,False,False
mom60_skip5,2026-08-31,2026-09-01,sell,2481,151.0,160.5,149.5,157.0,36387336,5656319720,151.0,False,,True,True,False,False,0.0,False,False,False
mom60_skip5,2026-08-31,2026-09-01,sell,2491,45.75,45.75,45.75,45.75,1717223,78562891,50.8,False,,True,True,True,False,-0.09940944881889757,False,True,False
mom60_skip5,2026-08-31,2026-09-01,sell,2492,295.5,317.0,294.0,302.5,35972775,10994933472,295.0,False,,True,True,False,False,0.0016949152542373724,False,False,False
mom60_skip5,2026-08-31,2026-09-01,sell,2493,179.5,188.5,179.5,187.0,1393113,258740654,179.5,False,,True,True,False,False,0.0,False,False,False
mom60_skip5,2026-08-31,2026-09-01,sell,2527,42.75,44.65,42.5,43.95,625997,27274172,42.8,False,,True,True,False,False,-0.001168224299065379,False,False,False
mom60_skip5,2026-08-31,2026-09-01,sell,2881,143.5,145.0,141.5,145.0,19553535,2808074145,144.0,False,,True,True,False,False,-0.00347222222222221,False,False,False
mom60_skip5,2026-08-31,2026-09-01,sell,2883,33.9,35.1,33.9,34.95,63652325,2218064659,33.85,False,,True,True,False,False,0.001477104874445967,False,False,False
mom60_skip5,2026-08-31,2026-09-01,sell,2923,24.05,25.15,23.75,24.75,150820,3710972,24.2,False,,True,True,False,False,-0.00619834710743794,False,False,False
mom60_skip5,2026-08-31,2026-09-01,sell,3026,769.0,795.0,730.0,731.0,12797881,9742920988,742.0,False,,True,True,False,False,0.03638814016172498,False,False,False
mom60_skip5,2026-08-31,2026-09-01,sell,3055,119.0,132.5,119.0,129.5,5176896,668112309,120.5,False,,True,True,False,False,-0.012448132780082943,False,False,False
mom60_skip5,2026-08-31,2026-09-01,sell,3090,172.0,179.5,172.0,173.0,9067944,1585568947,175.0,False,,True,True,False,False,-0.017142857142857126,False,False,False
mom60_skip5,2026-08-31,2026-09-01,sell,3189,838.0,900.0,835.0,874.0,36368169,32041668680,819.0,False,,True,True,False,False,0.023199023199023117,False,False,False
mom60_skip5,2026-08-31,2026-09-01,sell,3481,49.9,50.2,49.2,49.3,137987627,6842978538,49.85,False,,True,True,False,False,0.0010030090270811698,False,False,False
mom60_skip5,2026-08-31,2026-09-01,sell,4551,162.0,173.0,161.0,167.5,1736135,290596025,159.5,False,,True,True,False,False,0.01567398119122254,False,False,False
mom60_skip5,2026-08-31,2026-09-01,sell,4807,28.7,28.75,27.6,27.9,56691,1580607,28.05,False,,True,True,False,False,0.02317290552584672,False,False,False
mom60_skip5,2026-08-31,2026-09-01,sell,4916,100.5,101.5,99.7,99.7,1304342,130741914,99.9,False,,True,True,False,False,0.006006006006005871,False,False,False
mom60_skip5,2026-08-31,2026-09-01,sell,5285,80.5,83.3,80.5,81.5,688303,56464356,81.0,False,,True,True,False,False,-0.006172839506172867,False,False,False
mom60_skip5,2026-08-31,2026-09-01,sell,6116,14.35,14.6,14.25,14.3,14225679,204598627,14.5,False,,True,True,False,False,-0.010344827586206917,False,False,False
mom60_skip5,2026-08-31,2026-09-01,sell,6166,115.5,119.0,115.5,117.5,857022,100453965,115.5,False,,True,True,False,False,0.0,False,False,False
mom60_skip5,2026-08-31,2026-09-01,sell,6414,390.0,399.0,390.0,396.0,1094835,432210906,389.5,False,,True,True,False,False,0.0012836970474967568,False,False,False
mom60_skip5,2026-08-31,2026-09-01,sell,6449,234.0,246.5,232.5,236.0,1303616,311439826,232.0,False,,True,True,False,False,0.008620689655172376,False,False,False
mom60_skip5,2026-08-31,2026-09-01,sell,6525,142.0,145.5,141.5,143.0,1087296,156081118,139.5,False,,True,True,False,False,0.017921146953405076,False,False,False
mom60_skip5,2026-08-31,2026-09-01,sell,6573,17.25,17.95,17.1,17.2,225662,3893063,17.4,False,,True,True,False,False,-0.008620689655172376,False,False,False
mom60_skip5,2026-08-31,2026-09-01,sell,6579,146.0,150.0,146.0,150.0,282270,42020070,146.5,False,,True,True,False,False,-0.0034129692832765013,False,False,False
mom60_skip5,2026-08-31,2026-09-01,sell,6585,113.5,113.5,112.5,112.5,105922,11953554,112.5,False,,True,True,False,False,0.008888888888888946,False,False,False
mom60_skip5,2026-08-31,2026-09-01,sell,6957,217.0,229.0,217.0,220.5,85286,19087535,219.5,False,,True,True,False,False,-0.011389521640091105,False,False,False
mom60_skip5,2026-08-31,2026-09-01,sell,8114,194.5,196.5,193.0,196.0,326148,63743068,192.0,False,,True,True,False,False,0.01302083333333326,False,False,False
mom60_skip5,2026-08-31,2026-09-01,sell,8261,179.5,185.0,179.5,182.0,2345742,429068477,178.5,False,,True,True,False,False,0.0056022408963585235,False,False,False
mom60_skip5,2026-08-31,2026-09-01,sell,8454,247.0,249.0,245.0,247.0,275198,67949874,247.0,False,,True,True,False,False,0.0,False,False,False
mom60_skip5,2026-08-31,2026-09-01,sell,8476,19.45,19.6,19.25,19.35,253978,4924383,19.4,False,,True,True,False,False,0.002577319587628857,False,False,False
mom60_skip5,2026-08-31,2026-09-01,sell,8926,55.8,57.0,55.8,56.7,1394325,78949866,55.9,False,,True,True,False,False,-0.0017889087656529634,False,False,False
