date,year,eligible,top_n,base_rate,universe_relative20,logistic_top10_hit,logistic_top10_relative20,logistic_top15_hit,logistic_top15_relative20,logistic_relative_rank_ic,hist_gradient_boosting_top10_hit,hist_gradient_boosting_top10_relative20,hist_gradient_boosting_top15_hit,hist_gradient_boosting_top15_relative20,hist_gradient_boosting_relative_rank_ic,mom60_skip5_top10_hit,mom60_skip5_top10_relative20,mom60_skip5_top15_hit,mom60_skip5_top15_relative20,mom60_skip5_relative_rank_ic,volatility20_top10_hit,volatility20_top10_relative20,volatility20_top15_hit,volatility20_top15_relative20,volatility20_relative_rank_ic,atr14_top10_hit,atr14_top10_relative20,atr14_top15_hit,atr14_top15_relative20,atr14_relative_rank_ic
2024-01-02,2024,641,65,0.0124804992199688,-0.0501052267827816,0.03076923076923077,-0.048575973190034184,0.06666666666666667,-0.003767459469098074,0.01204145814397295,0.015384615384615385,-0.05153978111557492,0.0,-0.04715227984627991,-0.012278475079441667,0.015384615384615385,-0.04332076558215373,0.0,-0.056860304000448045,0.02168343600884289,0.03076923076923077,-0.037345482758699616,0.0,-0.06658142111345679,-0.00824923273912924,0.046153846153846156,-0.03947460333798646,0.0,-0.060704324646446324,-0.0004794786083054725
2024-01-03,2024,643,65,0.01866251944012442,-0.04728487459726444,0.06153846153846154,-0.04597871418418273,0.26666666666666666,-0.025443883496609008,-0.027507991225616896,0.07692307692307693,-0.04163264089382548,0.2,-0.019390971273465223,0.0023470577633663255,0.046153846153846156,-0.03399915897089701,0.06666666666666667,-0.02555415773121905,0.05276013838425131,0.06153846153846154,-0.031792894825357514,0.13333333333333333,-0.06310724211872908,-0.004764057934655877,0.046153846153846156,-0.03470269654086007,0.13333333333333333,-0.07246148158028122,-0.005720864302146704
2024-01-04,2024,639,64,0.023474178403755867,-0.03907865546302418,0.078125,-0.04227922443328533,0.13333333333333333,-0.07290699658403513,-0.0010275936111714787,0.078125,-0.039080895177251676,0.13333333333333333,-0.03861850858464868,0.008139136533688895,0.078125,-0.03574359333080632,0.06666666666666667,-0.038031116450754326,0.01046804484402889,0.078125,-0.030351853966020033,0.13333333333333333,-0.08137765682435534,0.028919817700213762,0.078125,-0.03502634833949174,0.06666666666666667,-0.05091468988173678,0.011960613817359118
2024-01-05,2024,636,64,0.02830188679245283,-0.04911438215441672,0.0625,-0.06230105392183525,0.0,-0.09930720859822503,0.0005276557229260026,0.078125,-0.051290016332569785,0.13333333333333333,-0.05949478955918665,0.0034261705230372304,0.0625,-0.051501121754525966,0.13333333333333333,-0.015185791487803487,0.0004656637473939473,0.09375,-0.019060686401486136,0.06666666666666667,-0.07553794157450712,0.06102801160601335,0.09375,-0.03810683109519309,0.06666666666666667,-0.08656048059503488,0.039094055425596116
2024-01-08,2024,633,64,0.03317535545023697,-0.05341676537702296,0.078125,-0.06517786668208536,0.2,-0.04775406720621446,-0.013821490974266586,0.0625,-0.07555920985373019,0.13333333333333333,-0.064889394721628,0.00921174092687166,0.046875,-0.06051615420877894,0.06666666666666667,-0.07313685737952191,0.03456555467466124,0.109375,-0.039533416333048646,0.0,-0.13412972678166543,0.04617513946513062,0.125,-0.04458526839383682,0.06666666666666667,-0.06499085848619038,0.029668077463180616
2024-01-09,2024,633,64,0.036334913112164295,-0.07884706642766096,0.109375,-0.05334682002928767,0.06666666666666667,-0.12125766594682538,0.10533153266511097,0.078125,-0.08588388004333845,0.06666666666666667,-0.1013924676411697,0.08002204273089242,0.0625,-0.08669369869666342,0.13333333333333333,-0.07950137385934843,0.0324752044099686,0.09375,-0.0547216444837164,0.0,-0.14795902398989266,0.11906435684726127,0.109375,-0.061253258229609496,0.0,-0.16001863998728932,0.09878854642020539
2024-01-10,2024,628,63,0.04777070063694268,-0.05276794455293426,0.09523809523809523,-0.020860745941305558,0.13333333333333333,-0.06221684306361027,0.13767797858833472,0.12698412698412698,-0.021435828282540023,0.13333333333333333,-0.019788958643419778,0.14006187108056042,0.06349206349206349,-0.06156499526171787,0.06666666666666667,-0.07346998473564628,0.06664744126386285,0.1111111111111111,-0.020003554796113886,0.0,-0.13167863041199138,0.15063801674260446,0.12698412698412698,-0.023210411665098803,0.0,-0.11961408271856336,0.1535714883133734
2024-01-11,2024,631,64,0.05388272583201268,-0.042880642439831,0.140625,0.006392746540316154,0.13333333333333333,-0.05644992100650461,0.183308424740654,0.15625,-0.0016381496522954436,0.06666666666666667,-0.08528491841421966,0.17593328413725193,0.078125,-0.04301078243195749,0.06666666666666667,-0.09529201939892988,0.10112608107911902,0.140625,-0.014607537574376517,0.0,-0.1341903006770382,0.12815750446003543,0.140625,-0.007298110202867629,0.06666666666666667,-0.08778212170638096,0.12954985420247292
2024-01-12,2024,628,63,0.06369426751592357,-0.044961011413666645,0.15873015873015872,-0.005406258223333225,0.13333333333333333,-0.04993240411626218,0.20328577644329673,0.1746031746031746,0.007907771811527988,0.06666666666666667,-0.0247983310532533,0.19611792139036827,0.1111111111111111,-0.029937781810939226,0.13333333333333333,-0.04454177981808298,0.11127451917945225,0.1746031746031746,-0.014355169148825533,0.06666666666666667,-0.11325604764483636,0.15281027315360213,0.1746031746031746,-0.004967644281010969,0.13333333333333333,-0.05521195355960673,0.17043985830333327
2024-01-15,2024,623,63,0.06260032102728733,-0.04450932329641058,0.19047619047619047,-0.0068283462136474364,0.13333333333333333,-0.06651199332285682,0.16409444343956173,0.20634920634920634,0.020963123660744425,0.2,-0.0313874840856736,0.18685441992733054,0.1111111111111111,-0.027911940796045726,0.2,-0.048552966597193666,0.09143528372211994,0.1746031746031746,-0.014335180286431142,0.06666666666666667,-0.09688756137012271,0.12809092774928663,0.19047619047619047,0.0007650873798337388,0.13333333333333333,-0.04814282579620021,0.14111394849197462
2024-01-16,2024,625,63,0.0688,-0.05059708744542873,0.1746031746031746,-0.01679334430870105,0.13333333333333333,-0.09179255744531116,0.1631396790515402,0.19047619047619047,-0.014211176867169334,0.26666666666666666,-0.03732686217795214,0.16981405983242423,0.12698412698412698,-0.039902450558123956,0.2,-0.027684537931383178,0.13647656919438153,0.20634920634920634,-0.007700991318007771,0.13333333333333333,-0.07337104394521433,0.1319799202345675,0.20634920634920634,-0.002180230987039288,0.13333333333333333,-0.05043900448914366,0.15742531497455076
2024-01-17,2024,625,63,0.0736,-0.05817747673949499,0.15873015873015872,-0.033248550879024126,0.06666666666666667,-0.09583426901820843,0.14431718017509698,0.14285714285714285,-0.0489322697740344,0.3333333333333333,-0.0009239008788741287,0.1628423897612165,0.12698412698412698,-0.05178742866946963,0.2,-0.03144321619619974,0.11675960264321082,0.19047619047619047,-0.024422371692725115,0.06666666666666667,-0.10444579820698772,0.13336774641062277,0.19047619047619047,-0.018701935179670982,0.2,-0.0621884897443278,0.15109253737748451
2024-01-18,2024,625,63,0.0832,-0.040302609036434206,0.20634920634920634,-0.020743467228855898,0.13333333333333333,-0.07567310404097814,0.16553985813957586,0.20634920634920634,-0.0063179301823457455,0.26666666666666666,0.009360079470013983,0.15372147379226878,0.15873015873015872,-0.03294210811658794,0.13333333333333333,-0.02519410979830882,0.06766160424222271,0.20634920634920634,-0.0024285815267270634,0.13333333333333333,-0.09258585533765111,0.14902552826561039,0.19047619047619047,-0.0047573997110206025,0.3333333333333333,0.04344752688858287,0.1741927468902381
2024-01-19,2024,623,63,0.08507223113964688,-0.010910578147097226,0.23809523809523808,0.016961511239589843,0.26666666666666666,0.03683127992376619,0.16870041312011272,0.12698412698412698,-0.017621878405927154,0.26666666666666666,0.03727829458429381,0.10615070899442407,0.19047619047619047,-0.0032165587430450573,0.2,0.04282083918393687,0.08505395455483175,0.2222222222222222,0.026720633335112723,0.2,-0.06310068077446752,0.10195664492519561,0.2222222222222222,0.006982051432244432,0.3333333333333333,0.03684782167841701,0.12329638300295323
2024-01-22,2024,623,63,0.07865168539325842,-0.0027978571797927054,0.20634920634920634,0.019261480050188448,0.26666666666666666,-0.013067199643554857,0.12433309275788426,0.1746031746031746,0.024449972576145642,0.26666666666666666,0.04525326843381586,0.08557717709363148,0.20634920634920634,0.00974714965978453,0.26666666666666666,0.07396791126451444,0.12591375736190835,0.20634920634920634,0.03169210876737093,0.26666666666666666,0.016345432946259935,0.07385139003703758,0.25396825396825395,0.021946162717949465,0.4,0.01687490101503269,0.08308713755056486
2024-01-23,2024,619,62,0.06785137318255251,-0.0030798046610921994,0.20967741935483872,0.04245930683967515,0.13333333333333333,-0.010741076522471788,0.12043199739983318,0.16129032258064516,0.026402608055223892,0.13333333333333333,0.01842547340629542,0.06313853961257596,0.1774193548387097,0.02647046743301594,0.2,0.03222175707303685,0.13538786586945134,0.24193548387096775,0.06529421561022691,0.26666666666666666,0.014278504501636525,0.0924431469993942,0.20967741935483872,0.022252545921339142,0.2,-0.05959628470165828,0.09120720340391719
2024-01-24,2024,622,63,0.08360128617363344,-0.03166418893192333,0.2698412698412698,0.021178554209027218,0.3333333333333333,0.07036942354188973,0.12465176307087954,0.1746031746031746,-0.013361030262715264,0.06666666666666667,-0.03546688213863328,0.07482000551352865,0.20634920634920634,-0.002327752910719592,0.3333333333333333,-0.038430126075233786,0.16008215655266195,0.2857142857142857,0.03453851155757915,0.2,-0.0132229183865647,0.11055873530443922,0.23809523809523808,-0.005966055835587189,0.26666666666666666,-0.05300768488824063,0.10919335768886523
2024-01-25,2024,625,63,0.0976,-0.017871824169174398,0.2698412698412698,0.050623174216623094,0.2,0.07542128929688728,0.1932132204499102,0.15873015873015872,-0.01246352042820514,0.0,-0.019336197725541168,0.1213290982959144,0.20634920634920634,0.013434234229083046,0.3333333333333333,0.035563613431785865,0.19246830320152442,0.3492063492063492,0.07817373470697127,0.2,0.03468200594926556,0.16903710851746354,0.2857142857142857,0.03279478365307334,0.3333333333333333,-0.01925425974851484,0.17468248737576356
2024-01-26,2024,625,63,0.1104,-0.01531064082645456,0.2698412698412698,0.0755754767495955,0.2,0.0813410383250662,0.21336659459120688,0.2222222222222222,0.0451901405445933,0.06666666666666667,0.013587519515730022,0.14770530548670174,0.25396825396825395,0.028863347776451834,0.4,0.050250715588375,0.20426859137965434,0.30158730158730157,0.06317513827763695,0.2,0.06618500548483951,0.19467440174005318,0.31746031746031744,0.05848102123408587,0.2,-0.027867713367296196,0.20980665204269353
2024-01-29,2024,623,63,0.09951845906902086,-0.05532453597320275,0.31746031746031744,0.032131048878561275,0.3333333333333333,0.04785737302373587,0.10844686218490637,0.25396825396825395,-0.014021620467998224,0.13333333333333333,-0.050179887691411226,0.05747598635078146,0.23809523809523808,-0.03335916846212848,0.4666666666666667,-0.01206103711732048,0.20625825654232596,0.2857142857142857,-0.0012988889836095235,0.2,-0.020042519525205454,0.09493223206331666,0.2857142857142857,-0.008302313439616089,0.2,-0.11151409281030983,0.10616158728269767
2024-01-30,2024,617,62,0.10696920583468396,-0.09117737302748496,0.3387096774193548,-0.03252967346171981,0.4,0.004454429485157388,0.01325226845780438,0.20967741935483872,-0.06579932368675105,0.3333333333333333,0.034973237775299176,-0.03423820287885733,0.24193548387096775,-0.07396477457549358,0.3333333333333333,-0.0692954692215108,0.14718784705861326,0.27419354838709675,-0.055734613668944735,0.2,-0.06624584610689274,-0.0021674741146994548,0.3387096774193548,-0.06498681822684213,0.13333333333333333,-0.17010254914935924,0.009471354312549635
2024-01-31,2024,619,62,0.1050080775444265,-0.08489193189595931,0.25806451612903225,-0.06753420639186282,0.3333333333333333,-0.03006068871641654,0.04174662427450996,0.22580645161290322,-0.048784945277800584,0.26666666666666666,-0.04828636006621318,-0.026134854973356207,0.22580645161290322,-0.0718603399912032,0.2,-0.1132010805121246,0.14850023792507921,0.24193548387096775,-0.051956094481513664,0.2,-0.08115952571007998,0.02854688979918936,0.3225806451612903,-0.04430132118682238,0.2,-0.1399782103493021,0.03660481546847468
2024-02-01,2024,614,62,0.10260586319218241,-0.08745820752649293,0.24193548387096775,-0.05835841456582751,0.13333333333333333,-0.16776623355482415,0.053136076461020185,0.1935483870967742,-0.0769592210639881,0.13333333333333333,-0.15242370253345858,-0.009568954452882422,0.24193548387096775,-0.06297462363662598,0.2,-0.10335077195225782,0.15058517835373655,0.25806451612903225,-0.045573787940597625,0.2,-0.07689574880506549,0.014107417512899454,0.2903225806451613,-0.05104222102049753,0.2,-0.09427762558566323,0.030558433298311073
2024-02-02,2024,613,62,0.11092985318107668,-0.09930642601879855,0.27419354838709675,-0.07107995896617332,0.3333333333333333,-0.09325791267249332,-0.010868109229868644,0.20967741935483872,-0.12610599272960674,0.06666666666666667,-0.15562438020454827,-0.07791691301382082,0.24193548387096775,-0.08176240666417621,0.2,-0.10543656628193923,0.13743248674404102,0.25806451612903225,-0.08336545331507861,0.2,-0.12323202925963166,-0.05997054539929718,0.3225806451612903,-0.087738866654609,0.26666666666666666,-0.13503664029236231,-0.05453606099553231
2024-02-05,2024,608,61,0.125,-0.08938359893124473,0.36065573770491804,-0.05944752162907608,0.4,-0.13199370772441119,-0.08742356827401264,0.22950819672131148,-0.09197066933039102,0.2,-0.1041420544723683,-0.120838887325496,0.3114754098360656,-0.07055235921770928,0.3333333333333333,-0.09612507146517964,0.07088518579767042,0.2786885245901639,-0.1066061827641986,0.2,-0.15342910602253787,-0.11832791314244763,0.3442622950819672,-0.08375115352626779,0.26666666666666666,-0.18354734051309937,-0.1114094463367319
2024-02-15,2024,614,62,0.08957654723127036,-0.04322433081526513,0.27419354838709675,-0.03868454705894779,0.2,-0.07013174196657776,-0.12228140133763042,0.0967741935483871,-0.03768300964276122,0.06666666666666667,-0.05456182621058068,-0.10606944229128401,0.1935483870967742,-0.04397592308016863,0.26666666666666666,-0.0489224415322474,0.05255368290876089,0.1774193548387097,-0.08535140838026715,0.13333333333333333,-0.1200283118468891,-0.15031097267589943,0.24193548387096775,-0.05691616536871083,0.2,-0.13957462385695413,-0.1513868138959924
2024-02-16,2024,617,62,0.07941653160453808,-0.06763341419280237,0.24193548387096775,-0.06085713371321456,0.2,-0.10731461591468347,-0.1312193452650631,0.0967741935483871,-0.05846169525566418,0.0,-0.09173087406165407,-0.1284138220374308,0.25806451612903225,-0.05839753932733626,0.2,-0.0665180271616692,0.08134475159885583,0.1774193548387097,-0.08642731204431771,0.26666666666666666,-0.12773777787325175,-0.13454756131497542,0.25806451612903225,-0.06255679028798056,0.2,-0.1254803145356271,-0.1411788321004409
2024-02-19,2024,627,63,0.07655502392344497,-0.07532693090841966,0.23809523809523808,-0.09523169545577598,0.3333333333333333,-0.15035302022517266,-0.1589796334957179,0.14285714285714285,-0.09386368696927835,0.26666666666666666,-0.08764927609400257,-0.20424982891782806,0.23809523809523808,-0.07121507234438638,0.3333333333333333,-0.06481944135743616,0.11571859953976144,0.23809523809523808,-0.09834195618196143,0.3333333333333333,-0.116127620054198,-0.13828534468225392,0.2857142857142857,-0.07941921345131178,0.26666666666666666,-0.11605421238328567,-0.15086724639041918
2024-02-20,2024,632,64,0.07436708860759493,-0.06436589748393316,0.234375,-0.09730246900045228,0.5333333333333333,-0.09203730280780305,-0.16355929588858717,0.171875,-0.07519448339341375,0.13333333333333333,-0.09772829376670225,-0.1887930478177677,0.171875,-0.09179228214211488,0.3333333333333333,-0.08268347928838723,0.0844285011893528,0.1875,-0.11064542247384836,0.4,-0.07150349818621814,-0.16166723069243757,0.25,-0.08641527985245373,0.26666666666666666,-0.09963042076442005,-0.17706515788229718
2024-02-21,2024,636,64,0.06918238993710692,-0.09026661498629732,0.15625,-0.13858915681060394,0.3333333333333333,-0.16075248035589698,-0.20660291333572287,0.109375,-0.1116590730142554,0.0,-0.13734079535567847,-0.1921319166971821,0.15625,-0.11051648011110286,0.3333333333333333,-0.09755505224830258,0.10501880578457608,0.171875,-0.1379035587561059,0.4666666666666667,-0.04644833171932331,-0.1547072953388705,0.21875,-0.12826752522138105,0.26666666666666666,-0.14005297107193362,-0.17937482117954232
2024-02-22,2024,632,64,0.061708860759493674,-0.07700963956558336,0.140625,-0.12066186444919659,0.3333333333333333,-0.1410620971278484,-0.17198883756907948,0.09375,-0.09929588150442954,0.0,-0.12562652066735425,-0.1703681156234971,0.15625,-0.09458114023433196,0.26666666666666666,-0.10085965958117252,0.07578210265668471,0.140625,-0.1166556813845464,0.3333333333333333,-0.085961363717355,-0.13653522738195414,0.171875,-0.11105039337524544,0.2,-0.1254823492948224,-0.16839979962234763
2024-02-23,2024,633,64,0.06635071090047394,-0.059985013384308734,0.109375,-0.1057029261445861,0.2,-0.1478123349162345,-0.1293292508738104,0.078125,-0.09048978992888716,0.06666666666666667,-0.07819906781022297,-0.15610521744579084,0.171875,-0.06094684150582575,0.26666666666666666,-0.10127821566173473,0.0634478338697375,0.140625,-0.08187237263199723,0.3333333333333333,-0.10095934305292126,-0.11047351856369944,0.15625,-0.08653097110279394,0.26666666666666666,-0.11705888893735472,-0.13455741829288126
2024-02-26,2024,639,64,0.06259780907668232,-0.08026169794642404,0.078125,-0.13766005525574926,0.13333333333333333,-0.13328447466251087,-0.2190576228060455,0.078125,-0.08700482084472623,0.0,-0.0880404214434735,-0.1634868470940836,0.15625,-0.08140357884684286,0.13333333333333333,-0.1023457896623162,0.07446032081116036,0.140625,-0.10734156752318545,0.26666666666666666,-0.1458823089757668,-0.19824901268606315,0.15625,-0.11480956260432446,0.26666666666666666,-0.13024259727254137,-0.21773867071711286
2024-02-27,2024,649,65,0.0662557781201849,-0.06695493139789288,0.07692307692307693,-0.1251001423451823,0.06666666666666667,-0.16913691780289533,-0.19643904275907462,0.12307692307692308,-0.06650894774187431,0.13333333333333333,-0.03971420545159964,-0.11113730015087811,0.15384615384615385,-0.07664196206300947,0.2,-0.0920785166684966,0.06117383823492643,0.12307692307692308,-0.09947532020701881,0.26666666666666666,-0.12074572336327026,-0.17984580783243487,0.13846153846153847,-0.10326514795237737,0.2,-0.12250116725160773,-0.20446331469792606
2024-02-29,2024,651,66,0.06144393241167435,-0.07320823880071936,0.09090909090909091,-0.12512705001498034,0.2,-0.13266648407060838,-0.21336015002990955,0.10606060606060606,-0.10663792108851236,0.13333333333333333,-0.09665995843107286,-0.17313678160600834,0.10606060606060606,-0.09677905455832539,0.2,-0.07541835609283902,0.01808273077952662,0.12121212121212122,-0.12059195361783037,0.2,-0.09205257595593787,-0.22405213414953754,0.10606060606060606,-0.12514187310395528,0.13333333333333333,-0.1304566177829662,-0.23597172111754858
2024-03-01,2024,657,66,0.0547945205479452,-0.08596252277228995,0.07575757575757576,-0.14868899279509992,0.2,-0.18211878638457252,-0.23761446749300275,0.10606060606060606,-0.11523275465471713,0.2,-0.08493333140650089,-0.1932308380011492,0.10606060606060606,-0.11268091780488207,0.2,-0.06951989302417712,0.01200416367703514,0.09090909090909091,-0.14637476311833,0.13333333333333333,-0.13253371461695046,-0.2548834493517039,0.09090909090909091,-0.14330775261736092,0.13333333333333333,-0.17332176231264407,-0.26682384423453226
2024-03-04,2024,661,67,0.046898638426626324,-0.045616157189418464,0.04477611940298507,-0.10493185110197972,0.13333333333333333,-0.1408669283770631,-0.25197030386592434,0.05970149253731343,-0.06391695221592027,0.06666666666666667,-0.034990932145906775,-0.20894928988774272,0.07462686567164178,-0.06720682514691768,0.2,-0.024345802570769317,-0.005548433128267216,0.08955223880597014,-0.09322071013374167,0.2,-0.08355534381768824,-0.27781870114103663,0.08955223880597014,-0.09583325258035276,0.13333333333333333,-0.12876894620334836,-0.283586805707518
2024-03-05,2024,673,68,0.0475482912332838,-0.05442891333370864,0.029411764705882353,-0.12736844236620934,0.0,-0.16184552282792394,-0.2735380645512804,0.029411764705882353,-0.08826397636739669,0.0,-0.06378212829479399,-0.19551974466916563,0.058823529411764705,-0.07923036815676035,0.2,-0.04351706974544638,0.0071389505571633205,0.029411764705882353,-0.11737290832496422,0.06666666666666667,-0.12130224603174328,-0.2907532431426914,0.04411764705882353,-0.11509096194129596,0.0,-0.14819859793966206,-0.28854571472477364
2024-03-06,2024,672,68,0.046130952380952384,-0.048811424863518985,0.029411764705882353,-0.1292741534314045,0.06666666666666667,-0.1425571142607908,-0.2904497101252828,0.014705882352941176,-0.08436449005588367,0.0,-0.13351657895868083,-0.22251882483154595,0.058823529411764705,-0.07875263519750612,0.26666666666666666,-0.05486747621252139,0.001440727905691129,0.058823529411764705,-0.10102515595308788,0.06666666666666667,-0.11632906381116817,-0.3068675778277236,0.07352941176470588,-0.11006821484918933,0.06666666666666667,-0.10048835182811332,-0.29667037706654126
2024-03-07,2024,689,69,0.05079825834542816,-0.013645858344627514,0.057971014492753624,-0.06995583696001859,0.0,-0.1172799301206907,-0.21720504116769443,0.0,-0.03794051020597655,0.0,-0.007634831491477264,-0.12462717843717722,0.057971014492753624,-0.03882994263881386,0.2,-0.016869579797812378,0.03539760363191329,0.07246376811594203,-0.0463466715306303,0.0,-0.12946566636895313,-0.2413107704461593,0.057971014492753624,-0.05218727778321482,0.06666666666666667,-0.09880772492322962,-0.22047117549641826
2024-03-08,2024,697,70,0.07173601147776183,0.0027458653508226315,0.11428571428571428,-0.023162622141421004,0.0,-0.08366877188401313,-0.12261998110528988,0.08571428571428572,-0.017381619278004037,0.2,0.03584894368685306,-0.04565954850849851,0.12857142857142856,0.0026816421393204043,0.2,0.09229426678939258,0.07237101954098181,0.12857142857142856,-0.000733533771106679,0.06666666666666667,0.0012880378662245265,-0.15420430814872127,0.12857142857142856,0.004465275245122407,0.06666666666666667,-0.08026923895959598,-0.136041171595478
2024-03-11,2024,701,71,0.07132667617689016,-0.009610491391445063,0.11267605633802817,-0.04176571350853369,0.0,-0.07186519141566368,-0.08489298499974177,0.04225352112676056,-0.013640264511489295,0.06666666666666667,-0.02007441733225439,0.003914940359534439,0.11267605633802817,-0.016586558141013057,0.06666666666666667,-0.04192088468378717,0.08928079805155405,0.14084507042253522,-0.01568504298273879,0.0,-0.06915837214080987,-0.1254203443477117,0.11267605633802817,-0.024405481373370255,0.06666666666666667,-0.08645683501439096,-0.11776875432252704
2024-03-12,2024,708,71,0.05790960451977401,-0.015322286946229217,0.09859154929577464,-0.03250415163356891,0.0,-0.07268924647548432,-0.11375511672771116,0.014084507042253521,-0.02705173461149435,0.06666666666666667,-0.018330649951000717,-0.015052082717875502,0.07042253521126761,-0.013374567670161293,0.0,-0.0781408216704374,0.0894617746493717,0.11267605633802817,-0.0377506259986035,0.06666666666666667,-0.02498685445669643,-0.15326611956302771,0.11267605633802817,-0.03425946906059394,0.0,-0.08451965059511984,-0.15603080368872801
2024-03-13,2024,713,72,0.07433380084151472,0.010360589380087798,0.18055555555555555,0.018659830539249064,0.2,0.019148033601368814,0.0053372770772753325,0.08333333333333333,0.00549974715204651,0.06666666666666667,0.008906132808712242,-0.002508982063091592,0.1527777777777778,0.03876883722758511,0.13333333333333333,0.009546008408837651,0.14187582121931153,0.125,0.007424214046428754,0.2,0.03296407842082652,-0.024951435132153334,0.1388888888888889,0.02109124587915316,0.13333333333333333,-0.007046688764176727,-0.008119024241875291
2024-03-14,2024,715,72,0.08251748251748252,0.01500353003354591,0.2222222222222222,0.028060740573259517,0.26666666666666666,0.04949575397145368,0.04808822313635993,0.09722222222222222,0.008062866356925758,0.0,-0.025735822506314995,0.012315465628710658,0.16666666666666666,0.030115702143820866,0.2,0.019730844094686468,0.19002792274867125,0.18055555555555555,0.022435757646243098,0.26666666666666666,0.04355914649399609,0.01578321374460088,0.20833333333333334,0.02930433792157409,0.26666666666666666,0.04294163606690043,0.023263105731248634
2024-03-15,2024,717,72,0.08228730822873083,0.003822360244904168,0.20833333333333334,0.008279379498951836,0.2,-0.012473025545067335,-0.0043626704229694484,0.1527777777777778,0.02370723604049577,0.06666666666666667,0.00811822078778534,-0.016390087534205077,0.1388888888888889,0.015458381496744056,0.26666666666666666,0.005753346552897831,0.1483641391278414,0.19444444444444445,0.007445719787004174,0.26666666666666666,0.018235804933783007,-0.07262215058847303,0.2222222222222222,0.00833805627897207,0.26666666666666666,0.030776642445480264,-0.08031186711012228
2024-03-18,2024,715,72,0.06713286713286713,0.01227642006229968,0.16666666666666666,0.032852944829839525,0.06666666666666667,0.0028347812099809595,0.04001475492460669,0.08333333333333333,0.030649486466900775,0.06666666666666667,0.041954017814620055,-0.006030760196096956,0.09722222222222222,0.020876343486106605,0.06666666666666667,-0.0006377432260808779,0.1293337480809081,0.1388888888888889,0.007778014294120085,0.13333333333333333,0.031783572045949525,-0.0429806116079615,0.125,-0.001421192535072579,0.13333333333333333,0.03787937566471873,-0.05594235179088468
2024-03-19,2024,717,72,0.07252440725244072,0.008036062926953363,0.19444444444444445,0.03369330313790124,0.13333333333333333,0.021096819975495205,0.03872357926560618,0.08333333333333333,0.006817231310745456,0.06666666666666667,0.04578964126267084,0.07929800616519161,0.1111111111111111,0.0174054497710812,0.13333333333333333,0.015046798331625552,0.1513886673077453,0.1527777777777778,0.011411146265194424,0.2,0.060582133713767465,-0.04647987186921364,0.125,0.0010650762109901634,0.2,0.04517540724202276,-0.051255965111149916
2024-03-20,2024,717,72,0.08228730822873083,0.036364308351591865,0.19444444444444445,0.05360930045964276,0.13333333333333333,0.05953145816893448,-0.03952420681527816,0.16666666666666666,0.06554410191734597,0.13333333333333333,0.09188802607857459,0.019056362252332093,0.18055555555555555,0.07033059746720006,0.2,0.0865003519561684,0.16385443646747722,0.1388888888888889,0.040343467137281444,0.2,0.0803101832897139,-0.09461132786404321,0.1388888888888889,0.035584595215585206,0.2,0.09531596696933924,-0.09192815715926919
2024-03-21,2024,718,72,0.08495821727019498,0.042676330192813826,0.20833333333333334,0.03603757372379394,0.2,0.04716588209540117,-0.14054973730608147,0.1388888888888889,0.055320361590409574,0.2,0.0885743170928098,-0.0463318079409184,0.18055555555555555,0.04108209513509799,0.26666666666666666,0.04156640355495881,0.08304737474515554,0.16666666666666666,0.022116165614775956,0.26666666666666666,0.059577358028244036,-0.20519846026241825,0.1527777777777778,0.009441902914980777,0.26666666666666666,0.06552456849154932,-0.23293929332513608
2024-03-22,2024,715,72,0.07832167832167833,0.03885907734152965,0.19444444444444445,0.03497194590104803,0.26666666666666666,0.04567072774629351,-0.12228688400033713,0.1388888888888889,0.06142189977390569,0.13333333333333333,0.0984524182473556,-0.06746384047463182,0.16666666666666666,0.03472775601561671,0.3333333333333333,0.029326559038757596,0.09436947610958495,0.19444444444444445,0.026703186665198067,0.3333333333333333,0.06602094162074962,-0.18590617816883387,0.16666666666666666,0.012995805331954859,0.26666666666666666,0.06998218435971344,-0.21883927491647137
2024-03-25,2024,716,72,0.0712290502793296,0.021786595280104074,0.16666666666666666,0.036440235745930624,0.2,0.00411739412374843,-0.08120255516274735,0.09722222222222222,0.01052058353310093,0.3333333333333333,0.07902292605211653,-0.10880883469996327,0.125,0.016756074212577896,0.2,0.0270245107925841,0.09982661387452392,0.1527777777777778,0.011479723626249062,0.3333333333333333,0.06657923225646885,-0.13505986124363825,0.1388888888888889,0.01288191572847345,0.26666666666666666,0.03691146721348018,-0.15129453672777748
2024-03-26,2024,716,72,0.06843575418994413,0.04880559480289701,0.2222222222222222,0.09500095775299794,0.26666666666666666,0.07440612550424687,-0.03179787004884962,0.1388888888888889,0.07402643845175297,0.2,0.11436287707401965,-0.02355497431853582,0.09722222222222222,0.05094705084351479,0.13333333333333333,0.05469830574534864,0.1336721763806008,0.1527777777777778,0.055359131144112145,0.2,0.0984038156847634,-0.08127623277857056,0.1527777777777778,0.05437727240070159,0.2,0.09358408044606785,-0.11621977232482247
2024-03-27,2024,719,72,0.0737134909596662,0.030666322290773377,0.25,0.05822859209599382,0.2,0.019747591074279227,-0.03801112469540035,0.125,0.03145325860598755,0.2,0.078134303090558,-0.02153107454651327,0.1388888888888889,0.05366216476710197,0.26666666666666666,0.07735723802404196,0.10426849114961821,0.20833333333333334,0.04679919853704703,0.26666666666666666,0.1002858262993711,-0.09331780895589027,0.20833333333333334,0.05273255443780294,0.2,0.0796405863081787,-0.11483249888917214
2024-03-28,2024,715,72,0.06573426573426573,0.024415531428649877,0.20833333333333334,0.04892768535342823,0.2,0.015949646692883006,-0.058064152674934456,0.08333333333333333,0.013195651748026662,0.13333333333333333,0.008227966291098373,-0.01590479897705972,0.125,0.0571477751979438,0.2,0.061138748830511645,0.09123053031296867,0.16666666666666666,0.027577389642582974,0.26666666666666666,0.09982210730276798,-0.1121353871936604,0.19444444444444445,0.03208224869077691,0.13333333333333333,0.06087291260499978,-0.11004382111624238
2024-03-29,2024,714,72,0.07563025210084033,0.034809985082268395,0.16666666666666666,0.05194445458347326,0.26666666666666666,0.08339419606917882,-0.018438785969870492,0.125,0.04739892533530403,0.06666666666666667,0.05992682059915109,0.022543092623674092,0.16666666666666666,0.0707951692601732,0.13333333333333333,0.055880591982971746,0.09331763061455617,0.1527777777777778,0.05151405639508548,0.26666666666666666,0.11527641677041892,-0.0760088943403089,0.18055555555555555,0.05159205240138209,0.26666666666666666,0.11197504354769686,-0.09011195728980384
2024-04-01,2024,713,72,0.07713884992987377,0.03923380378971708,0.19444444444444445,0.0585435754638822,0.13333333333333333,0.054388086387687655,-0.04361141136662995,0.16666666666666666,0.07450198855471374,0.26666666666666666,0.12651627309486202,-0.029972912569666017,0.19444444444444445,0.06817425626348474,0.2,0.06296847921103058,0.1006369566558223,0.125,0.030041936000089236,0.2,0.08354452286476631,-0.1054206865957912,0.18055555555555555,0.050786147472371104,0.26666666666666666,0.06492989979856269,-0.1367228756747385
2024-04-02,2024,711,72,0.08438818565400844,0.04465227242387568,0.20833333333333334,0.06118603584181982,0.2,0.06175464827986066,-0.10351490878381263,0.1388888888888889,0.0612070810317078,0.26666666666666666,0.11882824537439805,-0.09751181534023197,0.2222222222222222,0.08195643935512824,0.13333333333333333,0.0491440158515653,0.09755289277165269,0.16666666666666666,0.04418851948264365,0.26666666666666666,0.09707008552153003,-0.16350349220583651,0.16666666666666666,0.045352493163594194,0.26666666666666666,0.08696346098341813,-0.1886484425986435
2024-04-03,2024,711,72,0.08016877637130802,0.030515643775993518,0.19444444444444445,0.0493280131964209,0.2,0.08642257849427161,-0.12127748679650631,0.1388888888888889,0.03493092101910489,0.3333333333333333,0.1473002848519428,-0.1365639189736688,0.2222222222222222,0.059883734852322026,0.13333333333333333,0.04800276366847503,0.0807576645232124,0.125,0.02250819611674114,0.26666666666666666,0.10595953488621589,-0.16812851840991075,0.1527777777777778,0.031709316868457016,0.26666666666666666,0.09909003223626414,-0.21023127756568155
2024-04-08,2024,711,72,0.07876230661040788,0.021559416039377173,0.2361111111111111,0.04866471802327848,0.26666666666666666,0.09746876867069999,-0.10427738378735352,0.18055555555555555,0.044742130104458315,0.4666666666666667,0.149805194590003,-0.0866884020631701,0.2361111111111111,0.040744108223147064,0.2,0.043605581707676366,0.09902157578051257,0.1527777777777778,0.019132890201660695,0.26666666666666666,0.09341862558987205,-0.15888572807156223,0.125,0.011667569178651567,0.13333333333333333,0.016994437001448506,-0.22828355786860305
2024-04-09,2024,707,71,0.06789250353606789,0.033624368627830484,0.2112676056338028,0.06427733231977571,0.26666666666666666,0.09921629928598413,-0.0686919794602107,0.1267605633802817,0.033347237496163536,0.13333333333333333,0.05431096816896761,-0.09610583612685598,0.18309859154929578,0.05296991855580709,0.0,0.027947641970579175,0.10620447036495509,0.15492957746478872,0.03907426383897474,0.26666666666666666,0.16996513485985998,-0.11518124814660771,0.1267605633802817,0.03569578800747787,0.2,0.1270186083003614,-0.2018963932581665
2024-04-10,2024,709,71,0.06629055007052186,0.02046673026602656,0.23943661971830985,0.06682383359610627,0.2,0.08046548342765511,-0.04588673619210321,0.15492957746478872,0.03315788297201326,0.13333333333333333,-0.015105594844519654,-0.07578014848857041,0.18309859154929578,0.04697494634680957,0.06666666666666667,0.017256724596854085,0.10840115577663388,0.15492957746478872,0.03605239280040416,0.26666666666666666,0.1530557044198054,-0.11724266922310053,0.14084507042253522,0.03198024637388377,0.2,0.12771982570486667,-0.18980281283287012
2024-04-11,2024,711,72,0.07032348804500703,0.019223572481500823,0.18055555555555555,0.043296907442670764,0.26666666666666666,0.07606551284313424,-0.06497906687243377,0.1388888888888889,0.017376272675282745,0.2,0.011257673634210834,-0.113604459608548,0.18055555555555555,0.031324766039855095,0.13333333333333333,-0.04088220185220162,0.07984173099909449,0.1388888888888889,0.02298826470765558,0.2,0.06508341701362705,-0.16937657614443283,0.16666666666666666,0.025647802012613505,0.3333333333333333,0.11036332879817336,-0.22822621199235427
2024-04-12,2024,709,71,0.06488011283497884,0.0004988386272772858,0.23943661971830985,0.004115135130365287,0.26666666666666666,-0.009957692531134854,-0.12488718430168196,0.16901408450704225,-0.002872050184311356,0.26666666666666666,0.005992382224375296,-0.15238258169055657,0.11267605633802817,-0.028295921195035878,0.06666666666666667,-0.059352453369150675,-0.032060724342482416,0.09859154929577464,-0.03228850711197731,0.2,-0.03278114881901608,-0.22545208686783264,0.11267605633802817,-0.02654468880774838,0.2,0.021545942100741202,-0.31009327983260543
2024-04-15,2024,709,71,0.06205923836389281,-0.008553478639105213,0.2535211267605634,-0.013196335015507495,0.3333333333333333,-0.04508101366881466,-0.12211954580345377,0.23943661971830985,-0.0030809323208088697,0.2,-0.03416121619932402,-0.1334837949247433,0.1267605633802817,-0.02742795631726137,0.13333333333333333,-0.03692665189870108,-0.017714683743071252,0.15492957746478872,-0.024937626445690253,0.3333333333333333,0.007016181536409357,-0.18241017569836715,0.16901408450704225,-0.0025639846227588385,0.2,0.014717780211670865,-0.23453836444880807
2024-04-16,2024,709,71,0.0930888575458392,-0.0169262120943743,0.29577464788732394,-0.012179355766631293,0.3333333333333333,-0.02567191916802635,-0.05524933013425722,0.2676056338028169,-0.009058641175976196,0.4,0.019685404653203238,-0.061827702087942374,0.23943661971830985,-0.012841350712221377,0.2,-0.06574112721507114,0.043976545135545254,0.19718309859154928,-0.019533902266686148,0.4,0.02767083845468843,-0.09599322962511943,0.23943661971830985,-0.002229847016395758,0.3333333333333333,0.026481604278690944,-0.13394881074000822
2024-04-17,2024,711,72,0.07454289732770746,-0.01774259561577706,0.2638888888888889,-0.03661437013899757,0.26666666666666666,-0.0785354243366494,-0.13579753449899362,0.2222222222222222,-0.03578805756301778,0.4666666666666667,0.02131511624035572,-0.13843271341131264,0.2361111111111111,-0.02546691969586914,0.26666666666666666,-0.07343679417170078,-0.005782477394445601,0.2222222222222222,-0.035000126512576966,0.4,-0.02271686159983047,-0.15359334717903753,0.2361111111111111,-0.022494485773220656,0.2,-0.04967673113369026,-0.16728409805462194
2024-04-18,2024,710,71,0.06338028169014084,-0.012832322793512159,0.18309859154929578,-0.03710448117574309,0.26666666666666666,0.004704747584808196,-0.15336893282277242,0.18309859154929578,-0.035769770786372355,0.3333333333333333,0.031938426180251535,-0.14454040255940573,0.15492957746478872,-0.02340223152470196,0.2,-0.04599835955914105,-0.008963532324672147,0.1267605633802817,-0.03200223545746978,0.26666666666666666,-0.02494942239326996,-0.16300572298124305,0.15492957746478872,-0.02480266310792024,0.26666666666666666,0.01936641460627799,-0.17746645710568892
2024-04-19,2024,710,71,0.08450704225352113,-0.045320432419949326,0.2112676056338028,-0.07341575221824177,0.2,-0.07890860497970888,-0.1502564637292046,0.15492957746478872,-0.09270493684275337,0.26666666666666666,-0.04495459165029968,-0.14610466321921084,0.19718309859154928,-0.05093114237268325,0.2,-0.07021439656197118,-0.040061872498028346,0.18309859154929578,-0.061521837026136686,0.3333333333333333,-0.04628350235133464,-0.14980506007288028,0.19718309859154928,-0.054308843130635914,0.13333333333333333,-0.033997181184793356,-0.14718805211116381
2024-04-22,2024,714,72,0.09663865546218488,-0.03664492866447032,0.2361111111111111,-0.02722975465010627,0.3333333333333333,0.06173175616374691,-0.017582236840207464,0.2777777777777778,-0.016486024837174658,0.3333333333333333,-0.003017198886180994,0.000491827316671376,0.2361111111111111,-0.0007785864727137101,0.26666666666666666,0.03480678524939638,0.046525921666876746,0.2638888888888889,-0.0050104580873653526,0.2,-0.03525101008407599,0.01938873005185493,0.2916666666666667,0.005602966374697726,0.3333333333333333,0.07799905119554625,0.03560015714341455
2024-04-23,2024,712,72,0.09269662921348315,-0.04987705396381742,0.2638888888888889,-0.03811706634459587,0.4666666666666667,0.03872851600286743,-0.0496844985512921,0.2222222222222222,-0.03285954161957978,0.5333333333333333,0.045637378882872365,-0.04541702173021757,0.2777777777777778,-0.01279585294883844,0.26666666666666666,0.004982109642819044,0.0013095223035469446,0.25,-0.03442202531273237,0.26666666666666666,-0.022654574028176246,0.000683128089319677,0.2916666666666667,-0.015921943724551142,0.4,0.07923952925325457,-0.003939585312087298
2024-04-24,2024,713,72,0.07573632538569425,-0.058158615946669406,0.25,-0.05612300113771615,0.4,0.016179704001140178,-0.12256836118457876,0.19444444444444445,-0.0532208350363618,0.4666666666666667,0.0033658125774160014,-0.1365498434797409,0.2361111111111111,-0.03563388116137666,0.2,-0.05260748802598726,-0.03889950363576616,0.2222222222222222,-0.05021673259001738,0.3333333333333333,-0.034081841560388335,-0.09106917092557303,0.2222222222222222,-0.0583982940848158,0.3333333333333333,0.012661593919005166,-0.11804330641452417
2024-04-25,2024,713,72,0.0729312762973352,-0.06547567279301345,0.16666666666666666,-0.06599392680910698,0.3333333333333333,-0.02265500648427675,-0.09998185098865398,0.125,-0.07271803323539354,0.13333333333333333,-0.031041410162297046,-0.11031672309242346,0.1527777777777778,-0.0702041878385667,0.13333333333333333,-0.09747549744734343,-0.09909623403981814,0.18055555555555555,-0.05849799751249504,0.3333333333333333,-0.0647481677523135,-0.047894585562614174,0.16666666666666666,-0.06961620157727165,0.2,-0.08888199164364072,-0.07990888547395075
2024-04-26,2024,711,72,0.0759493670886076,-0.05873532978250077,0.19444444444444445,-0.05479786695841386,0.3333333333333333,-0.007047423588776384,-0.07897694200924565,0.1111111111111111,-0.07139695905391563,0.2,-0.03673889239292189,-0.1026793812796629,0.16666666666666666,-0.07707007835430552,0.2,-0.09176138139352487,-0.126388281853653,0.18055555555555555,-0.0553832900057627,0.3333333333333333,-0.03246422823869974,-0.023989312783509964,0.18055555555555555,-0.07294926975892109,0.3333333333333333,-0.03413443595888633,-0.07646302359445661
2024-04-29,2024,714,72,0.06302521008403361,-0.04596639779336406,0.20833333333333334,-0.04652561193903322,0.4,0.008928276044791843,-0.06992281324213308,0.125,-0.07243181204113355,0.2,-0.05320076900320035,-0.12359387492305754,0.1527777777777778,-0.07205937020670722,0.26666666666666666,-0.04319279096321968,-0.20613392232925026,0.20833333333333334,-0.033890662469010735,0.4,0.01547206305272822,-0.027025037161783547,0.19444444444444445,-0.04043188823318421,0.26666666666666666,-0.057904960917652765,-0.06259655968517391
2024-04-30,2024,714,72,0.06862745098039216,-0.034385181830618575,0.16666666666666666,-0.0308377490536955,0.3333333333333333,0.009427410338994214,-0.04507314965494765,0.1111111111111111,-0.05206650733773374,0.26666666666666666,0.0014373202389173982,-0.10669415529864201,0.1111111111111111,-0.05938185145041665,0.2,-0.056724287717369336,-0.20478000976684554,0.19444444444444445,-0.02186277696882984,0.26666666666666666,-0.00428868928492628,-0.02808285155122368,0.1527777777777778,-0.05106414807320349,0.2,-0.05330147540737252,-0.06669515289919867
2024-05-02,2024,716,72,0.0712290502793296,-0.04421287728485467,0.125,-0.05814264071718848,0.3333333333333333,0.010502917542727926,-0.1057499796695893,0.1388888888888889,-0.05607847316403024,0.2,0.024214756084114674,-0.14586638114895983,0.09722222222222222,-0.062418380000561165,0.13333333333333333,-0.0576664002220566,-0.18027854649435146,0.16666666666666666,-0.03693359296317095,0.3333333333333333,0.007874535140523912,-0.051951126917750494,0.125,-0.06515308774264339,0.26666666666666666,-0.01058035192358527,-0.07860772441198144
2024-05-03,2024,713,72,0.07713884992987377,-0.019636615296089052,0.1111111111111111,-0.031703282735898904,0.26666666666666666,0.030840282733015385,-0.0749213769484186,0.08333333333333333,-0.04237648350960846,0.2,0.016457664835402584,-0.14010342994712635,0.09722222222222222,-0.02157592632982572,0.13333333333333333,-0.00842642121355015,-0.17464463043277711,0.1388888888888889,-0.007015589472311668,0.2,0.05392709487526919,-0.03554469749534225,0.09722222222222222,-0.03524036514517876,0.2,0.024554517125480697,-0.06412162837267707
2024-05-06,2024,717,72,0.06834030683403068,-0.02443283335178402,0.1388888888888889,-0.0045244287121957005,0.26666666666666666,0.04919431007509786,-0.03298560546842669,0.1111111111111111,-0.0376791687243622,0.13333333333333333,0.012254941254308949,-0.08034395538345376,0.125,-0.021644394123413603,0.2,-0.0064752957171994915,-0.1476200753675341,0.16666666666666666,0.0051613203152702574,0.2,-0.0017415761841433897,0.025745036698973142,0.125,-0.031183525419401295,0.3333333333333333,0.05282558313125798,-0.021977576753889515
2024-05-07,2024,715,72,0.07552447552447553,-0.004910829252020258,0.18055555555555555,0.006676329160477079,0.26666666666666666,0.012424350407487572,0.0068390571753298495,0.20833333333333334,0.03507912775691721,0.26666666666666666,0.020043225212048488,-0.01585103829613172,0.1527777777777778,-0.006061671998831124,0.13333333333333333,0.006075098921599357,-0.11833530781423361,0.20833333333333334,0.01583529850943076,0.2,-0.024819713629923888,0.041750257605658134,0.1527777777777778,-0.016809984155454306,0.3333333333333333,0.02460126708994499,0.0028400209203313874
2024-05-08,2024,713,72,0.08274894810659186,-0.01579762569707609,0.20833333333333334,0.002297021715422423,0.26666666666666666,-0.024496931303167442,0.012127431833300631,0.19444444444444445,0.0026099042587202745,0.2,-0.016725656811104102,-0.010261631069900662,0.16666666666666666,-0.01180977917520704,0.3333333333333333,0.010014068773839849,-0.04887229542161711,0.20833333333333334,-0.005738656209803649,0.13333333333333333,-0.06640712243677374,0.0348857317664305,0.16666666666666666,-0.026772516118866704,0.26666666666666666,-0.019713653411280906,0.011508240568999168
2024-05-09,2024,716,72,0.0782122905027933,-0.046472748969350886,0.2361111111111111,-0.03091622439080839,0.26666666666666666,-0.019238015629171417,0.04277783871232919,0.2222222222222222,-0.04090703597193929,0.3333333333333333,-0.009472212438486394,0.051197489269214864,0.1527777777777778,-0.030945000204957534,0.3333333333333333,0.002331323593605957,-0.001583215341242329,0.19444444444444445,-0.03781583892516783,0.13333333333333333,-0.09496088501755404,0.06833410786483186,0.18055555555555555,-0.04417240890547745,0.2,-0.0295607354492364,0.05512798403710464
2024-05-10,2024,719,72,0.08066759388038942,-0.018527736405621685,0.2638888888888889,0.03273150430203736,0.26666666666666666,0.02327904428138255,0.1632196776647523,0.2361111111111111,0.02172033926104624,0.2,0.006003900435678037,0.14069474069930932,0.19444444444444445,0.02411655487831509,0.3333333333333333,0.038924262812765335,0.012106753184893038,0.19444444444444445,0.007090449608504127,0.26666666666666666,-0.028736987976731704,0.17144352061713536,0.19444444444444445,0.002648099953596311,0.2,0.009822793669696983,0.1498628135384676
2024-05-13,2024,717,72,0.08507670850767085,-0.02037644718955862,0.3055555555555556,0.04341141844552727,0.3333333333333333,0.020050856733620243,0.19533483384054057,0.2916666666666667,0.031735289911607435,0.3333333333333333,0.045168456354249015,0.18492028486779338,0.2222222222222222,0.0318437110111939,0.4,0.07334181050872633,0.0456207061417301,0.2361111111111111,0.025054373627914597,0.4,0.006506439361052663,0.21591050736951675,0.2222222222222222,0.02502942355401723,0.3333333333333333,0.01111012430270424,0.17525532661260307
2024-05-14,2024,716,72,0.07541899441340782,-0.03470815998220007,0.2777777777777778,0.013457200162474073,0.2,-0.0221500683577804,0.15237939374472328,0.2361111111111111,0.009040831496779238,0.3333333333333333,0.0402063410790532,0.14564733213744865,0.20833333333333334,0.027758195535735303,0.3333333333333333,0.0265640832931319,0.10030193310055827,0.2361111111111111,0.01653522979638186,0.26666666666666666,0.003954342624611814,0.19161655426187899,0.2222222222222222,0.024687254474086852,0.2,-0.009330792007449084,0.1655675953771016
2024-05-15,2024,721,73,0.07212205270457697,-0.03210767473713143,0.2876712328767123,0.018959619110896865,0.4,-0.0073531096404920206,0.14640175400351702,0.2602739726027397,0.01886231022757217,0.4,0.02636907152212038,0.169030237613934,0.2054794520547945,0.02175015607061679,0.3333333333333333,0.0030291101071783827,0.08349096760585133,0.2191780821917808,0.016275244556547025,0.4,-0.010598220331335862,0.1949919461966488,0.2328767123287671,0.033653578683703646,0.26666666666666666,-0.017227427675305333,0.17861847255327737
2024-05-16,2024,728,73,0.06868131868131869,-0.035467393528623055,0.2465753424657534,0.02538552293182897,0.13333333333333333,-0.016310305412120387,0.14203990388090523,0.1780821917808219,0.01521179813236183,0.13333333333333333,-0.03355400068608361,0.15530725430057668,0.1506849315068493,0.023158837185628237,0.13333333333333333,0.0074312235912224875,0.04980791182325086,0.2054794520547945,0.024412019083085924,0.26666666666666666,0.00713527935253182,0.18405375041516958,0.2191780821917808,0.035240628303639374,0.2,0.011458016433603668,0.16933576659795424
2024-05-17,2024,730,73,0.07260273972602739,-0.03600674685643871,0.2191780821917808,0.002828840413381744,0.2,-0.03753475219675454,0.041958114114262354,0.1643835616438356,-0.010579728012800957,0.2,-0.051608718445741296,0.07851102326745285,0.1643835616438356,0.00191930781836986,0.2,0.022970398845940113,-0.05179844715014362,0.2054794520547945,0.007435876322055925,0.2,-0.006630330153082024,0.10993415897217537,0.2191780821917808,0.018739921624134438,0.06666666666666667,-0.045577331758206406,0.07767714972374799
2024-05-20,2024,729,73,0.06995884773662552,-0.054148200124431965,0.1643835616438356,-0.030204356753252816,0.2,-0.06838793621350371,0.009099278830118228,0.0684931506849315,-0.04592806304243946,0.0,-0.06729280284085573,0.0629386222101079,0.1643835616438356,-0.0020642135310128293,0.2,-0.012194752348700932,-0.029187563165899832,0.2328767123287671,-0.0044585245558674625,0.2,-0.04158906395165756,0.12109113197965522,0.2328767123287671,0.010835173769178764,0.2,-0.04863706849087564,0.12048874447556818
2024-05-21,2024,729,73,0.06995884773662552,-0.08959182835048252,0.1780821917808219,-0.08137897141811656,0.26666666666666666,-0.12323129409378747,-0.04233282866523694,0.0958904109589041,-0.09883793948069408,0.06666666666666667,-0.11603843843792835,-0.01785682620105347,0.1780821917808219,-0.056339789130271226,0.2,-0.06650124063866954,0.025643438453929236,0.2602739726027397,-0.05709332604427216,0.2,-0.1254301469319238,0.08849224398474001,0.2054794520547945,-0.06537454185568013,0.26666666666666666,-0.08117193964629772,0.09526743741607763
2024-05-22,2024,730,73,0.06027397260273973,-0.07404648277718445,0.2054794520547945,-0.054541429935340814,0.06666666666666667,-0.14036006487262537,-0.0009701444597674209,0.0547945205479452,-0.08162155285445888,0.0,-0.11243107991983399,-0.0005343506328877949,0.1643835616438356,-0.03637247919830427,0.06666666666666667,-0.06820157801332523,0.008717727369630232,0.2191780821917808,-0.02939698659911059,0.13333333333333333,-0.0953901107860684,0.10859243375385226,0.2191780821917808,-0.03758491413733525,0.2,-0.04264226131655164,0.10374692463192138
2024-05-23,2024,738,74,0.07588075880758807,-0.041531258120897904,0.25675675675675674,-0.01850173951650468,0.2,-0.03287770574337345,0.06836406128872029,0.08108108108108109,-0.04214555435411253,0.06666666666666667,0.001974622983722559,0.07072939179154684,0.1891891891891892,-0.022643387076270054,0.26666666666666666,-0.021956853217328143,0.03314092822796842,0.28378378378378377,0.012460716400427759,0.13333333333333333,-0.0355515686695055,0.11579561338789182,0.3108108108108108,0.0067554075592558185,0.26666666666666666,-0.02181761391762253,0.14297682193749456
2024-05-24,2024,738,74,0.07181571815718157,-0.03198080972534236,0.2972972972972973,0.010663316331014073,0.26666666666666666,-0.020716667665678184,0.032378725266908576,0.12162162162162163,-0.014998144477453014,0.06666666666666667,-0.00017889016652270496,0.030723722115640936,0.17567567567567569,-0.019342664080787792,0.26666666666666666,-0.031905898383553614,0.0360145673120782,0.25675675675675674,0.001969471638447756,0.13333333333333333,-0.02769973267123029,0.0629130034843558,0.2972972972972973,0.006522741015043747,0.26666666666666666,-0.026884379448899542,0.06047051917279256
2024-05-27,2024,741,75,0.07152496626180836,-0.026327013520076846,0.30666666666666664,0.007414104177697255,0.26666666666666666,-0.014401277656555033,0.004704065859901793,0.12,-0.015139429999650194,0.0,-0.05434381555258881,0.01302313191342972,0.13333333333333333,-0.019291920284129738,0.26666666666666666,-0.03160683309390932,0.06065113821499667,0.25333333333333335,0.00018736953933363944,0.2,-0.04818475917184171,0.038315244568695846,0.26666666666666666,-0.0025860192077381714,0.2,-0.06303367147758863,0.02642782243878367
2024-05-28,2024,747,75,0.058902275769745646,-0.042764122398241684,0.24,-0.025193049655773306,0.2,-0.028173616017969565,-0.03544202887974693,0.13333333333333333,-0.032155605417860354,0.13333333333333333,-0.030626868430987504,0.0241370352128041,0.13333333333333333,-0.04030298061462271,0.2,-0.08031497770468748,0.07244015385289113,0.21333333333333335,-0.023257479803760667,0.06666666666666667,-0.08952262302511868,0.004136532563918564,0.22666666666666666,-0.01304045969758782,0.2,-0.07259791159421428,-0.0016536889116436973
2024-05-29,2024,752,76,0.05585106382978723,-0.06388019533780237,0.19736842105263158,-0.05357524419672878,0.2,-0.09772714147905652,-0.08413214487082595,0.07894736842105263,-0.07513564311911722,0.06666666666666667,-0.08828014695049302,-0.017418183621069012,0.13157894736842105,-0.06211358199963809,0.06666666666666667,-0.12437455642625786,0.049728305642904994,0.18421052631578946,-0.060275538720628734,0.13333333333333333,-0.13881524522550368,-0.03556013492459193,0.18421052631578946,-0.052408980022970876,0.2,-0.11237908220012521,-0.058538072807218386
2024-05-30,2024,753,76,0.06772908366533864,-0.06972175873388675,0.15789473684210525,-0.0718557087709391,0.2,-0.07630163651727662,-0.02991202464728893,0.13157894736842105,-0.060945477773012534,0.0,-0.10778126494443192,0.03206021382212367,0.11842105263157894,-0.07162455927146957,0.13333333333333333,-0.07052487768167999,0.028642146796189295,0.18421052631578946,-0.05374047154721682,0.13333333333333333,-0.10359444694435137,0.022262642855887842,0.2236842105263158,-0.04054540884762847,0.2,-0.04092534930817273,0.0030947951331178583
2024-05-31,2024,751,76,0.06657789613848203,-0.08662011750309417,0.15789473684210525,-0.05616541807424039,0.2,-0.12238248280487277,-0.042718038305030306,0.13157894736842105,-0.0792472601883555,0.2,-0.04684623080543781,0.03502491685834301,0.14473684210526316,-0.08052791533401028,0.2,-0.08637630136912983,0.02229641112932649,0.17105263157894737,-0.07461575709091965,0.13333333333333333,-0.10581176961060303,0.029006669294655372,0.19736842105263158,-0.057580836753942696,0.2,-0.07503514585572893,0.0006304787609911439
2024-06-03,2024,753,76,0.06374501992031872,-0.06163014862294471,0.17105263157894737,-0.03524243389453358,0.0,-0.12561464505767791,-0.0901018850624569,0.09210526315789473,-0.04577929305952195,0.06666666666666667,-0.08367443648798299,-0.004529163422019046,0.11842105263157894,-0.06230531650791253,0.06666666666666667,-0.1040563344317786,-0.022070579589594453,0.14473684210526316,-0.06257199512483186,0.06666666666666667,-0.09950636572535139,-0.03758002849345534,0.18421052631578946,-0.04030462463039348,0.13333333333333333,-0.06431901498216305,-0.05292173290877174
2024-06-04,2024,749,75,0.07076101468624833,-0.07870676898060484,0.17333333333333334,-0.057129949684032726,0.13333333333333333,-0.06366395647015097,-0.07884018202559616,0.16,-0.046418489020551845,0.2,0.02088624677614593,-0.02646901381710423,0.13333333333333333,-0.06690973307224855,0.13333333333333333,-0.025620757198255583,-0.031119695188465274,0.18666666666666668,-0.04738129627288489,0.26666666666666666,0.009974358375955616,-0.0004070455637431451,0.21333333333333335,-0.03704418232281852,0.2,-0.05053830475334346,-0.008754092731337261
2024-06-05,2024,749,75,0.0774365821094793,-0.08240400504532239,0.2,-0.012894612039498673,0.2,-0.04207054826593114,0.005951526914199578,0.21333333333333335,-0.00801266945657874,0.26666666666666666,0.06478990624398752,0.017043345224974717,0.18666666666666668,-0.05868919072759522,0.26666666666666666,-0.004624436471461624,-0.022950706303853433,0.18666666666666668,-0.019934035248026,0.26666666666666666,0.00896716514892529,0.05903377111767968,0.24,0.00830005011576375,0.26666666666666666,0.026070184093081372,0.05255910773791529
2024-06-06,2024,749,75,0.08411214953271028,-0.025277849648884968,0.26666666666666666,0.07599890505757832,0.3333333333333333,0.10486133440553062,0.07266831428814341,0.14666666666666667,0.014707803829280108,0.2,0.1127074248649302,0.009308702383436273,0.21333333333333335,0.003249995334243591,0.3333333333333333,0.11797371463579909,-0.05366692647373507,0.24,0.0695496389732032,0.26666666666666666,0.11078810298890615,0.09229150990974887,0.28,0.08667273897906366,0.3333333333333333,0.13622048515341553,0.10411211201687832
2024-06-07,2024,753,76,0.0849933598937583,-0.08909330258019099,0.27631578947368424,-0.0025148575895195023,0.26666666666666666,0.050348007511403316,-0.005778694097961871,0.25,0.006003351664594002,0.3333333333333333,0.16950638185101852,-0.016627364584038764,0.19736842105263158,-0.07131942882294717,0.2,-0.060468448213544974,-0.09560248724632671,0.2631578947368421,0.0059569085937094144,0.4,0.04604451831587546,0.03591466904989486,0.23684210526315788,-0.020930288586052476,0.3333333333333333,0.002420162085086508,0.037376048003033416
2024-06-11,2024,756,76,0.08994708994708994,-0.0841615211059341,0.2894736842105263,-0.0037248556189773494,0.3333333333333333,0.05812917517525658,0.0163410260418235,0.23684210526315788,-0.01353493793839893,0.4,0.07982165690426181,-0.0012237443168396597,0.2236842105263158,-0.0436548321085799,0.26666666666666666,-0.02417431782013652,-0.04596933859191207,0.3026315789473684,0.0039584779819081,0.4666666666666667,0.07501353552548898,0.07596175542834144,0.2894736842105263,-0.016057675355616308,0.4,0.043013569708721805,0.0780382436968215
2024-06-12,2024,758,76,0.08970976253298153,-0.05866025635476609,0.3026315789473684,0.05266950341943681,0.4,0.08570139604043171,0.07855287718995888,0.23684210526315788,0.03259437600152185,0.3333333333333333,0.05208176977889662,0.06864608117078243,0.2236842105263158,0.004034790580608636,0.26666666666666666,0.021965288008796897,-0.00032293933233130576,0.27631578947368424,0.024200559726619778,0.4666666666666667,0.09187287917599148,0.11872272656580458,0.2894736842105263,0.039690782275494566,0.3333333333333333,0.07230767821200491,0.11517131900314291
2024-06-13,2024,754,76,0.08885941644562334,-0.07109981134057193,0.3026315789473684,0.013519547232474371,0.4,0.02240321694444667,0.06109164075745362,0.21052631578947367,-0.007194157731940709,0.3333333333333333,-0.0003916394330382748,0.0521761048674994,0.18421052631578946,-0.021804699216452724,0.13333333333333333,-0.052083650707747994,-0.004012842366509473,0.27631578947368424,-0.003225918297264174,0.4666666666666667,0.02923239848433625,0.08083768438991097,0.2631578947368421,0.003538953464314563,0.3333333333333333,0.021302339316977892,0.08591255662264079
2024-06-14,2024,755,76,0.08609271523178808,-0.0386426534094657,0.3026315789473684,0.03637510689390183,0.4666666666666667,0.041418897884249024,0.004326065617451323,0.19736842105263158,0.0026194433188778065,0.4,0.012945671575748647,0.058698590493786645,0.18421052631578946,-0.016305113025883562,0.2,-0.030041220663781468,-0.02136511930831237,0.27631578947368424,0.027861870604427737,0.5333333333333333,0.05394148655529117,-0.004980175661407435,0.27631578947368424,0.018549625850364904,0.3333333333333333,0.03541458255983884,0.0008758644742209539
2024-06-17,2024,754,76,0.08753315649867374,-0.04524037790387182,0.2894736842105263,0.023282621653987357,0.4,-0.009373133236132121,0.028047644758984927,0.18421052631578946,-0.01001325606298265,0.4,0.026934938106784954,0.09455574751038508,0.17105263157894737,-0.007647136474027359,0.2,-0.02251981983045958,0.08364210143386352,0.2631578947368421,0.009225650404068043,0.4666666666666667,0.013146684091084274,0.025380915571897575,0.2631578947368421,0.011884914379801591,0.2,-0.04380391594640711,0.043503308391667043
2024-06-18,2024,746,75,0.09115281501340483,-0.030901096936265315,0.29333333333333333,0.03239823628476414,0.4,0.006674171311593217,0.05247296803821907,0.16,-0.015292370081077884,0.26666666666666666,0.01114634660404948,0.07655721402886816,0.21333333333333335,0.014125580040333107,0.2,0.0033324357300363355,0.060297484652338175,0.26666666666666666,0.02569264533520614,0.4,-0.006427635059384255,0.04670265689294815,0.26666666666666666,0.026669670752011876,0.13333333333333333,-0.06221414079358838,0.06318433400854287
2024-06-19,2024,744,75,0.10215053763440861,0.022956921566433825,0.3466666666666667,0.1251759221633207,0.4,0.17566703267150852,0.13286776845759796,0.13333333333333333,0.03860156169424989,0.13333333333333333,0.05946446461146339,0.11628949905306929,0.24,0.0822603590640895,0.3333333333333333,0.12043130804043226,0.08048005241968458,0.30666666666666664,0.09461862824585868,0.3333333333333333,0.1463623858813465,0.09530875961823056,0.29333333333333333,0.09948853963225184,0.3333333333333333,0.1034715584496176,0.12477794571356145
2024-06-20,2024,742,75,0.09164420485175202,0.03072611692513249,0.29333333333333333,0.09738715499711628,0.3333333333333333,0.13383198806517538,0.037573132811551765,0.13333333333333333,0.04918110465567507,0.2,0.06402481814093212,0.0792928161936603,0.26666666666666666,0.08779484671382831,0.3333333333333333,0.09882756398559496,0.07592721293786292,0.28,0.0891749315996761,0.3333333333333333,0.11530896002567005,-0.013045119210671903,0.25333333333333335,0.07120218440888326,0.3333333333333333,0.07485918208476293,-0.0002566010740116718
2024-06-21,2024,744,75,0.08870967741935484,0.02447199346390381,0.30666666666666664,0.08487912222078386,0.4666666666666667,0.17264309439270414,0.027096403395394247,0.16,0.048058625300807296,0.3333333333333333,0.10806241980308415,0.05614045020279466,0.26666666666666666,0.0756235216681304,0.3333333333333333,0.0705246986715888,0.10188930507599393,0.28,0.07095868926400044,0.4666666666666667,0.1295138704823178,-0.019465842371219018,0.25333333333333335,0.06101369246397909,0.4,0.06104643694791529,-0.003816584448155584
2024-06-24,2024,744,75,0.0913978494623656,0.013522978559895074,0.32,0.06804933959739454,0.5333333333333333,0.18652188290351568,-0.01163705471237745,0.2,0.03171116754476852,0.5333333333333333,0.18206779549136362,0.01891667897038502,0.25333333333333335,0.05416951108207474,0.3333333333333333,0.0767291394311494,0.06153508104579485,0.30666666666666664,0.05955317115874868,0.4666666666666667,0.1311827939845568,-0.06261286906934635,0.25333333333333335,0.04650305220040236,0.26666666666666666,0.08314111756195132,-0.05249421174753358
2024-06-25,2024,742,75,0.08490566037735849,-0.005944899585618148,0.36,0.05403653395448397,0.4666666666666667,0.17056645014658725,-0.001060669387147671,0.22666666666666666,0.03691279163267692,0.6,0.15183374148326684,0.03764827783102893,0.26666666666666666,0.040641094032197525,0.3333333333333333,0.03712336869350349,0.10206910068051187,0.30666666666666664,0.03332270443457564,0.4666666666666667,0.09989037885215941,-0.04267058389426847,0.25333333333333335,0.029948052990080545,0.3333333333333333,0.04649903910555493,-0.032686321139536165
2024-06-26,2024,742,75,0.07816711590296496,0.02433720038002375,0.26666666666666666,0.06091493708167825,0.5333333333333333,0.21598322530793088,-0.06277164895950246,0.16,0.03619024789058667,0.26666666666666666,0.031567421526215125,-0.009878923813743704,0.22666666666666666,0.06347458843826302,0.3333333333333333,0.06770627039025019,0.09023429443239028,0.26666666666666666,0.05581672948019515,0.6,0.2139090067645286,-0.09716134662876945,0.21333333333333335,0.04613418426400365,0.4,0.0911151396771856,-0.10771199177138889
2024-06-27,2024,743,75,0.07806191117092867,0.007981745495713939,0.30666666666666664,0.04522213583081274,0.5333333333333333,0.13732184481485088,-0.1224582101723955,0.14666666666666667,0.012159783515830134,0.4,0.06740913944496459,-0.02621957423488333,0.21333333333333335,0.03496508144638762,0.3333333333333333,0.03782977317244209,0.09403706076748176,0.26666666666666666,0.0160822263762053,0.4666666666666667,0.09004328253724338,-0.16847346267952334,0.21333333333333335,0.018483634724797405,0.4,0.11775728322109676,-0.18588942503922318
2024-06-28,2024,746,75,0.07372654155495978,0.017317459768919942,0.28,0.041707355185862625,0.4,0.11310408194682792,-0.10752414558031007,0.2,0.0437872747749045,0.2,0.011674321593200617,-0.010851252233520337,0.22666666666666666,0.04613324438964689,0.3333333333333333,0.010664331295235118,0.11583552164736373,0.24,0.014982960434377095,0.4666666666666667,0.06770934025114342,-0.15385417707687185,0.2,0.004710276222615921,0.4,0.07131637382585282,-0.18149630227960237
2024-07-01,2024,748,75,0.06818181818181818,0.013562632192748426,0.25333333333333335,0.03237836011687202,0.5333333333333333,0.12967665776148968,-0.1096797185820703,0.18666666666666668,0.03773606506448546,0.3333333333333333,0.0790355644883179,-0.024482853707226488,0.22666666666666666,0.038208993318985834,0.4666666666666667,0.09830974367952043,0.1300837354786615,0.24,0.013047882127640053,0.5333333333333333,0.09425857070041911,-0.16513083489458294,0.18666666666666668,-0.01797232773050464,0.3333333333333333,0.011378204698284988,-0.18655780492036736
2024-07-02,2024,749,75,0.06141522029372497,0.01265800756722369,0.22666666666666666,0.015117127458940637,0.5333333333333333,0.13244519635613405,-0.09958465827301503,0.17333333333333334,0.021114694199322902,0.4,0.008041084107016701,0.017320865227914074,0.22666666666666666,0.039712444878663905,0.4,0.07107992890778096,0.158650006122961,0.2,0.003721494295429547,0.6,0.130510961138882,-0.13015010818704686,0.16,-0.018995511216131647,0.4,0.10920337881498009,-0.15573935493689736
2024-07-03,2024,752,76,0.05319148936170213,0.030250848814069656,0.14473684210526316,0.005811810273595781,0.4,0.10604677194026507,-0.19531878250839166,0.09210526315789473,0.02208625228904829,0.06666666666666667,0.037483323037804626,-0.06913335884631616,0.14473684210526316,0.028209078985260882,0.2,0.039508440133989915,0.05988284412473459,0.13157894736842105,-0.010309458847820127,0.4666666666666667,0.09759313988138436,-0.24835560094040643,0.10526315789473684,-0.023832135927802808,0.26666666666666666,0.03469208709629021,-0.28533719034171423
2024-07-04,2024,752,76,0.041223404255319146,0.0464921873792833,0.14473684210526316,0.021147490305904536,0.2,0.03180077434274639,-0.2877436804576984,0.039473684210526314,0.04205136194851994,0.06666666666666667,0.04396648996528062,-0.1254270128798207,0.09210526315789473,0.018513971509206032,0.13333333333333333,0.018338958628130685,0.015425456393796359,0.09210526315789473,-0.006992538016485276,0.2,0.06134016627566417,-0.3480126628936653,0.07894736842105263,-0.01291789495993457,0.13333333333333333,0.03241572445115649,-0.3912361347487086
2024-07-05,2024,756,76,0.026455026455026454,-0.02366535733675672,0.07894736842105263,-0.08558002893187655,0.13333333333333333,-0.09135314719971441,-0.4377706874316881,0.06578947368421052,-0.031121324463982348,0.13333333333333333,-0.001066150773160257,-0.21232958009021918,0.06578947368421052,-0.07915636780622344,0.06666666666666667,-0.09875730464670385,-0.03123198946507296,0.05263157894736842,-0.11143549592342103,0.2,-0.06903613525836626,-0.4394013837145054,0.07894736842105263,-0.11383194874307904,0.13333333333333333,-0.09605290662701949,-0.48297407385652197
2024-07-08,2024,758,76,0.032981530343007916,0.019125039751119125,0.06578947368421052,-0.035413100909060635,0.13333333333333333,-0.008427175934961405,-0.34839255207069836,0.05263157894736842,0.0024062718336123087,0.13333333333333333,0.03173806265132374,-0.1749625140127724,0.09210526315789473,-0.01336463269747643,0.13333333333333333,0.0071663563097519685,0.019180623970358003,0.05263157894736842,-0.04856918670073383,0.2,-0.025874720691315172,-0.36876023581093104,0.06578947368421052,-0.05070234262060435,0.13333333333333333,-0.05607901684640181,-0.3894898327934646
2024-07-09,2024,761,77,0.035479632063074903,0.035999513922844124,0.1038961038961039,0.013118244479121256,0.2,0.07022404185461066,-0.3225292837942879,0.03896103896103896,0.03372202563536284,0.06666666666666667,0.04925561885071536,-0.13518940428323273,0.1038961038961039,0.01783430724808531,0.26666666666666666,0.08325785639835846,0.0344877088610509,0.06493506493506493,-0.010060978661142677,0.2,0.05540951142153822,-0.3672915587896802,0.05194805194805195,-0.02392425797503444,0.13333333333333333,0.043880209530451915,-0.38427215548586635
2024-07-10,2024,764,77,0.02356020942408377,0.01991423082108773,0.09090909090909091,0.01052277666393794,0.13333333333333333,0.048816564284228856,-0.29139502709931914,0.03896103896103896,0.016417100853905336,0.06666666666666667,0.04806812645262313,-0.10616555323948973,0.025974025974025976,-0.013910770970372124,0.06666666666666667,0.043470726916190514,-0.05064377541505101,0.03896103896103896,-0.03761165013402744,0.06666666666666667,0.031755812024863765,-0.3632465901748203,0.012987012987012988,-0.049520073372429835,0.0,-0.018750369586531906,-0.38532077701867556
2024-07-11,2024,766,77,0.0195822454308094,0.03602743876513566,0.09090909090909091,0.03224954280677898,0.13333333333333333,0.010780582866873334,-0.2851410038822476,0.05194805194805195,0.03553138184557265,0.13333333333333333,0.04755516468998438,-0.08522631933633602,0.025974025974025976,0.0006702164193781215,0.06666666666666667,0.024418138535331486,-0.09321331730420651,0.03896103896103896,-0.019549283641637397,0.06666666666666667,0.04431684647347324,-0.3458722736915602,0.025974025974025976,-0.02140004861490064,0.06666666666666667,0.03679658356941345,-0.3779432698619898
2024-07-12,2024,768,77,0.015625,0.008629358987670158,0.09090909090909091,0.011146173355641421,0.06666666666666667,0.004209065400598377,-0.22236132056752433,0.06493506493506493,0.021554341941845724,0.06666666666666667,0.022416633262163164,-0.09182811842909415,0.012987012987012988,-0.018311252557848486,0.06666666666666667,0.03796702020401425,-0.04796219215215678,0.025974025974025976,-0.030270127182029646,0.06666666666666667,0.031587476933183326,-0.277346897642829,0.012987012987012988,-0.03420682030710784,0.06666666666666667,0.026710070225851132,-0.31087885893627504
2024-07-15,2024,769,77,0.018205461638491547,0.0051714047242007385,0.1038961038961039,0.005871211084930898,0.13333333333333333,0.011026096547487992,-0.24890557312439776,0.07792207792207792,0.017814278758338926,0.06666666666666667,0.016550065418240268,-0.10111625881131098,0.025974025974025976,-0.021855203451820748,0.13333333333333333,0.028854981119979105,-0.07427473074475528,0.09090909090909091,-0.013258377719923026,0.13333333333333333,0.013492162971277777,-0.2926122191445561,0.05194805194805195,-0.03665556140306269,0.13333333333333333,0.015572229687669862,-0.3258270809890534
2024-07-16,2024,762,77,0.015748031496062992,0.014277324336870765,0.09090909090909091,0.02036064101250662,0.13333333333333333,0.0344236430850968,-0.2153184901498116,0.06493506493506493,0.01889341534981161,0.06666666666666667,0.01811413468296136,-0.1236799244573561,0.03896103896103896,0.010646215384289386,0.13333333333333333,0.06722923225426367,-0.09347231158920773,0.07792207792207792,0.0158208942630291,0.13333333333333333,0.037664607800761196,-0.2703259170574278,0.025974025974025976,-0.01016179650392989,0.13333333333333333,0.03539566082438194,-0.287432597208738
2024-07-17,2024,765,77,0.013071895424836602,-0.01268332854174133,0.09090909090909091,0.008747487278401044,0.2,0.033114496918102934,-0.17880559502280877,0.09090909090909091,-0.0007803575908148479,0.13333333333333333,-0.014536820615357379,-0.16731908343317414,0.05194805194805195,-0.0015362054553508858,0.13333333333333333,0.04416680919952823,-0.06897992294685622,0.07792207792207792,-0.004438634966323698,0.13333333333333333,0.015139546636458645,-0.21976446027043028,0.03896103896103896,-0.026930381725551594,0.13333333333333333,0.042790793564241106,-0.24520926012256036
2024-07-18,2024,765,77,0.01568627450980392,-0.020019972415951586,0.1038961038961039,0.008445790522619661,0.2,0.051809905149072896,-0.10669127873250156,0.1038961038961039,0.005516356308768285,0.13333333333333333,0.025959688684257073,-0.09280484320947316,0.05194805194805195,0.017095064342406086,0.13333333333333333,0.061295450205910415,0.050412567807057294,0.09090909090909091,0.013080309796013994,0.13333333333333333,0.02828511725054774,-0.10197885635143138,0.06493506493506493,-0.0018414094367074144,0.13333333333333333,0.06377694502063667,-0.1260842567270254
2024-07-19,2024,768,77,0.020833333333333332,-0.021901257760214798,0.1038961038961039,-0.007237137952206461,0.26666666666666666,0.039765564252608764,-0.10645376440076287,0.12987012987012986,0.001592796946589395,0.2,0.027235033953276717,-0.07455312823334288,0.06493506493506493,0.0024304176982239975,0.2,0.06996669596689467,0.06467291568551145,0.1038961038961039,0.008817730456790518,0.2,0.04573236367632347,-0.10085349804952205,0.1038961038961039,0.007209848998765523,0.2,0.07922149090774647,-0.11909112990556128
2024-07-22,2024,768,77,0.03125,-0.02113489227876354,0.14285714285714285,-0.0038079165650677024,0.26666666666666666,-0.010041808481399565,-0.07953027851288169,0.14285714285714285,-0.005489752334041452,0.2,0.0024812176419377386,-0.06228511368550569,0.11688311688311688,0.007046920773675747,0.26666666666666666,0.07839827155319373,0.0827107351896698,0.15584415584415584,0.012705846344440047,0.3333333333333333,0.014179054935199064,-0.06252392965293373,0.14285714285714285,0.007947498836731041,0.3333333333333333,0.06229022604235059,-0.08139108594218776
2024-07-23,2024,765,77,0.02091503267973856,-0.0006454376422421008,0.09090909090909091,0.01405130965199535,0.13333333333333333,0.023339192731489315,-0.10589283609702356,0.09090909090909091,0.010548044109154678,0.06666666666666667,-0.002959351729846486,-0.07168987672867952,0.06493506493506493,0.015302145630902245,0.13333333333333333,0.07638572076610804,0.07164256979757815,0.09090909090909091,0.024328231503029103,0.13333333333333333,0.028881372548385617,-0.08552831885061525,0.07792207792207792,0.02725670548695263,0.13333333333333333,0.07356101193965646,-0.11073530579704442
2024-07-26,2024,765,77,0.026143790849673203,-0.02526587493643181,0.11688311688311688,-0.0021332647199660774,0.26666666666666666,0.04004100499968995,-0.044317816584644384,0.14285714285714285,0.002336846458631681,0.26666666666666666,0.05392772574181347,-0.011376123019592583,0.1038961038961039,-0.008024662617711514,0.26666666666666666,0.0639935938876725,0.11604403762207428,0.11688311688311688,0.010022062459891772,0.26666666666666666,0.02521587880844216,0.0025397227710547356,0.1038961038961039,0.000915564208952925,0.3333333333333333,0.060370216486709885,-0.01982598428128709
2024-07-29,2024,766,77,0.030026109660574413,0.0009170014767128191,0.14285714285714285,0.033995700589408324,0.2,0.05472909482107605,0.013092694422530258,0.11688311688311688,0.03056020005414401,0.3333333333333333,0.07516706953979393,0.03608326160800103,0.11688311688311688,0.03291502615253098,0.2,0.08581170665087587,0.10783914293264449,0.1038961038961039,0.0339188417339334,0.2,0.07684620841835679,0.08452133545934916,0.1038961038961039,0.03277911135951335,0.26666666666666666,0.08474153996972644,0.0684958436317743
2024-07-30,2024,764,77,0.024869109947643978,-5.3120134342994716e-05,0.12987012987012986,0.03372818747102103,0.26666666666666666,0.09010205699096728,-0.015796426903538163,0.09090909090909091,0.02888626723530127,0.2,0.061879156977892695,0.0257577490065357,0.09090909090909091,0.03985564342488765,0.2,0.09126352482638636,0.13558960035507173,0.09090909090909091,0.030540677155125914,0.2,0.08372527141753112,0.0618440910626775,0.09090909090909091,0.03636294936833481,0.26666666666666666,0.0979622938787555,0.02057201888440937
2024-07-31,2024,761,77,0.02759526938239159,-0.011300382867721007,0.12987012987012986,0.018489408511998477,0.26666666666666666,0.03213642068250912,-0.0062475103098270455,0.11688311688311688,0.010568163518610896,0.3333333333333333,0.06368752508796334,0.019961550358171244,0.1038961038961039,0.024136276650273215,0.2,0.048269136666733894,0.11908063412520187,0.1038961038961039,0.020672743756973852,0.26666666666666666,0.03317122249553476,0.0663695147691204,0.1038961038961039,0.018000625201031822,0.2,0.08328749284267457,0.026794534165707547
2024-08-01,2024,763,77,0.022280471821756225,-0.0012034119089090111,0.1038961038961039,0.012866393789340257,0.13333333333333333,-0.0022001193315600944,-0.058495015672808834,0.1038961038961039,0.020950198677794605,0.06666666666666667,-0.016841513981690395,-0.03434103750726791,0.07792207792207792,0.017332101099659325,0.2,0.06671399142295197,0.08780457982716944,0.09090909090909091,0.0206982540609715,0.13333333333333333,0.011268065836151779,0.021013027560016065,0.09090909090909091,0.019139965817554724,0.13333333333333333,0.06691422018746913,-0.035426170872118315
2024-08-02,2024,764,77,0.03534031413612566,-0.017031482416681013,0.14285714285714285,0.006580001816697363,0.06666666666666667,-0.0558402896720707,0.06318621859522651,0.1038961038961039,-0.010679261239179427,0.06666666666666667,-0.026152852024327298,0.050615871346305276,0.09090909090909091,0.0037091550839343985,0.2,0.00221111408646845,0.0650891640212434,0.11688311688311688,0.003585142601763396,0.13333333333333333,-0.03459151520700037,0.11949921506976499,0.1038961038961039,0.00598362196818251,0.06666666666666667,-0.012784981219506759,0.09435459181703995
2024-08-05,2024,766,77,0.12663185378590078,-0.027272061641558574,0.37662337662337664,-0.009523907066234905,0.4,-0.05748967418951844,0.2048894369638586,0.2857142857142857,-0.020402747539615088,0.3333333333333333,-0.061775143690126065,0.1589582054365692,0.35064935064935066,0.00029613946433147345,0.4666666666666667,-0.01609472429818309,0.006660129895253855,0.33766233766233766,-0.004503243963011992,0.4666666666666667,-0.04639545211123822,0.23588426149471692,0.37662337662337664,0.0008085748695728025,0.3333333333333333,-0.02718193184776523,0.2229079663527191
2024-08-06,2024,763,77,0.17169069462647443,0.04642854040768035,0.5714285714285714,0.10807814769144358,0.4666666666666667,0.08256455503677393,0.40680981136910777,0.44155844155844154,0.09027903884737022,0.4,0.0759822347221127,0.35806022053547015,0.4935064935064935,0.09743609976856778,0.6,0.11738087437543968,0.09777410983216159,0.4935064935064935,0.101320633264761,0.6,0.09601713970979797,0.3937981092835373,0.5584415584415584,0.11325121837933493,0.6,0.1274781359494463,0.408144295388454
2024-08-07,2024,762,77,0.08005249343832022,0.03664779276193272,0.3116883116883117,0.07455258323263167,0.3333333333333333,0.07357530498535061,0.13378563755656006,0.19480519480519481,0.046383219570252675,0.3333333333333333,0.059046316975151523,0.0834172017374067,0.2597402597402597,0.06906608418643713,0.3333333333333333,0.08583589837955254,0.11281380261825413,0.24675324675324675,0.06807106834127541,0.4666666666666667,0.0846266546888855,0.13292963402270117,0.2987012987012987,0.0690359925505932,0.4666666666666667,0.09398115596695839,0.11438600979187682
2024-08-08,2024,757,76,0.08718626155878467,0.023283602922759085,0.3157894736842105,0.0509460804251731,0.26666666666666666,0.030779349638702384,0.1369729050393852,0.23684210526315788,0.044381055127162596,0.13333333333333333,-0.0051522212273943605,0.08590420938693968,0.23684210526315788,0.037900778971226144,0.3333333333333333,0.034315873414710096,0.08749842521379896,0.25,0.03525395068492039,0.3333333333333333,0.04684106430709291,0.1390362942502872,0.3026315789473684,0.03999609569122878,0.4,0.04375089849983819,0.12147570157339721
2024-08-09,2024,754,76,0.0649867374005305,0.025121858607243076,0.2236842105263158,0.03876239352056139,0.26666666666666666,0.02864781942201539,0.039678817387296644,0.15789473684210525,0.01910140967656872,0.13333333333333333,-0.017355998434972663,0.013740098203316068,0.17105263157894737,0.026384829180638978,0.3333333333333333,0.012155140867426587,0.026851725495377315,0.14473684210526316,0.020125860082511243,0.26666666666666666,0.04567656389321453,0.05242605633743147,0.21052631578947367,0.0272701689494846,0.4666666666666667,0.03306391402853857,0.03297506832633964
2024-08-12,2024,749,75,0.05473965287049399,0.03810668270007975,0.21333333333333335,0.05202645495318769,0.13333333333333333,0.03084199912356517,0.042260336270906335,0.17333333333333334,0.04686592731228834,0.13333333333333333,0.003709128597531497,-0.014381374833811798,0.18666666666666668,0.040320938778846446,0.3333333333333333,0.06925977643363534,0.020466666691418046,0.14666666666666667,0.03238745654329614,0.26666666666666666,0.05228418799944987,0.035649323859452464,0.21333333333333335,0.041479771400859636,0.4,0.07660247486316656,0.00884029550566803
2024-08-13,2024,746,75,0.04825737265415549,0.018095234192559127,0.2,0.015941255452245954,0.2,-0.01208178874878627,-0.10726770603422091,0.08,-0.013939135280531433,0.06666666666666667,-0.055578421126101576,-0.12085059983248853,0.13333333333333333,0.007936270378984802,0.26666666666666666,0.016645545126070357,0.010720335092271414,0.12,-0.0015542829441113101,0.2,0.0005306880286029288,-0.10171978929770165,0.17333333333333334,0.0027826762399727465,0.2,-0.012635093622997846,-0.13903190999830076
2024-08-14,2024,746,75,0.045576407506702415,0.02508255192257209,0.18666666666666668,0.026735325143041264,0.0,-0.04436533898806069,-0.11033503911932956,0.10666666666666667,0.0003528359941305522,0.06666666666666667,-0.051632627007447515,-0.10919896129286046,0.10666666666666667,0.00889628517246593,0.13333333333333333,-0.0030101330112752844,0.004772194565652828,0.12,0.005669914907178395,0.06666666666666667,-0.004311384645115371,-0.1112022904291129,0.16,0.009056298560025199,0.2,-0.005574165121098007,-0.14163837744867094
2024-08-15,2024,745,75,0.03758389261744966,-0.002828161867120848,0.16,-0.02009319637547461,0.13333333333333333,-0.0559939031029728,-0.11512111971638313,0.10666666666666667,-0.024933099957197266,0.13333333333333333,-0.0838866310222815,-0.09621673815620546,0.13333333333333333,-0.005360821373530326,0.26666666666666666,-0.0376163111977011,0.010851616001927772,0.12,-0.012370725606248374,0.06666666666666667,-0.029756259505041793,-0.08497995485831657,0.17333333333333334,-0.006138514681213484,0.26666666666666666,-0.049402017428413506,-0.12847297387293044
2024-08-16,2024,746,75,0.03351206434316354,0.01687375298914536,0.08,-0.014588463862500681,0.0,-0.06238814867452721,-0.16059396166004838,0.06666666666666667,-0.01849368536139754,0.0,-0.06946865027133979,-0.15601430336781985,0.10666666666666667,0.007350903848015363,0.06666666666666667,-0.046937931972727845,-0.05419868714271824,0.05333333333333334,-0.02255169322170341,0.0,-0.036352665888249376,-0.16271725803727996,0.13333333333333333,-0.005781395400438176,0.13333333333333333,-0.030019396247500496,-0.20114334678525336
2024-08-19,2024,745,75,0.03355704697986577,0.0204833581100583,0.09333333333333334,-0.008029524985557287,0.0,-0.06916000012627382,-0.19209507164421502,0.06666666666666667,-0.005556332588310193,0.0,-0.05476168513621809,-0.16884182154400615,0.06666666666666667,-0.011223948410742167,0.06666666666666667,-0.059538816281752074,-0.07574282612659819,0.06666666666666667,-0.023263165393477496,0.0,-0.07229433852516778,-0.21805931205142728,0.12,-0.005134199919311822,0.06666666666666667,-0.05196576293389267,-0.25161234555315776
2024-08-20,2024,745,75,0.0348993288590604,0.018191718758265713,0.08,-0.00652463908425335,0.0,-0.09025072450208936,-0.19424393531847237,0.06666666666666667,-0.012423063155274522,0.0,-0.06411448768129403,-0.18062332144454366,0.06666666666666667,-0.010097541701712936,0.06666666666666667,-0.07016504812817052,-0.03681406201753614,0.04,-0.02160451515859835,0.0,-0.05625281015800103,-0.2564133731977289,0.10666666666666667,-0.009989927699266878,0.13333333333333333,0.03611096797080429,-0.27361107943986684
2024-08-21,2024,736,74,0.036684782608695655,0.012935026947095134,0.04054054054054054,-0.01659871226935937,0.0,-0.04966648215044548,-0.10284257675323481,0.02702702702702703,-0.018926226242715095,0.0,-0.07772951900069873,-0.08377627494431536,0.06756756756756757,-0.000933560863496537,0.06666666666666667,-0.0754515792197307,-0.027724375798859058,0.02702702702702703,-0.012907895021935728,0.0,-0.016136819254885325,-0.1410994282582503,0.12162162162162163,0.02640298820895132,0.0,-0.052769319712412506,-0.1560588076569297
2024-08-22,2024,732,74,0.03278688524590164,-0.0063416926726778495,0.05405405405405406,-0.02834534284859014,0.0,-0.10151618240126166,-0.11145973208058584,0.013513513513513514,-0.04762519619051734,0.0,-0.12925579020108885,-0.09865299149883228,0.06756756756756757,-0.02039200465306252,0.06666666666666667,-0.11237256054886784,-0.01564812428554016,0.013513513513513514,-0.04141446997417579,0.0,-0.04423418403938295,-0.15259592882506634,0.10810810810810811,-0.0072703327110834335,0.0,-0.0952202426090148,-0.16934828608577707
2024-08-23,2024,731,74,0.036935704514363885,-0.00849784383887474,0.10810810810810811,-0.049625705422819515,0.06666666666666667,-0.09075033698359666,-0.12481170947201384,0.02702702702702703,-0.05697671136190427,0.0,-0.11654224728984867,-0.12483152523147371,0.08108108108108109,-0.03879916468065755,0.06666666666666667,-0.12584804508984576,-0.07964474673535892,0.08108108108108109,-0.045242403896313094,0.06666666666666667,-0.047322438671338424,-0.16272322947459483,0.13513513513513514,-0.031757279725155046,0.0,-0.149722602289177,-0.17424355462165073
2024-08-26,2024,733,74,0.03137789904502047,-0.021521357590870687,0.08108108108108109,-0.04418352574883717,0.0,-0.12206179980379624,-0.09636173969769145,0.05405405405405406,-0.04094725025335981,0.0,-0.14702034993763335,-0.11165273665704908,0.06756756756756757,-0.03877273264328202,0.06666666666666667,-0.12543609284758211,-0.021941411262420506,0.06756756756756757,-0.03889822692780845,0.06666666666666667,-0.058838990530274665,-0.130168237530445,0.0945945945945946,-0.03175887045466554,0.0,-0.14111052833441148,-0.1342593043998558
2024-08-27,2024,732,74,0.03415300546448088,-0.03597782965661287,0.14864864864864866,-0.046692599283133664,0.13333333333333333,-0.1268485344798129,-0.11590459985083633,0.0945945945945946,-0.05697448077367753,0.06666666666666667,-0.12461643838666674,-0.14750624769645607,0.05405405405405406,-0.05998548644644339,0.0,-0.13367691011748678,-0.09919826583023549,0.0945945945945946,-0.05932164245363477,0.06666666666666667,-0.10197915632277796,-0.12346696426174093,0.08108108108108109,-0.061261342951825906,0.0,-0.17649350163225722,-0.1465648251005864
2024-08-28,2024,734,74,0.02997275204359673,-0.03618130805235784,0.0945945945945946,-0.06239317501225938,0.13333333333333333,-0.10799963209199132,-0.156381143911502,0.05405405405405406,-0.06668081542764707,0.06666666666666667,-0.10805203394975874,-0.1629766590013536,0.04054054054054054,-0.06221050693583632,0.0,-0.14192900760784213,-0.09512237781402966,0.06756756756756757,-0.059794674792993725,0.06666666666666667,-0.0972599477853209,-0.13770995040752756,0.05405405405405406,-0.06015115719724695,0.0,-0.17244650823912544,-0.16398085033417206
2024-08-29,2024,733,74,0.023192360163710776,-0.041492841749594986,0.05405405405405406,-0.07567337331109728,0.06666666666666667,-0.10554455296484247,-0.21978088676972563,0.04054054054054054,-0.08408984576403271,0.0,-0.13094575484876167,-0.20924761565726457,0.05405405405405406,-0.06954292480789408,0.06666666666666667,-0.1247446986544953,-0.11876150842935133,0.04054054054054054,-0.07492657344683464,0.06666666666666667,-0.0912791067077852,-0.1994641138916026,0.05405405405405406,-0.07520140423620274,0.0,-0.16947197642402514,-0.23193447194665406
2024-08-30,2024,732,74,0.02185792349726776,-0.023694153778238282,0.0945945945945946,-0.05259621406943491,0.06666666666666667,-0.07960760790770911,-0.17032895366102266,0.04054054054054054,-0.06335922084179642,0.0,-0.13388150941266014,-0.18695645439711833,0.05405405405405406,-0.052138611674929364,0.0,-0.08677572717781797,-0.0828320601547165,0.05405405405405406,-0.04461821947636981,0.06666666666666667,-0.015136101079872132,-0.21394774720401954,0.08108108108108109,-0.036967671248483845,0.0,-0.10923300215997503,-0.23560468195248627
2024-09-02,2024,717,72,0.023709902370990237,-0.01947459559038631,0.06944444444444445,-0.048150644126955494,0.06666666666666667,-0.09322426799727383,-0.1837822374831946,0.0,-0.04866641822048707,0.0,-0.048629221394759455,-0.11513231581126536,0.05555555555555555,-0.04445420392731334,0.0,-0.10045492509110776,-0.08819119666656201,0.05555555555555555,-0.04156464229424388,0.06666666666666667,-0.02413695148999675,-0.21253949964993385,0.08333333333333333,-0.024112384748680493,0.0,-0.11197299390625129,-0.21772390600988456
2024-09-03,2024,707,71,0.026874115983026876,-0.029673955295983948,0.04225352112676056,-0.0948329093544978,0.0,-0.11883974222341193,-0.2377430515716109,0.07042253521126761,-0.0653328049194895,0.0,-0.1602762836943158,-0.19826524565549888,0.07042253521126761,-0.06779672221598455,0.0,-0.15037604750553174,-0.1404469544106193,0.07042253521126761,-0.06260753001981417,0.06666666666666667,-0.060725131708853,-0.24845313261005533,0.07042253521126761,-0.05089233862450941,0.06666666666666667,-0.08642750416210214,-0.2597499497188324
2024-09-04,2024,707,71,0.06223479490806223,-0.050549339070434386,0.1267605633802817,-0.09959134619563104,0.06666666666666667,-0.16258400088136282,-0.14386683207143533,0.11267605633802817,-0.10622803560133752,0.0,-0.17843696476390888,-0.11408584342501829,0.15492957746478872,-0.08212112816446367,0.0,-0.17167588571028294,-0.1586711880079779,0.18309859154929578,-0.055115433619758916,0.06666666666666667,-0.12871575514534178,-0.09269226207294938,0.18309859154929578,-0.05963649608988062,0.13333333333333333,-0.05737196275983107,-0.10293516266034064
2024-09-05,2024,709,71,0.05923836389280677,-0.05274362595659915,0.11267605633802817,-0.1045985804322877,0.13333333333333333,-0.16505867612231154,-0.19536510455101394,0.15492957746478872,-0.09159023978638377,0.06666666666666667,-0.16415315031299785,-0.17035940483960543,0.14084507042253522,-0.08864815832714822,0.13333333333333333,-0.13150439165569278,-0.17400201809993435,0.19718309859154928,-0.06232377200696975,0.06666666666666667,-0.1454272712126065,-0.1280266161897449,0.18309859154929578,-0.046205835371118734,0.2,-0.036138440659579794,-0.11758106647850827
2024-09-06,2024,706,71,0.05807365439093484,-0.0647519809045843,0.1267605633802817,-0.11020614968452969,0.13333333333333333,-0.1601478335232405,-0.1821914858476187,0.15492957746478872,-0.09653896765114914,0.06666666666666667,-0.1766822113769805,-0.16615182699775677,0.14084507042253522,-0.0840594651016356,0.13333333333333333,-0.11293049203513457,-0.17570032840796132,0.19718309859154928,-0.06365637005838765,0.2,-0.08749074284693169,-0.10560593843393759,0.23943661971830985,-0.054212258624460545,0.2,-0.09208606246971839,-0.10997392402443831
2024-09-09,2024,702,71,0.05128205128205128,-0.10336092092762426,0.15492957746478872,-0.14324177597231405,0.13333333333333333,-0.1793224364574592,-0.20318626589555583,0.16901408450704225,-0.12236319349069313,0.2,-0.1959301026342458,-0.17598631832896128,0.11267605633802817,-0.12775602650360687,0.06666666666666667,-0.21042623671833055,-0.19188964808777165,0.16901408450704225,-0.0911166707178399,0.2,-0.14943188675477365,-0.11942342266792344,0.18309859154929578,-0.10980660364953747,0.2,-0.13801368217817048,-0.1297039796052755
2024-09-10,2024,703,71,0.07396870554765292,-0.07503966176118504,0.2676056338028169,-0.06063855909941076,0.26666666666666666,-0.14012195806229916,-0.09821655406584569,0.22535211267605634,-0.0807541755216529,0.2,-0.11313417514308823,-0.04496774950855041,0.18309859154929578,-0.08302260337995501,0.13333333333333333,-0.14848929265705257,-0.23487839907431432,0.2535211267605634,-0.05310086237199032,0.26666666666666666,-0.13676834220523837,0.007371612448930986,0.29577464788732394,-0.04490200757143938,0.4,-0.048632822005835255,0.0121458709249141
2024-09-11,2024,695,70,0.07194244604316546,-0.10436692344208588,0.22857142857142856,-0.1071313522862757,0.4,-0.15362589427385823,-0.13132345064569229,0.2714285714285714,-0.10803059765200825,0.13333333333333333,-0.20528602432582818,-0.06987687576981744,0.14285714285714285,-0.13359284828477716,0.06666666666666667,-0.21881033867856,-0.2611146512143639,0.22857142857142856,-0.09418170337300096,0.4,-0.08737178739170438,-0.017796219575473032,0.21428571428571427,-0.0933115291086479,0.4,-0.08828459826561746,-0.01859142677737877
2024-09-12,2024,690,69,0.05507246376811594,-0.05798523993572816,0.2318840579710145,-0.05305943663553712,0.2,-0.09750161430042179,-0.14121494187300435,0.2028985507246377,-0.06833975282154812,0.13333333333333333,-0.17211094580625183,-0.1044111598990086,0.11594202898550725,-0.08545489262964887,0.06666666666666667,-0.1745324655150422,-0.23900766561699344,0.21739130434782608,-0.04488227583746966,0.3333333333333333,-0.035681553871693104,-0.09305451683100661,0.2028985507246377,-0.051619104309057404,0.4,-0.0579807671369786,-0.10938053939459794
2024-09-13,2024,687,69,0.048034934497816595,-0.061351111945436694,0.15942028985507245,-0.05614780683170712,0.06666666666666667,-0.1218481463967099,-0.12856201720090185,0.11594202898550725,-0.0860285521741021,0.0,-0.16777670565080197,-0.12255745617491816,0.10144927536231885,-0.07260953225139818,0.0,-0.17524547140848926,-0.23598347850116694,0.15942028985507245,-0.05168304807895197,0.2,-0.04752712798458298,-0.06196815860613797,0.18840579710144928,-0.03779091561082915,0.26666666666666666,-0.04160196815180468,-0.08947755953819933
2024-09-16,2024,689,69,0.04499274310595065,-0.10035660258810276,0.13043478260869565,-0.10407557550504763,0.13333333333333333,-0.14568458518963798,-0.18935214060030434,0.10144927536231885,-0.12753367406119417,0.06666666666666667,-0.1618675699851255,-0.15759875319369376,0.10144927536231885,-0.11520821800516115,0.06666666666666667,-0.19356165755007973,-0.18270496506564954,0.15942028985507245,-0.10127697444972653,0.2,-0.10015553528296074,-0.11252536977874175,0.14492753623188406,-0.10022206602485262,0.26666666666666666,-0.07628341151206007,-0.14361716178397788
2024-09-18,2024,683,69,0.04685212298682284,-0.08762141724979265,0.08695652173913043,-0.0891277221055611,0.0,-0.13491755013996168,-0.06137603677744477,0.11594202898550725,-0.09942196433120286,0.06666666666666667,-0.10869688209122612,-0.040653197595123695,0.11594202898550725,-0.09479462874883984,0.06666666666666667,-0.1729808857582459,-0.2182460268316103,0.13043478260869565,-0.07865633122896011,0.13333333333333333,-0.04763378822527147,0.020442056703505424,0.14492753623188406,-0.07109927756314244,0.13333333333333333,-0.10208436196768676,-0.010030770445416391
2024-09-19,2024,680,68,0.039705882352941174,-0.08208587836677694,0.11764705882352941,-0.08142302141181611,0.13333333333333333,-0.07879366081015515,-0.12640525627127763,0.1323529411764706,-0.07821553423845173,0.0,-0.1394744169233653,-0.09791366163784276,0.11764705882352941,-0.08759467839457404,0.06666666666666667,-0.1483586236469788,-0.19668513874861274,0.14705882352941177,-0.06445821126016522,0.26666666666666666,-0.0017557563611598252,-0.050155967316990964,0.10294117647058823,-0.08235931960045387,0.2,-0.06880930508927738,-0.07485423682111134
2024-09-20,2024,684,69,0.03654970760233918,-0.05936397251329384,0.13043478260869565,-0.0662178791514325,0.13333333333333333,-0.11297098965469754,-0.08338303144498244,0.08695652173913043,-0.06575990437389338,0.0,-0.12682796212055636,-0.06261109070264201,0.11594202898550725,-0.05642127135439467,0.13333333333333333,-0.12347455309222434,-0.14913164549778826,0.13043478260869565,-0.04905741459704134,0.2,-0.05742172258994095,-0.010752416408199359,0.13043478260869565,-0.04021714070128548,0.2,-0.06827583162405465,-0.020350026699028717
2024-09-23,2024,688,69,0.0377906976744186,-0.0625831538464338,0.10144927536231885,-0.08175257568633697,0.13333333333333333,-0.10015529588994282,-0.13209142561690815,0.08695652173913043,-0.08147874399094614,0.0,-0.13430012040164388,-0.12561088015020552,0.11594202898550725,-0.06411663470492915,0.06666666666666667,-0.11297111016948325,-0.08338323896783113,0.10144927536231885,-0.0731299660150292,0.13333333333333333,-0.06975996452702837,-0.08380712249430304,0.11594202898550725,-0.05692592427685695,0.13333333333333333,-0.06148533019744798,-0.09337876039560426
2024-09-24,2024,689,69,0.03773584905660377,-0.05670380972059914,0.14492753623188406,-0.06367671301451208,0.2,-0.10018015277409233,-0.0990374515580376,0.08695652173913043,-0.06545620066451212,0.13333333333333333,-0.03912231375587953,-0.08642526399829718,0.11594202898550725,-0.0375855448602389,0.06666666666666667,-0.07890975551700032,-0.06899585891562825,0.13043478260869565,-0.06615144974230733,0.2,-0.04430864700749437,-0.05757361187904786,0.13043478260869565,-0.045104987091235796,0.2,-0.06121894559026479,-0.055451500010489686
2024-09-25,2024,686,69,0.033527696793002916,-0.05806285634394485,0.14492753623188406,-0.08773372268848473,0.0,-0.12209762978525654,-0.18890459901839907,0.10144927536231885,-0.06870836035305075,0.06666666666666667,-0.08745007602499626,-0.17282423716852244,0.10144927536231885,-0.05312991201904457,0.13333333333333333,-0.09287844357085463,-0.04771326856880632,0.11594202898550725,-0.07024105182188942,0.2,-0.06770168986246788,-0.15533485172801928,0.13043478260869565,-0.05770356443461835,0.13333333333333333,-0.06575703345901748,-0.16440622634101132
2024-09-26,2024,684,69,0.03216374269005848,-0.03354927029263754,0.13043478260869565,-0.04635396604478202,0.06666666666666667,-0.10414854806051205,-0.19022058015450594,0.10144927536231885,-0.0370839500672465,0.13333333333333333,-0.018594798037639016,-0.16870510239954972,0.08695652173913043,-0.02150876959797483,0.13333333333333333,-0.060774396363473066,0.030271940635971727,0.10144927536231885,-0.04882014834340489,0.13333333333333333,-0.0357874962441466,-0.1581831728492783,0.11594202898550725,-0.04125294115947804,0.06666666666666667,-0.09193957524490161,-0.16216193261052494
2024-09-27,2024,691,70,0.030390738060781478,-0.04891146503298108,0.12857142857142856,-0.06458029571315779,0.06666666666666667,-0.10494238371139432,-0.18616825268158813,0.07142857142857142,-0.05303073840285752,0.06666666666666667,-0.03854270091640017,-0.14289392502832501,0.08571428571428572,-0.0306767486977877,0.06666666666666667,-0.06489539837856714,0.08624672637930089,0.1,-0.053641432847677854,0.0,-0.08136052109223962,-0.13752156139973115,0.14285714285714285,-0.04833276769521727,0.06666666666666667,-0.10207041305631202,-0.11608318912088998
2024-09-30,2024,690,69,0.036231884057971016,-0.05148055444941133,0.14492753623188406,-0.05943458960177952,0.06666666666666667,-0.13308961618656698,-0.13715047779236883,0.14492753623188406,-0.03816065377600653,0.06666666666666667,-0.038890209413537234,-0.11365088302510513,0.11594202898550725,-0.03774450382820107,0.06666666666666667,-0.1357684271110572,0.037564061447026106,0.13043478260869565,-0.055429537618401394,0.13333333333333333,-0.07070541311282587,-0.0894075060437295,0.15942028985507245,-0.05258661113235152,0.13333333333333333,-0.09518361017146122,-0.08659279363957023
2024-10-01,2024,692,70,0.03757225433526012,-0.07535095262889646,0.14285714285714285,-0.09123332948042219,0.13333333333333333,-0.11195289024104456,-0.16108677237093752,0.15714285714285714,-0.05030751197092387,0.26666666666666666,0.0034730829570958077,-0.11698969002131691,0.14285714285714285,-0.04100066523788945,0.0,-0.12657189974116723,0.09287739037210249,0.12857142857142856,-0.07692052387896943,0.0,-0.12311934996091066,-0.12780996386962795,0.11428571428571428,-0.07490190490853592,0.06666666666666667,-0.14582627258448083,-0.12139373092575605
2024-10-04,2024,694,70,0.04178674351585014,-0.06403481714918706,0.11428571428571428,-0.07220357724674976,0.2,-0.038775537509023864,-0.09339612763714217,0.15714285714285714,-0.021233084556211812,0.06666666666666667,-0.025237866741523018,-0.03261932833327945,0.12857142857142856,-0.03503272596756134,0.06666666666666667,-0.08949141625490445,0.09229495940132465,0.12857142857142856,-0.061113699453426054,0.2,-0.044779675504729104,-0.05305380431024428,0.14285714285714285,-0.046454253235903374,0.2,-0.08616755836988636,-0.06002986550471421
2024-10-07,2024,686,69,0.030612244897959183,-0.05847398944071476,0.13043478260869565,-0.054923832699154615,0.0,-0.09403597111597867,-0.13107077096005582,0.07246376811594203,-0.019384547322968064,0.06666666666666667,0.007917845157919415,-0.010588126687500345,0.11594202898550725,-0.034156798863387426,0.13333333333333333,-0.0372132531968854,0.0502161970153595,0.13043478260869565,-0.06598846353379907,0.13333333333333333,-0.05507678268519364,-0.0856080046673102,0.11594202898550725,-0.053512083992083605,0.0,-0.13362403752328875,-0.10787743771666898
2024-10-08,2024,683,69,0.040995607613469986,-0.05022251759979943,0.14492753623188406,-0.042574431955771735,0.06666666666666667,-0.10539958588300176,-0.12059108766785864,0.07246376811594203,-0.033542379489153645,0.13333333333333333,0.047007871245717876,-0.04205787671877009,0.17391304347826086,-0.01793825455983217,0.2,-0.05823028348077832,-0.05523859727476092,0.11594202898550725,-0.07894353747245439,0.13333333333333333,-0.06633932721278167,-0.08324301389295302,0.17391304347826086,-0.04992546328491289,0.06666666666666667,-0.12564468569328757,-0.09766243052989942
2024-10-09,2024,687,69,0.040756914119359534,-0.04875630761909784,0.10144927536231885,-0.05047411518038983,0.06666666666666667,-0.00011360181201698349,-0.07128026619678655,0.07246376811594203,-0.025182676379675077,0.2,0.05448194072810598,-0.03862532820031697,0.14492753623188406,-0.024129956772737632,0.13333333333333333,-0.06214903852055267,-0.06642490496377974,0.10144927536231885,-0.07512740887924839,0.06666666666666667,-0.06803053314107267,-0.06426449932305194,0.13043478260869565,-0.05001028721751305,0.06666666666666667,-0.09514813431170951,-0.0900087965673905
2024-10-11,2024,692,70,0.046242774566473986,-0.025920293773504324,0.12857142857142856,-0.01341912877794791,0.3333333333333333,0.045265995575318504,-0.011951806309231748,0.05714285714285714,-0.02871388172145965,0.0,-0.03755085812468707,0.013161991932774106,0.14285714285714285,0.009200911636968272,0.13333333333333333,-0.02813532572858035,-0.02671329288984998,0.14285714285714285,-0.042787288037524296,0.2,-0.025731701758037465,-0.008230137785396987,0.15714285714285714,-0.027869909166881052,0.06666666666666667,-0.08789760790220184,-0.0493630098963023
2024-10-14,2024,688,69,0.0377906976744186,-0.02556408070801693,0.11594202898550725,-0.015816186139296126,0.13333333333333333,-0.032175262503553036,-0.07512920299881862,0.057971014492753624,-0.01405826257715606,0.0,-0.023627282657469252,-0.01579033942507758,0.10144927536231885,-0.0015933994663423032,0.13333333333333333,-0.04453415110036852,0.029863145994111235,0.11594202898550725,-0.02248847459643144,0.06666666666666667,-0.017188469535560007,-0.07440163352892282,0.10144927536231885,-0.03909588766454621,0.06666666666666667,-0.07336640804348361,-0.12537405619563372
2024-10-15,2024,692,70,0.033236994219653176,0.0019297612910929881,0.15714285714285714,0.019265578942621906,0.13333333333333333,0.05251647203199424,-0.0494519910051403,0.04285714285714286,0.017234924081796634,0.0,0.01603841297891834,-0.003210895003802593,0.1,0.02081777791703317,0.13333333333333333,-0.005556126579204649,0.0431917910696951,0.12857142857142856,0.01796497946483936,0.06666666666666667,-0.006609165958365448,-0.042075301312700056,0.08571428571428572,-0.007957708660327993,0.06666666666666667,-0.04213384753823689,-0.07964650641392391
2024-10-16,2024,691,70,0.03473227206946455,-0.02369363561177812,0.11428571428571428,-0.025484763083677593,0.13333333333333333,-0.029433886994088363,-0.13313593165332294,0.07142857142857142,-0.009124213564909714,0.13333333333333333,0.06322814114668698,-0.02907031490130879,0.1,0.001549563863763126,0.13333333333333333,-0.030462129844204853,0.037126345282834324,0.11428571428571428,-0.030917626569486545,0.06666666666666667,-0.022085137733105047,-0.09849341344382435,0.08571428571428572,-0.02090599143311486,0.06666666666666667,-0.05031768435001014,-0.10817198292528206
2024-10-17,2024,692,70,0.03468208092485549,-0.0288528869538948,0.1,-0.03309345163993233,0.13333333333333333,-0.05744636706875275,-0.17882461269352734,0.04285714285714286,-0.04190163384324627,0.06666666666666667,0.0378797468615709,-0.08387635542497565,0.1,-0.021851607377815645,0.13333333333333333,-0.04706599416972533,0.0413829246563115,0.08571428571428572,-0.040387608467576906,0.06666666666666667,-0.04195712808143741,-0.16856958651807336,0.04285714285714286,-0.03586016990753883,0.13333333333333333,-0.043149519526996555,-0.18381967658448362
2024-10-18,2024,687,69,0.033478893740902474,0.003967489260563892,0.10144927536231885,-0.01145627959208112,0.06666666666666667,-0.06660897431863849,-0.22266305778021828,0.043478260869565216,-0.0082217252408135,0.06666666666666667,0.017831683663358952,-0.11313686652447923,0.057971014492753624,-0.017526107298801892,0.13333333333333333,-0.037220442186506865,-0.011847381223682757,0.07246376811594203,-0.023117401241199553,0.06666666666666667,-0.0246164297516584,-0.22206056305345803,0.08695652173913043,-0.01542726224470617,0.13333333333333333,-0.024325667715519937,-0.23308437163396972
2024-10-21,2024,685,69,0.021897810218978103,-0.006175487578324972,0.07246376811594203,-0.03577534851566502,0.0,-0.07631110244796072,-0.2524718773872325,0.043478260869565216,-0.01190904379655855,0.0,-0.028510527219554115,-0.06752958986165422,0.057971014492753624,-0.022069074062098508,0.06666666666666667,-0.04634198144343035,0.0020117922187204737,0.07246376811594203,-0.03272801243295373,0.0,-0.045245930963802555,-0.2359668437308002,0.057971014492753624,-0.02622373055139574,0.06666666666666667,-0.055907316767016116,-0.24502620723336835
2024-10-22,2024,688,69,0.010174418604651164,-0.01451019618379575,0.014492753623188406,-0.05710202093199161,0.06666666666666667,-0.05399592852903212,-0.29275622251276756,0.014492753623188406,-0.03745283608255604,0.06666666666666667,-0.025498214380128108,-0.1499986739232392,0.028985507246376812,-0.04642704906080079,0.06666666666666667,-0.0524314063695512,-0.015104065199607955,0.028985507246376812,-0.05710626434617584,0.0,-0.0569068231867477,-0.2766713488830003,0.014492753623188406,-0.05206765368244739,0.0,-0.07951286832586488,-0.2894330990032853
2024-10-23,2024,685,69,0.014598540145985401,-0.005480180419517544,0.043478260869565216,-0.05984718176273557,0.06666666666666667,-0.11110780361485925,-0.3353065994545859,0.014492753623188406,-0.039862119217824565,0.0,-0.08817132402203515,-0.1719833943534933,0.028985507246376812,-0.06229625631246771,0.0,-0.07746195306543538,-0.04323975044667306,0.028985507246376812,-0.05964194726227791,0.06666666666666667,-0.05689145228564074,-0.318704014375288,0.028985507246376812,-0.056827140491500575,0.0,-0.09879966879875332,-0.3203934386079657
2024-10-24,2024,683,69,0.027818448023426062,-0.011762366660726234,0.057971014492753624,-0.056860763534234054,0.06666666666666667,-0.09679460777030287,-0.25174200066838015,0.057971014492753624,-0.028545004409264444,0.0,-0.06594022437101861,-0.16361320882950675,0.043478260869565216,-0.05686954451627828,0.0,-0.07161985731386067,-0.062363674773512866,0.014492753623188406,-0.06129737304073995,0.06666666666666667,-0.0681970481764937,-0.2497073455449093,0.043478260869565216,-0.055518135374182175,0.0,-0.07864919374462875,-0.23964446151185223
2024-10-25,2024,689,69,0.027576197387518143,0.00926382492487836,0.057971014492753624,-0.023172669884244736,0.06666666666666667,-0.06571348248891018,-0.23065723480065176,0.043478260869565216,-0.0051089112552916045,0.0,-0.04728924555060019,-0.1755111078809827,0.043478260869565216,-0.03420087791419761,0.0,-0.0463688762031947,-0.12334240531562417,0.014492753623188406,-0.036692330595279106,0.06666666666666667,-0.0723756589540739,-0.24712711340241125,0.043478260869565216,-0.03453720996334287,0.0,-0.04727150066285793,-0.23436399529974114
2024-10-28,2024,692,70,0.028901734104046242,0.02348761975906073,0.02857142857142857,-0.004677079206312897,0.13333333333333333,-0.013753646500561552,-0.1879525753810603,0.04285714285714286,-0.008111919733098502,0.06666666666666667,-0.045243512584555924,-0.17836125413104112,0.02857142857142857,-0.006403593147959423,0.06666666666666667,-0.03644849153084028,-0.10990341061733913,0.014285714285714285,-0.013952064125950257,0.06666666666666667,-0.021153483119654853,-0.20400150769233355,0.02857142857142857,-0.006675266492492655,0.0,-0.011539930038812781,-0.19425218911689787
2024-10-29,2024,694,70,0.027377521613832854,0.006592160215042038,0.02857142857142857,-0.04129620143896162,0.0,-0.08508772962684288,-0.24428352990192223,0.07142857142857142,-0.018284697849937016,0.0,-0.05138442641972692,-0.24388544393843825,0.04285714285714286,-0.033224602543160585,0.06666666666666667,-0.0968420020807918,-0.1233758143265712,0.014285714285714285,-0.049699371438327644,0.06666666666666667,-0.07368025353917425,-0.24930405860467195,0.02857142857142857,-0.04033468193225494,0.0,-0.06989681908623266,-0.24148782730604446
2024-10-30,2024,686,69,0.02478134110787172,0.004670049450104878,0.028985507246376812,-0.04772717865595378,0.0,-0.07456828228981038,-0.2647656609409238,0.043478260869565216,-0.035139866864843716,0.0,-0.07676306624922008,-0.27290028826956125,0.014492753623188406,-0.04999451331965583,0.06666666666666667,-0.07647464670229726,-0.13067518275410053,0.028985507246376812,-0.041383103363935365,0.06666666666666667,-0.05664987264712275,-0.24665717957329455,0.028985507246376812,-0.04092572350711459,0.0,-0.05875717033393237,-0.2752232461573769
2024-11-01,2024,684,69,0.013157894736842105,-0.005675295796135621,0.0,-0.0568435408839925,0.0,-0.07093805798935725,-0.24366169122591672,0.014492753623188406,-0.024944180263370953,0.0,-0.07387410994099891,-0.216575724637317,0.014492753623188406,-0.04916187829571316,0.0,-0.08115280064309997,-0.0686691825242728,0.0,-0.05782607353024669,0.0,-0.06478002957988975,-0.21188758499463747,0.014492753623188406,-0.046676895851491415,0.0,-0.05288092541696067,-0.22509763770218036
2024-11-04,2024,681,69,0.027900146842878122,-0.005059087657305602,0.014492753623188406,-0.04910664926569399,0.06666666666666667,-0.04213750016695596,-0.22272203373115296,0.043478260869565216,-0.017287958439711152,0.06666666666666667,-0.043377581500252546,-0.12830921950095522,0.028985507246376812,-0.060099313976832186,0.0,-0.09739110071796601,-0.0806646400527468,0.028985507246376812,-0.05972048180260633,0.06666666666666667,-0.06729134416788216,-0.19345555115392496,0.014492753623188406,-0.05779957856654687,0.06666666666666667,-0.07063050751271044,-0.19553957111169926
2024-11-05,2024,681,69,0.02643171806167401,-0.010132189117700523,0.0,-0.06889178082594771,0.0,-0.0846390847058734,-0.24046643637629586,0.057971014492753624,-0.014087074527237679,0.0,-0.06987992076285802,-0.16071441005041068,0.043478260869565216,-0.06828952367313931,0.06666666666666667,-0.12381070369494368,-0.10602614040288007,0.014492753623188406,-0.07596801186522906,0.06666666666666667,-0.09696214132191443,-0.21254767442004194,0.014492753623188406,-0.07155425469697568,0.0,-0.10972572811073267,-0.20708741757043952
2024-11-06,2024,673,68,0.0237741456166419,-0.0018752199067433863,0.014705882352941176,-0.036076445230295046,0.0,-0.05332309111828007,-0.1781402268100726,0.014705882352941176,-0.01886647101100926,0.0,-0.0369551832325914,-0.1204918044569651,0.029411764705882353,-0.04301383930672566,0.0,-0.10699002067551762,-0.05992071712794166,0.014705882352941176,-0.0484171010583812,0.0,-0.08482830449491276,-0.1749428742611173,0.0,-0.05229367214641481,0.0,-0.07614462096191027,-0.15533108973869741
2024-11-07,2024,673,68,0.0237741456166419,-0.012506215010076475,0.029411764705882353,-0.055951838848434195,0.0,-0.06419428702848194,-0.2248128049032339,0.014705882352941176,-0.031653666006433934,0.0,-0.07571211333863671,-0.1594836520238612,0.04411764705882353,-0.0549725276415099,0.0,-0.1293395801841632,-0.0372895033113135,0.014705882352941176,-0.05573437840912972,0.0,-0.10462322009349194,-0.21364331932496133,0.014705882352941176,-0.05810310400621853,0.0,-0.09177463354871127,-0.2029312439514439
2024-11-08,2024,674,68,0.028189910979228485,0.012494941423062227,0.029411764705882353,-0.03339540253948842,0.0,-0.04238488830621206,-0.19164348283844707,0.029411764705882353,-0.019074933561246156,0.0,-0.06301164316284896,-0.14765304827202003,0.029411764705882353,-0.037253319025881845,0.0,-0.10972712366549026,-0.06802206333673601,0.029411764705882353,-0.02636281527680548,0.0,-0.07662813659344465,-0.20213601820717542,0.014705882352941176,-0.0339021483810964,0.0,-0.05182324290414006,-0.1831206640980136
2024-11-11,2024,671,68,0.02533532041728763,0.004005173703629952,0.07352941176470588,-0.018671333360013278,0.0,-0.038383478895741105,-0.19102545902422513,0.058823529411764705,-0.005594010007709456,0.0,-0.01327774331313883,-0.178520923934205,0.04411764705882353,-0.02979713014269587,0.06666666666666667,-0.06609371676898704,-0.04259803426717584,0.04411764705882353,-0.025533467784101992,0.0,-0.06066029094632392,-0.2083394734632712,0.014705882352941176,-0.03951758416533193,0.0,-0.058879986187789855,-0.21045729198388408
2024-11-12,2024,679,68,0.03829160530191458,-0.0020028435703647535,0.10294117647058823,-0.020226637635583654,0.13333333333333333,-0.02340216437922925,-0.16254327623435902,0.08823529411764706,-0.013690754575019906,0.06666666666666667,-0.024454182770101154,-0.14535137549359414,0.07352941176470588,-0.03964037800164702,0.06666666666666667,-0.09241125532908279,-0.056682534481017684,0.07352941176470588,-0.030336290621218134,0.06666666666666667,-0.04751106518541272,-0.1633237757822454,0.04411764705882353,-0.040888730913847024,0.06666666666666667,-0.058420076540470225,-0.17350235634336014
2024-11-13,2024,682,69,0.03372434017595308,-0.0014238659949411536,0.10144927536231885,-0.006073650778968118,0.06666666666666667,-0.026994573865412538,-0.12392860804557859,0.07246376811594203,-0.016992651079232205,0.06666666666666667,-0.013471231746038948,-0.10931232092923282,0.10144927536231885,-0.020784725341595808,0.06666666666666667,-0.08880359920757641,-0.0022935235584437995,0.057971014492753624,-0.01736650181524164,0.06666666666666667,-0.03437284497212759,-0.11529024006443826,0.043478260869565216,-0.03403554630228949,0.06666666666666667,-0.06348565312225349,-0.13762565906321766
2024-11-14,2024,677,68,0.029542097488921712,-0.012110289184056131,0.08823529411764706,-0.036113567939733096,0.0,-0.056454721117616416,-0.12170744551729935,0.07352941176470588,-0.027995495760125007,0.0,-0.03729807964393098,-0.11802520073939934,0.029411764705882353,-0.048913554329692535,0.06666666666666667,-0.09784371077676195,-0.024814466435734938,0.04411764705882353,-0.027338604106994326,0.0,-0.08402597493825918,-0.1139997046097618,0.029411764705882353,-0.04862164438817281,0.0,-0.0667543374189786,-0.13480874678533547
2024-11-15,2024,681,69,0.02936857562408223,-0.02757646134441202,0.057971014492753624,-0.0471536364968085,0.06666666666666667,-0.022163744001503293,-0.17664154477780789,0.07246376811594203,-0.044625089145107696,0.06666666666666667,-0.027567536770735965,-0.15171779385875614,0.07246376811594203,-0.045392917657300295,0.06666666666666667,-0.08670692651753148,0.0363490886149652,0.07246376811594203,-0.03508714436216524,0.0,-0.08890128966537789,-0.13604599072519083,0.028985507246376812,-0.06581301630633869,0.0,-0.08352300192663892,-0.18618329036596837
2024-11-18,2024,681,69,0.04552129221732746,-0.049118238720614216,0.08695652173913043,-0.07599339796834646,0.06666666666666667,-0.07827270479419418,-0.15790693565526331,0.11594202898550725,-0.05716930796886731,0.06666666666666667,-0.1016389506905699,-0.12139530023736578,0.13043478260869565,-0.0573046845274584,0.06666666666666667,-0.10057586718252211,0.03588259955403945,0.14492753623188406,-0.057773805446757906,0.0,-0.11727791787333325,-0.1061028521925506,0.07246376811594203,-0.07702923044526543,0.0,-0.10032622306368512,-0.12944580492326507
2024-11-19,2024,677,68,0.0310192023633678,-0.04869080093580938,0.04411764705882353,-0.08543390850810721,0.13333333333333333,-0.11169928378024552,-0.1585660425285865,0.07352941176470588,-0.06397798176163683,0.06666666666666667,-0.09582955747405117,-0.131589877801753,0.058823529411764705,-0.07303986985345597,0.06666666666666667,-0.10133277789227098,0.003982897368239653,0.08823529411764706,-0.07813124148985377,0.0,-0.13007521380429077,-0.12610353715097466,0.029411764705882353,-0.08891740960301941,0.0,-0.1521020240178001,-0.1474010185767512
2024-11-20,2024,677,68,0.03545051698670606,-0.040088378712753135,0.058823529411764705,-0.07144066349006829,0.13333333333333333,-0.05994682656170826,-0.17735984589900614,0.10294117647058823,-0.05623267988460252,0.2,-0.01701743287140956,-0.1305550798682994,0.07352941176470588,-0.06943406637580801,0.2,-0.0679701556641788,-0.002510817514204277,0.10294117647058823,-0.06383438898840833,0.13333333333333333,-0.06596030986783029,-0.11523435294388687,0.07352941176470588,-0.06549307541144499,0.06666666666666667,-0.1127648298330681,-0.1352758313273451
2024-11-21,2024,671,68,0.03576751117734724,-0.048604792919521064,0.07352941176470588,-0.061133204866626406,0.06666666666666667,-0.09257151434452099,-0.16175544093081248,0.07352941176470588,-0.060166501306647496,0.13333333333333333,-0.055072592877499035,-0.1216704319379477,0.04411764705882353,-0.06143697241211507,0.06666666666666667,-0.08035953941192578,0.02779284316315429,0.07352941176470588,-0.06469338098545402,0.13333333333333333,-0.1013926784253604,-0.0843441280829472,0.04411764705882353,-0.07064303300815343,0.06666666666666667,-0.11295274773900352,-0.1061157060607488
2024-11-22,2024,673,68,0.029717682020802376,-0.03358502823022739,0.11764705882352941,-0.04777706965705116,0.2,-0.05809751111985652,-0.14212040946697285,0.10294117647058823,-0.04683600860297826,0.2,-0.01300644991880339,-0.10642461941632711,0.04411764705882353,-0.05274965356641716,0.06666666666666667,-0.023203126946776752,0.0001484152372530756,0.058823529411764705,-0.05569119930602667,0.2,-0.07947373540037186,-0.09654095293674743,0.058823529411764705,-0.062406865502736095,0.06666666666666667,-0.07521877225398026,-0.09507321692987196
2024-11-25,2024,680,68,0.025,-0.05954259302792824,0.07352941176470588,-0.07423427563569182,0.06666666666666667,-0.1174226689768152,-0.15778625827470497,0.07352941176470588,-0.06974904199868721,0.06666666666666667,-0.0654941330458373,-0.12864751424524629,0.058823529411764705,-0.07328214484578309,0.06666666666666667,-0.04216455554267877,-0.007091031665468413,0.04411764705882353,-0.09839423509302761,0.13333333333333333,-0.1020542091938942,-0.12612391019900734,0.058823529411764705,-0.07572989923816616,0.0,-0.12468798246525911,-0.11643430109334763
2024-11-26,2024,677,68,0.0310192023633678,-0.07120932416339017,0.058823529411764705,-0.07877884560708179,0.13333333333333333,-0.10606185212352985,-0.16290297480128327,0.058823529411764705,-0.0806770956052381,0.06666666666666667,-0.07204733412233547,-0.12345956604018529,0.07352941176470588,-0.07251454791868435,0.06666666666666667,-0.032957084138217206,0.008898291598091152,0.058823529411764705,-0.09642336230050536,0.06666666666666667,-0.11500909194345534,-0.11560368737308,0.04411764705882353,-0.0817580373461217,0.06666666666666667,-0.12442701485716165,-0.11872903011929811
2024-11-27,2024,673,68,0.05349182763744428,-0.058262980399058785,0.11764705882352941,-0.049051095462140315,0.13333333333333333,-0.04595514431861726,-0.05141946899425443,0.11764705882352941,-0.0506394576987481,0.06666666666666667,-0.05325030478014176,-0.018642879816424943,0.1323529411764706,-0.05196021901959959,0.2,-0.007953294029162486,-0.007048509622320478,0.10294117647058823,-0.058602579056623305,0.13333333333333333,-0.07923543468982866,0.0007329829575857609,0.11764705882352941,-0.05850294042473035,0.13333333333333333,-0.07972438873899762,0.006129121685725715
2024-11-28,2024,669,67,0.06278026905829596,-0.04805919386724893,0.13432835820895522,-0.05094144513194795,0.3333333333333333,-0.018955088876292284,-0.04308421921350679,0.13432835820895522,-0.05611270621207266,0.26666666666666666,-0.03901541158459002,-0.032889784067115325,0.16417910447761194,-0.030213532364133534,0.26666666666666666,0.012487319802350235,-0.020114417371077623,0.16417910447761194,-0.04305404453256956,0.2,-0.07469259692147942,0.031034381320277332,0.19402985074626866,-0.021766819681898492,0.2,-0.09101890242755542,0.027112285551596928
2024-11-29,2024,665,67,0.05112781954887218,-0.0630682719991735,0.07462686567164178,-0.08205231622192803,0.06666666666666667,-0.08112175361686454,-0.11927080073697231,0.07462686567164178,-0.06629757784434052,0.13333333333333333,-0.0604372540186621,-0.11245007008604606,0.1044776119402985,-0.057357412546691605,0.13333333333333333,-0.04685796236941062,0.011968340683085608,0.08955223880597014,-0.06933904371984273,0.0,-0.0995012673567186,-0.04063429806061089,0.13432835820895522,-0.0414907527940694,0.06666666666666667,-0.1155359017112809,-0.05960376595418108
2024-12-02,2024,665,67,0.045112781954887216,-0.04154752298118695,0.11940298507462686,-0.055332553120084456,0.06666666666666667,-0.07348962656863209,-0.08204372959911418,0.05970149253731343,-0.04828952559091034,0.13333333333333333,-0.03001568804775811,-0.09314298266030895,0.07462686567164178,-0.0619745377007789,0.0,-0.06180828396471062,-0.013867818565141346,0.07462686567164178,-0.05124475202067617,0.0,-0.07885430079004907,-0.02078627195275302,0.11940298507462686,-0.03844556384633304,0.0,-0.10240250165995411,-0.07063190715598365
2024-12-03,2024,663,67,0.042232277526395176,-0.025178377012724375,0.07462686567164178,-0.027522919378583904,0.13333333333333333,-0.05999981431555721,-0.06144048752805906,0.05970149253731343,-0.029079347078708188,0.13333333333333333,0.006562160677606325,-0.0715522135265152,0.07462686567164178,-0.04284798986872994,0.06666666666666667,-0.03186292750996654,-0.01783130650916594,0.07462686567164178,-0.03178201327126679,0.06666666666666667,-0.04685525656496225,-0.022533805433080846,0.14925373134328357,-0.01282434208840805,0.13333333333333333,-0.0775515811297125,-0.040643930187108546
2024-12-04,2024,664,67,0.03614457831325301,-0.02389160062273424,0.08955223880597014,-0.04119423294642684,0.13333333333333333,-0.04820018384799881,-0.13822520424554113,0.04477611940298507,-0.047544087764412185,0.13333333333333333,-0.07635986256309918,-0.15533550068017882,0.05970149253731343,-0.06230459560265993,0.06666666666666667,-0.04942825428269902,-0.07746213188660439,0.05970149253731343,-0.05178183868943838,0.06666666666666667,-0.07394469615725449,-0.1391886129748764,0.1044776119402985,-0.05693814273013707,0.13333333333333333,-0.10142751101893056,-0.13964542615521452
2024-12-05,2024,658,66,0.03343465045592705,-0.032047058437592944,0.09090909090909091,-0.047811371765934925,0.13333333333333333,-0.08719026421612301,-0.11654809422300799,0.07575757575757576,-0.06029309703895446,0.06666666666666667,-0.10638597883561814,-0.13826143548706546,0.030303030303030304,-0.07258480875125052,0.06666666666666667,-0.06047467691873794,-0.08759282796846293,0.06060606060606061,-0.06297115032196973,0.06666666666666667,-0.09707756596426508,-0.10698702043296812,0.12121212121212122,-0.053077966060278134,0.06666666666666667,-0.112170221904456,-0.11929143108019843
2024-12-06,2024,659,66,0.03186646433990895,-0.05558366112799904,0.09090909090909091,-0.06694708434775778,0.06666666666666667,-0.09228643864036566,-0.10760028359878379,0.030303030303030304,-0.08700615928062089,0.13333333333333333,-0.07277012672744505,-0.10617415655284955,0.045454545454545456,-0.08238827697487827,0.06666666666666667,-0.0382551355903352,-0.06979314309976,0.045454545454545456,-0.0787334701248266,0.06666666666666667,-0.07573920450482621,-0.07457492579729606,0.12121212121212122,-0.06707684553584516,0.13333333333333333,-0.0962395859144262,-0.06591614079625976
2024-12-09,2024,652,66,0.03680981595092025,-0.06332650814142833,0.10606060606060606,-0.0593206357196725,0.06666666666666667,-0.0859080437542262,-0.06240022965491875,0.030303030303030304,-0.08205329258673763,0.06666666666666667,-0.05648914096390798,-0.036572472207772766,0.030303030303030304,-0.08021392358149065,0.06666666666666667,-0.056473085062333034,-0.011398257873275265,0.045454545454545456,-0.07012607201233476,0.06666666666666667,-0.09498955203390638,-0.0007109933405420521,0.09090909090909091,-0.05953519021140273,0.06666666666666667,-0.09172448018949768,-0.001271514305304424
2024-12-10,2024,645,65,0.040310077519379844,-0.04661357012502672,0.13846153846153847,-0.007040080072502222,0.06666666666666667,-0.05349117415857269,0.010026600010942976,0.07692307692307693,-0.019424199543665897,0.06666666666666667,-0.05185315576184985,0.041696314749600304,0.06153846153846154,-0.04629186746319816,0.06666666666666667,-0.03279849990318379,0.03735265770631712,0.07692307692307693,-0.03333853025166961,0.06666666666666667,-0.016797073260274836,0.05927550444478729,0.1076923076923077,-0.0392896987124458,0.06666666666666667,-0.05630443715596952,0.05139665821293535
2024-12-11,2024,644,65,0.037267080745341616,-0.0668673445513601,0.12307692307692308,-0.060006137706665824,0.2,-0.05786038757865838,-0.0717715963740682,0.12307692307692308,-0.05363792588557594,0.13333333333333333,-0.009929485018769038,-0.02939909115108421,0.06153846153846154,-0.0822366043076484,0.26666666666666666,-0.020925402182120675,0.04358875599079933,0.09230769230769231,-0.07167459030764015,0.13333333333333333,-0.06126309068178053,-0.035769881891179765,0.12307692307692308,-0.07478640791720739,0.2,-0.06965752036950289,-0.05669587337986902
2024-12-12,2024,644,65,0.040372670807453416,-0.05839757144378891,0.16923076923076924,-0.04163765280248016,0.2,-0.056593285159202436,-0.06256849678654627,0.12307692307692308,-0.057766235502286864,0.06666666666666667,-0.11364690876378046,-0.02256122910142232,0.09230769230769231,-0.06849116256346863,0.26666666666666666,-0.002907281325889177,0.06310570539249906,0.1076923076923077,-0.0541114456757446,0.13333333333333333,-0.07342700582377691,-0.03011043817231794,0.12307692307692308,-0.06677315344366463,0.13333333333333333,-0.07598535855746909,-0.061276388995669354
2024-12-13,2024,640,64,0.0453125,-0.04153793898758451,0.171875,-0.04648851655502398,0.26666666666666666,-0.034836721309842784,-0.1416984348005026,0.125,-0.05658749222684567,0.06666666666666667,-0.07112677494486594,-0.11453850001187965,0.09375,-0.05878068537329053,0.2,-0.03654278308377197,0.010548235510076935,0.140625,-0.052060719497195124,0.26666666666666666,-0.051851279400011004,-0.1324356956788988,0.125,-0.06681223448540631,0.13333333333333333,-0.07467841210458107,-0.15807923785412864
2024-12-16,2024,642,65,0.04984423676012461,-0.01519524568789353,0.18461538461538463,-0.005577495119473169,0.2,-0.017625016926698947,-0.11219696272106718,0.1076923076923077,-0.03235778787041263,0.06666666666666667,-0.02597507764329709,-0.06550985330828243,0.12307692307692308,-0.018699321368226624,0.2,-0.016589034733742757,0.014055818502111612,0.13846153846153847,-0.019045942088930814,0.26666666666666666,-0.014395215033411346,-0.09213332797908892,0.13846153846153847,-0.03111341732452596,0.2,-0.02297537516793193,-0.1068922308805786
2024-12-17,2024,640,64,0.0390625,-0.013528019319645725,0.171875,-0.020872922729564463,0.3333333333333333,-0.004522816804443167,-0.17572025955315776,0.15625,-0.02278084799747432,0.13333333333333333,0.005478185880500886,-0.1263627104291598,0.109375,-0.021611596807347647,0.2,0.013679536698363836,-0.030264660540033884,0.140625,-0.022147675175092956,0.26666666666666666,-0.011495887785705731,-0.20189478261883748,0.125,-0.030751279546738883,0.13333333333333333,-0.05171222804134121,-0.20892024582022656
2024-12-18,2024,644,65,0.034161490683229816,-0.027986167313933146,0.13846153846153847,-0.01792961348335408,0.06666666666666667,-0.04737720436608407,-0.14843868192592286,0.09230769230769231,-0.01921246052503262,0.06666666666666667,-0.002180435345829087,-0.10224960208524357,0.07692307692307693,-0.030231606901642134,0.13333333333333333,0.0023364157529470815,0.041069155153614055,0.07692307692307693,-0.04337217275288783,0.26666666666666666,-0.003381643738892115,-0.15448302137674397,0.09230769230769231,-0.03846145456602159,0.06666666666666667,-0.06881379649216762,-0.1749194047450232
2024-12-19,2024,643,65,0.03110419906687403,-0.041702366343718045,0.12307692307692308,-0.05412740679168323,0.13333333333333333,-0.11139547311795021,-0.2074732888506664,0.09230769230769231,-0.04827070815409905,0.06666666666666667,-0.08926760340644736,-0.19351135579293174,0.06153846153846154,-0.058751397744118104,0.13333333333333333,-0.036834529725657185,-0.001690652255285405,0.09230769230769231,-0.06578660781824185,0.13333333333333333,-0.08783199566694556,-0.23927688154632634,0.09230769230769231,-0.05998746792494534,0.2,-0.07198420201694787,-0.2531986861945045
2024-12-20,2024,643,65,0.03110419906687403,-0.04545867429262165,0.1076923076923077,-0.0701366133268924,0.2,-0.10306740148012432,-0.20149097783354852,0.09230769230769231,-0.043811068997055155,0.13333333333333333,-0.04667971890691578,-0.15632112477144086,0.046153846153846156,-0.048307047292140165,0.13333333333333333,0.007384912853575824,-0.0148707390672465,0.09230769230769231,-0.06496792236757448,0.13333333333333333,-0.08137242519811333,-0.2064939004632096,0.09230769230769231,-0.05563120215348737,0.13333333333333333,-0.07864438990822895,-0.22038191509983457
2024-12-23,2024,638,64,0.02037617554858934,-0.038544511564870335,0.078125,-0.05577458287447867,0.13333333333333333,-0.05001604369298763,-0.28138979161983163,0.0625,-0.037602929504998,0.13333333333333333,-0.011588514314549473,-0.23581215190604815,0.046875,-0.033715576027066846,0.13333333333333333,0.0013477556122818053,0.022204337205665666,0.078125,-0.049809330277985814,0.06666666666666667,-0.06537444574054575,-0.26423413748799207,0.09375,-0.045797392575976675,0.13333333333333333,-0.05080076081973025,-0.27408690395895186
2024-12-24,2024,638,64,0.0219435736677116,-0.04147508219062697,0.09375,-0.0678968243950164,0.13333333333333333,-0.03354716472888815,-0.2618443468735341,0.078125,-0.053119056536912505,0.13333333333333333,-0.03162369244172328,-0.19337804945128384,0.0625,-0.021589071341785105,0.2,0.027949299356434695,0.022115467157438663,0.09375,-0.05271506076447921,0.06666666666666667,-0.059281114858628206,-0.23693491335207917,0.109375,-0.046916518253573125,0.13333333333333333,-0.02678523009651288,-0.24248075532047636
2024-12-25,2024,638,64,0.017241379310344827,-0.01794022178068188,0.03125,-0.061656040610346,0.13333333333333333,-0.03297727692380667,-0.3242536910106477,0.046875,-0.03297954409993635,0.06666666666666667,-0.009289754899195368,-0.20667870372901245,0.03125,-0.035724638704519765,0.06666666666666667,-0.011582872168651044,-0.011136275575210419,0.03125,-0.059248043850208515,0.13333333333333333,-0.01965479182725054,-0.3602012760160951,0.03125,-0.044684108517329846,0.06666666666666667,-0.05036465009263875,-0.37875229253028975
2024-12-26,2024,635,64,0.012598425196850394,-0.030214639884633243,0.0625,-0.06397241545345538,0.13333333333333333,-0.032233274281326545,-0.2737608050528453,0.03125,-0.04188537933117166,0.06666666666666667,0.002906564122624748,-0.17804739507095363,0.046875,-0.03975174946019361,0.06666666666666667,-0.041710906320908264,-0.007147527130361285,0.0625,-0.05446708906615871,0.13333333333333333,-0.03834986034057002,-0.29984477842524726,0.0625,-0.05669051609468344,0.06666666666666667,-0.04338580592110009,-0.33459233715358955
2024-12-27,2024,637,64,0.02040816326530612,-0.019073849309323532,0.0625,-0.04991126624777857,0.13333333333333333,-0.02955125419152452,-0.20432934507639755,0.03125,-0.030644588533227116,0.06666666666666667,-0.04474753563158376,-0.14349430146336106,0.0625,-0.01882239706889975,0.2,-0.004392704588021568,-0.023443178921622693,0.078125,-0.034944010192865686,0.13333333333333333,-0.036691720398893075,-0.233171403561704,0.0625,-0.05715422968622859,0.2,0.018339370100541423,-0.2782190367858619
2024-12-30,2024,642,65,0.020249221183800622,-0.011600230218270325,0.07692307692307693,-0.022650993881380733,0.26666666666666666,0.03714118049086628,-0.15862843543557983,0.06153846153846154,-0.025773441762523972,0.13333333333333333,-0.010976508101480624,-0.10804245785131376,0.046153846153846156,-0.010532513453118094,0.13333333333333333,-0.0077351282567420295,-0.05920952220046644,0.06153846153846154,-0.020327537005891943,0.13333333333333333,-0.015337912111436173,-0.19423208738964093,0.046153846153846156,-0.039104976247168265,0.06666666666666667,-0.03245675384049941,-0.23922033278240493
2024-12-31,2024,643,65,0.01866251944012442,-0.021443719589911245,0.06153846153846154,-0.04007350437774595,0.06666666666666667,-0.017120435089548806,-0.15021506080928604,0.06153846153846154,-0.024229997963190603,0.13333333333333333,-0.042315527896790654,-0.11701918496146771,0.06153846153846154,-0.026800544134004112,0.13333333333333333,-0.008478559224667765,-0.034426208936871795,0.09230769230769231,-0.023251900956084714,0.2,0.027177853453984786,-0.17453198485834948,0.06153846153846154,-0.04143588102476791,0.13333333333333333,0.00405063286628072,-0.2195870194224402
2025-01-02,2025,642,65,0.024922118380062305,-0.016298669133129145,0.09230769230769231,-0.02296413206761544,0.13333333333333333,-0.030783389406511714,-0.1886285375056101,0.07692307692307693,-0.01637373751395426,0.06666666666666667,-0.04555431826716834,-0.20299067278660243,0.06153846153846154,-0.02027491785414023,0.13333333333333333,0.011727593194411811,-0.06914732093625313,0.1076923076923077,-0.005687044614015573,0.2,0.01797507841220986,-0.17269620196263352,0.06153846153846154,-0.030334650664599293,0.13333333333333333,-0.013155200633327853,-0.21721154265007858
2025-01-03,2025,642,65,0.03115264797507788,-0.003457158319608386,0.07692307692307693,-0.0013116685908604144,0.13333333333333333,0.009297623761864575,-0.10267233387739556,0.09230769230769231,0.0031355782975308884,0.13333333333333333,0.023545945077660422,-0.1011209550134119,0.06153846153846154,0.009202763177507092,0.13333333333333333,0.06399044885704773,-0.002259111315312619,0.1076923076923077,0.01858004701889334,0.13333333333333333,0.04379488289466149,-0.09672123203854852,0.06153846153846154,0.00843009035764658,0.13333333333333333,0.042849822793180045,-0.11914409635811575
2025-01-06,2025,638,64,0.02664576802507837,0.015173557840734205,0.09375,0.023483215452822177,0.2,0.03173480228325966,-0.08157950022734897,0.09375,0.020944499153527647,0.26666666666666666,0.11536591984373515,-0.08647631727201285,0.046875,0.017738024571497733,0.13333333333333333,0.058083319195829555,0.036616673438134933,0.109375,0.0428444255949338,0.13333333333333333,0.044738702858825974,-0.09861089075496814,0.078125,0.02835947409220177,0.06666666666666667,0.04211870470766203,-0.1109421039787389
2025-01-07,2025,639,64,0.028169014084507043,0.04984122790867521,0.109375,0.05358378907654829,0.2,0.07078260993235135,-0.055787382028315374,0.09375,0.052227906810470806,0.13333333333333333,0.11740841776721964,-0.05082625309668265,0.03125,0.036397268933725746,0.06666666666666667,0.05706182284687362,-0.09069379199227291,0.09375,0.047358577614584424,0.06666666666666667,0.07090759645951919,-0.0937565523856285,0.078125,0.049589320726081125,0.06666666666666667,0.03346312614384591,-0.0818827270433979
2025-01-08,2025,633,64,0.02843601895734597,0.04735235243270831,0.078125,0.022781525751370442,0.13333333333333333,0.02823972919961193,-0.09628064191946607,0.09375,0.05475819260934746,0.13333333333333333,0.07325111073452349,-0.054533428861884,0.03125,0.015038587950758697,0.13333333333333333,0.04651785969523374,-0.155881331555808,0.078125,0.03573461746370036,0.06666666666666667,0.034372706803275206,-0.10940054932395046,0.046875,0.0340113906727407,0.06666666666666667,0.010651814343307753,-0.10489396841090545
2025-01-09,2025,631,64,0.04754358161648178,0.054944692092442675,0.109375,0.029476035945021538,0.26666666666666666,0.05041861653663819,-0.007048023209235023,0.140625,0.06641593460782258,0.2,0.08484957845030423,0.05654010962010294,0.109375,0.04950964176887819,0.2,0.0852463517791401,-0.12006302271781384,0.125,0.05356023262830845,0.26666666666666666,0.11403821084428795,0.013726525699595227,0.109375,0.059604425633529294,0.13333333333333333,0.06465929834572147,0.03134671507173945
2025-01-10,2025,633,64,0.05055292259083728,0.06211818665064466,0.1875,0.05895346245990262,0.26666666666666666,0.04724248592651752,0.028308330597517754,0.140625,0.0738613257724147,0.3333333333333333,0.11173007924774538,0.0862064146626912,0.125,0.06455462810061496,0.26666666666666666,0.09819404939695911,-0.11658237419352854,0.15625,0.0641184852779933,0.3333333333333333,0.1279971798514574,0.06045513102656278,0.15625,0.06894179172976536,0.26666666666666666,0.12226868428075152,0.06766103242258396
2025-01-13,2025,634,64,0.06466876971608833,0.07318804301140606,0.1875,0.06297404344991694,0.26666666666666666,0.05745950163691857,0.15186088368357575,0.140625,0.09704599936277764,0.13333333333333333,0.10956449945719567,0.22435604445953466,0.203125,0.06871009728015119,0.3333333333333333,0.07793516082534016,-0.16930661972258879,0.1875,0.07810362010330488,0.26666666666666666,0.08120503198708807,0.2038235373406391,0.171875,0.07904132955978102,0.2,0.08470336837894792,0.21263567514930873
2025-01-14,2025,636,64,0.05817610062893082,0.06589804054424478,0.171875,0.04699912560146768,0.4,0.08996269330837169,0.07844106935300742,0.140625,0.05861382872787111,0.26666666666666666,0.09899086920388518,0.12910904881437543,0.171875,0.04802592066620203,0.3333333333333333,0.0494480360008945,-0.1326634242897926,0.171875,0.05920441631558729,0.3333333333333333,0.08080142065644953,0.11594317890176974,0.15625,0.06332566286375298,0.26666666666666666,0.06021916024221612,0.12420542662236092
2025-01-15,2025,637,64,0.0706436420722135,0.06390295604029303,0.1875,0.059623303714806376,0.4,0.0747879433256053,0.1291225736806181,0.171875,0.06907017897986298,0.3333333333333333,0.09801693430369678,0.16920559689404377,0.21875,0.05397103386645397,0.3333333333333333,0.07044690979901407,-0.1323912474932657,0.15625,0.061690035057876985,0.3333333333333333,0.09147489095250617,0.16179224623317942,0.1875,0.06766680630545743,0.13333333333333333,0.041283899782460616,0.18016447721810674
2025-01-16,2025,640,64,0.0625,0.0813798968575717,0.140625,0.05642828092163981,0.26666666666666666,0.1106459545420959,0.07002864463825885,0.15625,0.07400896909376137,0.4,0.12759473268945598,0.08843573724753068,0.15625,0.06405839546828138,0.3333333333333333,0.07524359514207223,-0.1504693417899018,0.140625,0.06771270921326522,0.13333333333333333,0.0649125792734519,0.08983951907220447,0.1875,0.07736414688535599,0.06666666666666667,0.056555938025908706,0.11060048454414348
2025-01-17,2025,640,64,0.0703125,0.0909362580962777,0.1875,0.07356498965499086,0.4,0.11636042645596252,0.06554184548134492,0.1875,0.09183508462903973,0.3333333333333333,0.11937008855643319,0.08875000286111755,0.1875,0.07282315154824455,0.4,0.07058062817883455,-0.1589937811417679,0.15625,0.07872865511752683,0.2,0.10648562151208317,0.08452038772738886,0.21875,0.09521533704650711,0.26666666666666666,0.10921392930690281,0.09894118858800144
2025-01-20,2025,634,64,0.056782334384858045,0.08625532827973621,0.140625,0.07145208709567541,0.13333333333333333,0.1340519509332813,0.010442507577274125,0.078125,0.07170474059048657,0.13333333333333333,0.10110108535685298,0.03455718075580964,0.078125,0.06427075934791426,0.13333333333333333,0.03707807880040968,-0.13213775821649837,0.0625,0.06875140743673847,0.06666666666666667,0.07827423296459228,0.007799619183638167,0.125,0.07253385721223823,0.13333333333333333,0.11458315726428416,0.019718892330470323
2025-01-21,2025,632,64,0.061708860759493674,0.08926525440852877,0.140625,0.05845966319659052,0.2,0.11676122403287947,-0.010752928540312325,0.09375,0.0762373259375337,0.2,0.0823279848883111,-0.005955571233240933,0.09375,0.050854692635682486,0.2,0.060291906904681225,-0.14008543723823913,0.09375,0.06655906670260497,0.13333333333333333,0.0725933332178765,-0.03346437011401444,0.140625,0.06203153873842468,0.13333333333333333,0.10202422568430633,-0.013856924749146057
2025-01-22,2025,629,63,0.058823529411764705,0.09965110838234571,0.12698412698412698,0.05539294424556736,0.2,0.09021551622804633,-0.1604068504146305,0.12698412698412698,0.07226164743403528,0.2,0.070685603874336,-0.1563597320416721,0.09523809523809523,0.05114138220306212,0.26666666666666666,0.057276279233406585,-0.114251782930394,0.1111111111111111,0.054980746255429834,0.13333333333333333,0.08146894725711709,-0.18613275054132633,0.14285714285714285,0.05377680295679439,0.13333333333333333,0.08944236468854232,-0.17440290875441236
2025-02-03,2025,628,63,0.06210191082802548,0.08433149530173659,0.19047619047619047,0.06168387443438559,0.4,0.07329534644984773,-0.02370953337886382,0.19047619047619047,0.07533147259698217,0.2,0.06274796733399617,-0.0196382341052581,0.1111111111111111,0.03129988770108268,0.26666666666666666,0.017728695006724006,-0.16003633059978448,0.14285714285714285,0.052112154635416144,0.26666666666666666,0.030075508422921334,-0.04595305686865864,0.15873015873015872,0.05128440989045791,0.13333333333333333,0.023689168666965375,-0.023605024304065112
2025-02-04,2025,624,63,0.0625,0.09090450333820813,0.14285714285714285,0.07210657615105692,0.26666666666666666,0.05439760389656301,-0.029137912045339373,0.14285714285714285,0.08212080677647648,0.2,0.08491731962553513,-0.0004397586463893896,0.06349206349206349,0.04016295102498123,0.2,0.050737763060514245,-0.23889884486792232,0.1111111111111111,0.06807530309012166,0.13333333333333333,0.05670252844964188,-0.017007803937992155,0.14285714285714285,0.07754484518019801,0.13333333333333333,0.04061160256535988,0.013664867758801654
2025-02-05,2025,620,62,0.04838709677419355,0.08565334538998749,0.06451612903225806,0.04601994288070145,0.13333333333333333,0.051166692076585016,-0.153271567781285,0.0967741935483871,0.06991609170968945,0.2,0.06863258705734501,-0.1676954127989583,0.03225806451612903,0.03055931013968623,0.13333333333333333,0.03760570651458054,-0.23921251865483617,0.04838709677419355,0.044181164368305804,0.06666666666666667,0.03895979208163029,-0.15147851888569405,0.06451612903225806,0.05565669138071003,0.06666666666666667,0.029146969758774132,-0.13661636855123327
2025-02-06,2025,619,62,0.04361873990306947,0.0747240352534903,0.08064516129032258,0.03982167457855397,0.0,-0.006680195588376677,-0.24106398246701422,0.0967741935483871,0.03861052957841072,0.06666666666666667,0.025499746888197235,-0.2717062923810603,0.03225806451612903,0.0153252167814887,0.06666666666666667,0.006162952917402172,-0.22298840781319085,0.03225806451612903,0.01863293565945527,0.0,0.0007766934262929404,-0.23236552290924029,0.03225806451612903,0.02349827962662888,0.0,-0.004321587434148589,-0.2263388031835286
2025-02-07,2025,620,62,0.041935483870967745,0.07775151109270263,0.06451612903225806,0.027731308104977884,0.0,-0.006155117355304695,-0.30530185854727315,0.08064516129032258,0.02684013889291634,0.13333333333333333,0.03070495590262084,-0.32567850238713775,0.03225806451612903,-0.0013188943757197892,0.0,-0.03992592924599492,-0.2762699688015815,0.03225806451612903,0.021931509622766347,0.0,-0.018319278617119482,-0.29161244763112715,0.03225806451612903,0.01786479088157331,0.0,-0.020918488608674866,-0.2752320815987443
2025-02-10,2025,620,62,0.03870967741935484,0.07331098476565313,0.0967741935483871,0.040221581358257714,0.06666666666666667,-0.0016317934762709375,-0.25662615409841755,0.06451612903225806,0.01797229096893719,0.13333333333333333,0.029528129837367086,-0.2867373950380066,0.016129032258064516,-0.003485544782976954,0.06666666666666667,-0.030928897074886767,-0.23126700156033286,0.04838709677419355,0.014456376730729916,0.0,-0.015206570187888483,-0.27936030401894396,0.016129032258064516,0.000834715967912632,0.0,-0.026018912305754593,-0.28259907725629196
2025-02-11,2025,622,63,0.03215434083601286,0.07753992344905121,0.06349206349206349,0.022595119080345092,0.06666666666666667,0.015472610119059671,-0.276263157866549,0.06349206349206349,0.01940251157056991,0.13333333333333333,0.06072092302797922,-0.2886312934022885,0.0,0.010854324031459098,0.0,-0.017468090682623064,-0.22377175511913078,0.0,0.010952909032727508,0.0,-0.015050224011343571,-0.3058631612674668,0.031746031746031744,0.01334835207958261,0.0,-0.0012198327825284627,-0.28780973805389887
2025-02-12,2025,622,63,0.03215434083601286,0.07244232101508233,0.047619047619047616,0.02237813048918407,0.06666666666666667,0.025612500124277546,-0.2941376788375526,0.06349206349206349,0.018577104870971035,0.13333333333333333,0.043741574323892585,-0.3187542151453936,0.031746031746031744,0.012659916976531942,0.0,0.01015355470894647,-0.22410103348652188,0.0,0.007290558640562937,0.0,0.025229519852505856,-0.3200628191770081,0.015873015873015872,0.012682822473347979,0.0,0.014420365622845358,-0.3104106551744447
2025-02-13,2025,628,63,0.022292993630573247,0.0631421504972051,0.06349206349206349,0.036875012275657565,0.0,0.016000417778052063,-0.2204439661349416,0.047619047619047616,0.016120695972748587,0.13333333333333333,0.025316566704404037,-0.25792659274461155,0.031746031746031744,0.010901764878860293,0.0,0.013067310205807188,-0.15192864024347072,0.031746031746031744,0.026729789989126604,0.0,-0.00735062046927469,-0.2891344977330742,0.031746031746031744,0.020040759073908645,0.0,0.033981400175927705,-0.29603278634936236
2025-02-14,2025,636,64,0.01729559748427673,0.04406890852648598,0.09375,0.041554263111657844,0.0,0.05645624594175235,-0.2048864238411888,0.078125,0.0238857025260545,0.06666666666666667,0.04344068124216045,-0.23015221790408316,0.0625,0.002096052678241596,0.0,-0.009077855440086834,-0.12471714349870068,0.046875,0.006582603757720715,0.0,-0.008144164127601269,-0.2762425545338264,0.046875,0.004537913891967187,0.0,-0.003977098706752817,-0.27694939979621663
2025-02-17,2025,637,64,0.015698587127158554,0.053408531276804734,0.078125,0.03234991096223475,0.13333333333333333,0.03898302182694676,-0.2157373753064949,0.078125,0.03512012486729096,0.13333333333333333,0.04613101744600658,-0.22385775388701365,0.046875,0.018119858091325786,0.06666666666666667,-0.007696037691806238,-0.1001041714447395,0.046875,0.03199601084453833,0.0,-0.017694320527216142,-0.2682093601652069,0.078125,0.017144409162181712,0.0,0.00089488159531154,-0.27081577935397877
2025-02-18,2025,639,64,0.010954616588419406,0.056060505010757405,0.03125,0.030000653419641365,0.06666666666666667,0.03455878988887519,-0.25751002276158313,0.046875,0.03232361468512078,0.06666666666666667,0.02639817793246538,-0.26937475538141104,0.015625,0.007105746513188255,0.0,-0.0417725132364907,-0.144773900298867,0.015625,0.02347396363805777,0.0,-0.028671457596960357,-0.33203475507792485,0.03125,7.314597923234988e-05,0.0,0.010919189885126909,-0.31180825469916323
2025-02-19,2025,637,64,0.007849293563579277,0.04092661506975276,0.015625,0.003441006004227802,0.0,0.01858183158128571,-0.2609485646216863,0.03125,0.021241033931518723,0.0,0.03531284027031638,-0.2655761065721474,0.0,-0.003103227009152649,0.0,-0.04480944147970791,-0.1259632299864974,0.0,-0.0032723122179896345,0.0,-0.004135472163439273,-0.30759692663432914,0.015625,-0.01487364954505402,0.0,-0.011805796899702632,-0.3026700278692548
2025-02-20,2025,643,65,0.00933125972006221,0.04074771242331157,0.015384615384615385,0.010553210521882989,0.0,0.039632677905951076,-0.25887959226353274,0.03076923076923077,0.015243054905332232,0.0,0.031662768797082116,-0.24323824992213056,0.0,0.003468224115843985,0.0,-0.023307347198942865,-0.08639860806373251,0.0,0.004013508673587354,0.0,0.007208288468410092,-0.3171178713001488,0.0,-0.010800893365219643,0.0,0.014046472274888377,-0.3026981188022042
2025-02-21,2025,643,65,0.00933125972006221,0.035482337850405124,0.03076923076923077,0.0036095112773836136,0.06666666666666667,0.02193497140706123,-0.2616659835480962,0.046153846153846156,0.010946024179582773,0.06666666666666667,0.013976079784724002,-0.25531381007824616,0.03076923076923077,0.012306267836871627,0.06666666666666667,-0.038496498082412484,-0.046910221836984824,0.015384615384615385,-0.011795524364126226,0.06666666666666667,0.0041031622012655125,-0.34509778989048784,0.03076923076923077,-0.00808083539358949,0.06666666666666667,-0.017294496987319493,-0.3241984799232054
2025-02-24,2025,645,65,0.007751937984496124,0.010775453611019876,0.03076923076923077,-0.010827798176892233,0.06666666666666667,0.0013279360070584205,-0.3003594609608781,0.03076923076923077,-0.019786882838052147,0.06666666666666667,-0.03485665752356867,-0.27906128724435103,0.03076923076923077,-0.005586158733432482,0.06666666666666667,-0.05425689496458319,-0.04428003553694014,0.015384615384615385,-0.03472091336389524,0.06666666666666667,0.0036395530132170783,-0.36526537413398674,0.03076923076923077,-0.029297533172354364,0.06666666666666667,0.025282106378681928,-0.3570352028466725
2025-02-25,2025,651,66,0.013824884792626729,0.011505408200896215,0.045454545454545456,-0.0017918113348443627,0.13333333333333333,0.03176456170744216,-0.283398613746224,0.045454545454545456,-0.010536099441097789,0.13333333333333333,0.06239759214511583,-0.26189774030633334,0.015151515151515152,-0.01146678978726571,0.06666666666666667,-0.0441709667999283,-0.05396036224484127,0.015151515151515152,-0.016216574177489534,0.06666666666666667,0.021016574062926275,-0.32085178741121634,0.030303030303030304,-0.021934827782437483,0.06666666666666667,0.015448564906142511,-0.32788299725477665
2025-02-26,2025,653,66,0.013782542113323124,0.025757883446019245,0.045454545454545456,0.01027267915971822,0.13333333333333333,0.04844294574742755,-0.27362079525855015,0.045454545454545456,0.01050622475218178,0.13333333333333333,0.04202734894510764,-0.2686891909835395,0.030303030303030304,0.0006462091471859068,0.06666666666666667,-0.043177465868498716,-0.05073545539718057,0.015151515151515152,-0.01892081899087681,0.06666666666666667,0.022523563430602807,-0.3588484561612016,0.030303030303030304,0.00035764188948893147,0.06666666666666667,0.022546921893740367,-0.347185636062508
2025-02-27,2025,657,66,0.0106544901065449,0.009006576906715016,0.045454545454545456,-0.011223150741171426,0.06666666666666667,-0.020236485203981306,-0.30738526281795603,0.06060606060606061,-0.010536748371163347,0.06666666666666667,-0.007224061135162044,-0.3090272654526922,0.030303030303030304,-0.012926859229011711,0.06666666666666667,-0.034073320417774736,0.01676846277850972,0.015151515151515152,-0.03300539683614679,0.06666666666666667,0.006166836616756751,-0.3610676414956263,0.030303030303030304,-0.020581886682041056,0.06666666666666667,-0.01290803120509787,-0.37004688455970436
2025-03-03,2025,659,66,0.013657056145675266,-0.011544024190361348,0.045454545454545456,-0.023706042416513574,0.13333333333333333,0.016083636559455942,-0.3266218175174182,0.07575757575757576,-0.01485319412425681,0.13333333333333333,0.05344187320843817,-0.3358956267205123,0.030303030303030304,-0.030660321863733783,0.06666666666666667,-0.05775951240064267,0.01894019367145848,0.030303030303030304,-0.04555209016661193,0.06666666666666667,-0.03427238731967427,-0.38812706879253955,0.06060606060606061,-0.03897880384570397,0.06666666666666667,-0.01185510900763939,-0.42025606091942697
2025-03-04,2025,663,67,0.00904977375565611,-0.020903063181392595,0.04477611940298507,-0.04557881595408531,0.13333333333333333,0.0033229497586554505,-0.37298139419572457,0.04477611940298507,-0.04333855331566663,0.13333333333333333,0.017478854523159396,-0.3560841370739541,0.04477611940298507,-0.04791103669048584,0.06666666666666667,-0.08216169254334572,-0.043427436505902244,0.029850746268656716,-0.07161910525619643,0.06666666666666667,-0.051250757785445064,-0.38966445499285196,0.04477611940298507,-0.05163855828393436,0.06666666666666667,-0.03208481436318255,-0.4483407011186759
2025-03-05,2025,663,67,0.00904977375565611,-0.009962406211412665,0.04477611940298507,-0.03203793824373272,0.13333333333333333,-0.0007017002154508475,-0.36709797664547766,0.04477611940298507,-0.03750118974064826,0.13333333333333333,0.008642083262100047,-0.34887829697194206,0.04477611940298507,-0.04208812022479728,0.06666666666666667,-0.08108869152884228,-0.03418723917832455,0.04477611940298507,-0.048830238887597334,0.06666666666666667,-0.045203313143850524,-0.4015891457714598,0.04477611940298507,-0.04492466410458838,0.13333333333333333,0.005611346371318001,-0.4444152165127858
2025-03-06,2025,669,67,0.007473841554559043,-0.006237422165122932,0.04477611940298507,-0.037239073333243757,0.2,0.0033342210927927033,-0.36569068607361993,0.04477611940298507,-0.0334310863215264,0.06666666666666667,-0.021088975147995036,-0.35251999887221075,0.04477611940298507,-0.03219104025359589,0.06666666666666667,-0.06053623029174729,-0.004001247461647398,0.04477611940298507,-0.044838374117227235,0.06666666666666667,-0.02206574718453207,-0.39669356949096735,0.029850746268656716,-0.0456078251045774,0.13333333333333333,0.012482876908772018,-0.43293175578296106
2025-03-07,2025,669,67,0.01046337817638266,-0.031698072976175384,0.07462686567164178,-0.0622627015078097,0.2,-0.014934040075015679,-0.3924529496658914,0.05970149253731343,-0.04967573526841007,0.2,-0.005199370717954229,-0.3768848488686238,0.04477611940298507,-0.06749939317639382,0.06666666666666667,-0.08592886861677723,0.039634482420723545,0.04477611940298507,-0.07847765265092296,0.13333333333333333,-0.02599638906327265,-0.4344751631867782,0.05970149253731343,-0.07051046692113576,0.13333333333333333,-0.031490822845247325,-0.5020520233878004
2025-03-10,2025,673,68,0.007429420505200594,-0.060656421288218326,0.058823529411764705,-0.09553916943435928,0.2,-0.053465352861192146,-0.4145408388222023,0.058823529411764705,-0.09471973136482362,0.2,-0.023251254021566012,-0.3804832168446286,0.04411764705882353,-0.09007977183926388,0.06666666666666667,-0.0770240938976068,0.15650113592760037,0.04411764705882353,-0.10270535957387718,0.13333333333333333,-0.05392920818537176,-0.454225565583926,0.04411764705882353,-0.10538094746651197,0.13333333333333333,-0.0691530800693276,-0.5229064875627282
2025-03-11,2025,673,68,0.007429420505200594,-0.07816776602994492,0.058823529411764705,-0.11678488540597357,0.13333333333333333,-0.09123668988532718,-0.42062854287762713,0.04411764705882353,-0.11270797536136783,0.2,-0.05546183469439121,-0.37637901265411794,0.04411764705882353,-0.10204064907180277,0.06666666666666667,-0.10837251865565031,0.16234361301826894,0.058823529411764705,-0.12474025601297051,0.13333333333333333,-0.07692432204740048,-0.4398948822809156,0.058823529411764705,-0.12840854533829704,0.13333333333333333,-0.07365156551187978,-0.5114595476031256
2025-03-12,2025,674,68,0.008902077151335312,-0.08924082860447305,0.058823529411764705,-0.13496110235885916,0.2,-0.08342913216027364,-0.44424586060756993,0.04411764705882353,-0.12268600502799414,0.2,-0.0681144470163306,-0.39102034520737805,0.029411764705882353,-0.13485305317409257,0.06666666666666667,-0.10349269851595035,0.0864644807636479,0.058823529411764705,-0.13362934134386661,0.13333333333333333,-0.07121328391192536,-0.43881880237465937,0.07352941176470588,-0.1356385298121833,0.13333333333333333,-0.08872087815942421,-0.511739194876558
2025-03-13,2025,673,68,0.007429420505200594,-0.06902398011325099,0.058823529411764705,-0.11079907178119291,0.2,-0.05910190839772477,-0.457986926235523,0.04411764705882353,-0.10224865391415706,0.2,-0.042197408268604915,-0.38232623848345343,0.029411764705882353,-0.10595449063594721,0.13333333333333333,-0.06498866049628883,0.100378254107098,0.04411764705882353,-0.1149372219082361,0.13333333333333333,-0.0554994305242432,-0.38563825934251994,0.058823529411764705,-0.11236953901987208,0.06666666666666667,-0.10025156741140039,-0.49345973216293454
2025-03-14,2025,677,68,0.007385524372230428,-0.055065316606302504,0.058823529411764705,-0.0886085764686614,0.2,-0.0373226724687431,-0.42721791392447284,0.04411764705882353,-0.07489205537626296,0.13333333333333333,-0.05700597973985737,-0.3536981683274799,0.04411764705882353,-0.07781189039892382,0.13333333333333333,-0.024361227071747496,0.09380356435058657,0.058823529411764705,-0.0881030951383776,0.13333333333333333,-0.002932658061382217,-0.3593540062012571,0.058823529411764705,-0.08723641131694604,0.13333333333333333,-0.02061661362740456,-0.4636825337550215
2025-03-17,2025,673,68,0.005943536404160475,-0.048759672507628936,0.029411764705882353,-0.08868143798366775,0.06666666666666667,-0.0817110477157823,-0.4243272264483591,0.029411764705882353,-0.07476957489108275,0.06666666666666667,-0.085287125337545,-0.3440672817643158,0.029411764705882353,-0.06672941086007657,0.06666666666666667,-0.011496331874410903,0.10859494537804133,0.04411764705882353,-0.09029544466571805,0.06666666666666667,-0.016819911385842202,-0.38569372804478697,0.029411764705882353,-0.09510502845499301,0.06666666666666667,-0.021882453881424624,-0.4977368060861409
2025-03-18,2025,666,67,0.006006006006006006,-0.04202024104011705,0.04477611940298507,-0.08131972281326895,0.13333333333333333,-0.0835416771986863,-0.4560992212692679,0.04477611940298507,-0.07540712236530608,0.13333333333333333,-0.06201380954841994,-0.3758342531640094,0.04477611940298507,-0.06064353227331513,0.13333333333333333,-0.022155630271748848,0.11126340250043439,0.04477611940298507,-0.09093648127838182,0.13333333333333333,-0.020262458021934812,-0.39863573598285196,0.04477611940298507,-0.0932475753232784,0.13333333333333333,-0.03876442280706145,-0.5209755414915993
2025-03-19,2025,669,67,0.005979073243647235,-0.04663651163832911,0.05970149253731343,-0.06850175118945778,0.26666666666666666,-0.002171978666910131,-0.41857357502383624,0.05970149253731343,-0.06452125325515043,0.2,-0.033156316759203726,-0.3553303107525359,0.04477611940298507,-0.062023602246019285,0.13333333333333333,-0.02921274782619415,0.11613883374182478,0.04477611940298507,-0.09046901237045206,0.13333333333333333,-0.021493418905416412,-0.37633417991004137,0.04477611940298507,-0.08922993477267793,0.13333333333333333,-0.020015896187732394,-0.4935874720006477
2025-03-20,2025,670,67,0.007462686567164179,-0.04447456391502704,0.07462686567164178,-0.0730074636948026,0.26666666666666666,-0.010573740123776994,-0.4449505162431745,0.07462686567164178,-0.05924569107350207,0.13333333333333333,-0.09112419485071548,-0.3700309343926149,0.04477611940298507,-0.06082547112016183,0.13333333333333333,-0.0508299029300956,0.09851255229919756,0.04477611940298507,-0.09985935902968637,0.13333333333333333,-0.05761473051385949,-0.4209476698760779,0.04477611940298507,-0.10108632766059365,0.13333333333333333,-0.07037484866145105,-0.5265754989994923
2025-03-21,2025,661,67,0.006051437216338881,-0.03924899729618483,0.05970149253731343,-0.0703206564302478,0.06666666666666667,-0.04694838084468132,-0.3839303262017177,0.05970149253731343,-0.052997313278092956,0.13333333333333333,-0.032078661636110534,-0.3437799710059538,0.029850746268656716,-0.07192141188723726,0.13333333333333333,-0.038133995011694004,0.0963335072228576,0.04477611940298507,-0.08632675079918212,0.13333333333333333,-0.008360702227799277,-0.4220395055305998,0.04477611940298507,-0.09509004886220931,0.13333333333333333,-0.06299167788078934,-0.49599376906395937
2025-03-24,2025,664,67,0.004518072289156626,-0.04747250332454997,0.04477611940298507,-0.06160645018420966,0.13333333333333333,-0.008193156053233371,-0.3899161873192574,0.04477611940298507,-0.06483997162521751,0.13333333333333333,-0.0031700742633698226,-0.313297338298385,0.014925373134328358,-0.06224669041168054,0.06666666666666667,-0.03142257217229507,0.12916403510588462,0.029850746268656716,-0.08052507874009726,0.06666666666666667,-0.04072297537890788,-0.36088263621830474,0.029850746268656716,-0.08641102214264261,0.06666666666666667,-0.07241074293739623,-0.42765777884406486
2025-03-25,2025,671,68,0.005961251862891207,-0.02834694321870869,0.058823529411764705,-0.034243430550864026,0.13333333333333333,0.033077837609982036,-0.4000631158662722,0.058823529411764705,-0.021335010137989545,0.2,0.0632093182425506,-0.33707325639234886,0.029411764705882353,-0.030921182979715578,0.06666666666666667,0.016251846268942303,0.17080678849875983,0.04411764705882353,-0.0590875928595497,0.13333333333333333,-0.026044869905484967,-0.35661235021401405,0.04411764705882353,-0.054808245443738045,0.0,-0.07805321569807305,-0.43967203581835346
2025-03-26,2025,668,67,0.005988023952095809,-0.04049518142507707,0.05970149253731343,-0.03548047038529183,0.06666666666666667,-0.023124636152214117,-0.3699055262097784,0.05970149253731343,-0.03329148723166766,0.13333333333333333,0.028170509228446484,-0.2987921716025634,0.04477611940298507,-0.032439011546235796,0.06666666666666667,-0.0028740712915218997,0.20322576560916197,0.04477611940298507,-0.056460041558866365,0.13333333333333333,0.006925367816376604,-0.31881474716338193,0.05970149253731343,-0.04285701963457032,0.0,-0.07185388019543791,-0.38508488804424806
2025-03-27,2025,662,67,0.006042296072507553,-0.047536934076010895,0.05970149253731343,-0.04391782277587106,0.13333333333333333,0.04208060159305242,-0.32915627180392887,0.05970149253731343,-0.03378563631892869,0.2,0.06786469311584792,-0.27996918896750783,0.04477611940298507,-0.037058638292807505,0.06666666666666667,0.001549063877999098,0.15624765460885648,0.04477611940298507,-0.046957520829015144,0.13333333333333333,0.02003511883550102,-0.2988803898081541,0.05970149253731343,-0.038406919584067084,0.06666666666666667,-0.026149645790169717,-0.35049041926435265
2025-03-28,2025,658,66,0.007598784194528876,-0.0205289516053069,0.07575757575757576,-0.00593149614082583,0.26666666666666666,0.11723650107196347,-0.2722495718815259,0.07575757575757576,-0.006348882470150617,0.3333333333333333,0.13387256669828146,-0.22997545038422026,0.045454545454545456,-0.011616147124908046,0.2,0.08208184308617013,0.1094564769666332,0.06060606060606061,-0.016475480281476787,0.26666666666666666,0.07592417681086389,-0.24063020708296393,0.07575757575757576,-0.006428227959325311,0.13333333333333333,0.0217222429933121,-0.2661337711057347
2025-03-31,2025,668,67,0.008982035928143712,-0.021822438957001304,0.08955223880597014,-0.006077741692264486,0.26666666666666666,0.053039589148723636,-0.17070134292033434,0.08955223880597014,0.0012559697384349718,0.13333333333333333,0.01734454010012855,-0.11381686431093145,0.07462686567164178,-0.013175389892856746,0.2,0.04890896078207238,0.0034053495163255164,0.08955223880597014,-0.005368033816238648,0.2,0.03770254212061719,-0.12486754091607873,0.07462686567164178,-0.001684195369650178,0.2,0.060763931909712326,-0.12738366970419113
2025-04-01,2025,667,67,0.0074962518740629685,-0.03398131812444962,0.07462686567164178,-0.027293734516902944,0.26666666666666666,0.0683719164103362,-0.1731661890047217,0.07462686567164178,-0.012650069716981509,0.2,0.03636905032001625,-0.1312593897797298,0.05970149253731343,-0.014763939020975631,0.2,0.041738116336356476,0.06934966945876368,0.07462686567164178,-0.01757773176671708,0.2,0.038555209518483055,-0.13976343366309485,0.05970149253731343,-0.017550534024741604,0.2,0.03515615963498034,-0.13088766934170515
2025-04-02,2025,663,67,0.006033182503770739,-0.052169050368584456,0.05970149253731343,-0.06709814980846418,0.2,0.03675818892912489,-0.25774844394562685,0.05970149253731343,-0.05687903083904452,0.26666666666666666,0.05554714609805867,-0.22637494481428902,0.04477611940298507,-0.03885858180455331,0.13333333333333333,-0.007087945301229996,0.12401840300111475,0.05970149253731343,-0.04668513576252189,0.13333333333333333,-0.00940353822111666,-0.2553062652872301,0.04477611940298507,-0.06299872700039447,0.13333333333333333,0.013781851788182468,-0.2440079515438303
2025-04-07,2025,664,67,0.025602409638554216,-0.04517159282396888,0.08955223880597014,-0.05110255106332169,0.26666666666666666,0.07502909670524613,-0.19428743586664018,0.1044776119402985,-0.034028746559428086,0.06666666666666667,-0.05813716083100737,-0.19521090606786812,0.08955223880597014,-0.017916925955360888,0.2,0.0252936134001295,0.12191463866562267,0.1044776119402985,-0.037783209255910416,0.26666666666666666,0.018125084451773174,-0.2083979229331364,0.08955223880597014,-0.05241134317466645,0.26666666666666666,0.04705744169863073,-0.21379637028235043
2025-04-08,2025,673,68,0.09212481426448738,-0.010104411256663856,0.20588235294117646,-0.0023632713825183617,0.3333333333333333,0.04482653371790835,0.04876399861410914,0.1323529411764706,-0.0070125191994393045,0.13333333333333333,-0.012164796036665744,0.10615043343686736,0.14705882352941177,-0.007653021660873453,0.26666666666666666,0.035096973545064705,-0.07048836475969532,0.23529411764705882,0.0009664016238421095,0.26666666666666666,0.03085067414730008,0.09967301021572925,0.20588235294117646,-0.0032176243223383427,0.4,0.05211603948851626,0.10184223417076126
2025-04-09,2025,671,68,0.3323397913561848,0.03353681239037609,0.47058823529411764,0.06835105159167497,0.6666666666666666,0.15007397969368463,0.32707440284208084,0.35294117647058826,0.04371997731077766,0.4666666666666667,0.053600725689802814,0.3846409623293546,0.35294117647058826,0.04507728464719423,0.6666666666666666,0.10962843466873529,-0.2696445561880097,0.5,0.06698717082460223,0.6,0.12999895851827958,0.3968670459709119,0.5147058823529411,0.08402543474337604,0.6666666666666666,0.12271071933257592,0.39928288618648294
2025-04-10,2025,682,69,0.10997067448680352,0.029831248571446062,0.2318840579710145,0.04772204718389121,0.4,0.1248574978373667,0.24300894859346556,0.15942028985507245,0.05301209497786058,0.13333333333333333,0.04807237318556659,0.37441779884151377,0.14492753623188406,0.03197509640293768,0.4,0.11303403383376898,-0.26759305633518526,0.2753623188405797,0.07608637252040724,0.26666666666666666,0.10218220595950092,0.4143758289714658,0.2608695652173913,0.06531343475721618,0.4666666666666667,0.1234423099976378,0.39378950367095256
2025-04-11,2025,686,69,0.09183673469387756,0.04727766500296527,0.30434782608695654,0.09674489309828022,0.4666666666666667,0.1413205074375839,0.45757417637996084,0.2028985507246377,0.10441516811253207,0.13333333333333333,0.08360792532771841,0.48661110842446276,0.17391304347826086,0.06368375747332639,0.4666666666666667,0.15283127951211536,-0.25582547319067545,0.3333333333333333,0.11321463316455278,0.4666666666666667,0.17432662192491838,0.5030620654944703,0.2753623188405797,0.10760960802543135,0.4666666666666667,0.16294958524445918,0.5235651089556403
2025-04-14,2025,683,69,0.07613469985358712,0.014771228027709256,0.2898550724637681,0.07439866225851793,0.4666666666666667,0.10106818009332635,0.4331837265886838,0.2028985507246377,0.07975026144895485,0.0,0.03472905448691051,0.4340589611538813,0.15942028985507245,0.028570878901682636,0.4666666666666667,0.11646969520873844,-0.245513030969411,0.2753623188405797,0.06677375872223194,0.5333333333333333,0.15625332269454784,0.4383448994013094,0.2463768115942029,0.07853950193221762,0.4666666666666667,0.14593757147952172,0.48593948192120634
2025-04-15,2025,686,69,0.04081632653061224,-0.026971979853368685,0.11594202898550725,0.006578260094450509,0.2,-0.022188995425564094,0.3194485986185105,0.11594202898550725,0.01034973365894705,0.06666666666666667,-0.0032525298626189763,0.2713340068439744,0.07246376811594203,-0.027592606041589772,0.3333333333333333,0.04608720470041029,-0.277634099567077,0.14492753623188406,0.004063504658489543,0.3333333333333333,0.03425022403726719,0.34395783576572153,0.15942028985507245,0.016519753001060247,0.2,0.01984275781937511,0.3564992975608605
2025-04-16,2025,684,69,0.06578947368421052,-0.026676884919884705,0.2318840579710145,0.015153143849644198,0.26666666666666666,-0.05053434476493835,0.35270840115878405,0.2463768115942029,0.01863249997704054,0.26666666666666666,0.03989872292193932,0.3383432531582215,0.11594202898550725,-0.046276039820624525,0.4,-0.01334612937818985,-0.3434236574952255,0.2463768115942029,0.011676162536822049,0.4,-0.021397764858349915,0.3926039475582056,0.30434782608695654,0.03615557642145464,0.26666666666666666,0.032150256601338904,0.4316649271107951
2025-04-17,2025,679,68,0.07216494845360824,-0.03603358055238022,0.19117647058823528,-0.024495758328696347,0.3333333333333333,-0.07113432608465663,0.3063677637828236,0.27941176470588236,0.0051498845032378945,0.3333333333333333,0.039858605848062646,0.3111518467447953,0.11764705882352941,-0.04585919807481126,0.4,0.0037234687474607822,-0.2910787615579603,0.23529411764705882,0.0033710552185778407,0.3333333333333333,-0.0501506850740107,0.3475984755730593,0.27941176470588236,0.009413305042149062,0.4666666666666667,0.01403499547576083,0.38794863990665146
2025-04-18,2025,679,68,0.07511045655375552,-0.03284216818160013,0.25,-0.02571555252253568,0.26666666666666666,-0.10501165986308356,0.21187691470971254,0.25,-0.004733428222972876,0.26666666666666666,0.025081748467577086,0.23324796476399154,0.10294117647058823,-0.04925945501760102,0.3333333333333333,-0.048003893064452983,-0.2436984681603411,0.23529411764705882,-0.011976016011624065,0.4,-0.061426696860233485,0.27446033931073976,0.27941176470588236,-0.011457569788141763,0.4666666666666667,-0.0006918425946494574,0.2907941483439051
2025-04-21,2025,675,68,0.11407407407407408,-0.020278221159359434,0.22058823529411764,0.00649956403647761,0.4,-0.03674462598768575,0.3024876516599,0.23529411764705882,0.0331930116522167,0.06666666666666667,0.0076321412914332,0.3515037142374799,0.1323529411764706,-0.040006164537947385,0.26666666666666666,-0.02938668184640419,-0.26545702203152954,0.3235294117647059,0.018497678243818462,0.3333333333333333,-0.02281313659609833,0.3749109377695633,0.3235294117647059,0.037755710255296206,0.4666666666666667,0.062820036399247,0.40027717592239176
2025-04-22,2025,670,67,0.14626865671641792,-0.035306451061168094,0.3582089552238806,-0.004928828069857818,0.4,-0.039892308709640875,0.30121824636289735,0.3582089552238806,0.034815282343960974,0.3333333333333333,0.04701356228877328,0.37065990653688363,0.1791044776119403,-0.04916037148451415,0.4,-0.01854283804631181,-0.3106587086476751,0.417910447761194,0.015574262458106041,0.3333333333333333,-0.037229449743893424,0.410571892187638,0.47761194029850745,0.04496033132299815,0.6,0.0862739379788408,0.42022592072189074
2025-04-23,2025,674,68,0.08902077151335312,-0.016062882826929803,0.25,0.0063487389097188944,0.3333333333333333,-0.03388576249131102,0.22696546942319765,0.27941176470588236,0.03622869405323425,0.3333333333333333,0.11093222807811284,0.22102811245783677,0.1323529411764706,-0.033263487651905475,0.26666666666666666,-0.0422319655653345,-0.21104808210110965,0.3088235294117647,0.05179203873803516,0.2,-0.008224231331401191,0.31091590211544673,0.38235294117647056,0.04484907561915179,0.6,0.10714697331531199,0.2878177597063634
2025-04-24,2025,668,67,0.08682634730538923,-0.020327087635812726,0.16417910447761194,-0.008616986635567026,0.13333333333333333,-0.06126555195021499,0.16165220234574423,0.22388059701492538,0.015249348783640329,0.2,0.05578906508491179,0.15991133079760683,0.05970149253731343,-0.05678966445898628,0.13333333333333333,-0.05979124856354439,-0.2249334242253199,0.2537313432835821,0.03649056125331986,0.06666666666666667,-0.027941649454740335,0.267222984844212,0.34328358208955223,0.04159427119126304,0.3333333333333333,-0.014046775399633615,0.23805488800971117
2025-04-25,2025,665,67,0.07368421052631578,-0.0122608481911612,0.14925373134328357,-0.020749218408546752,0.0,-0.08384250850414436,0.08456073924391673,0.1791044776119403,0.01686601686119158,0.2,0.015077721620889302,0.09906631602885088,0.04477611940298507,-0.044552541060441174,0.0,-0.0832956149569485,-0.1542457859402346,0.22388059701492538,0.02258300330757976,0.13333333333333333,-0.025059887265465538,0.16594482141066627,0.26865671641791045,0.028329015996077494,0.2,-0.033454820188115665,0.12357311917424953
2025-04-28,2025,665,67,0.06315789473684211,-0.015329620542766646,0.13432835820895522,-0.031820355616306896,0.06666666666666667,-0.0771447530461212,0.00881857125908345,0.14925373134328357,-0.01646990165045572,0.06666666666666667,-0.04269720523607149,0.03356158226422249,0.029850746268656716,-0.041317248162670184,0.0,-0.07065086417752149,-0.11088963882134996,0.1791044776119403,0.004630353596158971,0.06666666666666667,-0.09345050005424418,0.09152740728484064,0.208955223880597,-0.003999232578352785,0.06666666666666667,-0.09370612550254782,0.039843038057844074
2025-04-29,2025,657,66,0.0487062404870624,-0.036945964665894164,0.12121212121212122,-0.058872301370161084,0.0,-0.145424876025371,-0.10257923535147437,0.09090909090909091,-0.058877411895072895,0.06666666666666667,-0.10566429485201802,-0.06599657740800258,0.015151515151515152,-0.06806064224113674,0.0,-0.10920396708477081,-0.047745807665736016,0.13636363636363635,-0.03807816676614054,0.13333333333333333,-0.08084134599734055,-0.00618171721606898,0.15151515151515152,-0.041286742102382167,0.06666666666666667,-0.12428820644554602,-0.0705264282900272
2025-04-30,2025,647,65,0.05564142194744977,-0.022676691845371896,0.06153846153846154,-0.05959119470415042,0.0,-0.07547699357092155,-0.03361537234924723,0.06153846153846154,-0.04335578555621076,0.06666666666666667,-0.05765930424510746,-0.0033487037862387735,0.03076923076923077,-0.052258574896039765,0.06666666666666667,-0.0765505369728809,-0.07043046050404603,0.12307692307692308,-0.020900287856387794,0.0,-0.12075640792423599,0.061565086143194066,0.16923076923076924,-0.016859238974463654,0.06666666666666667,-0.08583062426217158,-0.000995461793031485
2025-05-02,2025,646,65,0.029411764705882353,-0.008676883383998338,0.06153846153846154,-0.018683436586402417,0.0,-0.06765250505415195,-0.0922537985951803,0.06153846153846154,-0.010391532065691123,0.06666666666666667,-0.057061709511798904,-0.0008892546456963506,0.06153846153846154,-0.007542348185801419,0.13333333333333333,0.0016534438253427005,0.09148239161182815,0.09230769230769231,0.013753932004921266,0.06666666666666667,-0.042006038264294096,-0.02228469248782457,0.07692307692307693,-0.01606283113843076,0.06666666666666667,-0.07251693547382262,-0.10099544662897222
2025-05-05,2025,653,66,0.055130168453292494,-0.0012174040157771381,0.12121212121212122,0.004808647072733031,0.0,-0.01231407004794729,0.023657101405608446,0.06060606060606061,-0.0016042145542602298,0.06666666666666667,-0.010719522789798094,0.024122609562357095,0.045454545454545456,0.006031676423191651,0.06666666666666667,0.04395244420461063,-0.016766495994787023,0.16666666666666666,0.03897997438737296,0.0,-0.015199801412082038,0.20197039367193925,0.18181818181818182,0.0177277316985817,0.0,-0.028927041447197963,0.11377480166086014
2025-05-06,2025,655,66,0.04885496183206107,-0.02542637656914137,0.06060606060606061,-0.028087556159449842,0.0,-0.0780969114379721,0.06968401807062967,0.07575757575757576,-0.02324730029473282,0.06666666666666667,-0.02886306323919329,0.04498351290479402,0.045454545454545456,-0.036571182096995,0.13333333333333333,0.00875240717783862,-0.1460231593374252,0.16666666666666666,0.018624456869915644,0.06666666666666667,-0.010235121588861943,0.25444692513299194,0.15151515151515152,-0.0008049420544689146,0.0,-0.09387180579942997,0.14748508677730457
2025-05-07,2025,636,64,0.05817610062893082,-0.027472420089515035,0.15625,-0.029455944117562777,0.06666666666666667,-0.08122526830228155,0.07012523070640315,0.078125,-0.04268312601302018,0.13333333333333333,-0.0523551482448973,0.0643326356312261,0.0625,-0.04506855556522653,0.13333333333333333,-0.019440142675443316,-0.1695142157598218,0.203125,0.01750078983254855,0.2,-0.05004232757533744,0.23021555065232327,0.171875,-0.003764041941466118,0.06666666666666667,-0.0872887056289642,0.16315622101775523
2025-05-08,2025,615,62,0.04552845528455285,-0.027230123580508178,0.11290322580645161,-0.024354569936855187,0.06666666666666667,-0.08421823638615202,-0.003167129067907956,0.08064516129032258,-0.043310087930801974,0.06666666666666667,-0.07793209688483724,-0.004883083997446319,0.06451612903225806,-0.04036382894544177,0.13333333333333333,-0.052066074783040914,-0.12875990032589468,0.16129032258064516,-0.0012434979531826603,0.2,-0.02648413582870587,0.1025198206414472,0.16129032258064516,-0.010140104933045534,0.06666666666666667,-0.08716885249898843,0.05430051724730834
2025-05-09,2025,614,62,0.03908794788273615,-0.033605791964049926,0.11290322580645161,-0.027517021542122686,0.13333333333333333,-0.09178566029849486,-0.027796362244011042,0.12903225806451613,-0.02353086485684667,0.13333333333333333,-0.04019075599259768,-0.027054069387251557,0.08064516129032258,-0.04834265607672774,0.2,-0.02149086998210669,-0.11263066689127013,0.11290322580645161,-0.02194122254560551,0.2,-0.02253138876740241,0.05952845520324329,0.14516129032258066,-0.021168735504084393,0.13333333333333333,-0.07139399449920535,0.029425508046301445
2025-05-12,2025,607,61,0.032948929159802305,-0.056094527231788836,0.08196721311475409,-0.06217095355180145,0.13333333333333333,-0.06795089180528611,-0.061968663632649475,0.08196721311475409,-0.0602784804665945,0.13333333333333333,-0.0739351513821316,-0.03912638097220433,0.06557377049180328,-0.06340551764692198,0.2,-0.01939248541712341,-0.08133294715473546,0.06557377049180328,-0.05885951521692493,0.2,-0.04430453834719216,-0.014508038520339522,0.04918032786885246,-0.07068096509201244,0.13333333333333333,-0.10103604354469062,-0.031010086588080316
2025-05-13,2025,605,61,0.03966942148760331,-0.04329287191138666,0.08196721311475409,-0.0517155814265365,0.13333333333333333,-0.06498887751868615,-0.046374652643869994,0.13114754098360656,-0.035347043671267696,0.2,-0.02545617195364853,-0.009970260674306865,0.08196721311475409,-0.05062764449002702,0.26666666666666666,-0.020374486194538795,-0.062064043594638754,0.08196721311475409,-0.048746284291139315,0.13333333333333333,-0.052886250945832464,-0.016562008228191007,0.03278688524590164,-0.06663752049887912,0.13333333333333333,-0.08755037271835325,-0.023142484317521722
2025-05-14,2025,609,61,0.027914614121510674,-0.03260447203040643,0.09836065573770492,-0.014929413189371722,0.13333333333333333,-0.04380003220798821,-0.05451935667953934,0.11475409836065574,-0.021839713169614663,0.26666666666666666,-0.00692210737769452,-0.008784220768722666,0.06557377049180328,-0.028790059874246758,0.2,-0.0019687194212256657,0.01702148074625662,0.06557377049180328,-0.02938706392284046,0.06666666666666667,-0.014864703615837716,-0.03760742856332268,0.03278688524590164,-0.055539467101661286,0.13333333333333333,-0.057338120041616876,-0.06952666800870197
2025-05-15,2025,608,61,0.027960526315789474,-0.04905574791421859,0.06557377049180328,-0.055358735320659526,0.06666666666666667,-0.06732171827009946,-0.1387999772339092,0.09836065573770492,-0.035922685917986044,0.26666666666666666,0.019092682986493418,-0.039839392003397436,0.06557377049180328,-0.045150299542862184,0.2,-0.03040758500934606,0.11689678909075192,0.06557377049180328,-0.058883468230427144,0.13333333333333333,-0.027617776153417244,-0.1194082963321771,0.04918032786885246,-0.07756855546204981,0.13333333333333333,-0.055408057242234604,-0.1477210004411617
2025-05-16,2025,611,62,0.027823240589198037,-0.04610725137099807,0.11290322580645161,-0.046366930052665206,0.13333333333333333,-0.03990920435649796,-0.10490991540547166,0.11290322580645161,-0.04281479170974197,0.3333333333333333,0.01805797567604317,-0.02682909455500002,0.06451612903225806,-0.04512257455842736,0.2,-0.00941067406716712,0.07372554977828442,0.08064516129032258,-0.05203530411424912,0.13333333333333333,-0.019013835615687858,-0.0666677135839071,0.06451612903225806,-0.059947693604777745,0.13333333333333333,-0.03992437348360445,-0.09968024833934239
2025-05-19,2025,619,62,0.03715670436187399,-0.04649613660219207,0.08064516129032258,-0.05680938690343074,0.13333333333333333,-0.031969525876804794,-0.09228978233837372,0.12903225806451613,-0.039354665974285795,0.13333333333333333,-0.03856673567927953,-0.046676724006863006,0.04838709677419355,-0.0533513462319122,0.13333333333333333,0.0015531851106116731,0.0008737561058289942,0.08064516129032258,-0.031588780852701025,0.06666666666666667,-0.02209692497770505,0.005127229805872293,0.06451612903225806,-0.039232970817073325,0.06666666666666667,-0.03683548287199933,-0.04327621170888322
2025-05-20,2025,619,62,0.03715670436187399,-0.05052349890481308,0.08064516129032258,-0.06180972921784714,0.2,-0.060801793565833186,-0.04716069723915201,0.16129032258064516,-0.02304408123018284,0.13333333333333333,-0.057709986319356775,0.004115551147015281,0.04838709677419355,-0.0645562034960685,0.13333333333333333,-0.02881583969095473,-0.058551207419908206,0.0967741935483871,-0.05064661176434558,0.0,-0.0770699305301121,0.010401110972395648,0.04838709677419355,-0.05367679251519047,0.06666666666666667,-0.05767558737295058,-0.0221465400315995
2025-05-21,2025,619,62,0.033925686591276254,-0.050183212654200574,0.0967741935483871,-0.05319164297868524,0.13333333333333333,-0.08512201916565428,-0.07802226602669092,0.12903225806451613,-0.030245076585882928,0.13333333333333333,-0.08570340005656307,-0.03186002881918038,0.04838709677419355,-0.05085891498115643,0.13333333333333333,-0.024739288905283933,0.03270542912525221,0.0967741935483871,-0.048402347501497474,0.06666666666666667,-0.07508129670303933,-0.04178199046382587,0.08064516129032258,-0.03950181783745226,0.06666666666666667,-0.05626232688392078,-0.04745439330041328
2025-05-22,2025,619,62,0.030694668820678513,-0.06586456880273765,0.06451612903225806,-0.0905983150798651,0.06666666666666667,-0.10486902566950095,-0.14243491007385642,0.11290322580645161,-0.05365351416650454,0.13333333333333333,-0.08779359152211415,-0.07490780512447935,0.04838709677419355,-0.06009572075890294,0.13333333333333333,-0.05689343805357791,0.06116621270391634,0.06451612903225806,-0.0726429816969621,0.06666666666666667,-0.09619874799869474,-0.10750402131969984,0.06451612903225806,-0.07159920399127341,0.0,-0.09333049284325695,-0.09773481511646268
2025-05-23,2025,621,63,0.030595813204508857,-0.06547124050808813,0.06349206349206349,-0.0867651634294251,0.0,-0.1547480839773925,-0.12595730703896343,0.1111111111111111,-0.04624205997301722,0.06666666666666667,-0.11114547192040487,-0.052670231397239434,0.047619047619047616,-0.06422314869351378,0.13333333333333333,-0.05351438598903102,0.07849774070181388,0.047619047619047616,-0.07875968173018728,0.0,-0.11965396927201717,-0.09635362875513226,0.06349206349206349,-0.06888035378912423,0.0,-0.09964823800847458,-0.07155874774647428
2025-05-26,2025,623,63,0.03531300160513644,-0.06414099944694131,0.09523809523809523,-0.07449082973459038,0.0,-0.1673808034852095,-0.03998313077058188,0.07936507936507936,-0.06363043817000046,0.06666666666666667,-0.08995222682955738,0.0053418068556616875,0.031746031746031744,-0.08007757386387758,0.13333333333333333,-0.06251946301311531,-0.024220212825396766,0.047619047619047616,-0.08309105662173871,0.0,-0.12419529145634393,-0.006064426441734484,0.06349206349206349,-0.06861627667554693,0.0,-0.11606920595733877,0.033361590979952865
2025-05-27,2025,624,63,0.03205128205128205,-0.07757018507264384,0.06349206349206349,-0.10338012444832301,0.0,-0.14663814586400842,-0.0330079941514333,0.1111111111111111,-0.06631811588628653,0.0,-0.13786369247973593,0.012451167482957493,0.047619047619047616,-0.09210732705608211,0.13333333333333333,-0.08807595053007367,-0.07220580301488196,0.031746031746031744,-0.094204977717663,0.0,-0.1286363768247364,0.016417838115150615,0.07936507936507936,-0.07176449411896635,0.0,-0.12236602047874741,0.05544552597260285
2025-05-28,2025,626,63,0.036741214057507986,-0.0673390820652761,0.06349206349206349,-0.08231130117050092,0.0,-0.16005556262181342,-0.0010379691680013287,0.07936507936507936,-0.06304018016897106,0.0,-0.14890268761910194,0.04086080902674989,0.047619047619047616,-0.07565220102571031,0.13333333333333333,-0.06727030933483949,-0.08324061630933276,0.031746031746031744,-0.08709054082929925,0.0,-0.12525791168768902,0.04346918411326438,0.07936507936507936,-0.05794026075064602,0.0,-0.09146432853995175,0.05932173075819461
2025-05-29,2025,623,63,0.033707865168539325,-0.0646081524112979,0.06349206349206349,-0.07723477076559514,0.0,-0.14085524457788795,-0.08176455111166406,0.07936507936507936,-0.06301798640926402,0.0,-0.14456852299441844,-0.03394675958537073,0.047619047619047616,-0.07798472061255791,0.13333333333333333,-0.04443018447542581,-0.01513488463926255,0.031746031746031744,-0.08834616200223434,0.06666666666666667,-0.10356913754836722,0.0010306792777424805,0.09523809523809523,-0.06168790135900453,0.0,-0.08765577195987712,0.0038501405679841226
2025-06-02,2025,620,62,0.04838709677419355,-0.08137925890471666,0.08064516129032258,-0.11522880316750414,0.06666666666666667,-0.16847444249473428,-0.036573750755894356,0.0967741935483871,-0.08763210013285017,0.0,-0.17499823538498405,0.00017119313052318673,0.04838709677419355,-0.10910376185753806,0.13333333333333333,-0.12108030926197554,-0.08610863520945265,0.06451612903225806,-0.09482297921026912,0.0,-0.13492786364235776,0.048709833182366026,0.06451612903225806,-0.08647411019212392,0.0,-0.131789129919368,0.0543709382541641
2025-06-03,2025,612,62,0.04738562091503268,-0.07598364228653409,0.04838709677419355,-0.11565068334827601,0.0,-0.1715041417239114,-0.06311968701810579,0.12903225806451613,-0.07526559603386622,0.06666666666666667,-0.13188356160020567,-0.014594162115281849,0.04838709677419355,-0.09664244762874523,0.06666666666666667,-0.14352729319619323,-0.12965834729286996,0.06451612903225806,-0.08711634743656699,0.06666666666666667,-0.14807509766221144,0.04300826121097631,0.08064516129032258,-0.09002064312542783,0.0,-0.14927464191123177,0.017884710553459294
2025-06-04,2025,611,62,0.03436988543371522,-0.06258098490208923,0.03225806451612903,-0.08945876287987055,0.06666666666666667,-0.1113665080787156,-0.11001822582219623,0.0967741935483871,-0.06026469885963648,0.06666666666666667,-0.08873208470900962,-0.06270274149110854,0.03225806451612903,-0.07673439805260455,0.06666666666666667,-0.11696217924546076,-0.04906079054804291,0.06451612903225806,-0.06686577687782548,0.0,-0.11727951108370088,-0.0009008219401780497,0.03225806451612903,-0.0909305347857326,0.0,-0.13508769369237228,-0.05336029784206113
2025-06-05,2025,610,61,0.03442622950819672,-0.06498066259753142,0.06557377049180328,-0.071966213391993,0.13333333333333333,-0.10761243402303572,-0.10568958735094801,0.08196721311475409,-0.06175767619350682,0.0,-0.12972485294169764,-0.040695096333118096,0.06557377049180328,-0.07112699499905795,0.13333333333333333,-0.09964006836180737,-0.07701274518977601,0.06557377049180328,-0.06707428716650023,0.0,-0.13723224136710807,0.01820862612426704,0.04918032786885246,-0.08480166139703525,0.0,-0.14139947698206307,-0.04415964488748604
2025-06-06,2025,610,61,0.03278688524590164,-0.06829137992000386,0.04918032786885246,-0.09658959102407846,0.2,-0.07879829566349511,-0.16132512081662187,0.09836065573770492,-0.0784157809959615,0.0,-0.12365470153104631,-0.08416013614570074,0.04918032786885246,-0.06439580599758526,0.06666666666666667,-0.09897228904966253,-0.02629916561458242,0.03278688524590164,-0.08418278742393456,0.0,-0.14816534490334823,-0.03409883568781047,0.04918032786885246,-0.09287178152637374,0.0,-0.14497958160319072,-0.10254908398242123
2025-06-09,2025,608,61,0.029605263157894735,-0.05772836009351313,0.03278688524590164,-0.08625634712982419,0.06666666666666667,-0.09705699197557828,-0.1839039185682451,0.04918032786885246,-0.07007869157760264,0.06666666666666667,-0.1145345710483288,-0.12048308527736264,0.06557377049180328,-0.0593049529957853,0.06666666666666667,-0.08261775283403167,-0.020798236755971717,0.03278688524590164,-0.07763045435388463,0.0,-0.12715944383513342,-0.10040499592869381,0.03278688524590164,-0.08537070071045363,0.0,-0.12634809756695098,-0.157297649796776
2025-06-10,2025,609,61,0.026272577996715927,-0.04075215640065529,0.03278688524590164,-0.06890928889959395,0.06666666666666667,-0.08471061441619214,-0.1777379523783645,0.09836065573770492,-0.047613457702276145,0.06666666666666667,-0.10906543123390605,-0.1312128964589027,0.08196721311475409,-0.026279697617784516,0.0,-0.0533050397862614,0.06386903138311772,0.01639344262295082,-0.05879501589391973,0.0,-0.09728727282884056,-0.11873850390914258,0.01639344262295082,-0.07596599847041631,0.0,-0.11061557785841618,-0.18196047541623703
2025-06-11,2025,610,61,0.027868852459016394,-0.049546137431494414,0.08196721311475409,-0.050411256563505244,0.06666666666666667,-0.08545935225514917,-0.19754214205534087,0.04918032786885246,-0.0690392582463518,0.13333333333333333,-0.08690717684850661,-0.1386714100557323,0.06557377049180328,-0.030905009987039475,0.0,-0.06674301738382546,0.09153668851750889,0.01639344262295082,-0.07265426196688775,0.0,-0.12086777018323609,-0.13661727608666804,0.03278688524590164,-0.07068215994889236,0.0,-0.11485620865100853,-0.19759501007328148
2025-06-12,2025,602,61,0.029900332225913623,-0.06130016580095946,0.06557377049180328,-0.08163146912803787,0.0,-0.1522645468976166,-0.2160186260612187,0.06557377049180328,-0.07931469501989569,0.06666666666666667,-0.1001155681214365,-0.15557127320914785,0.06557377049180328,-0.04401018220636561,0.0,-0.10484081352976554,0.11973228364365518,0.03278688524590164,-0.08717106293553863,0.0,-0.16318827583356343,-0.16516441088574604,0.04918032786885246,-0.0895437080862641,0.0,-0.16725264845354504,-0.21906696651828303
2025-06-13,2025,599,60,0.0333889816360601,-0.0394348530376056,0.08333333333333333,-0.05605638580383914,0.13333333333333333,-0.08568498373183203,-0.1004181539975959,0.08333333333333333,-0.05882996668802497,0.13333333333333333,-0.07060522250779021,-0.0723061105129073,0.1,-0.0313584816670198,0.13333333333333333,-0.07974109838102761,-0.013301067797136785,0.08333333333333333,-0.05403012774673811,0.0,-0.11790119915827482,-0.07653268111834231,0.05,-0.056271131716835315,0.06666666666666667,-0.1076177887119815,-0.1031231748187736
2025-06-16,2025,596,60,0.030201342281879196,-0.04457659703036359,0.06666666666666667,-0.06855192394455822,0.0,-0.11136522793204223,-0.2106484829906959,0.06666666666666667,-0.061179971681358324,0.13333333333333333,-0.025755433697882076,-0.16558207911601794,0.03333333333333333,-0.058158371512247356,0.06666666666666667,-0.06881563163288977,0.04059308113948495,0.08333333333333333,-0.06444697564369263,0.06666666666666667,-0.09364669582492126,-0.17020822176463654,0.06666666666666667,-0.06457559391365547,0.06666666666666667,-0.11751250629185604,-0.1933758915481982
2025-06-17,2025,591,60,0.028764805414551606,-0.054631630313308234,0.08333333333333333,-0.06495967782787551,0.0,-0.125039890526447,-0.15766628905607075,0.06666666666666667,-0.06862407099896793,0.2,-0.022431648289622474,-0.11520295960616465,0.06666666666666667,-0.06096950788242055,0.13333333333333333,-0.036175792370590175,0.04357395552778045,0.05,-0.08069835797469663,0.06666666666666667,-0.09812607136221009,-0.11006100504838479,0.08333333333333333,-0.06943209068590057,0.06666666666666667,-0.11311564761934959,-0.1387139207323151
2025-06-18,2025,595,60,0.025210084033613446,-0.05629271413461937,0.06666666666666667,-0.06846126244614535,0.06666666666666667,-0.10656429787979722,-0.14421989119805367,0.06666666666666667,-0.07662494947371395,0.13333333333333333,-0.10550367872482441,-0.11173194796392032,0.03333333333333333,-0.06657386996024277,0.06666666666666667,-0.03018752583685215,0.05314084559797956,0.06666666666666667,-0.06523664099130236,0.06666666666666667,-0.13351282111347054,-0.08232703325407481,0.06666666666666667,-0.08122147824574633,0.13333333333333333,-0.10239370179446415,-0.1092342667439195
2025-06-19,2025,597,60,0.031825795644891124,-0.04352451106653313,0.08333333333333333,-0.06889319813332545,0.13333333333333333,-0.06955636448943947,-0.0830607970312027,0.11666666666666667,-0.059796973232774726,0.2,-0.05497141345654193,-0.07244340043872198,0.05,-0.07342381571176505,0.13333333333333333,-0.05370324383815164,-0.06617966751891138,0.06666666666666667,-0.06536933042669293,0.06666666666666667,-0.11045402917918806,-0.012590999508955649,0.08333333333333333,-0.06606752894843133,0.2,-0.036190970439100946,-0.03488352812944233
2025-06-20,2025,595,60,0.031932773109243695,-0.047230480746313204,0.11666666666666667,-0.06996131102749228,0.13333333333333333,-0.08852123290260558,-0.04486648633887538,0.13333333333333333,-0.045066125787738914,0.2,-0.07414986246245325,-0.0024176410290009834,0.06666666666666667,-0.07338177892420915,0.13333333333333333,-0.019487087521383204,-0.09507116918852605,0.06666666666666667,-0.0663097330824703,0.13333333333333333,-0.11873083067066698,0.04097451068846823,0.06666666666666667,-0.08636102880796952,0.13333333333333333,-0.08008387999075763,-0.005556441330505083
2025-06-23,2025,598,60,0.03177257525083612,-0.046265149340825484,0.05,-0.07589308427355065,0.2,-0.030254055186488403,-0.04075007360184917,0.1,-0.05888831410573889,0.2,0.002265553554969098,0.004810262671828202,0.06666666666666667,-0.07151199838664118,0.06666666666666667,-0.06869639154972598,-0.14743926802348326,0.06666666666666667,-0.06787606861750893,0.06666666666666667,-0.11438183683020749,0.060423265966987834,0.05,-0.07127525000624016,0.13333333333333333,-0.09876171411562779,0.011570886624704877
2025-06-24,2025,599,60,0.021702838063439065,-0.06335525681447642,0.1,-0.08743533051334315,0.2,-0.06331130310596828,-0.22795172507832998,0.08333333333333333,-0.08285193609759287,0.26666666666666666,-0.011730046121954555,-0.21040719737477256,0.03333333333333333,-0.09359767531961861,0.06666666666666667,-0.07759069609639813,-0.010616029574289226,0.05,-0.08528022509091114,0.13333333333333333,-0.07685959836954247,-0.14373537904847503,0.05,-0.10018060426512151,0.13333333333333333,-0.10441176472790614,-0.20625808273623747
2025-06-25,2025,595,60,0.021848739495798318,-0.03270803314410857,0.1,-0.05519400850177102,0.06666666666666667,-0.08520509669949695,-0.21861700264076497,0.08333333333333333,-0.057823608792759655,0.2,-0.017310444993222176,-0.1897270003421011,0.03333333333333333,-0.06357120125644514,0.06666666666666667,-0.0847282957490001,-0.11039092518737817,0.08333333333333333,-0.05296003041921348,0.06666666666666667,-0.07961845190998511,-0.13751716519922158,0.06666666666666667,-0.06883408947951289,0.13333333333333333,-0.07787259665392746,-0.19297566294485388
2025-06-26,2025,592,60,0.02364864864864865,-0.04049976683074973,0.1,-0.0613540459688529,0.06666666666666667,-0.10302981910936052,-0.1916479738417192,0.11666666666666667,-0.05087857548373804,0.2,0.0013793944966587813,-0.1699548668240968,0.06666666666666667,-0.05222136753222283,0.06666666666666667,-0.06804864700616405,-0.07545606530956636,0.06666666666666667,-0.05491205000885616,0.13333333333333333,-0.06706414255266523,-0.09031441439810352,0.05,-0.08147870866875515,0.13333333333333333,-0.06879466592259469,-0.12596903290882058
2025-06-27,2025,591,60,0.023688663282571912,-0.04252288698285765,0.08333333333333333,-0.05609545596718871,0.0,-0.1241572342524653,-0.20671292775032682,0.08333333333333333,-0.06467204811448561,0.13333333333333333,-0.0640896174757003,-0.14950064496712734,0.06666666666666667,-0.046645291428078675,0.06666666666666667,-0.07374335610778923,-0.07701781524219847,0.08333333333333333,-0.05701279665437102,0.06666666666666667,-0.0830496987522443,-0.10028110183851889,0.08333333333333333,-0.05756015189397638,0.06666666666666667,-0.11245695663585753,-0.1185682064244736
2025-06-30,2025,589,59,0.028862478777589132,-0.027341114220442088,0.0847457627118644,-0.04437560199000995,0.13333333333333333,-0.010816776030597807,-0.14234298897301823,0.0847457627118644,-0.034501508511879296,0.26666666666666666,0.05421914730995859,-0.12461504526437653,0.06779661016949153,-0.033226330181008616,0.06666666666666667,-0.05671857874010504,-0.12607173815130082,0.05084745762711865,-0.055833792861212816,0.13333333333333333,-0.05031206145344095,-0.04881584282244001,0.06779661016949153,-0.05071545394308978,0.06666666666666667,-0.08119740752522848,-0.06093895128818309
2025-07-01,2025,590,59,0.03898305084745763,-0.02175031696253154,0.1016949152542373,-0.04068777173957801,0.13333333333333333,-0.009293074510344224,-0.1563692614670815,0.13559322033898305,-0.0188218933358819,0.3333333333333333,0.09729125162978051,-0.12930993355931075,0.1016949152542373,-0.02613520540042419,0.06666666666666667,-0.018792491885252265,-0.07487646427966681,0.05084745762711865,-0.04404632066144108,0.13333333333333333,-0.03258051135249175,-0.06676992989280532,0.0847457627118644,-0.03018408162063312,0.06666666666666667,-0.081467644357972,-0.05040395504785396
2025-07-02,2025,587,59,0.04258943781942078,-0.03020622061834238,0.15254237288135594,-0.05306834410929893,0.2,-0.03895296351312171,-0.15626783398011726,0.15254237288135594,-0.04467060949126144,0.3333333333333333,0.008199946634508766,-0.11430745080143247,0.15254237288135594,-0.02957885008774254,0.06666666666666667,-0.02289204616663015,-0.08790859009794189,0.0847457627118644,-0.06378405514139603,0.2,-0.0464003090361723,-0.0916310083474414,0.11864406779661017,-0.05180880584819706,0.13333333333333333,-0.08209131705638952,-0.06345303054331627
2025-07-03,2025,591,60,0.04230118443316413,-0.04269413330498587,0.18333333333333332,-0.02770939258863135,0.2,-0.051399838192366126,-0.14731346361156142,0.15,-0.038046005689876254,0.3333333333333333,0.012607061311431108,-0.11236390333026841,0.16666666666666666,-0.002954830309243663,0.2,0.03805439256589761,0.006698488909499193,0.1,-0.05301605321201756,0.13333333333333333,-0.06231967144500041,-0.08527324612309131,0.11666666666666667,-0.054638558403260366,0.13333333333333333,-0.06972678549868551,-0.07237830629072829
2025-07-04,2025,588,59,0.047619047619047616,-0.017986694722697042,0.15254237288135594,0.004171967267887809,0.2,0.036510214212870935,-0.003591408256617724,0.11864406779661017,-0.005271523042033823,0.2,0.06761936912058727,0.03689800389480733,0.15254237288135594,0.02787175335471268,0.13333333333333333,0.05571643543040501,0.08780550042353431,0.11864406779661017,0.006846138634642762,0.13333333333333333,-0.00341041081464614,0.05906588205245976,0.15254237288135594,0.011068180712942414,0.13333333333333333,-0.009428957097191486,0.0817327453576836
2025-07-07,2025,590,59,0.0576271186440678,-0.005175161231597946,0.2033898305084746,0.026050244002706273,0.4,0.14143723876626008,0.05177164000003142,0.1694915254237288,0.022139121340839018,0.2,0.07066676296647224,0.06497881592680323,0.15254237288135594,0.030899498816176763,0.13333333333333333,0.07101173513230248,0.0949291309662783,0.13559322033898305,0.002832062668563883,0.13333333333333333,0.020706615650574665,0.10059540355641615,0.1864406779661017,0.026185825208770594,0.2,0.03205394982562759,0.1277665829918349
2025-07-08,2025,588,59,0.06462585034013606,-0.005727467382803165,0.2033898305084746,0.019184857734395547,0.3333333333333333,0.06676537738517091,0.0816958965891414,0.2033898305084746,0.017399358105990477,0.26666666666666666,0.03309651318648281,0.09612476386270659,0.15254237288135594,0.010439921484685276,0.26666666666666666,0.05907323766480663,0.09749703609332024,0.11864406779661017,-0.010858396570651152,0.13333333333333333,-0.022888294869261628,0.11896354451030103,0.1864406779661017,0.010953938216048004,0.26666666666666666,0.018566957420860675,0.1457451121291652
2025-07-09,2025,584,59,0.06678082191780822,0.006181892675176777,0.2542372881355932,0.04498526426943416,0.4666666666666667,0.09376418167425209,0.051468040534259345,0.2033898305084746,0.019156358557009028,0.3333333333333333,0.059627173269112,0.03591756095565444,0.15254237288135594,0.02505828927302351,0.13333333333333333,0.06204946491141128,0.02641235503626304,0.1694915254237288,0.008340474711468171,0.26666666666666666,0.027081020100111677,0.05576747186966832,0.22033898305084745,0.034979322382529376,0.26666666666666666,0.008954180635437115,0.060072325542178076
2025-07-10,2025,582,59,0.070446735395189,-0.010125696962968903,0.288135593220339,0.029369122395110168,0.4666666666666667,0.06975486738636061,0.07629223790599372,0.2711864406779661,0.02545480811836893,0.4,0.05477807609169459,0.06980754057973265,0.1864406779661017,0.028494207906169806,0.13333333333333333,0.06228999334741809,0.04887877962701705,0.22033898305084745,0.013873995751223762,0.26666666666666666,-0.02176429320612321,0.080847736103727,0.2542372881355932,0.027556854397064606,0.3333333333333333,0.028085261645341798,0.0939391171587219
2025-07-11,2025,579,58,0.0690846286701209,-0.013167616525879847,0.22413793103448276,0.023337917731119706,0.4666666666666667,0.10603809835655457,0.04948097727049149,0.20689655172413793,0.016274052492751486,0.4,0.09446077426049704,0.06184669308622578,0.2413793103448276,0.04688296599067815,0.26666666666666666,0.0921913511029547,0.11933963170347466,0.1896551724137931,0.012803520168789011,0.2,-0.005147757943314279,0.07478482390518669,0.2413793103448276,0.02396471221946532,0.3333333333333333,0.05098618726508607,0.09866078598193574
2025-07-14,2025,581,59,0.08605851979345955,-0.015354893755886025,0.23728813559322035,0.013029735250834715,0.3333333333333333,0.08211001516420265,0.08857047865374834,0.2033898305084746,0.004403366217305613,0.3333333333333333,0.1018648504997987,0.06782244065061309,0.2711864406779661,0.08044874447907883,0.26666666666666666,0.08841378715153353,0.15692099028112405,0.1864406779661017,0.0060897165750675615,0.06666666666666667,-0.0252103867960158,0.13846125723979613,0.23728813559322035,0.0336269224583055,0.2,0.03924114259994336,0.16201071112508142
2025-07-15,2025,579,58,0.07772020725388601,-0.0027719030754858234,0.20689655172413793,0.04715960077046207,0.3333333333333333,0.0968248485304286,0.12089517198338169,0.20689655172413793,0.03656120648202704,0.3333333333333333,0.11815875375592332,0.09653415203701769,0.22413793103448276,0.07476329858809387,0.2,0.10146464336423942,0.12013939316127399,0.1724137931034483,0.020738005108116624,0.06666666666666667,-0.0277098308319077,0.12682951859862032,0.20689655172413793,0.04270688955272299,0.13333333333333333,0.010846654109407269,0.14622999132475237
2025-07-16,2025,576,58,0.09895833333333333,-0.004018866414410783,0.27586206896551724,0.03932674865558207,0.5333333333333333,0.13515926366128125,0.11946233541013226,0.2413793103448276,0.03771449292968175,0.4666666666666667,0.1094184759189759,0.11412091676278652,0.29310344827586204,0.08586178505480571,0.3333333333333333,0.10431573216898288,0.12393569619585651,0.22413793103448276,0.014715553350692415,0.3333333333333333,0.03675985856602741,0.10003233874444209,0.25862068965517243,0.031148256162116802,0.4,0.057679738487499264,0.11881122776104479
2025-07-17,2025,575,58,0.09913043478260869,-2.9318261465026743e-05,0.25862068965517243,0.057972126927967674,0.5333333333333333,0.2010970804220432,0.1398635431443637,0.27586206896551724,0.06148993079777902,0.4666666666666667,0.13243928273328645,0.11613603267713726,0.3103448275862069,0.08566496003258207,0.4,0.12792666460773153,0.11541032055199306,0.22413793103448276,0.02090324875770818,0.26666666666666666,0.033250344413577784,0.09524054797373786,0.25862068965517243,0.032301010056426556,0.4,0.13032847988093954,0.12279602105010098
2025-07-18,2025,567,57,0.10229276895943562,0.022012093436004278,0.3333333333333333,0.09913107222122208,0.4,0.09267759768423775,0.1938135137923292,0.2807017543859649,0.09279238969145082,0.5333333333333333,0.20787085305388356,0.17313380779831336,0.2631578947368421,0.09312584502402864,0.26666666666666666,0.1254919455689229,0.09083811710073175,0.2807017543859649,0.05722518613784508,0.3333333333333333,0.05780380921567307,0.12868973054718566,0.2807017543859649,0.05560447488860716,0.4,0.12306269062720275,0.15005586129520418
2025-07-21,2025,566,57,0.10424028268551237,0.026693170026500405,0.2807017543859649,0.11629581322952132,0.4,0.18872320183937977,0.2311854228363359,0.3157894736842105,0.1186159727340203,0.4666666666666667,0.28173277551930564,0.20840591598750915,0.3157894736842105,0.12634635719685058,0.4666666666666667,0.2117467988937573,0.12427305101829611,0.22807017543859648,0.07527676108520802,0.26666666666666666,0.11298287347036946,0.16450831059878343,0.21052631578947367,0.07049203437250628,0.26666666666666666,0.1417499013764664,0.18830396081819964
2025-07-22,2025,567,57,0.13051146384479717,0.03753604988155092,0.3508771929824561,0.14894412477598762,0.6666666666666666,0.2737415158428686,0.2973496849010365,0.3333333333333333,0.16022924135929353,0.5333333333333333,0.29152022762762136,0.2781297730891738,0.40350877192982454,0.14108386847222748,0.5333333333333333,0.17151087130738824,0.14507843719024274,0.3157894736842105,0.08989267893542219,0.4666666666666667,0.15427184235401198,0.20564699581121085,0.2631578947368421,0.09181184992384822,0.5333333333333333,0.17654894548745764,0.2609036143904141
2025-07-23,2025,572,58,0.11713286713286714,0.02564694006111432,0.3275862068965517,0.11467422123663114,0.4666666666666667,0.153613423550934,0.2134662313165115,0.3275862068965517,0.12914037330377698,0.5333333333333333,0.25184276721546134,0.18896560223374118,0.3448275862068966,0.09970742233164522,0.5333333333333333,0.17593934112129983,0.13552294247890173,0.29310344827586204,0.06763730328026205,0.3333333333333333,0.05947173033892662,0.11753203859366074,0.27586206896551724,0.08413453470182462,0.5333333333333333,0.1700150071678689,0.18390966445798443
2025-07-24,2025,574,58,0.11672473867595819,0.03715788986970991,0.3448275862068966,0.1449889614213195,0.5333333333333333,0.21787668405512753,0.25152766025894535,0.3103448275862069,0.12467360390699073,0.4666666666666667,0.20983062406132816,0.2281590887243178,0.29310344827586204,0.11420782779930333,0.6,0.21838576951667496,0.12626221574586521,0.3103448275862069,0.10220883456611686,0.4,0.11890772831527677,0.14305989542436562,0.27586206896551724,0.08814717876506026,0.4666666666666667,0.18910003608855017,0.20420824771246998
2025-07-25,2025,577,58,0.1265164644714038,0.03647671795855327,0.41379310344827586,0.14765833642087797,0.6,0.2254167646294044,0.25422939285080026,0.39655172413793105,0.14377396200786025,0.4666666666666667,0.20605257843723232,0.23860802671540185,0.3275862068965517,0.11372142987708525,0.5333333333333333,0.18099882370101558,0.16801551148650948,0.3275862068965517,0.09680993690065509,0.5333333333333333,0.10108511367887799,0.15622228189985535,0.2413793103448276,0.07098550511679638,0.5333333333333333,0.20852147015333822,0.21880219763969538
2025-07-28,2025,579,58,0.11398963730569948,0.029982823969027045,0.3620689655172414,0.12694318336915328,0.5333333333333333,0.192564776567136,0.2897071929003111,0.3448275862068966,0.13070726002778302,0.4,0.11520998006997334,0.27675004984445223,0.3275862068965517,0.10819658545161932,0.5333333333333333,0.15663105421028367,0.19301334274603266,0.29310344827586204,0.08316860185623452,0.4666666666666667,0.1272052948424315,0.20476744671282704,0.27586206896551724,0.07168177416098755,0.4666666666666667,0.13926381915941427,0.2652027084463654
2025-07-29,2025,578,58,0.13321799307958476,0.02889119910304802,0.3793103448275862,0.1311499178809502,0.4666666666666667,0.1397869371814033,0.3266794946339767,0.3620689655172414,0.13083129274140262,0.4666666666666667,0.15958736086264694,0.32966737714842287,0.41379310344827586,0.12966910568508025,0.5333333333333333,0.1438201112404526,0.2179508973699336,0.3103448275862069,0.07917150754525204,0.4,0.06689288060246333,0.26136200896818457,0.29310344827586204,0.08195408655088897,0.4666666666666667,0.11851871691284749,0.3183651895281062
2025-07-30,2025,582,59,0.13573883161512026,0.04052198116331993,0.288135593220339,0.11089050897317748,0.4,0.20855541850155085,0.3116080360509302,0.288135593220339,0.1315269266123972,0.3333333333333333,0.17448508122389156,0.3297188208216269,0.4067796610169492,0.1509986040167034,0.4666666666666667,0.18641547029172342,0.2520555877675908,0.2542372881355932,0.09716391044622325,0.4666666666666667,0.1577843634710441,0.28238181609645696,0.288135593220339,0.11740263029441106,0.4666666666666667,0.16520993320481533,0.32945074285799314
2025-07-31,2025,585,59,0.13846153846153847,0.07128915743917318,0.3220338983050847,0.13886198013590295,0.5333333333333333,0.2617127241195255,0.308864282282748,0.288135593220339,0.15031433218121218,0.4666666666666667,0.22392918318555122,0.3260366657545979,0.3728813559322034,0.18614704857916348,0.4,0.17782787907936046,0.23884849654129237,0.23728813559322035,0.10747773587150349,0.4666666666666667,0.1866538970044333,0.2695343848966295,0.3220338983050847,0.14417317111038405,0.5333333333333333,0.1727843967400401,0.31469881915664366
2025-08-01,2025,583,59,0.13379073756432247,0.05385612715632409,0.3728813559322034,0.1597800373287651,0.4666666666666667,0.19304624085227332,0.3463762162753576,0.3220338983050847,0.13308807801556558,0.4666666666666667,0.1562901059561959,0.329645051303431,0.3728813559322034,0.17785459536774714,0.4,0.18880743134613862,0.23936335107177067,0.3050847457627119,0.1287421754312806,0.4666666666666667,0.19520413184804328,0.27803072240254456,0.3559322033898305,0.14134984641308038,0.5333333333333333,0.18162244400897495,0.32247014852926464
2025-08-04,2025,584,59,0.136986301369863,0.03171268302648981,0.3728813559322034,0.1302856227744753,0.4666666666666667,0.16607728081049516,0.32148021381482444,0.3559322033898305,0.12215624434865349,0.3333333333333333,0.11695150481179485,0.31960002306903734,0.4406779661016949,0.16081550745452378,0.5333333333333333,0.11914699082119339,0.28033320084253144,0.3220338983050847,0.10145411644206527,0.26666666666666666,0.10318666108050796,0.27473068680081336,0.4067796610169492,0.13977963272850602,0.5333333333333333,0.13091189938126285,0.3219706040017189
2025-08-05,2025,586,59,0.12457337883959044,0.027812400724280074,0.3728813559322034,0.10585031215968145,0.6,0.1875488319073154,0.26306509258699134,0.4067796610169492,0.13123079479994065,0.4666666666666667,0.07041794812307642,0.25701069075085464,0.4067796610169492,0.13000929156480764,0.6,0.10699158107203184,0.22454786912957883,0.3050847457627119,0.07659325667060765,0.4,0.10246395204776335,0.20468624429729404,0.3728813559322034,0.11257227876520898,0.4666666666666667,0.10094076301889174,0.26066890266135934
2025-08-06,2025,587,59,0.12776831345826234,0.03014134098322336,0.3728813559322034,0.10475569999311697,0.4666666666666667,0.11208867773725144,0.27004292406702946,0.3898305084745763,0.12629815393380264,0.4,0.11061494701000184,0.27349754344573085,0.3898305084745763,0.13372609173464525,0.4666666666666667,0.11455919529811041,0.21373618518215745,0.3389830508474576,0.10205898824890187,0.3333333333333333,0.0790111296760878,0.235297621558525,0.3559322033898305,0.11552573054759646,0.5333333333333333,0.12736346059986361,0.28504276417489527
2025-08-07,2025,588,59,0.1292517006802721,0.05308872383085939,0.3559322033898305,0.10690822816483557,0.4,0.10771790749898373,0.2449250696622443,0.3728813559322034,0.11727609922589656,0.4,0.06492026883376141,0.2321580198301754,0.4067796610169492,0.11694880387297639,0.6,0.0976596145819322,0.1043627964815365,0.3898305084745763,0.11764549053573038,0.4,0.0625248350262816,0.18489295990122548,0.3559322033898305,0.12152562512144167,0.4666666666666667,0.14879478274966676,0.2228923019824276
2025-08-08,2025,592,60,0.11317567567567567,0.04708251921400126,0.2833333333333333,0.08603782718933793,0.3333333333333333,0.12457595733263065,0.2483782775048888,0.31666666666666665,0.10255531297165675,0.26666666666666666,0.047785038611734304,0.25438108718918284,0.3333333333333333,0.11016833056320294,0.3333333333333333,0.06814661406724569,0.11337036778485364,0.3333333333333333,0.11746456375659932,0.3333333333333333,0.08438182674795838,0.2191955435116609,0.3333333333333333,0.1039849564059475,0.3333333333333333,0.13392777429598504,0.24884966222555785
2025-08-11,2025,597,60,0.11725293132328309,0.047108690537971065,0.31666666666666665,0.09014226546287293,0.4666666666666667,0.10508929564263415,0.20389060978896328,0.35,0.09262005100719753,0.3333333333333333,0.051813610487948074,0.20687276636706878,0.26666666666666666,0.07791680638082873,0.3333333333333333,0.10423207638543655,0.07091632862036716,0.36666666666666664,0.10702968207725647,0.3333333333333333,0.07878918955498362,0.19424156207987997,0.2833333333333333,0.09547494402220832,0.26666666666666666,0.11622968116148603,0.22140198864846228
2025-08-12,2025,603,61,0.10613598673300166,0.02872689757432544,0.26229508196721313,0.06730062685681285,0.26666666666666666,0.02312632314916887,0.14110931862060064,0.26229508196721313,0.06769424363341976,0.3333333333333333,0.053276107419459005,0.17958088121652746,0.26229508196721313,0.08368944415952789,0.2,0.0452324145865198,0.1374672484685561,0.3114754098360656,0.08771557765319767,0.2,0.05528122146265255,0.15099116165214024,0.2459016393442623,0.08435927025757825,0.3333333333333333,0.11767364459748224,0.17038842581874436
2025-08-13,2025,605,61,0.09586776859504133,0.01878600467626804,0.21311475409836064,0.050795345605203136,0.4,0.03501402299236874,0.19517938969380413,0.22950819672131148,0.05299717919734614,0.3333333333333333,-0.013507630520823969,0.22423744207147125,0.26229508196721313,0.0833414029866647,0.3333333333333333,0.09455910594144686,0.17074556402864705,0.3114754098360656,0.08800042625602943,0.3333333333333333,0.0675105910556191,0.1833850484025122,0.2459016393442623,0.08717652401796444,0.26666666666666666,0.07614579941310685,0.20409273380729354
2025-08-14,2025,609,61,0.09523809523809523,-0.020982178082627825,0.2459016393442623,-0.0035808994470986084,0.26666666666666666,-0.039837014514100044,0.0768638729105603,0.2786885245901639,0.0029216008093104124,0.26666666666666666,-0.03133772055749222,0.09866437071796973,0.26229508196721313,0.047828579417925225,0.26666666666666666,0.03885635563071867,0.187101501468853,0.3114754098360656,0.026651913093712135,0.2,-0.026013259013174275,0.09441931652938627,0.29508196721311475,0.03250484023726849,0.2,0.01217949334396656,0.11337845289535523
2025-08-15,2025,612,62,0.08333333333333333,-0.031552286143277486,0.16129032258064516,-0.04664163037435634,0.26666666666666666,-0.023685529403991275,-0.008144149354758875,0.16129032258064516,-0.039534728473647106,0.2,-0.13252554914579448,0.02940546406160646,0.20967741935483872,0.007196554459971667,0.2,-0.040520390328579285,0.13296933050349544,0.25806451612903225,0.004828315442171347,0.2,-0.043439172327798356,0.03879620481708347,0.27419354838709675,0.0018544075840904236,0.26666666666666666,0.030818707060362858,0.046685664638645055
2025-08-18,2025,618,62,0.06796116504854369,-0.046757987569513854,0.14516129032258066,-0.07429889965595038,0.13333333333333333,-0.13887993439247967,-0.15647589060170938,0.12903225806451613,-0.08473199845356011,0.26666666666666666,-0.10863919946175865,-0.11858971319901725,0.14516129032258066,-0.05175459716239628,0.2,-0.055691393659129805,0.0025916644221265902,0.1774193548387097,-0.06384528049363235,0.2,-0.11555180277256198,-0.11399126357108467,0.1935483870967742,-0.06241818819381589,0.13333333333333333,-0.05079075203042563,-0.11000392724185466
2025-08-19,2025,617,62,0.0713128038897893,-0.048821006010152934,0.1774193548387097,-0.09301223982370385,0.2,-0.14614132591581827,-0.098127082442027,0.14516129032258066,-0.09561299960698053,0.26666666666666666,-0.08968364397151322,-0.06024395209812564,0.16129032258064516,-0.044491227951926005,0.13333333333333333,-0.11312521960845395,0.019737863296333147,0.1774193548387097,-0.0719897079020639,0.26666666666666666,-0.11368398874929495,-0.037862720303116645,0.22580645161290322,-0.05468985314468898,0.13333333333333333,-0.14511734435750775,-0.038358053345489876
2025-08-20,2025,618,62,0.0970873786407767,-0.05326871795130233,0.22580645161290322,-0.09378916809264431,0.26666666666666666,-0.09249730721383752,-0.014798639148226263,0.16129032258064516,-0.09964559896514956,0.26666666666666666,-0.13186011983744156,0.002200136768490258,0.1774193548387097,-0.05434143642166595,0.2,-0.08287988848724683,0.04540725485120708,0.27419354838709675,-0.06412249171256078,0.26666666666666666,-0.10623578250362442,0.05722600246501084,0.27419354838709675,-0.0672351104873,0.13333333333333333,-0.14017366855423893,0.051291792627388616
2025-08-21,2025,620,62,0.07258064516129033,-0.06406987068632727,0.1774193548387097,-0.09764010869862748,0.26666666666666666,-0.07403663535655321,-0.06023608860846099,0.12903225806451613,-0.10534240264876478,0.26666666666666666,-0.11734902400747793,-0.048157673431143834,0.1774193548387097,-0.07890914438844152,0.2,-0.11604731205643111,-0.00560217390278479,0.1935483870967742,-0.07859270120686726,0.3333333333333333,-0.12798741111765552,0.031253949403544874,0.24193548387096775,-0.07549879374957653,0.2,-0.12206597942670765,5.0627891592797376e-05
2025-08-22,2025,624,63,0.08173076923076923,-0.06527930865318353,0.1746031746031746,-0.0976970720819185,0.2,-0.08735289876901824,-0.06408469673718062,0.09523809523809523,-0.12194802217598164,0.2,-0.11844202016324666,-0.041736292594557266,0.19047619047619047,-0.07243962238572006,0.13333333333333333,-0.1314790554029063,0.008519625596977384,0.19047619047619047,-0.06786471546941536,0.06666666666666667,-0.14735767488780177,0.04186865470608068,0.20634920634920634,-0.0792151756068071,0.2,-0.1383490566873812,0.01722984275677896
2025-08-25,2025,626,63,0.06869009584664537,-0.06430333901617188,0.14285714285714285,-0.10507439425168837,0.13333333333333333,-0.065873470067705,-0.11024793224711102,0.15873015873015872,-0.08316880992928151,0.06666666666666667,-0.1312013752369176,-0.07046308397604636,0.14285714285714285,-0.07173056416809277,0.06666666666666667,-0.14239295171475597,0.01731733458151837,0.14285714285714285,-0.07467787777979995,0.2,-0.1212826004152884,-0.010459901923832055,0.15873015873015872,-0.0841361633811868,0.13333333333333333,-0.12103606643768276,-0.06216103409608592
2025-08-26,2025,630,63,0.06507936507936508,-0.09038617694120234,0.14285714285714285,-0.1516468453234607,0.13333333333333333,-0.09530986535731209,-0.18634123464914903,0.14285714285714285,-0.14043060207662036,0.2,-0.14970041118521024,-0.16423805549347745,0.09523809523809523,-0.12505404905764,0.0,-0.14953685415385304,-0.03801744607183494,0.14285714285714285,-0.12180819808701876,0.2,-0.1363316845222457,-0.09918482984998746,0.15873015873015872,-0.12331812271605365,0.13333333333333333,-0.1549357951715947,-0.1681477969419807
2025-08-27,2025,629,63,0.05087440381558029,-0.09603537886567341,0.09523809523809523,-0.16563567727794376,0.2,-0.17332838242560003,-0.3035272888190156,0.09523809523809523,-0.15787804127898197,0.26666666666666666,-0.1287654706426102,-0.2585224139772218,0.031746031746031744,-0.15235136226531562,0.0,-0.18323709873041522,-0.1110492898665033,0.07936507936507936,-0.1566583765954619,0.13333333333333333,-0.17772166182784038,-0.22060617966673554,0.06349206349206349,-0.15159287808103142,0.0,-0.21499830237120776,-0.30164845309681837
2025-08-28,2025,623,63,0.051364365971107544,-0.10900227072587634,0.09523809523809523,-0.1681123380995169,0.13333333333333333,-0.2178486828364575,-0.3550135826824478,0.09523809523809523,-0.1716635568681948,0.13333333333333333,-0.18937315202224808,-0.3178126310931925,0.015873015873015872,-0.17082474802716313,0.0,-0.20882878023263848,-0.10685227821281436,0.1111111111111111,-0.1549733217229161,0.06666666666666667,-0.18282023127390673,-0.2705742810365846,0.06349206349206349,-0.16591327960423302,0.0,-0.20335420839619978,-0.3411473313216039
2025-08-29,2025,628,63,0.044585987261146494,-0.1108169237333239,0.06349206349206349,-0.19711348144233146,0.2,-0.16645850357003325,-0.43452638609116345,0.07936507936507936,-0.18140701120310085,0.2,-0.1964526339027723,-0.40457360954151733,0.031746031746031744,-0.18960345179965435,0.06666666666666667,-0.2236943930331775,-0.19378073562756573,0.1111111111111111,-0.16784587510165572,0.0,-0.21739809090819293,-0.36257513691712207,0.07936507936507936,-0.18293287412765918,0.06666666666666667,-0.2169621352436544,-0.4254438687487495
2025-09-01,2025,629,63,0.05564387917329094,-0.0992086838033981,0.1111111111111111,-0.1657517272130433,0.26666666666666666,-0.17779743321457478,-0.3207582509433246,0.1111111111111111,-0.1596056769734776,0.26666666666666666,-0.13791721268493487,-0.2844564331014568,0.06349206349206349,-0.15301272753161083,0.06666666666666667,-0.14642617996027107,-0.12823213873150333,0.12698412698412698,-0.14430099982395383,0.0,-0.214503924417514,-0.2488813686534145,0.07936507936507936,-0.16183223587515222,0.0,-0.22877889754247194,-0.2961756239129206
2025-09-02,2025,632,64,0.060126582278481014,-0.10225166059816095,0.109375,-0.15173640296083557,0.13333333333333333,-0.17310881902123934,-0.23983617221885942,0.09375,-0.15403546436354412,0.13333333333333333,-0.15935752956990157,-0.20406301996996934,0.078125,-0.13175505203958737,0.13333333333333333,-0.1502225194296478,-0.04735388385664384,0.140625,-0.12511928883450915,0.13333333333333333,-0.1483672154590458,-0.18595141547869867,0.125,-0.13782192604687302,0.06666666666666667,-0.1782967484843707,-0.2120246388655316
2025-09-03,2025,631,64,0.05229793977812995,-0.13679247534998124,0.109375,-0.20600692497796746,0.13333333333333333,-0.20611697986103497,-0.2898404464921981,0.09375,-0.19571693423456715,0.13333333333333333,-0.20109912884701545,-0.2517473986881989,0.09375,-0.17424438910550238,0.2,-0.14520142009435444,-0.08568307679262248,0.109375,-0.1775883696735286,0.06666666666666667,-0.2084882083996258,-0.23486333708299828,0.09375,-0.1864476807480049,0.13333333333333333,-0.17152073936485046,-0.26635887956734633
2025-09-04,2025,634,64,0.050473186119873815,-0.14839543831732568,0.09375,-0.18565085162480283,0.2,-0.20434375482140613,-0.19978561961516478,0.125,-0.15980900314887775,0.26666666666666666,-0.1498397824604029,-0.13600370107260737,0.109375,-0.15023080184063042,0.26666666666666666,-0.0811066073987487,0.06120501937007429,0.140625,-0.16666903129649652,0.13333333333333333,-0.17303266445144416,-0.13907562014268418,0.125,-0.1578342147019464,0.13333333333333333,-0.17188619240172923,-0.12829830512569776
2025-09-05,2025,635,64,0.04566929133858268,-0.16379066802705916,0.078125,-0.20850107566830986,0.0,-0.281955481162391,-0.22829102449802757,0.0625,-0.2009886045001889,0.06666666666666667,-0.23712927223004912,-0.16370693925262897,0.078125,-0.1878484375397881,0.2,-0.12128668308110041,-0.012338036325079852,0.078125,-0.2042909623065029,0.06666666666666667,-0.17881278241782278,-0.1762534371198115,0.078125,-0.19190465539639784,0.06666666666666667,-0.18707948351627834,-0.1783926518431203
2025-09-08,2025,637,64,0.04709576138147567,-0.14548518394417362,0.109375,-0.17119866946728055,0.0,-0.2690587843654713,-0.23684033190068898,0.09375,-0.18338733989847172,0.2,-0.18293989448345052,-0.1820003332944061,0.078125,-0.174001210441937,0.13333333333333333,-0.13559579861120272,-0.06209687028475683,0.078125,-0.191000889856975,0.06666666666666667,-0.15643832407848926,-0.20587143661611285,0.09375,-0.17656907491419818,0.0,-0.19212797041834997,-0.22396794394005903
2025-09-09,2025,641,65,0.0530421216848674,-0.13957413413992809,0.09230769230769231,-0.19805678523419748,0.06666666666666667,-0.19248155212490667,-0.2239491137723207,0.07692307692307693,-0.18878398873715402,0.06666666666666667,-0.18574987380471286,-0.16895718634074666,0.09230769230769231,-0.16911020527397166,0.13333333333333333,-0.10829172009074632,-0.06259451694119994,0.06153846153846154,-0.19085670067268515,0.0,-0.18992748461954728,-0.19886735723052262,0.07692307692307693,-0.18456086799299332,0.13333333333333333,-0.1194960934284163,-0.22221395006445135
2025-09-10,2025,635,64,0.050393700787401574,-0.11989284854940481,0.078125,-0.1783642915982307,0.13333333333333333,-0.16877536368977442,-0.2674833912904581,0.078125,-0.17498597266812868,0.13333333333333333,-0.18226693578932443,-0.2180358081335481,0.09375,-0.15599304336475567,0.06666666666666667,-0.1825530459840673,-0.14663430793672386,0.109375,-0.16640865160777427,0.06666666666666667,-0.16309270742816576,-0.2289458071850908,0.09375,-0.1654650130161291,0.13333333333333333,-0.14801495370007084,-0.2674511940936412
2025-09-11,2025,645,65,0.05891472868217054,-0.10168617357570034,0.1076923076923077,-0.14809987137607267,0.13333333333333333,-0.20586042095593574,-0.2947277003637931,0.07692307692307693,-0.16749112171186012,0.13333333333333333,-0.1523366815341675,-0.234315263129227,0.09230769230769231,-0.1584730952340027,0.2,-0.14219367968324848,-0.19419446280612085,0.1076923076923077,-0.15478776461259,0.2,-0.12778023555544143,-0.27374151469967617,0.09230769230769231,-0.15323131901707243,0.13333333333333333,-0.14160728296570024,-0.2938013223191539
2025-09-12,2025,643,65,0.05598755832037325,-0.1079839192157606,0.15384615384615385,-0.11084638568351508,0.2,-0.1616293904417282,-0.20469036125950638,0.07692307692307693,-0.14554885079840768,0.2,-0.14183285188042216,-0.1471480542030072,0.07692307692307693,-0.13487327832075516,0.2,-0.12143870332861133,-0.12279671633410427,0.1076923076923077,-0.138439351492351,0.2,-0.11694808376202688,-0.20951347203564694,0.09230769230769231,-0.13375409753596543,0.2,-0.09963309458755752,-0.23121081251387166
2025-09-15,2025,640,64,0.05625,-0.11281540523516705,0.203125,-0.09138338416706578,0.2,-0.13836106347447458,-0.15007332536556459,0.1875,-0.08871748573765167,0.26666666666666666,-0.11043986699430779,-0.08285985557240912,0.09375,-0.13771155511730168,0.2,-0.11074398250957486,-0.05177452364862334,0.140625,-0.12353295926701813,0.2,-0.10859375240761368,-0.13796365655108275,0.109375,-0.1335159889175352,0.13333333333333333,-0.11534058198156544,-0.15638762095939984
2025-09-16,2025,636,64,0.04716981132075472,-0.09732813285893627,0.1875,-0.09778347304342408,0.26666666666666666,-0.09200217366527894,-0.23502098240057565,0.171875,-0.09112832437446364,0.2,-0.09331679510602134,-0.15373145925398315,0.0625,-0.14433460523289615,0.13333333333333333,-0.15644990011518137,-0.10617731288614082,0.125,-0.12596477782501944,0.2,-0.13226644089019074,-0.23206900950918566,0.09375,-0.14690687383870485,0.13333333333333333,-0.15867636321230794,-0.24518190772059256
2025-09-17,2025,638,64,0.050156739811912224,-0.11797136749076305,0.203125,-0.11518336055190434,0.3333333333333333,-0.1041209414525893,-0.20049832775813206,0.203125,-0.10184086275243398,0.13333333333333333,-0.13604664927424853,-0.12786195308777898,0.078125,-0.1563522109819508,0.2,-0.12150404080335923,-0.06597702757702562,0.109375,-0.15198796974147383,0.2,-0.1596986784723588,-0.19189307261099822,0.09375,-0.1562186938851145,0.13333333333333333,-0.17788165094172997,-0.20200439874145096
2025-09-18,2025,638,64,0.048589341692789965,-0.10930435092207505,0.15625,-0.09858194090367345,0.26666666666666666,-0.08097322179811188,-0.17007141677397092,0.171875,-0.08122861544429866,0.3333333333333333,-0.005892066697978578,-0.08997323121541867,0.09375,-0.1339198413669106,0.13333333333333333,-0.1155355885981285,-0.005225228176754669,0.078125,-0.12767482040984685,0.2,-0.1156988194460475,-0.15532579277746972,0.0625,-0.15140040274222047,0.2,-0.13845287597137176,-0.18111994906778542
2025-09-19,2025,638,64,0.050156739811912224,-0.09308890296767662,0.203125,-0.08143718390800897,0.26666666666666666,-0.07307717588784324,-0.136613964694914,0.1875,-0.08540789649940937,0.4,0.00816229422277394,-0.0873023274615918,0.09375,-0.13243188796403105,0.06666666666666667,-0.1670263806967314,-0.022021131133886793,0.09375,-0.1216349850393458,0.2,-0.12245581950910059,-0.14783648776861716,0.078125,-0.14203313400569756,0.2,-0.14176198193903763,-0.17565414052356224
2025-09-22,2025,640,64,0.046875,-0.08914714250080627,0.140625,-0.0852409714100073,0.2,-0.08381568209251947,-0.1846741666007194,0.109375,-0.09421909870709141,0.13333333333333333,-0.0549224284367446,-0.15155201410070396,0.046875,-0.1456212600285425,0.06666666666666667,-0.15695731301351634,-0.07217788161931071,0.03125,-0.13596013362499845,0.06666666666666667,-0.16559747547809184,-0.2019616933817099,0.078125,-0.12958922789842453,0.13333333333333333,-0.17496803894766094,-0.23230042729190556
2025-09-23,2025,635,64,0.05511811023622047,-0.08369969863879458,0.15625,-0.07690836435848139,0.2,-0.10275148651937052,-0.11043901351820831,0.140625,-0.07875844545994634,0.13333333333333333,-0.0778654070564462,-0.0784684798311542,0.0625,-0.11925927864600705,0.13333333333333333,-0.10827383667963046,-0.006521340051619076,0.0625,-0.1144861111676824,0.13333333333333333,-0.14044857168015287,-0.11992658448538449,0.109375,-0.10028041903240119,0.2,-0.1440938753387119,-0.14498341135105694
2025-09-24,2025,632,64,0.056962025316455694,-0.08103136712889131,0.15625,-0.04746128496992987,0.13333333333333333,-0.06830862595887387,-0.09582704419380011,0.140625,-0.06015433662389788,0.0,-0.11421675443281837,-0.06517421534547692,0.109375,-0.07924174255527222,0.06666666666666667,-0.10209542590112958,-0.0052713732818728916,0.109375,-0.08221641811082156,0.13333333333333333,-0.10941749905656718,-0.09929591109906506,0.15625,-0.05499532739180997,0.13333333333333333,-0.09494532390407734,-0.12614944364648528
2025-09-25,2025,634,64,0.05993690851735016,-0.09939953557837673,0.15625,-0.0660981473781007,0.13333333333333333,-0.08872358139797404,-0.06518011305257097,0.125,-0.08869956212139692,0.13333333333333333,-0.10252947638510986,-0.04228665686366096,0.109375,-0.07148574374653403,0.0,-0.11548127553540526,0.029563570869079337,0.15625,-0.06848382953062283,0.0,-0.14816277053814655,-0.03261227054202273,0.203125,-0.04594891458767809,0.06666666666666667,-0.10758282077642271,-0.07690718273195803
2025-09-26,2025,634,64,0.08201892744479496,-0.1013245334423776,0.203125,-0.06525569514858998,0.2,-0.097301615145274,-0.028994061038194987,0.125,-0.10964939599280224,0.13333333333333333,-0.13024025659106048,-0.012052060013705238,0.171875,-0.08044501889115635,0.2,-0.1034990091487472,0.051049981761178316,0.203125,-0.06669654817381031,0.06666666666666667,-0.15235633966814183,0.011669392522500651,0.234375,-0.052826756746434514,0.13333333333333333,-0.14353888475070686,-0.021784382302779754
2025-09-30,2025,629,63,0.06200317965023847,-0.11509850960987598,0.1746031746031746,-0.09823647026691786,0.13333333333333333,-0.13531516356612616,-0.040238420754236656,0.12698412698412698,-0.1236620696979145,0.13333333333333333,-0.13557718970261537,-0.039812249681320896,0.12698412698412698,-0.08528434668871515,0.06666666666666667,-0.12289677928104975,0.03906546235022734,0.19047619047619047,-0.08801865506540542,0.0,-0.2029874982946551,-0.011573923441255808,0.19047619047619047,-0.08812239987200603,0.0,-0.21130749536121177,-0.03237363161162958
2025-10-01,2025,628,63,0.06369426751592357,-0.091978350551092,0.1746031746031746,-0.061914943239559116,0.13333333333333333,-0.08758840280022415,-0.024355082551813824,0.1746031746031746,-0.07027363570629759,0.0,-0.14157009935823017,-0.008301764585874786,0.14285714285714285,-0.0606878396000148,0.13333333333333333,-0.05881334633814796,0.07421576855128305,0.1746031746031746,-0.05704508941170082,0.0,-0.15415955605665715,0.01840731685941427,0.20634920634920634,-0.05233451496536711,0.06666666666666667,-0.1441084915662185,0.004555861190768261
2025-10-02,2025,625,63,0.064,-0.08235792316480489,0.2222222222222222,-0.053334368986937684,0.2,-0.05802258136848216,-0.0797849122581694,0.19047619047619047,-0.0487767735536135,0.06666666666666667,-0.1270866625912922,-0.06151386241125248,0.15873015873015872,-0.05454597957957571,0.06666666666666667,-0.08235308823964148,0.03087274742241933,0.1746031746031746,-0.06249531202162619,0.0,-0.13666659267762343,-0.03735301148569702,0.19047619047619047,-0.05882352861233818,0.06666666666666667,-0.13768704074201982,-0.07127205876805258
2025-10-03,2025,623,63,0.0593900481540931,-0.0580370366959851,0.20634920634920634,-0.028112173408653598,0.13333333333333333,-0.06497099455622181,-0.13191194408205095,0.1746031746031746,-0.034493774616786606,0.06666666666666667,-0.07682234652386062,-0.11770456925239874,0.09523809523809523,-0.06051383054616807,0.06666666666666667,-0.08187093516151625,-0.03449185320185429,0.15873015873015872,-0.047074249301320335,0.06666666666666667,-0.09956396558158766,-0.11587395220902279,0.15873015873015872,-0.049277200304389215,0.06666666666666667,-0.14507154639485662,-0.1437111176877964
2025-10-07,2025,622,63,0.04823151125401929,-0.03109002936738911,0.2222222222222222,0.017957463357198007,0.2,0.013233525337144532,-0.09705084443985042,0.1746031746031746,0.003714964048064056,0.0,-0.05154910312768526,-0.09449312696645128,0.09523809523809523,-0.038086649080271345,0.06666666666666667,-0.04602588782384062,-0.021354529843635863,0.14285714285714285,-0.015932331025457547,0.06666666666666667,-0.06458953469174325,-0.11729035288196933,0.15873015873015872,-0.016474138151830766,0.06666666666666667,-0.0804909580297571,-0.14558432014619535
2025-10-08,2025,620,62,0.04838709677419355,-0.040340164190476376,0.1935483870967742,-0.006301645015597449,0.2,-0.01988228225408698,-0.11791655468833191,0.16129032258064516,-0.018994798442095135,0.13333333333333333,-0.03848431367114164,-0.11595843280261466,0.11290322580645161,-0.0373799257452913,0.06666666666666667,-0.047474636528183824,-0.01843576096200168,0.14516129032258066,-0.017917161007220937,0.06666666666666667,-0.05503161518869642,-0.13132817530174465,0.1774193548387097,-0.014192801205789356,0.2,-0.04500318159312832,-0.16712475509000674
2025-10-09,2025,622,63,0.05144694533762058,-0.046343086719994375,0.20634920634920634,0.0042396253837212634,0.2,-0.00414582075261171,-0.11084900988307206,0.20634920634920634,0.004354598986005812,0.2,-0.002068394630658954,-0.1044342209493048,0.12698412698412698,-0.03787256441281965,0.13333333333333333,-0.012106993982615817,0.002530066370453177,0.14285714285714285,-0.022425558441845322,0.13333333333333333,-0.017304442715084172,-0.10973506061751813,0.15873015873015872,-0.011261652896371198,0.13333333333333333,-0.06573684684993043,-0.15792024173625593
2025-10-13,2025,621,63,0.061191626409017714,-0.03797073812533539,0.2222222222222222,0.016338214397033965,0.13333333333333333,0.016261728986847118,-0.05993120662990091,0.20634920634920634,0.009423546051222139,0.13333333333333333,-0.02128018332778008,-0.05925429670441911,0.14285714285714285,-0.00760726850863935,0.13333333333333333,-0.010887042582927187,0.05935110549678204,0.12698412698412698,-0.003810115607164331,0.2,0.05170269373389464,-0.058531988866990715,0.1746031746031746,0.017149930732314397,0.13333333333333333,-0.020911606887019287,-0.07641185126020784
2025-10-14,2025,620,62,0.07741935483870968,-0.020349445356215527,0.2903225806451613,0.052201664451274436,0.4666666666666667,0.14919306172285735,0.056660381069020035,0.24193548387096775,0.021702419853238106,0.3333333333333333,0.04014034986980951,0.04899380065765588,0.22580645161290322,0.04974295283063556,0.2,0.07062632606238223,0.1587686000505095,0.22580645161290322,0.058868688675849296,0.5333333333333333,0.15289907442241502,0.061354621462560724,0.22580645161290322,0.06660830397139245,0.4666666666666667,0.10121291109752639,0.06752804567643104
2025-10-15,2025,621,63,0.07085346215780998,-0.0024630799534602565,0.2698412698412698,0.07153597639219232,0.4666666666666667,0.1405515628354257,0.040761469943079255,0.20634920634920634,0.02404558450532341,0.3333333333333333,0.07909094062457132,-0.008892956551472594,0.20634920634920634,0.05636056720098988,0.5333333333333333,0.19448068675964592,0.11783604444212205,0.25396825396825395,0.07413351235809464,0.4666666666666667,0.19205082588203048,0.0355886875748093,0.2857142857142857,0.09926613762194612,0.5333333333333333,0.21389067061120162,0.03636932135307949
2025-10-16,2025,625,63,0.0688,0.010437784426143902,0.30158730158730157,0.07478619221495332,0.4666666666666667,0.11689836501700647,-0.03900890612162962,0.23809523809523808,0.05044197767891349,0.3333333333333333,0.057662406605933726,-0.052623753409623955,0.19047619047619047,0.05297391317447158,0.4666666666666667,0.1504473823164297,0.05558231822348954,0.2698412698412698,0.060207897777417634,0.4666666666666667,0.15030197520227712,-0.04113296660923364,0.30158730158730157,0.09056994610376902,0.4666666666666667,0.1613474891559391,-0.07327497499999608
2025-10-17,2025,626,63,0.06549520766773163,-0.008722041988776432,0.2857142857142857,0.07661361041666645,0.4,0.15048997610827008,0.0409666009002725,0.23809523809523808,0.05786720424928641,0.26666666666666666,0.03206173085560533,0.020354318680676605,0.19047619047619047,0.05258264956151974,0.4666666666666667,0.1537370855373886,0.07917729417991268,0.25396825396825395,0.06248421777996428,0.3333333333333333,0.13797112575830392,0.028574420891177354,0.2857142857142857,0.09231117272956245,0.3333333333333333,0.1161610657912646,-0.0056034611481889434
2025-10-20,2025,623,63,0.05457463884430177,0.0026225589641309124,0.23809523809523808,0.07662298125605797,0.26666666666666666,0.11756915569936639,-0.055964160446343496,0.15873015873015872,0.03692670286087763,0.2,0.05239133182605243,-0.07543525360972739,0.14285714285714285,0.04309914870465125,0.3333333333333333,0.11890223749869736,0.028644033997650697,0.1746031746031746,0.046632091934806656,0.26666666666666666,0.10033135111060484,-0.06788561667926203,0.2222222222222222,0.07325747157827674,0.4,0.11355533658601262,-0.10718278519507268
2025-10-21,2025,624,63,0.05448717948717949,-0.005160560432630311,0.23809523809523808,0.054062763655658194,0.26666666666666666,0.07591168099495758,-0.1299227918696157,0.19047619047619047,0.02820194231593152,0.26666666666666666,0.042725954401437324,-0.1539684767669929,0.1746031746031746,0.04069094014983545,0.3333333333333333,0.11689744497696766,0.028524466108830034,0.20634920634920634,0.030256595380777396,0.3333333333333333,0.08109236248327624,-0.12085734228944335,0.23809523809523808,0.05455057903053923,0.26666666666666666,0.08316935893719203,-0.14077053740870815
2025-10-22,2025,623,63,0.060995184590690206,-0.029046863491647847,0.2698412698412698,0.037320506707345096,0.4,0.04887422477334947,-0.05880698317757982,0.2222222222222222,0.0023261491900419366,0.26666666666666666,-0.014005383372647236,-0.10064876914306695,0.2222222222222222,0.03134971797587084,0.3333333333333333,0.06646410941810257,0.07812213869109637,0.2222222222222222,0.019454918861207673,0.4,0.08392385499984804,-0.05813865602372101,0.2857142857142857,0.041566406356961356,0.4666666666666667,0.08962524104615961,-0.07502876754606924
2025-10-23,2025,619,62,0.05977382875605816,-0.019371183533077044,0.24193548387096775,0.00956849838727722,0.4,0.04351688356386579,-0.13225687719877033,0.20967741935483872,0.0012687953093192153,0.3333333333333333,-0.003527511367549252,-0.16161464273409684,0.1935483870967742,0.010637487353620668,0.4,0.050629764732502254,0.029809100645817828,0.20967741935483872,0.004736588744400912,0.4666666666666667,0.06661584554599981,-0.13701863143956658,0.27419354838709675,0.027275634829123426,0.3333333333333333,0.02026599077529106,-0.1605993694885795
2025-10-27,2025,620,62,0.0467741935483871,0.010184591194901029,0.1774193548387097,0.022245198697397314,0.3333333333333333,0.0640432918147602,-0.18494724953324906,0.14516129032258066,0.02226171274404916,0.2,0.004916899729082499,-0.1991612919671263,0.12903225806451613,0.02887296528277591,0.26666666666666666,0.039334100591873256,0.006909608155069215,0.16129032258064516,0.0251928117702068,0.26666666666666666,0.034008707120483844,-0.1748819726991132,0.1774193548387097,0.028389065465723427,0.2,0.02455832172108834,-0.20756720354397037
2025-10-28,2025,619,62,0.046849757673667204,0.00852199740217106,0.1935483870967742,0.029079208754158252,0.3333333333333333,0.05691619804215901,-0.11352574487921677,0.1774193548387097,0.026881439168886665,0.2,-0.009375925935424875,-0.11633614136032965,0.11290322580645161,0.039805678084038176,0.2,0.07373026891357118,0.050360823508707984,0.22580645161290322,0.047743856302645056,0.3333333333333333,0.07831426843229727,-0.09505873339825364,0.1935483870967742,0.04410871611886035,0.2,0.025856373254425417,-0.1260176692235418
2025-10-29,2025,620,62,0.043548387096774194,0.023100668297005977,0.16129032258064516,0.023137140044602395,0.13333333333333333,-0.014289010212379879,-0.16487862155291821,0.0967741935483871,0.013450757124893771,0.2,0.0032344673871669725,-0.15700519772555316,0.0967741935483871,0.036721264113766514,0.2,0.03622915209173869,-0.0157479058169871,0.16129032258064516,0.03195438039336188,0.2,0.019059476773545823,-0.12051361967230993,0.1774193548387097,0.0413779490190821,0.13333333333333333,0.027296941299636092,-0.13607442067489797
2025-10-30,2025,619,62,0.04361873990306947,0.025775553934719697,0.16129032258064516,0.04099171103183014,0.2,0.014323337777503905,-0.11158838281832749,0.0967741935483871,0.022839914288772037,0.2,0.036346123880628314,-0.0899732836230717,0.0967741935483871,0.05360915300847525,0.2,0.048566130178860085,0.09087956275061085,0.12903225806451613,0.04466541183684949,0.3333333333333333,0.08062191062019074,-0.05542605952768795,0.1774193548387097,0.067940705426777,0.2,0.0549900409696693,-0.07759452023857055
2025-10-31,2025,620,62,0.04838709677419355,0.03168677066795615,0.20967741935483872,0.06728264626435004,0.26666666666666666,0.016662018027538292,-0.08666329105639295,0.1774193548387097,0.0698362265378056,0.26666666666666666,0.07875504964605178,-0.07296192179431284,0.16129032258064516,0.06102490832675729,0.2,0.07825263361155804,0.096249722865141,0.1935483870967742,0.05998587039725526,0.4,0.08212884993016584,-0.04600045882285636,0.22580645161290322,0.08336321275895839,0.2,0.03520405712572745,-0.057541294843409474
2025-11-03,2025,618,62,0.043689320388349516,0.026766051953619346,0.16129032258064516,0.053260642857246444,0.26666666666666666,0.013187408813077022,-0.10717438967001613,0.12903225806451613,0.04658024044654377,0.2,0.08307551471225695,-0.10803881960230767,0.1774193548387097,0.05678284907602817,0.26666666666666666,0.08116995566891054,0.055142824644332795,0.14516129032258066,0.050873431437594915,0.4,0.0850311652722608,-0.07373469116324646,0.1935483870967742,0.07760435677349119,0.26666666666666666,0.03689145601062307,-0.07692170616225608
2025-11-04,2025,623,63,0.051364365971107544,0.037626185646962476,0.2698412698412698,0.07945236380272358,0.26666666666666666,0.039205313757915854,-0.04864696279958401,0.20634920634920634,0.07417947707532851,0.2,0.028821669273872218,-0.06975574311427445,0.23809523809523808,0.07918246125312249,0.3333333333333333,0.09088486891802662,0.07482782585539882,0.23809523809523808,0.07583521774880685,0.4,0.09617005831949028,-0.028125123370292666,0.2857142857142857,0.09565439513605262,0.4,0.0658377489182747,-0.030757672594721723
2025-11-05,2025,624,63,0.04326923076923077,0.024015862125217852,0.15873015873015872,0.053919870949053136,0.2,0.03909084067954726,-0.035545449938830534,0.15873015873015872,0.053006651092656815,0.13333333333333333,-0.015299448381101895,-0.0458609528116341,0.15873015873015872,0.05696490863249691,0.2,0.049835952460401095,0.09518226232115977,0.15873015873015872,0.05379658479141198,0.26666666666666666,0.05783770100053384,-0.019828041861596844,0.19047619047619047,0.07500607451594951,0.2,0.07908744323482549,-0.019575862405836197
2025-11-06,2025,626,63,0.036741214057507986,0.019271540384643102,0.15873015873015872,0.043085308137439375,0.06666666666666667,0.000722854282787629,-0.05383734989386853,0.12698412698412698,0.029086420550858468,0.13333333333333333,0.0317895938820407,-0.05264863943668724,0.1111111111111111,0.02805743243833859,0.13333333333333333,0.01953516828444756,0.037558857689616885,0.1111111111111111,0.02823429903069391,0.13333333333333333,0.005695485903484817,-0.062230769347798386,0.1111111111111111,0.0348052791501435,0.06666666666666667,0.029770737539542645,-0.05028718996177117
2025-11-07,2025,625,63,0.04,0.00635131917598594,0.12698412698412698,0.028060651898808554,0.13333333333333333,0.0262136088502841,0.010652313569409816,0.12698412698412698,0.022493748377354187,0.13333333333333333,0.0068597276395610494,0.0058845011813794855,0.09523809523809523,0.024079539823758805,0.06666666666666667,0.015779101995938873,0.05572507876522947,0.1111111111111111,0.023938927620162313,0.13333333333333333,0.00036716096267180496,0.004094181510225405,0.1111111111111111,0.023269088506594846,0.06666666666666667,0.02290357110718657,0.0069912120784722045
2025-11-10,2025,622,63,0.03536977491961415,0.00828306575742503,0.14285714285714285,0.042155218632314806,0.06666666666666667,-0.015751772911993218,0.011810338149311596,0.15873015873015872,0.04181105892274749,0.13333333333333333,-0.011333423679533257,0.03307101629200796,0.09523809523809523,0.03068177894053877,0.06666666666666667,-0.01790664102396889,0.05334328642306689,0.1111111111111111,0.03778296364753081,0.13333333333333333,-0.004214349139946376,0.024129343018598086,0.09523809523809523,0.02899838864678791,0.0,-0.0075488356058546575,0.005925801480458417
2025-11-11,2025,623,63,0.033707865168539325,0.005075188735743623,0.12698412698412698,0.05326012318794111,0.13333333333333333,0.049134296938787354,0.06786316935919387,0.12698412698412698,0.04750229058897403,0.13333333333333333,0.04543735765667487,0.07695346397642072,0.1111111111111111,0.03657476389158779,0.06666666666666667,-0.0022363500248836266,0.06793155887014268,0.14285714285714285,0.05760143408774453,0.2,0.05475922993077477,0.048192278400921454,0.07936507936507936,0.033148050465124874,0.0,0.018917631264307736,0.02850272765416566
2025-11-12,2025,619,62,0.033925686591276254,-0.01244734438790053,0.12903225806451613,0.02235284973066179,0.13333333333333333,-0.008522107428127335,0.018720134067825883,0.0967741935483871,0.01252016788712784,0.2,0.04611805079050287,0.015288144677277902,0.08064516129032258,0.00440020997609216,0.13333333333333333,-0.03428973180589896,0.06008653341180379,0.11290322580645161,0.01768946269928296,0.13333333333333333,0.0037752256405380936,0.009333314697368235,0.04838709677419355,0.0023639164955024847,0.06666666666666667,-0.031635631404687586,0.005937627338447002
2025-11-13,2025,613,62,0.037520391517128875,-0.008206595409486744,0.08064516129032258,0.006717872217803117,0.13333333333333333,0.02875889284328508,-0.04059920026894661,0.06451612903225806,-0.008607981504893874,0.13333333333333333,0.01194859567887206,-0.032598711403136756,0.08064516129032258,-0.00023922697854837055,0.06666666666666667,-0.028399708170652058,-0.0022691834643556803,0.0967741935483871,0.009111736580139604,0.13333333333333333,0.004553768755487423,-0.05928435548177712,0.0967741935483871,0.004908540552670188,0.06666666666666667,-0.033173741937833165,-0.046906162980746666
2025-11-14,2025,613,62,0.040783034257748776,-0.010394214455979673,0.0967741935483871,0.02227955244978923,0.2,0.0343052142644277,0.05127495825579944,0.0967741935483871,0.0074450422449135484,0.06666666666666667,-0.016186936664211338,0.03411271586627915,0.11290322580645161,0.018098265614354445,0.13333333333333333,0.008039593539121603,0.0250581785021754,0.11290322580645161,0.03691465417608052,0.2,0.022584590811269543,0.04907605197320441,0.08064516129032258,0.01472641447185602,0.13333333333333333,-0.0168781789822379,0.08717367009654388
2025-11-17,2025,616,62,0.048701298701298704,0.012580188862714987,0.12903225806451613,0.03405086576756583,0.13333333333333333,0.044216200834537665,0.021456779309670115,0.11290322580645161,0.019855485294473178,0.26666666666666666,0.0820096746748322,0.010632181503518813,0.06451612903225806,0.002661245811222435,0.13333333333333333,-0.014661625474343753,-0.057623581863897905,0.14516129032258066,0.03717321028741349,0.2,0.036338746924597265,-0.01407226464300596,0.12903225806451613,0.042914061534128536,0.06666666666666667,-0.021421436736771222,0.024556745585512588
2025-11-18,2025,616,62,0.06168831168831169,0.010514092881582001,0.1774193548387097,0.03654636579582734,0.2,0.029531837044379672,0.025127217825334423,0.16129032258064516,0.026591052490167376,0.13333333333333333,0.03386358729453951,0.01852196864897404,0.08064516129032258,-0.006197647019767479,0.13333333333333333,-0.021579513084796553,-0.07752657259374929,0.1774193548387097,0.026313241613243256,0.26666666666666666,0.038191963178509064,-0.007027302117646847,0.1774193548387097,0.042125364051627444,0.2,-0.004302372036170906,0.03609474172180825
2025-11-19,2025,614,62,0.06514657980456026,0.01935958432187465,0.1774193548387097,0.05163446224085829,0.26666666666666666,0.0770400003477169,0.08649471808861216,0.1774193548387097,0.04582203264307025,0.2,0.06833335943239362,0.06516820745251843,0.12903225806451613,0.031268130308120805,0.13333333333333333,0.012818960009701227,-0.05151964457008696,0.20967741935483872,0.06058113502110649,0.26666666666666666,0.06942429155081835,0.04467836804536816,0.1935483870967742,0.057169269736339255,0.2,0.04642130204301605,0.10363807994630099
2025-11-20,2025,611,62,0.05564648117839607,0.0238901024980567,0.16129032258064516,0.0506536661748518,0.2,0.047841577200612065,-0.016375627306999433,0.1774193548387097,0.042547377566241336,0.26666666666666666,0.09112412922505601,-0.04521304967694429,0.0967741935483871,0.026325034492689237,0.13333333333333333,0.03250714727765116,-0.09353670722664928,0.1774193548387097,0.056858096013714,0.26666666666666666,0.06017448843375043,-0.07663965822069554,0.12903225806451613,0.04680721312769448,0.2,0.06291170233698078,-0.039784599681493144
2025-11-21,2025,609,61,0.08210180623973727,0.015813633921137348,0.22950819672131148,0.07786486907316459,0.3333333333333333,0.10953565898591947,0.17396992860021232,0.21311475409836064,0.06000922532358596,0.26666666666666666,0.07904352155817798,0.11736802155096861,0.18032786885245902,0.0528253742296924,0.2,0.08486884336408235,-0.04977472183761459,0.22950819672131148,0.07786325181317183,0.3333333333333333,0.0977723089725743,0.14479045847891914,0.21311475409836064,0.0646174380204875,0.3333333333333333,0.11577971342662169,0.20338874541607202
2025-11-24,2025,603,61,0.06799336650082918,-0.0017928638215791324,0.19672131147540983,0.05947701430549373,0.3333333333333333,0.08179258984028617,0.2135576363298208,0.16393442622950818,0.03673018436926611,0.3333333333333333,0.09028779393885765,0.18548124963433776,0.16393442622950818,0.038959936395083834,0.26666666666666666,0.09822853677848419,-0.05479717798355138,0.2459016393442623,0.08537020809992925,0.3333333333333333,0.07566453659392185,0.25635875767331545,0.18032786885245902,0.05583061652000868,0.3333333333333333,0.11930910618428477,0.3046068924390101
2025-11-25,2025,601,61,0.0632279534109817,-0.0051272019773251866,0.18032786885245902,0.059534377053646954,0.2,0.06120876877535766,0.19077161932790332,0.19672131147540983,0.05008871380732416,0.26666666666666666,0.08887776027489809,0.12382188403947432,0.16393442622950818,0.030674545243166363,0.26666666666666666,0.09092331146979045,-0.04954354556414317,0.21311475409836064,0.0802609928486435,0.26666666666666666,0.046441850725947,0.18870396746599336,0.16393442622950818,0.05172532262224944,0.26666666666666666,0.07995703855758039,0.21830432425811477
2025-11-26,2025,597,60,0.06532663316582915,-0.007243885926798714,0.26666666666666666,0.09852110401588315,0.4,0.19251976067643295,0.14143097582115727,0.2833333333333333,0.08004891397246319,0.4,0.14592489153772037,0.10039002905823147,0.26666666666666666,0.08308103390816318,0.4666666666666667,0.18481515413943653,0.07182192877441444,0.31666666666666665,0.12529673033332261,0.3333333333333333,0.14141141823116823,0.16029000335812177,0.26666666666666666,0.11157023715102235,0.4666666666666667,0.17942052707189393,0.19459555091634576
2025-11-27,2025,597,60,0.06030150753768844,-0.011048545044935843,0.25,0.08724991466237096,0.4,0.11448921180165784,0.1665249772325491,0.2,0.055211929905575746,0.26666666666666666,0.06682574444125082,0.11936131865150924,0.21666666666666667,0.057893120883773005,0.3333333333333333,0.127069274916804,0.039789061332120096,0.23333333333333334,0.09616674536245333,0.3333333333333333,0.10548993529288823,0.16349039448302002,0.25,0.08818952322773775,0.4,0.14279972833544938,0.15923948586215275
2025-11-28,2025,594,60,0.06228956228956229,-0.022231283959203804,0.26666666666666666,0.06756271604994682,0.4666666666666667,0.09860715349190288,0.1249458171433203,0.18333333333333332,0.026575991290999426,0.4,0.04662398017375955,0.05871408296650991,0.18333333333333332,0.01886397290519663,0.26666666666666666,0.06664859911697103,-0.034590548084873794,0.23333333333333334,0.05967087478005599,0.4,0.11211333255115857,0.12017131246843106,0.25,0.06520494927101589,0.3333333333333333,0.12666511937786765,0.10009291354047309
2025-12-01,2025,593,60,0.06239460370994941,-0.028304333358509216,0.3,0.08193387699410896,0.4666666666666667,0.13248710500981067,0.15153605530659248,0.21666666666666667,0.030311370435639674,0.4666666666666667,0.11237038433688377,0.08692929971044185,0.21666666666666667,0.04612828570914263,0.26666666666666666,0.09538626423931586,0.003040502595767622,0.23333333333333334,0.0590130352711109,0.4666666666666667,0.11535923685942157,0.1651850079741899,0.26666666666666666,0.07838361331350452,0.4666666666666667,0.1314581017120245,0.156232517083175
2025-12-02,2025,592,60,0.06587837837837837,-0.03513296273349313,0.2833333333333333,0.044058157196927315,0.4,0.09992823388620464,0.12555491843092473,0.25,0.013543361136868735,0.4,0.022292347642717657,0.05876678289544251,0.2,0.047466643695966655,0.3333333333333333,0.13202417546745532,-0.004566246756051068,0.25,0.06279644402523621,0.4666666666666667,0.12475910129348589,0.17729118253336593,0.25,0.07175154595255015,0.4666666666666667,0.17809655364814378,0.1710881612507013
2026-01-02,2026,583,59,0.13893653516295026,-0.05366101562847586,0.423728813559322,0.04649540747091535,0.4,-0.0022930143823188883,0.035579155193574456,0.3728813559322034,0.002036459489736826,0.5333333333333333,0.021155269996147173,0.0342256357817399,0.3728813559322034,0.04823145937047639,0.4666666666666667,0.042733188970282304,0.05940880994304243,0.3559322033898305,0.010544131725493565,0.26666666666666666,-0.07222894454664175,0.09523301550658705,0.3728813559322034,0.03656755350544954,0.4,0.05097326812747676,0.07462657462781587
2026-01-05,2026,591,60,0.1505922165820643,-0.013019210370606103,0.4,0.056703327864080943,0.5333333333333333,0.06513702173362891,-0.027164209298838372,0.38333333333333336,0.033254652990520925,0.4,0.01779788660318776,-0.014004846148884453,0.36666666666666664,0.05872008062791045,0.26666666666666666,0.059130826057791484,0.05109421837750473,0.36666666666666664,0.04475651968949163,0.26666666666666666,-0.004710698201400924,0.03360752609729207,0.38333333333333336,0.053552320466985534,0.4666666666666667,0.07081944022178706,0.018138694257268453
2026-01-06,2026,600,60,0.135,-0.020905047451331597,0.45,0.049044452257577344,0.5333333333333333,0.004326671940656583,-0.059370317516292834,0.4,0.03440447727624843,0.6,0.049920762792904354,-0.04490351107642785,0.3333333333333333,0.02950426753548514,0.3333333333333333,0.028451128511801406,0.05587794201478381,0.36666666666666664,0.031270860511877725,0.3333333333333333,0.0026012818181031885,-0.007357084575171943,0.3333333333333333,0.027683159605530548,0.5333333333333333,0.10508108907358714,-0.040422909445948105
2026-01-07,2026,605,61,0.11570247933884298,-0.023019457739561575,0.3770491803278688,0.028404777739925967,0.5333333333333333,0.02765022419006325,0.02850671212679159,0.39344262295081966,0.035208368534545884,0.26666666666666666,-0.018187711047148343,0.03937475590926402,0.2786885245901639,0.025273967471895357,0.26666666666666666,0.02498852286349044,0.05553105276975509,0.36065573770491804,0.04504957036816232,0.4666666666666667,0.10710599713600338,0.05886029075274343,0.3442622950819672,0.04274500032457517,0.5333333333333333,0.08023782489355308,0.02108946888615344
2026-01-08,2026,611,62,0.12929623567921442,-0.01059401812459884,0.3870967741935484,0.035609009433466086,0.3333333333333333,-0.023725284290263726,0.006101034851149093,0.3387096774193548,-0.004319589406361937,0.3333333333333333,-0.005080441124532483,-0.002059272570110637,0.3064516129032258,0.022841249585595243,0.26666666666666666,0.02005367068768454,0.014801666468204307,0.3387096774193548,0.032980395907053824,0.4,0.07908909750947216,0.05362794351257011,0.3709677419354839,0.05373223906535401,0.4,0.0868101806509382,0.008871975108091203
2026-01-09,2026,616,62,0.137987012987013,-0.03464843675143416,0.41935483870967744,-0.000899348880712353,0.4,-0.03780628130956569,-0.07183108633257414,0.41935483870967744,-0.025804786506259322,0.3333333333333333,-0.07442493641291588,-0.06952361107713063,0.3548387096774194,-0.014444998788723155,0.4666666666666667,-0.006327542593537635,-0.021514046439486484,0.41935483870967744,-0.00026304423371157064,0.4666666666666667,0.02514812494157762,-0.01100525517718372,0.4032258064516129,-0.00016450982451840423,0.5333333333333333,0.019375963519161273,-0.059465598197749596
2026-01-12,2026,623,63,0.1043338683788122,-0.06307092079678767,0.3492063492063492,-0.044099004689057704,0.4666666666666667,-0.06895756767110275,-0.10672082565309297,0.31746031746031744,-0.05444036422382179,0.6,-0.015581568638932149,-0.08119210315111036,0.30158730158730157,-0.05803090379386956,0.4666666666666667,-0.051445145166448915,0.007823438800716011,0.3492063492063492,-0.04567858754642737,0.5333333333333333,-0.05301880337696326,-0.06263151399471464,0.3333333333333333,-0.04585666105543484,0.4,-0.08686162950788487,-0.10339544145571093
2026-01-13,2026,628,63,0.09554140127388536,-0.07566779429459615,0.2698412698412698,-0.07169306239381847,0.2,-0.14729931106942862,-0.15826843440328137,0.30158730158730157,-0.059387055530639284,0.3333333333333333,-0.0816449152661112,-0.14562999039470453,0.2698412698412698,-0.06221490714522878,0.26666666666666666,-0.09019437583407693,-0.032231445691680835,0.30158730158730157,-0.0558513771759766,0.3333333333333333,-0.06859670872073412,-0.11609027810239371,0.2857142857142857,-0.06627152022757236,0.13333333333333333,-0.14716379824744286,-0.1387032279924681
2026-01-14,2026,637,64,0.07535321821036106,-0.11355729145561042,0.25,-0.1260741892692952,0.13333333333333333,-0.20059107241140423,-0.18488009463866398,0.203125,-0.1360744741532936,0.26666666666666666,-0.15730982139120456,-0.16277280273330821,0.234375,-0.10665888714509744,0.26666666666666666,-0.13681896429459872,0.02478168216599443,0.296875,-0.09551301495823769,0.4,-0.08626101384196927,-0.17253712999350437,0.28125,-0.0901713920579398,0.06666666666666667,-0.2003747821636196,-0.18089146478486973
2026-01-15,2026,639,64,0.07511737089201878,-0.09763679391475073,0.234375,-0.09763045232118235,0.13333333333333333,-0.1614808170264599,-0.10940580629608425,0.1875,-0.1102218781087195,0.26666666666666666,-0.11562590904507945,-0.0919282249804486,0.203125,-0.07124522815954962,0.26666666666666666,-0.06971917221864325,0.018357362322518046,0.28125,-0.06644703244352243,0.26666666666666666,-0.06016798778891352,-0.10317896565099331,0.21875,-0.08166775448680023,0.06666666666666667,-0.11546387881364005,-0.09089940961882395
2026-01-16,2026,645,65,0.06976744186046512,-0.09231592853712096,0.2,-0.07072899536650333,0.2,-0.103230700694938,-0.044146528415701464,0.23076923076923078,-0.05558109150111526,0.4,0.04971825052790282,-0.01846492550063689,0.2153846153846154,-0.04031690533500284,0.2,-0.055463867624117015,0.0772718139634454,0.23076923076923078,-0.03650651609157511,0.2,-0.026909610786314285,-0.03717657233987477,0.16923076923076924,-0.06086897848797893,0.06666666666666667,-0.12258039577832892,-0.0069833274153666
2026-01-19,2026,653,66,0.07197549770290965,-0.11353161443685628,0.15151515151515152,-0.09605234866178286,0.13333333333333333,-0.16148634233770648,-0.09785629819339947,0.15151515151515152,-0.09953990506029738,0.26666666666666666,-0.01845482545246304,-0.07450893387599185,0.21212121212121213,-0.05907299069794399,0.13333333333333333,-0.09268105876213072,0.10163206276003893,0.13636363636363635,-0.12254967573617503,0.13333333333333333,-0.13277595419978983,-0.09039385058762066,0.12121212121212122,-0.09057556076870442,0.06666666666666667,-0.1344086812611806,-0.05575076193857087
2026-01-20,2026,657,66,0.0730593607305936,-0.1057602905141891,0.15151515151515152,-0.07356258303278286,0.13333333333333333,-0.12026250156622162,-0.04145097342608098,0.18181818181818182,-0.07117006891426463,0.3333333333333333,0.03334487272735594,-0.04008164276012337,0.22727272727272727,-0.03947705360684352,0.13333333333333333,-0.08164516383871727,0.12835185256669143,0.13636363636363635,-0.08902150151303849,0.06666666666666667,-0.14118273477189716,-0.04144648811813031,0.10606060606060606,-0.08021078229312892,0.0,-0.15567931413603892,-0.009097600893407236
2026-01-21,2026,663,67,0.11010558069381599,-0.09356233728529399,0.22388059701492538,-0.02360707783444957,0.13333333333333333,-0.1238193011879111,-0.005880464726510421,0.26865671641791045,-0.00489748139508159,0.2,-0.010529565883543812,-0.011926374069981037,0.31343283582089554,0.012963455194413321,0.3333333333333333,0.013880308219255462,0.14002681144026266,0.208955223880597,-0.03935399588779621,0.3333333333333333,-0.005514833791471049,0.0058539474905077125,0.26865671641791045,-0.01560992007812099,0.06666666666666667,-0.11973631911253584,0.04907271871252969
2026-01-22,2026,666,67,0.1111111111111111,-0.08171746729248476,0.22388059701492538,-0.043443185738923897,0.13333333333333333,-0.1163964522114622,-0.08956809739168346,0.29850746268656714,0.00619248544906438,0.26666666666666666,-0.014404283170342362,-0.08559091514402703,0.31343283582089554,0.007902280638970638,0.3333333333333333,-0.0337097956352789,0.13957735292843895,0.2537313432835821,-0.02168317630692344,0.3333333333333333,-0.029899237615366524,-0.06755698914554023,0.26865671641791045,-0.008006795369913652,0.2,-0.0018592455852560678,-0.048598734284298464
2026-01-23,2026,670,67,0.1,-0.08100595538386118,0.2835820895522388,-0.05316651717402253,0.3333333333333333,-0.04778662842615831,-0.18294532167396801,0.29850746268656714,-0.03341298375502581,0.4,0.0012081606330856494,-0.16765184026337887,0.3582089552238806,-0.014425973008644752,0.26666666666666666,-0.09802831087930824,0.07975542606426755,0.2835820895522388,-0.04349716254583861,0.4,-0.05275470653019677,-0.16096895811966727,0.26865671641791045,-0.03843710403299469,0.2,-0.0013904058430050715,-0.15945636125016338
2026-01-26,2026,671,68,0.08345752608047691,-0.09306251879764378,0.2647058823529412,-0.06090164362242139,0.4,-0.05166408182567177,-0.16486018964981763,0.22058823529411764,-0.08606309632299147,0.3333333333333333,-0.020127373501874043,-0.17360530253361858,0.27941176470588236,-0.039171081902452345,0.2,-0.07136653222869198,0.022204603934086065,0.23529411764705882,-0.05861207060865247,0.3333333333333333,-0.028133095560609965,-0.13943336263395226,0.20588235294117646,-0.059741795221041415,0.26666666666666666,0.018798623623728892,-0.14306870581348097
2026-01-27,2026,675,68,0.09037037037037036,-0.0640375044418706,0.29411764705882354,-0.038666978039708165,0.4,-0.0600731794366308,-0.15985176465987275,0.29411764705882354,-0.04727655494942157,0.26666666666666666,-0.10621394782466939,-0.15126294777886903,0.3235294117647059,-0.01812416992453339,0.3333333333333333,-0.044579152684845434,0.051598616772933426,0.23529411764705882,-0.03878990704079645,0.26666666666666666,-0.028161035381596325,-0.1298121701073861,0.27941176470588236,-0.030602508981305513,0.26666666666666666,-0.03713323729325088,-0.1360350616710072
2026-01-28,2026,680,68,0.075,-0.052377682262760517,0.27941176470588236,-0.05358457459819491,0.26666666666666666,-0.09102608669038376,-0.27560631131844543,0.2647058823529412,-0.0547919134186714,0.3333333333333333,-0.08922971252239471,-0.24815445844758957,0.2647058823529412,-0.046162115826586594,0.4666666666666667,-0.02373045207004288,-0.012228178863288128,0.22058823529411764,-0.06180144612210669,0.2,-0.06179483071148315,-0.2505771038244965,0.19117647058823528,-0.06143183528137242,0.4666666666666667,0.05040031413820196,-0.2703896549227031
2026-01-29,2026,686,69,0.08600583090379009,-0.055440196399792176,0.30434782608695654,-0.04171807206715178,0.3333333333333333,-0.054997699291099794,-0.2052641989904361,0.2608695652173913,-0.05636710939663007,0.4,-0.04562757369672186,-0.18689560523508114,0.30434782608695654,-0.03937444936458912,0.3333333333333333,-0.05192463127869872,-0.011718635508837252,0.18840579710144928,-0.07538832308376342,0.2,-0.0589910974057407,-0.1738948302482845,0.21739130434782608,-0.045819076705049575,0.26666666666666666,-0.024653030977866433,-0.19064366050280307
2026-01-30,2026,689,69,0.10595065312046444,-0.06663652429137101,0.3188405797101449,-0.0468560030559489,0.26666666666666666,-0.0728458618932353,-0.11179138078656457,0.2608695652173913,-0.040596587303907514,0.4,-0.0063177877014380344,-0.09737332969546969,0.36231884057971014,-0.020404932568189187,0.4,-0.04074413553140266,0.06551992688073249,0.21739130434782608,-0.06855997189621997,0.13333333333333333,-0.04695282555048878,-0.08020044511767035,0.2463768115942029,-0.033739156129652545,0.2,-0.01977851377552107,-0.07758352376720186
2026-02-02,2026,686,69,0.13119533527696792,-0.038457741540958185,0.34782608695652173,0.020722168874243743,0.4666666666666667,0.030466837719459083,-0.011064043104230807,0.37681159420289856,0.027860429589571818,0.5333333333333333,0.06344899630067104,-0.004941691567085862,0.43478260869565216,0.027091711185264728,0.6,0.022473626324638837,0.12456995553782556,0.3333333333333333,-0.018985423373506158,0.2,-0.030497915388862158,-0.002145780960617573,0.3333333333333333,0.014456853668747794,0.2,0.0024539038083165746,0.00710983118876571
2026-02-03,2026,684,69,0.12573099415204678,-0.016074998753375806,0.391304347826087,0.04410592337351847,0.4,0.02649703970668334,0.010225128239242232,0.3188405797101449,0.03241675774582299,0.6,0.21953652851105296,0.005563314828324,0.4057971014492754,0.04181425360920287,0.6,0.08781164690005644,0.1272112272995046,0.34782608695652173,0.012522515743980701,0.2,0.005383483258150938,0.006287073359888776,0.3188405797101449,0.030097088480333618,0.2,-0.01691081849835156,0.012809074816780468
2026-02-04,2026,685,69,0.10364963503649635,-0.022262825592800337,0.30434782608695654,0.07545762336326338,0.2,0.039576179450924266,0.013854931333895962,0.2898550724637681,0.0700169384079814,0.3333333333333333,0.2065910735420842,0.02641461663395037,0.3188405797101449,0.03695451575350699,0.3333333333333333,0.09908684606484079,0.12325407707370895,0.18840579710144928,0.010215482026463477,0.26666666666666666,0.026156159894441384,-0.0073920843550934435,0.18840579710144928,0.009934595582569063,0.13333333333333333,-0.012336114153242199,-0.004335041045097591
2026-02-05,2026,685,69,0.12554744525547445,-0.0227899760020414,0.4492753623188406,0.1123960599155593,0.4,0.09687165664476667,0.19058268724985414,0.4492753623188406,0.12309785117063883,0.6,0.2622969050151508,0.2005694189385306,0.4057971014492754,0.06824693247458145,0.6,0.18058639373667748,0.21065678968979404,0.2753623188405797,0.04778401761325472,0.13333333333333333,0.01996469437425165,0.14980065782716318,0.3333333333333333,0.059714648475831966,0.26666666666666666,0.0743710225339037,0.17109598041793733
2026-02-06,2026,680,68,0.1588235294117647,-0.009665288671317048,0.5147058823529411,0.17535427799810926,0.4666666666666667,0.16418600075651818,0.30078719281451843,0.5,0.1731599166072389,0.4666666666666667,0.2192709433198556,0.3041151718956416,0.5,0.13095510991825074,0.8,0.29334275633193185,0.2900032930031164,0.4411764705882353,0.11906039891352418,0.4,0.152619121554579,0.2720229759428285,0.47058823529411764,0.12073291601779795,0.4,0.14303510455272497,0.3005441438442813
2026-02-09,2026,681,69,0.14977973568281938,0.02921596111610057,0.5942028985507246,0.23768475807166572,0.4666666666666667,0.18305752310315004,0.26397159306930307,0.5362318840579711,0.22603924191391925,0.6666666666666666,0.29641214962933954,0.2759939959798806,0.463768115942029,0.1613526044378759,0.7333333333333333,0.3191198349665722,0.2515811060972933,0.4782608695652174,0.1745198879513654,0.5333333333333333,0.2590182472553006,0.22588887167238425,0.4782608695652174,0.17078089176943498,0.5333333333333333,0.21671379393484122,0.24841371231029027
2026-02-10,2026,681,69,0.15712187958883994,0.04715058229199164,0.5507246376811594,0.24799606700913718,0.5333333333333333,0.24485405999200352,0.2726457637985965,0.4927536231884058,0.22693229492267353,0.6,0.28549808540110494,0.27244959159369453,0.463768115942029,0.17734135104104226,0.9333333333333333,0.3925323796998981,0.27306216082313206,0.4492753623188406,0.1809070589866656,0.4666666666666667,0.20286452732333,0.2245284528682683,0.5507246376811594,0.2085871081682278,0.5333333333333333,0.18141342633264243,0.25986164946566087
2026-02-11,2026,680,68,0.1588235294117647,0.05995904922500287,0.5588235294117647,0.21628216083386664,0.4666666666666667,0.14081134249145213,0.18691415227334626,0.5294117647058824,0.19785995040986423,0.6666666666666666,0.27297323537761214,0.19213369130670876,0.5441176470588235,0.17803856532956566,0.9333333333333333,0.36684338862381083,0.23690324398244683,0.47058823529411764,0.17137492123773929,0.5333333333333333,0.16484574667327317,0.15597722382621182,0.5294117647058824,0.1935120221092895,0.6,0.20996936508128547,0.1783923456836279
2026-02-23,2026,683,69,0.1259150805270864,0.03165765079559627,0.5217391304347826,0.1499195417644715,0.5333333333333333,0.11411581253199496,0.09715415650365838,0.4492753623188406,0.14773049888382697,0.6,0.1715139723312432,0.11330500243913891,0.463768115942029,0.11347352298374716,0.8,0.24254907069194978,0.17950903636965362,0.37681159420289856,0.08735043475252682,0.4666666666666667,0.06903796736233189,0.05573926535839945,0.4782608695652174,0.12726265524904404,0.4666666666666667,0.07952687139240419,0.07854253181988444
2026-02-24,2026,678,68,0.11651917404129794,0.0403569382520405,0.45588235294117646,0.16200406077746973,0.4,0.13729045637987985,0.061560152592409906,0.38235294117647056,0.14769955816912148,0.4666666666666667,0.1626533762477877,0.10437020062537128,0.3382352941176471,0.10069104413668727,0.6666666666666666,0.2232513869352782,0.176167377639364,0.35294117647058826,0.11134518970386831,0.2,0.07320138171284545,0.016219867123796385,0.4264705882352941,0.13801265736392304,0.3333333333333333,0.10543487870495437,0.045058887011651866
2026-02-25,2026,672,68,0.11160714285714286,0.05484069575329709,0.36764705882352944,0.14392108044987506,0.4,0.10624566958137459,0.021400813599239815,0.3382352941176471,0.12695693679431258,0.3333333333333333,0.1687041448403482,0.06004294165113278,0.2647058823529412,0.094530307150731,0.5333333333333333,0.22310695416241627,0.13807577641869606,0.27941176470588236,0.10725759432416283,0.3333333333333333,0.08396649295443703,-0.03496774715014566,0.36764705882352944,0.12624584689372328,0.5333333333333333,0.168690548763962,0.0009732046251011943
2026-02-26,2026,675,68,0.09185185185185185,0.058792760385399205,0.2647058823529412,0.13338793977403401,0.13333333333333333,0.07763699286518294,-0.03960685703940304,0.23529411764705882,0.11702919393315472,0.2,0.12191136519484348,0.007811705911835036,0.16176470588235295,0.10029610052135333,0.26666666666666666,0.17812954671479772,0.0767564481304481,0.20588235294117646,0.10117699223085638,0.26666666666666666,0.09762244532102703,-0.08414429132487403,0.27941176470588236,0.1363572881189985,0.4666666666666667,0.2318205199648938,-0.05339444676496448
2026-03-02,2026,669,67,0.09267563527653214,0.05125083390599103,0.2537313432835821,0.08223612718773998,0.26666666666666666,0.06548435147995982,-0.0841892376142952,0.22388059701492538,0.0628364481904562,0.3333333333333333,0.0987544547761164,-0.043140861001497034,0.1791044776119403,0.059568829062359364,0.26666666666666666,0.07112963651740874,0.051621556156667796,0.208955223880597,0.06555502924562337,0.26666666666666666,0.03468916197462716,-0.12645684228214066,0.26865671641791045,0.10523937053171417,0.4666666666666667,0.17602016593727518,-0.09790751233057143
2026-03-03,2026,666,67,0.0945945945945946,0.03915656814721287,0.2537313432835821,0.04094429263958598,0.2,-0.011106918982413597,-0.16473437904837848,0.23880597014925373,0.06482871876546555,0.26666666666666666,0.041525120131368935,-0.12187558165391157,0.19402985074626866,0.028480645725435093,0.26666666666666666,0.03510725843969682,-0.008749723035150588,0.208955223880597,0.030086471151670527,0.26666666666666666,0.0030599775930569245,-0.19552105877076767,0.2835820895522388,0.07319599039381534,0.26666666666666666,-0.0028257564580164004,-0.16977290840226006
2026-03-04,2026,669,67,0.14050822122571002,0.033372284930457456,0.34328358208955223,0.07078992777951364,0.2,0.04011225104111379,-0.002453843892533013,0.3582089552238806,0.06638217354768373,0.3333333333333333,0.060291678059238,0.004159214782763621,0.3283582089552239,0.0731068142388012,0.4,0.06942883185441985,0.12523711659052225,0.3283582089552239,0.07195993249708015,0.26666666666666666,0.06447747358340328,0.004103526586515143,0.3880597014925373,0.07936432519577517,0.2,0.0011758521283890063,0.024886634913020636
2026-03-05,2026,670,67,0.11940298507462686,0.03913622883666458,0.34328358208955223,0.06466321602838469,0.26666666666666666,0.06268898245331947,-0.0863399252239856,0.34328358208955223,0.08194914802811662,0.4,0.09246611276639274,-0.050067653167755174,0.2537313432835821,0.06134510345203259,0.5333333333333333,0.061881562298046054,0.08043539019602867,0.3283582089552239,0.07572766124203065,0.26666666666666666,0.054505644603103656,-0.09307505865857992,0.3582089552238806,0.07107503501135438,0.26666666666666666,0.08367093069677495,-0.09091247141392107
2026-03-06,2026,668,67,0.1092814371257485,0.0135888543378107,0.31343283582089554,0.05421665409429383,0.2,0.025029072501890355,-0.036272984653708415,0.31343283582089554,0.07492642832651951,0.2,0.04832017867880515,0.014221111116741021,0.22388059701492538,0.0450484746758729,0.3333333333333333,0.049795067051800763,0.1006925569619412,0.26865671641791045,0.06373074579428607,0.2,0.047859436368019016,-0.05185002845846449,0.29850746268656714,0.05941314272088329,0.2,0.06427601681422061,-0.05777660349395612
2026-03-09,2026,667,67,0.1874062968515742,-0.0038892659839901422,0.5373134328358209,0.09161089619403254,0.6,0.10081961647011371,0.1955329670863615,0.5223880597014925,0.0664823583464281,0.6666666666666666,0.04031084263940188,0.18144901039038344,0.5223880597014925,0.09647626353259177,0.6666666666666666,0.12365393656210454,0.25743912702130817,0.5223880597014925,0.11165249149683307,0.6,0.1814811965282156,0.2201828534915383,0.5223880597014925,0.09779648366567345,0.8,0.16497845347418458,0.22788027389253865
2026-03-10,2026,663,67,0.16591251885369532,0.006774067116793299,0.5074626865671642,0.11956594393000437,0.5333333333333333,0.09571062149914417,0.17958483760887126,0.47761194029850745,0.09097958536447308,0.7333333333333333,0.05815390497143512,0.18823735072662517,0.5074626865671642,0.11863524322001565,0.5333333333333333,0.12172760178328162,0.2739685046209507,0.5223880597014925,0.13648135254482682,0.5333333333333333,0.1937334077405324,0.17781878793686348,0.4626865671641791,0.09320602165141244,0.6666666666666666,0.15838401225002652,0.16752525539457036
2026-03-11,2026,664,67,0.125,0.004511803317515309,0.34328358208955223,0.08681267765017085,0.3333333333333333,0.029363474191571592,0.1189467972357831,0.3880597014925373,0.10879924442422954,0.2,0.04112149365270206,0.16952644545606987,0.3880597014925373,0.09921254304618711,0.3333333333333333,0.0638909706560392,0.20871605255593426,0.34328358208955223,0.10791280689248804,0.4,0.15873361999174637,0.11749931628630945,0.31343283582089554,0.06913946455111789,0.2,0.087898567409092,0.08791672924479448
2026-03-12,2026,659,66,0.13657056145675264,-0.0006926081650134575,0.3939393939393939,0.0828281181357341,0.4666666666666667,0.03988934518743917,0.18536412623989515,0.5,0.12989696248495647,0.26666666666666666,-0.005685716008488839,0.2091800797800241,0.4393939393939394,0.09621307282168313,0.5333333333333333,0.11088671505074557,0.25169508552429837,0.4090909090909091,0.10671156964541084,0.3333333333333333,0.1454840955230027,0.1895588153730832,0.3333333333333333,0.07366405727543045,0.3333333333333333,0.06930444437957653,0.15135064409223487
2026-03-13,2026,662,67,0.1404833836858006,-0.03541539626419913,0.417910447761194,0.043007561208976974,0.4,-0.01621342484758448,0.2017977744526703,0.43283582089552236,0.053314664257248276,0.4,-0.024827916365171402,0.2140556556185876,0.44776119402985076,0.03515128104949877,0.5333333333333333,0.04838234277435952,0.26163481406919153,0.40298507462686567,0.04110871871445316,0.4,0.05564920344439842,0.20074612749131893,0.3582089552238806,0.020551928442236612,0.3333333333333333,-0.029070639274997076,0.17190812717036433
2026-03-16,2026,667,67,0.12593703148425786,-0.053907152567322675,0.29850746268656714,0.01982695436661697,0.26666666666666666,-0.07922623078145305,0.21087944234693815,0.34328358208955223,0.04006867680349058,0.2,-0.03911936398799298,0.22092517962962455,0.417910447761194,0.02588260358725447,0.4666666666666667,0.10341253634530868,0.1992010139135701,0.29850746268656714,0.0140189266213584,0.2,-0.018380078506057006,0.20381212870488374,0.2835820895522388,0.0024012074453107135,0.4,-0.039979248504378284,0.17881652573312293
2026-03-17,2026,667,67,0.1184407796101949,-0.05430767151959553,0.26865671641791045,-0.021686094901910376,0.2,-0.11249272025152371,0.16049145683730098,0.3283582089552239,0.05015152348841271,0.2,-0.011016757718760865,0.17979237540723386,0.40298507462686567,0.02521968766310918,0.4,0.06448588996161828,0.1617295091797802,0.2537313432835821,-0.0044611349432151625,0.2,-0.06674645780320801,0.16972911068989674,0.2835820895522388,-0.004863957531436854,0.3333333333333333,-0.00922070714245818,0.14585564809113344
2026-03-18,2026,670,67,0.10746268656716418,-0.028569003078747726,0.208955223880597,-0.005895795193901018,0.26666666666666666,-0.05365448005701589,0.14324475853059393,0.26865671641791045,0.05648899063436221,0.06666666666666667,-0.03139952108461732,0.15621614004769077,0.31343283582089554,0.049695521801613976,0.3333333333333333,0.08623542310198701,0.15330669082509626,0.26865671641791045,0.05755639541429051,0.2,-0.051673299191760697,0.15763361888308017,0.26865671641791045,0.03306423382016654,0.26666666666666666,-0.035661857440244,0.13553354070557688
2026-03-19,2026,671,68,0.13561847988077497,-0.04441198272199067,0.3382352941176471,-0.005515816603268112,0.2,-0.15531036007555812,0.15077205887500025,0.35294117647058826,0.027463515291021413,0.06666666666666667,-0.10092452306818647,0.14700269484320921,0.4264705882352941,0.04634795146701982,0.4,0.03833633469513095,0.15140664778805418,0.36764705882352944,0.0542592257061089,0.26666666666666666,-0.04794729681468914,0.184956941896976,0.3382352941176471,0.012656607345987739,0.26666666666666666,-0.07110501979031063,0.15627979416037496
2026-03-20,2026,681,69,0.14537444933920704,-0.053568610208762676,0.36231884057971014,-0.010422607700830306,0.2,-0.09645099656260954,0.23117771440853824,0.36231884057971014,0.02211241272757554,0.2,-0.022989546036526566,0.22113008814330082,0.4782608695652174,0.06953106045662663,0.3333333333333333,0.011883899177170506,0.20558953190417117,0.4057971014492754,0.04768945213145812,0.26666666666666666,-0.04412796647289518,0.2614002017605386,0.34782608695652173,0.028518956422711166,0.26666666666666666,-0.06718932507102288,0.24835911065869426
2026-03-23,2026,684,69,0.19883040935672514,-0.043622173322712274,0.5217391304347826,0.06443138785668967,0.26666666666666666,-0.0770375637888497,0.31527049466023127,0.5217391304347826,0.086593323373985,0.4,0.023867548131919478,0.3038324977018192,0.5507246376811594,0.10715519720876543,0.5333333333333333,0.05773376477286399,0.25831076193306646,0.5652173913043478,0.10624624087486195,0.4,-0.017744205804278032,0.36023917516345005,0.5072463768115942,0.08381995435815472,0.4,-0.005709525016054151,0.34656935791498866
2026-03-24,2026,681,69,0.22173274596182085,-0.06760539367878968,0.5072463768115942,0.04381402900313724,0.3333333333333333,-0.032222915556420845,0.2979079922385046,0.5507246376811594,0.08756377812443894,0.5333333333333333,0.06482118857009506,0.28151796211601693,0.5942028985507246,0.10550138654472992,0.4666666666666667,0.017617119230517408,0.28893756843483354,0.5362318840579711,0.07172461588629582,0.4,0.006263026636930051,0.3261523245496436,0.4927536231884058,0.044040356696719574,0.4666666666666667,0.021605259202635705,0.3088654306292261
2026-03-25,2026,679,68,0.20029455081001474,-0.1161187226532582,0.5588235294117647,-0.009559321377157688,0.4,-0.027488492313629428,0.235592595575547,0.5441176470588235,-0.012952691062020868,0.4,-0.08167554150333588,0.2229469295603206,0.5735294117647058,0.018143676061050204,0.5333333333333333,0.007285907038313896,0.27415356223882614,0.5147058823529411,-0.017304644524189464,0.4,-0.05259617202210049,0.25850053277178187,0.4852941176470588,-0.05081984482058485,0.3333333333333333,-0.11332941415627582,0.23209712103958738
2026-03-26,2026,679,68,0.21502209131075112,-0.1638857801956266,0.5588235294117647,-0.054475663956285725,0.6,0.08867640940044022,0.2823633835400014,0.5294117647058824,-0.05696114594552991,0.4666666666666667,-0.08251740695504599,0.253933283308757,0.5588235294117647,-0.02575825992934961,0.5333333333333333,-0.012872363094490417,0.30697913081731637,0.5147058823529411,-0.05477102471123906,0.4,-0.07806800544571438,0.2972109091919743,0.4852941176470588,-0.05771191606095443,0.4,-0.01152007184913401,0.28592678202987243
2026-03-27,2026,677,68,0.206794682422452,-0.15387830615033699,0.5588235294117647,-0.018492713022193397,0.6,0.018186817554538052,0.2920414813018064,0.5147058823529411,-0.04867621660693226,0.5333333333333333,-0.02636076731355937,0.2792204394443251,0.6323529411764706,0.014664512338027695,0.6,0.011120147215288253,0.31740818064599874,0.5735294117647058,-0.01816160703797861,0.5333333333333333,0.009986660176599675,0.31787492269602263,0.5441176470588235,-0.017408085498397344,0.5333333333333333,0.009872645177954305,0.30822930451036035
2026-03-30,2026,674,68,0.2314540059347181,-0.13510885184898735,0.5294117647058824,-0.015123660125079492,0.7333333333333333,0.11318245831495334,0.29904567323497055,0.4852941176470588,-0.022987338598107296,0.4,-0.09624213126614985,0.2728952445134763,0.6029411764705882,0.012660986527438092,0.6,0.03418438972628986,0.28415842591133567,0.5882352941176471,0.0036605071997654337,0.6,0.012589536122364004,0.34093066235367286,0.5441176470588235,-0.003679953863280095,0.6,0.09041127035779126,0.3370881545374702
2026-03-31,2026,669,67,0.273542600896861,-0.12318056368002653,0.5970149253731343,0.06241418189908754,0.5333333333333333,0.13429624533996926,0.3718731926151177,0.6119402985074627,0.08073927794208689,0.6666666666666666,0.16251868545159312,0.3456048584594448,0.6567164179104478,0.11371457614394842,0.6666666666666666,0.14319342248912661,0.3121080611195431,0.6417910447761194,0.10150975814185863,0.6666666666666666,0.177108314281054,0.4149627342285278,0.6119402985074627,0.08501308092861283,0.6,0.1742683376198432,0.4031602132607034
2026-04-01,2026,665,67,0.23909774436090225,-0.13641423129673158,0.5373134328358209,0.03773842375142007,0.6,0.13758601422057162,0.3607147061553964,0.5074626865671642,0.044664713945001475,0.4666666666666667,0.055086131002272484,0.33455907241220656,0.6417910447761194,0.09136550909852051,0.6666666666666666,0.15241899876244744,0.33193439242259476,0.5970149253731343,0.08907095673137298,0.6666666666666666,0.17671717783273833,0.4123323638656242,0.5970149253731343,0.07377199608823536,0.6666666666666666,0.16263189701571282,0.39334554094157176
2026-04-02,2026,660,66,0.27121212121212124,-0.1297498442110327,0.6212121212121212,0.09380520111813709,0.6,0.10925331100808948,0.4280653016782714,0.5757575757575758,0.05787760811126056,0.6666666666666666,0.030501561112716277,0.38539332446330987,0.6818181818181818,0.10919804308884447,0.6666666666666666,0.18585111465134485,0.3088086079867882,0.6363636363636364,0.10675835177014345,0.8666666666666667,0.2296898721097336,0.46044649909293117,0.5454545454545454,0.056076102535026796,0.7333333333333333,0.21295084165969716,0.45474644766090455
2026-04-07,2026,661,67,0.27987897125567324,-0.13347394081940106,0.6417910447761194,0.0666163247095452,0.6666666666666666,0.16976875979964756,0.4116660132825091,0.6417910447761194,0.08288010794969666,0.7333333333333333,0.2496832515072855,0.3755766868374439,0.6417910447761194,0.06543495859934757,0.6666666666666666,0.11831331317328007,0.288128901802376,0.6567164179104478,0.07902148332628438,0.8666666666666667,0.18401316680131743,0.45602828436692633,0.582089552238806,0.03959875484633717,0.7333333333333333,0.21828456003314897,0.42721385565009945
2026-04-08,2026,662,67,0.24018126888217523,-0.11708794716941646,0.5373134328358209,0.03995227228543682,0.4666666666666667,0.09197619395582249,0.38341884439964247,0.582089552238806,0.06054652060060054,0.6666666666666666,0.18187563699909726,0.36584493152269376,0.5522388059701493,0.03059840079112417,0.4666666666666667,0.055344750194132125,0.22440985373318906,0.5522388059701493,0.0460524083354212,0.6,0.10608764121611584,0.4013088092550431,0.5373134328358209,0.018152555792607675,0.4666666666666667,0.09374056300714677,0.37307861719545493
2026-04-09,2026,660,66,0.2196969696969697,-0.12378092034930502,0.5454545454545454,-0.011060650779553559,0.4666666666666667,-0.03469825106316699,0.29798401354375736,0.5909090909090909,-0.001993883828097341,0.4666666666666667,-0.10717564147676871,0.28024352765615634,0.45454545454545453,-0.04940104978360729,0.4666666666666667,-0.01458598520285618,0.10119491210297225,0.5606060606060606,-0.0063460216274145494,0.6666666666666666,0.04302935376940731,0.3169810797038291,0.45454545454545453,-0.05367820676929993,0.4,0.014727354444750611,0.2917982762392761
2026-04-10,2026,661,67,0.21936459909228442,-0.09174905702608696,0.5074626865671642,0.008976557733825028,0.4,-0.014044445169773049,0.291939009227436,0.5522388059701493,0.060362779884234455,0.3333333333333333,-0.1159312349434954,0.2691764545154755,0.4925373134328358,-0.018987928287274327,0.4666666666666667,0.019021721727683853,0.0943929437155392,0.5373134328358209,-0.0025175590151040343,0.5333333333333333,0.004432280355205531,0.29614520421402607,0.44776119402985076,-0.023211284334103872,0.3333333333333333,-0.02071434333827712,0.2811532450475294
2026-04-13,2026,667,67,0.20839580209895053,-0.10604206478584284,0.40298507462686567,-0.041217917170627796,0.26666666666666666,-0.13477966024928598,0.25915905001222034,0.4925373134328358,-0.018985918859164206,0.13333333333333333,-0.18774027510676822,0.23667164354564652,0.417910447761194,-0.04119333977779937,0.4,-0.09506498807489346,0.03212887460043106,0.47761194029850745,-0.030528837251170577,0.4666666666666667,-0.010423250922393646,0.26978723620220696,0.3880597014925373,-0.062251863841888,0.26666666666666666,-0.05785750427245352,0.2600063770937076
2026-04-14,2026,664,67,0.2063253012048193,-0.07767386327672794,0.44776119402985076,-0.028704553362673847,0.4,-0.07834030298092182,0.22983458555147834,0.5373134328358209,-0.00036912710073756734,0.3333333333333333,-0.049073652619310654,0.2146039608830852,0.4626865671641791,-0.008932560944806666,0.4666666666666667,-0.03871877075288847,0.014541831175065306,0.5074626865671642,-0.013363339827742881,0.5333333333333333,0.03092473209244296,0.2296601729714084,0.373134328358209,-0.04679211942148263,0.2,-0.1706193046096998,0.20979082951364356
2026-04-15,2026,663,67,0.1885369532428356,-0.07676731351590961,0.3283582089552239,-0.028759870110539917,0.3333333333333333,-0.007012753895899193,0.2052337956208279,0.44776119402985076,-0.015269962847830852,0.3333333333333333,-0.07711990906647151,0.20501209527800254,0.43283582089552236,0.019900812755555185,0.26666666666666666,-0.022890322420678514,0.07195028617783526,0.3880597014925373,-0.012355408012594842,0.4,0.016808084876641323,0.1835294334183129,0.29850746268656714,-0.02720503979373858,0.06666666666666667,-0.16185213068502655,0.17126016785279113
2026-04-16,2026,662,67,0.18126888217522658,-0.08154528150613097,0.3283582089552239,-0.06706428980885165,0.3333333333333333,-0.061948282080199604,0.15527435865728198,0.43283582089552236,-0.041999901243699664,0.26666666666666666,-0.18982663023087376,0.15552025965160615,0.40298507462686567,-0.025502592216242737,0.4,-0.03729495961868404,0.0692348858493552,0.417910447761194,-0.052804151589134714,0.4666666666666667,-0.02075607548242658,0.13871359883272183,0.31343283582089554,-0.054313632028848396,0.06666666666666667,-0.19013546607571286,0.1258866253508269
2026-04-17,2026,665,67,0.1774436090225564,-0.08919991778048526,0.23880597014925373,-0.09065299568217966,0.26666666666666666,-0.11321016831753362,0.12315476591000331,0.3582089552238806,-0.07446802444000132,0.2,-0.18562954725961717,0.11837919960854598,0.29850746268656714,-0.05496878498857306,0.4666666666666667,-0.03142875715813428,0.056801073703514525,0.3283582089552239,-0.07688515521563928,0.3333333333333333,-0.08726378732406165,0.09285167872676157,0.22388059701492538,-0.11418094831762807,0.13333333333333333,-0.14490620122627215,0.08683423337055743
2026-04-20,2026,664,67,0.16265060240963855,-0.07743246789502092,0.23880597014925373,-0.08813157140832549,0.2,-0.05213247009112266,0.05648618252339662,0.34328358208955223,-0.05864807405500926,0.26666666666666666,-0.12970741562923024,0.07232802404736469,0.2537313432835821,-0.07257130655138609,0.4,-0.04173936807652426,0.04623560154887112,0.26865671641791045,-0.0701067568417294,0.4,-0.05954897389388757,0.026775290196470385,0.11940298507462686,-0.116241288734649,0.13333333333333333,-0.1415705226890137,0.02867407048744824
2026-04-21,2026,670,67,0.14328358208955225,-0.060296329443949685,0.22388059701492538,-0.07469531098412938,0.3333333333333333,-0.022022952639148167,0.008678235026694145,0.2537313432835821,-0.06854071188290593,0.26666666666666666,-0.09805344210869739,0.03816281690437179,0.2537313432835821,-0.049276487106134886,0.4,-0.010457841736364564,0.03210624179822095,0.2537313432835821,-0.07229856883753139,0.26666666666666666,-0.060695931139950136,-0.017726689599484254,0.14925373134328357,-0.10086328912989355,0.2,-0.11071470759322843,-0.028799441929653915
2026-04-22,2026,671,68,0.12816691505216096,-0.07399675879836558,0.22058823529411764,-0.07445093212038996,0.26666666666666666,-0.04837141646866675,0.09179340651571337,0.25,-0.030445498856450575,0.2,-0.059084195954234045,0.11127941902961647,0.17647058823529413,-0.06927668719972153,0.4,0.0041917474760301355,0.0919586871801369,0.25,-0.05954131688043329,0.26666666666666666,-0.06389196245366378,0.05113422888502862,0.1323529411764706,-0.11013890407538429,0.3333333333333333,-0.06073541091672869,0.047477599125991
2026-04-23,2026,675,68,0.17925925925925926,-0.033641629481994076,0.3088235294117647,-1.1175165021976999e-05,0.3333333333333333,0.003179802528269467,0.30295165466879787,0.3088235294117647,0.016186003786364884,0.2,-0.07602238737283125,0.2696114217013818,0.29411764705882354,0.005278379564225893,0.5333333333333333,0.11974633786694336,0.1900664679784321,0.29411764705882354,-0.0051657707676232584,0.4666666666666667,0.047054161206164465,0.2892675030810066,0.2647058823529412,0.018425720809920495,0.4,0.03282710792401847,0.29604498368928234
2026-04-24,2026,678,68,0.2153392330383481,-0.00048435331774068525,0.45588235294117646,0.09599743101955825,0.4666666666666667,0.0802177563287265,0.38061375828669625,0.4411764705882353,0.08686642566011067,0.4,0.06728366895319965,0.3520374348020045,0.4117647058823529,0.07624746174385803,0.6666666666666666,0.16623087281792234,0.21215054373485,0.4852941176470588,0.07634452275594455,0.7333333333333333,0.11959293480758755,0.36986743374909664,0.45588235294117646,0.10717198252982096,0.6,0.1168152910309381,0.38086747295464496
2026-04-27,2026,680,68,0.2323529411764706,0.05448971246606666,0.5,0.18105887146860578,0.4666666666666667,0.21159562598008652,0.3979563288587839,0.45588235294117646,0.16549336405459278,0.4,0.11121824624399362,0.365096079916895,0.45588235294117646,0.16773848668975203,0.6,0.22982280111351322,0.22164122180085502,0.5,0.1761411136156251,0.8,0.2310877821613285,0.38019990477092636,0.5147058823529411,0.20337612601564845,0.6,0.20769707723403036,0.39331490036702277
2026-04-28,2026,684,69,0.22807017543859648,-0.004237066871322212,0.43478260869565216,0.08257849266957289,0.5333333333333333,0.08218414143496394,0.3264180267939042,0.4927536231884058,0.11174926329846797,0.4,0.025806787946079223,0.31908146198894066,0.37681159420289856,0.06241170489905853,0.4666666666666667,0.1203875106282247,0.1992768148429354,0.4927536231884058,0.09532507440327077,0.4666666666666667,0.007882055689276654,0.31209123342576994,0.43478260869565216,0.08336426867281359,0.6666666666666666,0.10812010109045653,0.3197111369751019
2026-04-29,2026,683,69,0.2342606149341142,-0.010710227844416356,0.4927536231884058,0.06850566936694678,0.4666666666666667,0.04066819412763175,0.25377085094157015,0.5217391304347826,0.06780680713228977,0.26666666666666666,-0.06805008353679236,0.24997692636947877,0.391304347826087,0.01994461458409857,0.6,0.09690887140835609,0.1666757985085605,0.4782608695652174,0.051975407349228814,0.4,-0.03422623947716865,0.2521676643341798,0.4492753623188406,0.05188565160463905,0.4666666666666667,-0.014218218664822313,0.2607700188219857
2026-04-30,2026,684,69,0.23830409356725146,-0.0429084762382905,0.463768115942029,0.008052156753369238,0.4,-0.11349164501067037,0.2398451761881153,0.42028985507246375,-0.001981443441125061,0.3333333333333333,-0.04973463772447269,0.2213434969023945,0.37681159420289856,-0.03855251565948297,0.5333333333333333,0.012085975520361036,0.06337250695658168,0.4492753623188406,0.01593386268730874,0.4666666666666667,0.02723318605236448,0.2343821882869129,0.42028985507246375,0.007403045177790263,0.4,0.05999063124278752,0.24966335251788013
2026-05-04,2026,686,69,0.22157434402332363,0.00796814200479862,0.4057971014492754,0.04342601509808916,0.4,0.051015046251670686,0.22173173007780642,0.391304347826087,0.028643824517377032,0.4,0.0054509064104103205,0.2177830408464401,0.2753623188405797,-0.006348539417588449,0.6,0.07455980447549218,0.05425629756962613,0.4057971014492754,0.07139426237773952,0.4,0.046909414281885296,0.2177238080918234,0.36231884057971014,0.03243979467026865,0.4,0.11798548397667351,0.2135130599209855
2026-05-05,2026,684,69,0.19298245614035087,-0.012062204889162743,0.2898550724637681,-0.01819058033100138,0.2,-0.05244855704479643,0.08901865039956781,0.2753623188405797,-0.028873641185385837,0.2,-0.0405397772224371,0.10403885025740664,0.2028985507246377,-0.044623237084662516,0.2,-0.021569586390946496,0.0031661679442957585,0.2898550724637681,-0.004130505965739224,0.2,-0.02117441796443531,0.09825668958185518,0.2608695652173913,-0.035153830273514965,0.26666666666666666,0.038834012171727876,0.08668142451777733
2026-05-06,2026,684,69,0.20175438596491227,-5.658253881780774e-06,0.3333333333333333,0.009671140393798664,0.26666666666666666,-0.008349354166275602,0.10794187308296813,0.2898550724637681,-0.017282486061435322,0.26666666666666666,-0.06584603591361647,0.10968338071353737,0.2463768115942029,-0.024534757419346874,0.4666666666666667,0.030874951329274505,-0.009287598077873032,0.2898550724637681,0.012710505951082909,0.2,0.02139157785708381,0.11697118095690419,0.3188405797101449,0.016951966122083828,0.26666666666666666,-0.052275358461888244,0.10593669558631368
2026-05-07,2026,688,69,0.1875,0.01444900071209187,0.3333333333333333,0.02123133004655754,0.26666666666666666,0.027289084581781378,0.04383915760734171,0.2318840579710145,-0.01957801060332832,0.3333333333333333,0.01721949078874267,0.0687163073260564,0.2318840579710145,-0.020726935575801724,0.26666666666666666,-0.009732831201167065,-0.02556418566545253,0.2898550724637681,0.01383573444390728,0.26666666666666666,0.003845949926219102,0.03758088471069341,0.2753623188405797,0.0033646248331672224,0.2,-0.03639452111605737,0.029171446808166423
2026-05-08,2026,692,70,0.21098265895953758,0.02382301997551985,0.4142857142857143,0.04228613754725189,0.4666666666666667,0.09053924939428827,0.0592502666428065,0.38571428571428573,0.03257229864727763,0.4,-0.01636243745818635,0.09025270715635018,0.3142857142857143,0.008671740695584941,0.5333333333333333,0.04050705746379983,-0.0028729913814152584,0.34285714285714286,0.018195769166715295,0.4666666666666667,0.057927081842197754,0.048214747769005785,0.34285714285714286,0.011936341207333862,0.4,0.05020309176968177,0.04295037945613005
2026-05-11,2026,701,71,0.18544935805991442,0.0010391433631142296,0.323943661971831,-0.02639455871684941,0.3333333333333333,0.016142718930097593,-0.1497841322308217,0.323943661971831,-0.013687421923255477,0.4666666666666667,0.010070918367984497,-0.10658840992491812,0.28169014084507044,-0.035035401254627396,0.4,-0.028482622295171824,-0.10568415088709801,0.29577464788732394,-0.015869667266438882,0.4,0.004804042958309932,-0.1430699994900948,0.30985915492957744,-0.014363528440351662,0.4,-0.010889289193597803,-0.1630225067084403
2026-05-12,2026,706,71,0.18980169971671387,0.0030184962512550396,0.2535211267605634,1.3279271879950322e-05,0.2,0.04500955153379753,-0.1277263505794436,0.29577464788732394,0.018160602993350147,0.4666666666666667,0.029071853002269363,-0.07659072173446463,0.22535211267605634,-0.028853492401747872,0.2,-0.013363535242944535,-0.09006207388761711,0.28169014084507044,0.0154121855387104,0.3333333333333333,0.019824427509071495,-0.1312931546161207,0.28169014084507044,-0.0028835497169464484,0.3333333333333333,0.06508506091295492,-0.14131164712845207
2026-05-13,2026,704,71,0.21164772727272727,0.0031436968578910924,0.352112676056338,-0.011001619086506768,0.3333333333333333,-0.10169407363556511,-0.21416221784137068,0.4084507042253521,-0.002422707901229109,0.6,0.023651901294662665,-0.16000770394193578,0.28169014084507044,-0.06445537585985539,0.3333333333333333,-0.08886148601017384,-0.15042977848615227,0.39436619718309857,-0.005159109381855349,0.5333333333333333,0.0019728874163923806,-0.23164737958548498,0.36619718309859156,-0.025744627133837607,0.4,-0.026042137232475927,-0.23909176030810392
2026-05-14,2026,706,71,0.22521246458923513,0.012529068670838415,0.4225352112676056,0.009530780872027012,0.4,-0.004470925307962862,-0.20692682115899172,0.4788732394366197,0.02768194099588664,0.6,0.06781899920787454,-0.16668961529008045,0.3380281690140845,-0.04409044783261871,0.4,-0.0065148723632262396,-0.15912922478639244,0.4225352112676056,0.004558823676539128,0.6,0.05141267105237601,-0.23289218722371643,0.39436619718309857,-0.015998095994006208,0.6,0.024384592221745233,-0.24230470616581978
2026-05-15,2026,705,71,0.2397163120567376,0.013570931829092671,0.49295774647887325,0.04255580055091041,0.5333333333333333,0.027605037456360455,-0.11922575490085524,0.4788732394366197,0.033559591715907756,0.6666666666666666,0.09772587625337517,-0.09153518728729518,0.36619718309859156,-0.009441321763642681,0.4,-0.011080511034680485,-0.0905025551401964,0.4788732394366197,0.029584150039170348,0.6,0.015420365888983064,-0.14444876824129632,0.4507042253521127,0.017104019649408567,0.6666666666666666,0.0189212513214024,-0.14034355086902103
2026-05-18,2026,704,71,0.23863636363636365,-0.011451927230980069,0.49295774647887325,0.06681454646007927,0.6,0.044464284010149825,-0.06382214915715814,0.4647887323943662,0.02831408126007803,0.6666666666666666,0.11924633810681036,-0.039371717261679214,0.352112676056338,-0.01896031159101238,0.4,-0.007770150951518872,-0.03941978358649031,0.43661971830985913,0.02309474248230135,0.6,0.03630160530548174,-0.07815979130594458,0.4084507042253521,0.006802536113630871,0.5333333333333333,-0.0442555879907877,-0.07289827882401938
2026-05-19,2026,702,71,0.254985754985755,-0.03768843066583421,0.5352112676056338,0.06456138898980482,0.5333333333333333,0.0034248870264005286,-0.03984670213538319,0.5070422535211268,0.027747118670235948,0.4666666666666667,-0.045862757269284134,-0.011119820327973571,0.4225352112676056,-0.032367470189883216,0.4666666666666667,-0.01298337616685814,-0.015311697153690688,0.4788732394366197,0.007237383603160755,0.6666666666666666,0.035925445247888,-0.04086363048728807,0.4647887323943662,-0.0032629525874400393,0.5333333333333333,-0.0399241287154767,-0.0430726581900786
2026-05-20,2026,698,70,0.26504297994269344,-0.033811066196340306,0.5571428571428572,0.08834512823187592,0.5333333333333333,-0.016184774644194048,0.013625881685516952,0.5,0.030607459606091292,0.6666666666666666,0.08656633182006163,0.024586193991818387,0.42857142857142855,-0.032131240681326466,0.5333333333333333,-0.010029104405893396,0.033847823902992145,0.4714285714285714,0.017000005774297878,0.7333333333333333,0.05399131418389657,8.569470591445387e-05,0.5,0.011979041196649205,0.5333333333333333,-0.0830753270452979,0.00969574638968487
2026-05-21,2026,699,70,0.21602288984263232,-0.021974288584876926,0.5142857142857142,0.11788847544435611,0.5333333333333333,0.08935779612926414,0.0032338695935472074,0.45714285714285713,0.08028747643033252,0.7333333333333333,0.138065433718676,0.03218945636204568,0.34285714285714286,0.0052900702246783055,0.4666666666666667,0.049315174281348385,0.021033295017965428,0.4142857142857143,0.04138304284580417,0.6,0.0681659795816639,-0.016035146543203465,0.4,0.023492099058923882,0.5333333333333333,-0.07216497103220929,-0.017209527591397402
2026-05-22,2026,697,70,0.1750358680057389,-0.053547861820941046,0.4142857142857143,0.047037871770341744,0.4,0.03018405476092601,-0.011560418321832867,0.4857142857142857,0.08074637039360634,0.5333333333333333,0.06368741967179893,0.010774961156395046,0.21428571428571427,-0.0569705212358173,0.3333333333333333,-0.004100894437437552,-0.002959352860533543,0.3142857142857143,-0.01828618023520167,0.4666666666666667,0.050936371624975045,-0.03882704231495776,0.34285714285714286,-0.01648893946977305,0.3333333333333333,-0.11710731290744297,-0.03267794621730248
2026-05-25,2026,702,71,0.15954415954415954,-0.04083676966575381,0.352112676056338,0.021175125505395284,0.3333333333333333,-3.386598455954459e-05,-0.1828236525334451,0.3380281690140845,0.01414838067680248,0.4,0.019644709002780664,-0.16467260740465625,0.16901408450704225,-0.07817235136155912,0.26666666666666666,-0.032340447390040813,-0.1195211617359071,0.2535211267605634,-0.04245957564547019,0.3333333333333333,0.013611262714035824,-0.1983185540286581,0.28169014084507044,-0.019947789660951565,0.2,-0.10043947791847249,-0.19325626715360017
2026-05-26,2026,701,71,0.15549215406562053,-0.018838004230707125,0.36619718309859156,0.04847580970184519,0.4666666666666667,0.10295836505597837,-0.18948030268080843,0.29577464788732394,0.027667671078439395,0.3333333333333333,0.04426105093604233,-0.17580850575607163,0.1267605633802817,-0.06904243067621522,0.2,-0.05095286814661906,-0.15044052235966382,0.23943661971830985,-0.03263607382828474,0.3333333333333333,0.00921485692672126,-0.2063665582634708,0.28169014084507044,-0.008237046373489999,0.2,-0.06507139754687101,-0.19832301662761584
2026-05-27,2026,701,71,0.15691868758915833,0.007992331774359115,0.323943661971831,0.06667787739198594,0.3333333333333333,0.08621590338545745,-0.21384236417336364,0.30985915492957744,0.04860481586548034,0.26666666666666666,0.057849945753339495,-0.17522626626416007,0.1267605633802817,-0.02280317350061981,0.13333333333333333,-0.03550553580678668,-0.13869325725293488,0.19718309859154928,-0.02393910252896095,0.26666666666666666,0.01354681893973236,-0.23171872840713276,0.22535211267605634,0.007985264865354117,0.06666666666666667,-0.1046193352360914,-0.23549940815403816
2026-05-28,2026,708,71,0.1694915254237288,-0.0022597688029479023,0.4084507042253521,0.02850517955514405,0.4666666666666667,0.07903361603882099,-0.2821285974002551,0.29577464788732394,0.007916585538375489,0.26666666666666666,-0.02191975682843034,-0.24650235825919903,0.23943661971830985,-0.011678866632308492,0.3333333333333333,-0.02742715804413495,-0.1451298856338613,0.28169014084507044,-0.02024792248293209,0.3333333333333333,-0.03467711135142283,-0.2873744649828094,0.30985915492957744,-0.006074069687401039,0.2,-0.039703685454569045,-0.2965460095257008
2026-05-29,2026,717,72,0.12273361227336123,0.019196947790697194,0.3055555555555556,0.013831285939926873,0.3333333333333333,0.04871058378689063,-0.3235629726901078,0.2777777777777778,0.025297429669194373,0.2,-0.022051621720723925,-0.2912725039121821,0.2222222222222222,0.0010874258890645704,0.26666666666666666,0.0021470052318280177,-0.18961313002554023,0.25,-0.007127968598900972,0.26666666666666666,-0.07717343079217985,-0.3249331374445493,0.2916666666666667,0.012807784098539558,0.13333333333333333,-0.07085564630584376,-0.3218241816255338
2026-06-01,2026,721,73,0.09986130374479889,-0.009481015089477561,0.2602739726027397,0.014334243434941416,0.3333333333333333,0.05360615177124402,-0.24283787200490448,0.2465753424657534,0.026651139835991287,0.2,0.0014575495881324007,-0.21403396466326857,0.1643835616438356,-0.0019173903343876202,0.3333333333333333,0.09378451836713488,-0.12885385635648838,0.2054794520547945,-0.008716888173229688,0.2,-0.040571159483652544,-0.24052612212218916,0.1780821917808219,-0.023055933148414146,0.13333333333333333,-0.00875563708609064,-0.22608641390831088
2026-06-02,2026,730,73,0.09863013698630137,-0.02076280554194002,0.3013698630136986,0.024431803114385715,0.4666666666666667,0.0681179252144839,-0.23075363462082168,0.2328767123287671,0.008873775204703673,0.26666666666666666,0.018015735620159255,-0.23747299437311914,0.2602739726027397,0.031169521399772384,0.26666666666666666,0.06745527587170735,-0.06239908242359314,0.2602739726027397,0.017135501137193265,0.2,-0.009020836178727695,-0.21610506596815343,0.273972602739726,0.0010353498611536602,0.26666666666666666,0.08441322406575173,-0.1688962513935697
2026-06-03,2026,738,74,0.09078590785907859,-0.0010703865994471395,0.2972972972972973,0.04384112232869203,0.4,0.08076487593580921,-0.19846333580749398,0.2702702702702703,0.03383668599802985,0.3333333333333333,0.06810733575537181,-0.18177055404009276,0.2702702702702703,0.061754379345226526,0.5333333333333333,0.14230897541167659,0.013953916613739266,0.28378378378378377,0.04916999701759811,0.3333333333333333,0.06469339095792388,-0.16644488093370802,0.2972972972972973,0.05227258939802968,0.3333333333333333,0.08312963590522339,-0.12542524315623887
2026-06-04,2026,744,75,0.10618279569892473,0.012146028592427496,0.37333333333333335,0.09022225602824904,0.26666666666666666,0.0677881926669345,-0.1544664769693921,0.29333333333333333,0.061707401356244515,0.4666666666666667,0.16681553007388988,-0.14415618441118744,0.32,0.10550425792401529,0.5333333333333333,0.14023831380669147,0.004572578616646193,0.3333333333333333,0.07212545930011896,0.3333333333333333,0.04873125865876139,-0.14162816319856805,0.37333333333333335,0.08934135382749477,0.3333333333333333,0.06811693702389178,-0.1144248078123078
2026-06-05,2026,743,75,0.1278600269179004,0.007905125491897123,0.4,0.08267265553282895,0.4666666666666667,0.11041900889112839,-0.09901543661149195,0.32,0.06414296305052272,0.4666666666666667,0.1595413874185413,-0.08319129215880401,0.3466666666666667,0.0747615872357622,0.6666666666666666,0.16396028812758007,0.008203866863928566,0.37333333333333335,0.05997807633758536,0.4666666666666667,0.06875055720854138,-0.11025325624783625,0.37333333333333335,0.07526693779294023,0.26666666666666666,0.02279492345542881,-0.08841449194677388
2026-06-08,2026,746,75,0.18230563002680966,0.0023371734202022603,0.5066666666666667,0.05986584181963539,0.6666666666666666,0.09946154835000715,-0.11571176282480285,0.48,0.05403623855702415,0.6666666666666666,0.1657536041647711,-0.1026089694156618,0.4666666666666667,0.037968165438993645,0.8,0.12175584117890921,-0.010757293003516522,0.4666666666666667,0.028738313615293637,0.6666666666666666,0.06625927920662887,-0.10973190959124604,0.48,0.04658090501863627,0.7333333333333333,0.14546999166742502,-0.09632269939518229
2026-06-09,2026,743,75,0.14670255720053835,0.0033625042249422216,0.4666666666666667,0.04446332110466922,0.6,0.09982224985872129,-0.16926572255359862,0.4266666666666667,0.03165464591176372,0.4666666666666667,0.06909417292830831,-0.16382474291597254,0.4,0.0204266942216745,0.7333333333333333,0.08602277425685054,-0.08353663238067707,0.41333333333333333,0.01554395561012548,0.6666666666666666,0.03224024487330623,-0.17198352141533071,0.41333333333333333,0.03823560563148997,0.5333333333333333,0.02133138168223326,-0.16050150362177454
2026-06-10,2026,747,75,0.19009370816599733,-0.003984504132396456,0.56,0.07447380532824824,0.7333333333333333,0.18126399587158837,-0.019472944764341825,0.49333333333333335,0.05069082541647543,0.5333333333333333,0.00965340709717799,-0.03497850601000698,0.5066666666666667,0.044526457035587476,0.6666666666666666,0.13638746508707988,0.1068235963299921,0.48,0.04211708341175403,0.7333333333333333,0.10044227905253754,0.00028844723344104324,0.5066666666666667,0.07259980217110426,0.6666666666666666,0.10375944729734089,0.03121565071891382
2026-06-11,2026,744,75,0.18951612903225806,-0.01867298827515749,0.56,0.027962479835312182,0.8,0.08499031705113073,-0.08360525679674988,0.49333333333333335,0.0010432339722547068,0.6666666666666666,0.01878055624914597,-0.0996716274000189,0.4666666666666667,-0.0012464510298101183,0.5333333333333333,0.013057164198357608,0.054852274324412184,0.5066666666666667,-0.013632619731233446,0.6666666666666666,0.03399995375445803,-0.05474621075295681,0.5733333333333334,0.036312010614282866,0.8,0.03146539233112015,-0.047060564453194564
2026-06-12,2026,746,75,0.16621983914209115,-0.01851814092951222,0.5466666666666666,-0.005645421014570555,0.6666666666666666,0.03389256672249314,-0.20562592002225288,0.52,-0.005023260382187876,0.5333333333333333,-0.10338950348208108,-0.18413212220562053,0.44,-0.029262400206961522,0.6,-0.03380402390752133,-0.02723042745688714,0.49333333333333335,-0.03185209058257912,0.6666666666666666,0.010892608168176492,-0.19009236515013905,0.49333333333333335,-0.01825089526266616,0.6666666666666666,-0.05337405272273731,-0.20794360090192843
2026-06-15,2026,746,75,0.11528150134048257,-0.003963659915413267,0.32,-0.022952165355703186,0.4,-0.03793319651168604,-0.25572758453846406,0.30666666666666664,-0.023068075529984043,0.3333333333333333,-0.085329383365173,-0.20811036250614784,0.26666666666666666,-0.026752349751735977,0.26666666666666666,-0.03649746785260869,-0.07414600356231453,0.26666666666666666,-0.04172568849878432,0.26666666666666666,-0.02358396078783788,-0.24123718946289133,0.24,-0.038756468608458536,0.26666666666666666,-0.06926522119485165,-0.2658435954388068
2026-06-16,2026,748,75,0.12967914438502673,-0.00039790471712387073,0.38666666666666666,-0.04705516746010955,0.4666666666666667,-0.06430208942342899,-0.3163479701738909,0.3466666666666667,-0.05196874067990303,0.2,-0.0706545938638491,-0.2756975872093469,0.30666666666666664,-0.048522041681991646,0.4,-0.045450131390590405,-0.13450031860673195,0.3333333333333333,-0.05585848559944979,0.4666666666666667,-0.05441098630146337,-0.30169825053899735,0.28,-0.05930484006304441,0.4,-0.05579805281872077,-0.3198083180274219
2026-06-17,2026,752,76,0.09973404255319149,-0.001467655497416059,0.25,-0.09429483744602207,0.4,-0.10933048001462617,-0.5191278910146245,0.23684210526315788,-0.09911511334186493,0.13333333333333333,-0.12323121183094161,-0.46589583431126974,0.2236842105263158,-0.0828883702544485,0.26666666666666666,-0.13838546953343475,-0.2231493358448993,0.21052631578947367,-0.09696418144128845,0.3333333333333333,-0.09522770943972665,-0.5142127691611086,0.18421052631578946,-0.09173547525569474,0.2,-0.1108765624048615,-0.5247830761538298
2026-06-18,2026,755,76,0.07152317880794702,-0.004813184023429497,0.13157894736842105,-0.15599936481108562,0.2,-0.2279751463341311,-0.6100385765573505,0.15789473684210525,-0.14693632865737893,0.2,-0.1528804426965981,-0.5440461088453918,0.11842105263157894,-0.12977782851198372,0.2,-0.21085550856696836,-0.36392611854914314,0.11842105263157894,-0.13862722957301618,0.13333333333333333,-0.15846878747105322,-0.6007863761131671,0.10526315789473684,-0.15398445841301656,0.06666666666666667,-0.1937555146044704,-0.6233672314771058
2026-06-22,2026,756,76,0.05555555555555555,0.0029186262120357363,0.10526315789473684,-0.13989789645266504,0.0,-0.25252701690990853,-0.612785607924569,0.13157894736842105,-0.13080208710714528,0.13333333333333333,-0.11832261724668885,-0.5490726331001116,0.07894736842105263,-0.12348926714627503,0.13333333333333333,-0.16491005838323705,-0.39455909443497655,0.11842105263157894,-0.1262511397036624,0.06666666666666667,-0.18169311755134882,-0.5892667376608536,0.06578947368421052,-0.15079187252050472,0.06666666666666667,-0.11650729624744935,-0.6139415871000025
2026-06-23,2026,753,76,0.06905710491367861,0.005706992398263587,0.15789473684210525,-0.12590068165180127,0.2,-0.17389369084851466,-0.5490991098069321,0.17105263157894737,-0.11350345994246165,0.13333333333333333,-0.10652327203679614,-0.5039658311447079,0.15789473684210525,-0.09900468894907966,0.4,-0.10926239011020072,-0.3364246433624547,0.15789473684210525,-0.10801627266785194,0.13333333333333333,-0.16121251900096237,-0.5138996387150868,0.07894736842105263,-0.13848804782466126,0.26666666666666666,-0.1374373539812126,-0.5418977162430406
2026-06-24,2026,752,76,0.06382978723404255,-0.0290210904963491,0.21052631578947367,-0.17121587329037163,0.26666666666666666,-0.21374573058221016,-0.5667748345850445,0.19736842105263158,-0.16259128881503787,0.2,-0.11132745846160261,-0.5279243753648519,0.14473684210526316,-0.14977995750097414,0.4,-0.18755938618489265,-0.32794302039169665,0.18421052631578946,-0.14852020231107446,0.13333333333333333,-0.18550639489351728,-0.524506124046933,0.10526315789473684,-0.17657305040207819,0.3333333333333333,-0.2047058516102506,-0.5594791878148454
2026-06-25,2026,755,76,0.06225165562913907,-0.018746529930671996,0.14473684210526316,-0.1804346133215329,0.2,-0.2562564916860225,-0.6158491522270456,0.18421052631578946,-0.15808928294895822,0.06666666666666667,-0.1693982650597711,-0.5704065101811887,0.09210526315789473,-0.17365595721080535,0.2,-0.23286017565532954,-0.3984613010690135,0.15789473684210525,-0.15386645154302023,0.2,-0.18016977951901111,-0.5692471684653164,0.09210526315789473,-0.1754356569257772,0.2,-0.20258734188125024,-0.6204445112275824
2026-06-26,2026,749,75,0.0787716955941255,-0.02586161853600506,0.13333333333333333,-0.17966982912216112,0.3333333333333333,-0.22171701598772578,-0.5765654027116368,0.22666666666666666,-0.1617235718227541,0.2,-0.16733493981608324,-0.5468727397447772,0.12,-0.17846779597970802,0.2,-0.23306219120019797,-0.38555698782374354,0.17333333333333334,-0.1722941584006403,0.13333333333333333,-0.16772553314394342,-0.5399786953014,0.10666666666666667,-0.17686260940356,0.2,-0.22206403249463175,-0.5748956112606468
2026-06-29,2026,750,75,0.076,-0.01721377633332977,0.21333333333333335,-0.17285274031136483,0.26666666666666666,-0.23804117296434898,-0.63797745810684,0.24,-0.16813541771667778,0.26666666666666666,-0.14149144414047898,-0.6080890058994313,0.16,-0.17597376037500023,0.26666666666666666,-0.24451355839320368,-0.47898009699502037,0.17333333333333334,-0.17349858896824216,0.2,-0.15600468022055516,-0.6226107174622028,0.16,-0.16517867214811474,0.26666666666666666,-0.18729764785623768,-0.6446351199098345
2026-06-30,2026,748,75,0.045454545454545456,0.0016607097335294594,0.16,-0.190068263462797,0.06666666666666667,-0.3029475595115134,-0.7071058347256257,0.13333333333333333,-0.18742477762981163,0.13333333333333333,-0.18304971475796628,-0.6637526019561375,0.09333333333333334,-0.2054063448898414,0.13333333333333333,-0.2484023425153762,-0.50208764376278,0.12,-0.19368543115392176,0.13333333333333333,-0.16968391353401976,-0.69795698203429,0.09333333333333334,-0.1784618026485388,0.13333333333333333,-0.20086135978570896,-0.7093592098529296
2026-07-01,2026,745,75,0.03758389261744966,-0.0002720046266399042,0.12,-0.20641340862737448,0.06666666666666667,-0.32356369072413105,-0.7429734924204804,0.12,-0.21616748300056268,0.0,-0.17832506429255043,-0.6893312513820374,0.06666666666666667,-0.21676870396599104,0.13333333333333333,-0.2875153927363268,-0.5474682124016933,0.09333333333333334,-0.2144034153075441,0.13333333333333333,-0.23958304183364135,-0.7335903607429844,0.08,-0.1981690652960764,0.0,-0.22224366102595175,-0.7336337327126555
2026-07-02,2026,739,74,0.029769959404600813,-0.06926561800782546,0.08108108108108109,-0.26753911251018775,0.0,-0.3670183817144462,-0.7268794803646031,0.06756756756756757,-0.2653705105411392,0.13333333333333333,-0.1880320546012181,-0.6898361254700862,0.04054054054054054,-0.2620807023632366,0.06666666666666667,-0.3512991439212269,-0.49004562306922483,0.04054054054054054,-0.2681011694812572,0.13333333333333333,-0.28089992006812514,-0.7136057388866862,0.02702702702702703,-0.24476956216945667,0.0,-0.2977529003025685,-0.7002581092010625
2026-07-03,2026,737,74,0.018995929443690638,-0.0634997831183164,0.04054054054054054,-0.24565887602865125,0.13333333333333333,-0.31835435513197197,-0.6919612895455151,0.05405405405405406,-0.25146016728767706,0.13333333333333333,-0.20132620449837177,-0.6474217972826476,0.013513513513513514,-0.2281653854158223,0.0,-0.3323668906200908,-0.36380561862550725,0.02702702702702703,-0.2389772705296109,0.06666666666666667,-0.26101727049692175,-0.6691739733912017,0.013513513513513514,-0.20597905710844042,0.0,-0.2976162504438656,-0.6553375827689853
2026-07-06,2026,739,74,0.017591339648173207,-0.04097322310452931,0.05405405405405406,-0.21120929187978613,0.13333333333333333,-0.26426168652602783,-0.6410038241237593,0.04054054054054054,-0.21374262673368233,0.06666666666666667,-0.1493641224956318,-0.6006668864531248,0.02702702702702703,-0.17396128057171176,0.0,-0.28967583866253055,-0.3014640756285267,0.04054054054054054,-0.19001798724008037,0.13333333333333333,-0.20354288518481123,-0.6069288558365943,0.05405405405405406,-0.1516445536675312,0.0,-0.24865140753590773,-0.5969167059089401
2026-07-07,2026,736,74,0.028532608695652172,-0.044579423552661875,0.08108108108108109,-0.17555715011721482,0.13333333333333333,-0.22443326062247312,-0.5226569905533149,0.10810810810810811,-0.16094820862467882,0.13333333333333333,-0.16003858270088736,-0.47582247210963663,0.06756756756756757,-0.16320095027596518,0.06666666666666667,-0.28689472095407237,-0.26393183597107234,0.06756756756756757,-0.1628969368046877,0.13333333333333333,-0.22100285732604855,-0.5007344138226427,0.05405405405405406,-0.14463210672317792,0.0,-0.22940903552512798,-0.501838196024671
2026-07-08,2026,728,73,0.019230769230769232,-0.03441007177437567,0.0410958904109589,-0.16587171768803843,0.06666666666666667,-0.23758726577889222,-0.5066629371252296,0.0547945205479452,-0.16767116585290717,0.06666666666666667,-0.16764514596529084,-0.4653602805715375,0.0273972602739726,-0.15199870100502258,0.0,-0.240103332560293,-0.2478668475847931,0.0273972602739726,-0.16105106370972858,0.06666666666666667,-0.17806893378610347,-0.5058700855906137,0.0410958904109589,-0.14060842596669973,0.0,-0.24377600170688402,-0.4996630489834809
2026-07-09,2026,728,73,0.019230769230769232,-0.032517096153799864,0.0273972602739726,-0.18347797012034606,0.06666666666666667,-0.2647662347252838,-0.5518759295019043,0.0410958904109589,-0.17556920229972145,0.06666666666666667,-0.17708694160489363,-0.4968618264677233,0.0410958904109589,-0.17408426603421243,0.0,-0.30111573927922014,-0.2848904033338082,0.0273972602739726,-0.17927047752847441,0.06666666666666667,-0.2184958309125804,-0.549909040724644,0.0273972602739726,-0.16689813373118656,0.0,-0.22892741698362185,-0.5564912756943899
2026-07-13,2026,727,73,0.017881705639614855,-0.018850221390966076,0.0136986301369863,-0.13947427357032038,0.06666666666666667,-0.21998123750564957,-0.47885313689476994,0.0273972602739726,-0.15609694317419925,0.06666666666666667,-0.14866920950000126,-0.41929751966939655,0.0410958904109589,-0.13380601397066097,0.0,-0.2219873213887435,-0.26433332595773146,0.0273972602739726,-0.13432532695905308,0.06666666666666667,-0.2031552458721033,-0.4751214674972306,0.0136986301369863,-0.1114718228623914,0.0,-0.179564483239381,-0.4839837450894551
2026-07-14,2026,727,73,0.030261348005502064,-0.022383660996721098,0.0136986301369863,-0.13536755050616092,0.0,-0.22065529193262162,-0.4350041945693438,0.0273972602739726,-0.13305160212679806,0.0,-0.13168737269016811,-0.4059210041832402,0.0273972602739726,-0.12994055958888706,0.0,-0.22209801718375638,-0.22131839040819437,0.0136986301369863,-0.1292319088163219,0.0,-0.21069778772600908,-0.42760618731299743,0.0273972602739726,-0.09373736708670186,0.0,-0.15612175082359814,-0.42702998447160845
2026-07-15,2026,723,73,0.027662517289073305,-0.018958970521096713,0.0273972602739726,-0.11726188454048024,0.06666666666666667,-0.1796262411979199,-0.4308524183450739,0.0410958904109589,-0.1302530409795223,0.0,-0.15702692353423497,-0.39331317479571964,0.0273972602739726,-0.12429679709461645,0.0,-0.21530591441247784,-0.18157880408876054,0.0136986301369863,-0.1261354342130937,0.0,-0.18112061943177377,-0.42636932823633394,0.0273972602739726,-0.07852822446902592,0.0,-0.18249576855362862,-0.41956055099160355
2026-07-16,2026,724,73,0.03038674033149171,-0.023819490383991317,0.0136986301369863,-0.10983548043589286,0.0,-0.16433071021649895,-0.34360007614176713,0.0273972602739726,-0.10712150775884759,0.0,-0.11333508675052739,-0.3148220628979063,0.0410958904109589,-0.09992712678310724,0.0,-0.1357967109335937,-0.10287703927435257,0.0136986301369863,-0.11716839921460843,0.0,-0.16228113650233164,-0.34679290768570586,0.0136986301369863,-0.07117682048843248,0.0,-0.12758658393176694,-0.3217724967605009
2026-07-17,2026,725,73,0.06896551724137931,-0.04046498473806967,0.0821917808219178,-0.09013200593802494,0.0,-0.1373560658867893,-0.11628932990694288,0.1095890410958904,-0.07331695525070382,0.06666666666666667,-0.11176480509517894,-0.1114316549418826,0.0684931506849315,-0.09242294106568179,0.0,-0.1660854131490413,-0.01664043236071771,0.0410958904109589,-0.10657320274377498,0.0,-0.1916979941530056,-0.11359617602063361,0.0821917808219178,-0.07084074657446332,0.0,-0.13621962658720574,-0.088435663340492
2026-07-20,2026,723,73,0.08575380359612725,-0.031964755487374284,0.1232876712328767,-0.04746124848453445,0.06666666666666667,-0.12509375690845895,0.033259549471778414,0.1506849315068493,-0.026999758930505453,0.2,-0.007069078324357518,0.053559236051309134,0.1232876712328767,-0.05640034899879349,0.0,-0.1312630841293282,0.02575288635273154,0.0958904109589041,-0.06090059283172117,0.06666666666666667,-0.12817308077314665,0.02572100762221657,0.1643835616438356,-0.005863222992133768,0.06666666666666667,-0.10209709764313893,0.058747801083995
2026-07-21,2026,724,73,0.0649171270718232,-0.015082822192970873,0.0958904109589041,-0.05593257895929042,0.06666666666666667,-0.09116399709270606,-0.12191235214083784,0.0821917808219178,-0.04600945681960939,0.06666666666666667,-0.07121517792462392,-0.10287714633414165,0.0958904109589041,-0.04452162842541477,0.0,-0.10991270115072302,-0.03923842968210901,0.0958904109589041,-0.05851997832745846,0.06666666666666667,-0.11332739143024693,-0.1276667001447035,0.0958904109589041,-0.03203905354256576,0.06666666666666667,-0.08310859956727631,-0.11808551664844799
2026-07-22,2026,723,73,0.042876901798063624,0.0015858603343389616,0.0547945205479452,-0.05082991471369897,0.0,-0.07183873850000862,-0.2662679380469679,0.0136986301369863,-0.05655220192834215,0.0,-0.06280759674402948,-0.2466167804223857,0.0821917808219178,-0.04705335758052357,0.0,-0.12386501961829555,-0.09377857357476457,0.0684931506849315,-0.04750714678481535,0.06666666666666667,-0.079924053923317,-0.2758956639314489,0.0273972602739726,-0.047423029994021246,0.0,-0.052598379461996206,-0.28237573032239816
2026-07-23,2026,724,73,0.04005524861878453,0.009596962618126686,0.0547945205479452,-0.01642680308276034,0.06666666666666667,-0.05186964020081605,-0.24059882244393022,0.0410958904109589,-0.027234231313515357,0.13333333333333333,-0.033897576078883114,-0.2286628097774997,0.0821917808219178,-0.036891849819651594,0.0,-0.11588639318877861,-0.09576353175146554,0.0684931506849315,-0.0220983775855047,0.13333333333333333,-0.08122240864067569,-0.23390642392315633,0.0410958904109589,-0.0258933951194667,0.06666666666666667,-0.047062226225329115,-0.24328029724812708
2026-07-24,2026,723,73,0.0677731673582296,-0.0018420167554199425,0.1506849315068493,-0.011587681074183618,0.0,-0.07703512612203417,-0.14701329039040287,0.0821917808219178,-0.028360466678805596,0.13333333333333333,-0.025628207785783046,-0.11446680525183156,0.0958904109589041,-0.029914517131725393,0.06666666666666667,-0.07256144892408768,-0.058118804052502526,0.136986301369863,-0.024608645359656373,0.13333333333333333,-0.0672118465544337,-0.14982874747555522,0.1095890410958904,-0.01547772897834326,0.0,-0.08640037578628297,-0.13918021955253737
2026-07-27,2026,721,73,0.07905686546463246,0.003041263046026636,0.2328767123287671,0.006881446112634038,0.2,-0.03964121959804245,-0.08685286978113556,0.1780821917808219,-0.007492228587978087,0.2,-0.04323565990679943,-0.07377164912803595,0.0958904109589041,-0.012383269905430564,0.13333333333333333,-0.0018977335226077732,-0.07834483425010294,0.1780821917808219,-0.014162592869016171,0.2,-0.046031133488991245,-0.08971500211983431,0.1780821917808219,-0.0056744860092277465,0.13333333333333333,-0.06001130678646135,-0.07314047202724612
2026-07-28,2026,717,72,0.14365411436541142,0.003291729589489575,0.3888888888888889,0.06940203152584155,0.4666666666666667,0.022648691058182555,0.23477511758685313,0.3472222222222222,0.07465373582085828,0.26666666666666666,0.011071474222286973,0.26345492111822094,0.2222222222222222,0.013793888088843718,0.4666666666666667,0.09083271228382703,-0.0536357051998873,0.3194444444444444,0.037136052694532434,0.4,0.024411254430794564,0.22661729211841464,0.375,0.06772867338201347,0.4,-0.0104611830848318,0.2593782791355393
2026-07-29,2026,720,72,0.21944444444444444,0.002119492146677084,0.7083333333333334,0.16183896381056148,0.8,0.11143712651859111,0.4920534749491984,0.7222222222222222,0.16183322688103793,0.8666666666666667,0.16471618893372333,0.5284600874940689,0.4305555555555556,0.06016266638330672,0.6,0.05152157031469208,-0.04998744691545606,0.625,0.135783338754172,0.6666666666666666,0.1335045704741239,0.4739562003621685,0.7222222222222222,0.16956178075400122,0.8,0.09153529977690629,0.5294421826711709
2026-07-30,2026,715,72,0.2895104895104895,0.03258975030236264,0.8472222222222222,0.266077417574142,0.8666666666666667,0.2438140409507244,0.601427943154291,0.8611111111111112,0.2523965716128721,0.8666666666666667,0.3264456582153427,0.6318266855879676,0.4861111111111111,0.1217997277862203,0.6666666666666666,0.19185674642358538,-0.10250511891739579,0.7222222222222222,0.22037751687663804,0.8,0.2581335815541994,0.5773937876844275,0.8611111111111112,0.27173962758187975,0.9333333333333333,0.21853408397075164,0.6346300775469675
2026-07-31,2026,712,72,0.1853932584269663,0.077234737563942,0.6527777777777778,0.26158717958980177,0.7333333333333333,0.2998706125184141,0.4828363698365016,0.5972222222222222,0.2447551062110078,0.7333333333333333,0.3152392979761289,0.49305994757721816,0.375,0.15191058324092874,0.6666666666666666,0.22548230786530019,-0.13582557310438217,0.5833333333333334,0.234411496521917,0.7333333333333333,0.33693424391359555,0.4802476364495015,0.6666666666666666,0.26223230285689353,0.7333333333333333,0.2886421351516148,0.5131288774596736
2026-08-03,2026,708,71,0.1440677966101695,0.04442077553308352,0.43661971830985913,0.1441430097172905,0.5333333333333333,0.16000935902096441,0.29446204764276995,0.43661971830985913,0.13756273821718237,0.4666666666666667,0.17494341928173468,0.30492812943820935,0.28169014084507044,0.09437825750131817,0.4,0.08934698912148965,-0.15949463468300995,0.4507042253521127,0.1482812203588915,0.6666666666666666,0.23506401965665896,0.3019679766551689,0.4507042253521127,0.14905447392788507,0.6,0.18007880881876873,0.31285310206749356
2026-08-04,2026,707,71,0.11032531824611033,-0.0019956026844109224,0.3380281690140845,0.0903967437047396,0.4,0.09066999707120357,0.2129881728907204,0.30985915492957744,0.09007498173955468,0.3333333333333333,0.07300970800259907,0.19788815906020704,0.19718309859154928,0.01822474329866189,0.3333333333333333,0.0059719907985568,-0.13137240671825087,0.30985915492957744,0.07684905477563429,0.4666666666666667,0.10938805272171741,0.2293275677784289,0.2676056338028169,0.07667989469178677,0.4666666666666667,0.1097761010005472,0.221175273079631
2026-08-05,2026,697,70,0.08895265423242468,0.024518920334707164,0.2857142857142857,0.0883937679953147,0.3333333333333333,0.048215715728627075,0.05832260160687356,0.2571428571428571,0.09087606873309759,0.13333333333333333,0.028557692295573832,0.03249155736495496,0.11428571428571428,0.020487389804363855,0.2,0.06057483007421561,-0.11605265987900998,0.2571428571428571,0.07345375828971064,0.3333333333333333,0.0877424310059103,0.07779872490132031,0.2571428571428571,0.07750294644727007,0.4,0.0637232333900812,0.06331102264739988
2026-08-06,2026,701,71,0.07988587731811697,-0.002261343841914605,0.29577464788732394,0.019369729847791367,0.26666666666666666,-0.053417098626717646,-0.12316300313417129,0.23943661971830985,0.019497301635082093,0.13333333333333333,-0.006929000012839034,-0.12695418340333536,0.11267605633802817,0.006401601333642512,0.13333333333333333,0.005642067144802791,-0.01675842138212493,0.2535211267605634,0.012360644980399176,0.26666666666666666,0.013843226621685193,-0.09986779256509232,0.2535211267605634,0.010943417876173886,0.3333333333333333,0.011481504491456492,-0.12085592873216637
2026-08-07,2026,698,70,0.09025787965616046,-0.004045305242998471,0.34285714285714286,0.061718179783025996,0.4,0.04675686658417086,0.09574184717963964,0.2714285714285714,0.038079029924123986,0.2,0.041770200561087115,0.06144600890670089,0.15714285714285714,0.019817410509815604,0.4,0.0535012246654342,-0.06387828455779943,0.3,0.056162852289165156,0.3333333333333333,0.03524055361458931,0.10884513433921886,0.2857142857142857,0.04727148443831385,0.4,0.049226822986577705,0.09743506628773199
2026-08-10,2026,697,70,0.07890961262553801,-0.03242971517139857,0.3,0.03929663394250194,0.4666666666666667,0.09002720016102049,0.013102159119640628,0.2857142857142857,0.02939344202083216,0.3333333333333333,0.06603599184443919,-0.01134462242251658,0.11428571428571428,-0.003278798902955742,0.2,0.03560115889509669,0.010749527223232264,0.2857142857142857,0.03549085549741015,0.2,0.05676837160532125,0.031589483258769584,0.2714285714285714,0.02499322754059304,0.4666666666666667,0.08429367484269168,0.022333293428786635
2026-08-11,2026,689,69,0.07547169811320754,-0.03264074422747323,0.3188405797101449,0.0315777616630958,0.3333333333333333,0.03367619481503045,-0.04692728165918075,0.2753623188405797,0.009992914696269761,0.3333333333333333,0.03046265143637751,-0.05479529702855561,0.13043478260869565,-0.013090432282507062,0.26666666666666666,0.000853904156012993,0.03206479408267253,0.3188405797101449,0.026297397560849936,0.26666666666666666,0.061824357370110467,-0.035347570020137484,0.30434782608695654,0.018194723839672678,0.4666666666666667,0.052143069193406326,-0.04233620882270152
2026-08-12,2026,682,69,0.06304985337243402,-0.029938301228784513,0.2318840579710145,0.03311595038681961,0.26666666666666666,0.031519442429380456,-0.0701514414974336,0.2028985507246377,0.018050639706083067,0.3333333333333333,0.04213545710269588,-0.06915637754086477,0.15942028985507245,0.003900082830444201,0.26666666666666666,0.022937798175098875,0.06382205756523301,0.21739130434782608,0.020388355866581023,0.26666666666666666,0.03871816259375219,-0.05685407469734421,0.18840579710144928,0.005711066426464603,0.4,0.037395851965689134,-0.07894904162439706
2026-08-13,2026,678,68,0.051622418879056046,-0.01996565569924027,0.17647058823529413,0.02602966365474531,0.2,0.06897910987164106,-0.11914359352218734,0.17647058823529413,0.03808469253455399,0.2,0.03201807993808715,-0.09970840009825666,0.08823529411764706,0.0015849919632603094,0.13333333333333333,0.043637022321288556,0.04586509635352774,0.17647058823529413,0.03386991313031936,0.13333333333333333,0.005718080734456846,-0.11571502444779186,0.16176470588235295,0.013350193641638895,0.13333333333333333,0.02116077658476634,-0.13248693273640066
2026-08-14,2026,672,68,0.050595238095238096,-0.013811362565482129,0.17647058823529413,0.011483356262270799,0.2,-0.010074868367482111,-0.1703745106481887,0.19117647058823528,0.020455956062547073,0.2,0.005524159751556076,-0.14983464836413105,0.08823529411764706,0.016038218552598644,0.2,0.052998781652381095,0.025240002595273425,0.19117647058823528,0.024350404875210025,0.2,0.023230585319695227,-0.15998975507044816,0.14705882352941177,-0.0007038990374545359,0.2,-0.0006181595716387101,-0.1706527387083411
2026-08-17,2026,671,68,0.04769001490312966,-0.01270048732651293,0.19117647058823528,0.015348456116790562,0.3333333333333333,0.06372867293724488,-0.2077234874781745,0.17647058823529413,0.01479439678504794,0.2,0.026143286087524586,-0.14312700487533256,0.10294117647058823,0.015002736814458191,0.26666666666666666,0.08731446367406574,0.048796367341390236,0.17647058823529413,0.005056293288703937,0.2,0.035812343800191125,-0.2028011470856969,0.11764705882352941,-0.011802649695632883,0.26666666666666666,0.06630959418046724,-0.2260461413221855
2026-08-18,2026,674,68,0.05637982195845697,-0.017919936892081833,0.16176470588235295,0.0006485337284542383,0.4,0.0756212662866609,-0.16268272081787025,0.22058823529411764,0.011449573715809486,0.2,-0.025565017234039582,-0.12251451260511469,0.11764705882352941,0.004375544004920712,0.06666666666666667,-0.013974026565708498,0.0496551581693592,0.17647058823529413,-0.0029641106914838167,0.13333333333333333,0.011872554348363377,-0.15513558317395562,0.11764705882352941,-0.02036955754770895,0.26666666666666666,0.061112708457972,-0.1814382197054665
2026-08-19,2026,671,68,0.06408345752608048,-0.022619268579623562,0.23529411764705882,0.03475946534242471,0.4,0.009184826726871138,-0.007274760965404071,0.23529411764705882,0.022046312119996005,0.2,0.009350815228348085,-0.0034634540810265474,0.14705882352941177,0.017180519290856355,0.26666666666666666,0.01089300397076322,6.663123923736929e-05,0.25,0.036370071956357095,0.26666666666666666,0.04896124493327902,0.02188370485382718,0.17647058823529413,0.013392841590270935,0.3333333333333333,0.08479039919520061,-0.026386606266956686
2026-08-20,2026,673,68,0.05943536404160475,-0.02409644938620014,0.25,0.03157419264094613,0.3333333333333333,0.017786372072954984,-0.026620153165661006,0.22058823529411764,0.014644136506690376,0.26666666666666666,-0.00018437929550054743,-0.013331610611102803,0.22058823529411764,0.03065050561142702,0.3333333333333333,0.05694016951610225,0.022775128409983497,0.23529411764705882,0.02002336930361724,0.2,0.035295972945762186,0.006305061122602176,0.17647058823529413,0.0014938567435609164,0.3333333333333333,0.04493409853863246,-0.042051311849557835
2026-08-21,2026,671,68,0.06408345752608048,-0.018212001524629057,0.29411764705882354,0.08116806511538117,0.3333333333333333,0.041405595241928654,0.11808972541560618,0.25,0.06370132242100437,0.2,0.0732705968666063,0.08095422928097658,0.17647058823529413,0.02497840155268806,0.2,0.018441362698209195,-0.07142682372536628,0.22058823529411764,0.0670677472003975,0.2,0.0392821110547124,0.1952393239264945,0.20588235294117646,0.05053493691501646,0.2,0.07010028812673444,0.13654012911321242
2026-08-24,2026,667,67,0.08395802098950525,-0.030954999936430513,0.3283582089552239,0.06361358858862631,0.3333333333333333,0.03045826074722071,0.18302774049273896,0.3283582089552239,0.06391604545519745,0.26666666666666666,0.06977952455144108,0.15190461069502442,0.2537313432835821,0.008898688481639643,0.3333333333333333,0.03694232419318465,-0.06430010148689269,0.2835820895522388,0.061456469296546336,0.26666666666666666,0.049518938138007444,0.2481397852699348,0.3283582089552239,0.045221160098688984,0.2,0.01045136986280241,0.1876311653583459
2026-08-25,2026,661,67,0.08774583963691376,-0.034456923275817945,0.34328358208955223,0.05140667943721343,0.5333333333333333,0.09539497157077238,0.13762539210841032,0.34328358208955223,0.050028067215134045,0.26666666666666666,-0.010137556304880084,0.11648977510911976,0.208955223880597,-0.010680739944358256,0.3333333333333333,0.024468084562974356,-0.06156520098782678,0.29850746268656714,0.04648676986521015,0.4666666666666667,0.0760892285709774,0.1905666700114991,0.3283582089552239,0.03143346907281208,0.4,0.04055820625450844,0.13488263288265698
2026-08-26,2026,659,66,0.06828528072837632,-0.04136316900007655,0.2727272727272727,0.032772020936273974,0.4,0.04003627601261837,0.07146059032061355,0.3181818181818182,0.037605755978447925,0.4,0.015662093711700457,0.07604439163345658,0.13636363636363635,-0.015820368775767358,0.2,-0.018995135602880072,-0.009186240951623171,0.30303030303030304,0.03843323772255437,0.5333333333333333,0.13950102849497817,0.07192437943807932,0.25757575757575757,0.015377439749953791,0.3333333333333333,0.011606390657826374,0.05624536377293099
2026-08-27,2026,653,66,0.06584992343032159,-0.0448819695781414,0.24242424242424243,0.016805188905672876,0.4,0.021829956598862183,0.04211988516303872,0.2878787878787879,0.016622693267096846,0.26666666666666666,0.012508570631516136,0.05548634716096125,0.15151515151515152,-0.019575810792866282,0.2,-0.042476218868522514,0.017075012954860386,0.25757575757575757,0.016644119872027876,0.4666666666666667,0.11137530894011356,0.05044813596748732,0.24242424242424243,0.016854052160283465,0.3333333333333333,-0.0026733965896511484,0.03349810323127519
2026-08-28,2026,646,65,0.058823529411764705,-0.025154317416562526,0.2153846153846154,0.027196366837497158,0.3333333333333333,-0.0014739238614957407,0.04467216941212402,0.26153846153846155,0.02688320550085668,0.26666666666666666,-0.0006656647711022442,0.07127519465722044,0.12307692307692308,-0.022439460669440338,0.13333333333333333,-0.049224490776138004,0.02711071588698314,0.24615384615384617,0.04164023647716373,0.4,0.14615804325550172,0.037740949130671685,0.18461538461538463,0.015390561200704483,0.26666666666666666,-0.022543844065986203,0.024745306153971917
2026-08-31,2026,647,65,0.07109737248840804,-0.02158398031714652,0.2153846153846154,0.031170394230370286,0.4,0.07188200830680129,0.10380388593371062,0.24615384615384617,0.038295055313697424,0.26666666666666666,0.0010765810725687163,0.07626965625686252,0.15384615384615385,-0.001721859207515894,0.2,0.0160560920359873,-0.03674947277018022,0.23076923076923078,0.039359349357582556,0.4666666666666667,0.14865676865655722,0.07531018975124229,0.18461538461538463,0.016129669402792056,0.3333333333333333,0.08930945594634161,0.0840737011626082
2026-09-01,2026,645,65,0.06511627906976744,-0.014409156642060977,0.2153846153846154,0.05869359485460189,0.3333333333333333,0.08030617528568759,0.11150170550914949,0.24615384615384617,0.06232306572042674,0.2,0.00507296296386918,0.10337120045635333,0.18461538461538463,0.0533345842467135,0.3333333333333333,0.10144451211674989,-0.009013507023377564,0.2,0.049223639645365955,0.4666666666666667,0.16951522172115532,0.078831616443845,0.2,0.057833732661637334,0.4,0.12264439620140147,0.10156805632088477
2026-09-02,2026,641,65,0.0842433697347894,-0.018516699707888332,0.27692307692307694,0.06946006775682818,0.3333333333333333,0.07596372394394389,0.21476946306949884,0.26153846153846155,0.06545746724396541,0.2,-0.013528210059614946,0.18420929492487262,0.26153846153846155,0.06666455467363915,0.3333333333333333,0.047196395719935454,-0.022399801273854714,0.23076923076923078,0.04470989076608845,0.4,0.09173499371857533,0.15434947080129668,0.24615384615384617,0.05727362407568674,0.4666666666666667,0.11213272922162511,0.20145085255819134
