date,symbol,model,rank,score,revenue_month,proxy_available_date,month_end,endpoint_target,label_window_end,margin_source_date,entry_date
2023-12-29,2820,price_ridge,1,0.01988668719163434,2023-10,2023-12-18,2023-10-31,-0.2091966506002687,2024-04-08,2023-12-28,2024-01-02
2023-12-29,2832,price_ridge,2,0.01850701789300624,2023-10,2023-12-18,2023-10-31,-0.23386818194791215,2024-04-08,2023-12-28,2024-01-02
2023-12-29,8131,price_ridge,3,0.017599494465842185,2023-10,2023-12-18,2023-10-31,-0.2859189391485689,2024-04-08,2023-12-28,2024-01-02
2023-12-29,2527,price_ridge,4,0.017253391054113852,2023-10,2023-12-18,2023-10-31,0.5191603387035955,2024-04-08,2023-12-28,2024-01-02
2023-12-29,9925,price_ridge,5,0.01674616464976577,2023-10,2023-12-18,2023-10-31,-0.19954889277908938,2024-04-08,2023-12-28,2024-01-02
2023-12-29,2597,price_ridge,6,0.016555745286598908,2023-10,2023-12-18,2023-10-31,0.147397455141147,2024-04-08,2023-12-28,2024-01-02
2023-12-29,9935,price_ridge,7,0.016404246584730636,2023-10,2023-12-18,2023-10-31,-0.2588523275231921,2024-04-08,2023-12-28,2024-01-02
2023-12-29,1806,price_ridge,8,0.015950190460233486,2023-10,2023-12-18,2023-10-31,-0.3878918765396949,2024-04-08,2023-12-28,2024-01-02
2023-12-29,2855,price_ridge,9,0.015746511018377138,2023-10,2023-12-18,2023-10-31,0.1015359388485908,2024-04-08,2023-12-28,2024-01-02
2023-12-29,6790,price_ridge,10,0.015686143788324038,2023-10,2023-12-18,2023-10-31,-0.01892845363295037,2024-04-08,2023-12-28,2024-01-02
2023-12-29,8039,price_ridge,11,0.015652954064304198,2023-10,2023-12-18,2023-10-31,-0.24716120409662778,2024-04-08,2023-12-28,2024-01-02
2023-12-29,9934,price_ridge,12,0.015347074575715049,2023-10,2023-12-18,2023-10-31,-0.11710883217668733,2024-04-08,2023-12-28,2024-01-02
2023-12-29,1108,price_ridge,13,0.015096087980229456,2023-10,2023-12-18,2023-10-31,-0.16951648485511428,2024-04-08,2023-12-28,2024-01-02
2023-12-29,8070,price_ridge,14,0.014902080651623193,2023-10,2023-12-18,2023-10-31,0.02421504867329749,2024-04-08,2023-12-28,2024-01-02
2023-12-29,5533,price_ridge,15,0.014654077515987947,2023-10,2023-12-18,2023-10-31,-0.21498883441906846,2024-04-08,2023-12-28,2024-01-02
2023-12-29,2465,all_ridge,1,0.05929703362282418,2023-10,2023-12-18,2023-10-31,0.7113998312308514,2024-04-08,2023-12-28,2024-01-02
2023-12-29,1442,all_ridge,2,0.05370927820550811,2023-10,2023-12-18,2023-10-31,-0.054149356137851434,2024-04-08,2023-12-28,2024-01-02
2023-12-29,5533,all_ridge,3,0.04597689780691996,2023-10,2023-12-18,2023-10-31,-0.21498883441906846,2024-04-08,2023-12-28,2024-01-02
2023-12-29,2548,all_ridge,4,0.04473769373881033,2023-10,2023-12-18,2023-10-31,0.13051317024939557,2024-04-08,2023-12-28,2024-01-02
2023-12-29,5534,all_ridge,5,0.043242124864615865,2023-10,2023-12-18,2023-10-31,-0.03779336242176856,2024-04-08,2023-12-28,2024-01-02
2023-12-29,2211,all_ridge,6,0.04081594952642268,2023-10,2023-12-18,2023-10-31,0.007012255250098409,2024-04-08,2023-12-28,2024-01-02
2023-12-29,2505,all_ridge,7,0.0390478992766439,2023-10,2023-12-18,2023-10-31,-0.06745401150310637,2024-04-08,2023-12-28,2024-01-02
2023-12-29,6550,all_ridge,8,0.0378598094628012,2023-10,2023-12-18,2023-10-31,-0.2477579551091691,2024-04-08,2023-12-28,2024-01-02
2023-12-29,4958,all_ridge,9,0.03767244480075215,2023-10,2023-12-18,2023-10-31,-0.07521959363686159,2024-04-08,2023-12-28,2024-01-02
2023-12-29,1471,all_ridge,10,0.035207661150962515,2023-10,2023-12-18,2023-10-31,-0.2767675355945364,2024-04-08,2023-12-28,2024-01-02
2023-12-29,2474,all_ridge,11,0.032396149782050535,2023-10,2023-12-18,2023-10-31,-0.13278918154048935,2024-04-08,2023-12-28,2024-01-02
2023-12-29,2347,all_ridge,12,0.030635876694825738,2023-10,2023-12-18,2023-10-31,-0.13655109400436527,2024-04-08,2023-12-28,2024-01-02
2023-12-29,2504,all_ridge,13,0.02996273662926137,2023-10,2023-12-18,2023-10-31,0.24075111555332662,2024-04-08,2023-12-28,2024-01-02
2023-12-29,1722,all_ridge,14,0.029878771392381556,2023-10,2023-12-18,2023-10-31,-0.27882437079933187,2024-04-08,2023-12-28,2024-01-02
2023-12-29,6024,all_ridge,15,0.029387275758643527,2023-10,2023-12-18,2023-10-31,-0.14627255062028266,2024-04-08,2023-12-28,2024-01-02
2023-12-29,4720,price_tree,1,0.10618525471310514,2023-10,2023-12-18,2023-10-31,-0.28562202626219213,2024-04-08,2023-12-28,2024-01-02
2023-12-29,2211,price_tree,2,0.10345589446730173,2023-10,2023-12-18,2023-10-31,0.007012255250098409,2024-04-08,2023-12-28,2024-01-02
2023-12-29,2516,price_tree,3,0.09404254473950517,2023-10,2023-12-18,2023-10-31,-0.2996020266404017,2024-04-08,2023-12-28,2024-01-02
2023-12-29,9935,price_tree,4,0.0897739808846684,2023-10,2023-12-18,2023-10-31,-0.2588523275231921,2024-04-08,2023-12-28,2024-01-02
2023-12-29,2376,price_tree,5,0.08736592340247436,2023-10,2023-12-18,2023-10-31,0.054779104413899216,2024-04-08,2023-12-28,2024-01-02
2023-12-29,2454,price_tree,6,0.08251561295039286,2023-10,2023-12-18,2023-10-31,-0.05291098506816039,2024-04-08,2023-12-28,2024-01-02
2023-12-29,2545,price_tree,7,0.07999237768654621,2023-10,2023-12-18,2023-10-31,-0.15273566604086364,2024-04-08,2023-12-28,2024-01-02
2023-12-29,6754,price_tree,8,0.07975594519310517,2023-10,2023-12-18,2023-10-31,-0.22891489323700986,2024-04-08,2023-12-28,2024-01-02
2023-12-29,2356,price_tree,9,0.07733340781109864,2023-10,2023-12-18,2023-10-31,-0.12061269244188244,2024-04-08,2023-12-28,2024-01-02
2023-12-29,6239,price_tree,10,0.0756768931686752,2023-10,2023-12-18,2023-10-31,0.12773063035033205,2024-04-08,2023-12-28,2024-01-02
2023-12-29,1733,price_tree,11,0.07564335662701288,2023-10,2023-12-18,2023-10-31,-0.2823831770877966,2024-04-08,2023-12-28,2024-01-02
2023-12-29,3437,price_tree,12,0.07408796320220874,2023-10,2023-12-18,2023-10-31,-0.2190393126175849,2024-04-08,2023-12-28,2024-01-02
2023-12-29,2603,price_tree,13,0.07180244341760127,2023-10,2023-12-18,2023-10-31,-0.10822788592951849,2024-04-08,2023-12-28,2024-01-02
2023-12-29,2832,price_tree,14,0.07155293009998684,2023-10,2023-12-18,2023-10-31,-0.23386818194791215,2024-04-08,2023-12-28,2024-01-02
2023-12-29,4958,price_tree,15,0.07130336329108675,2023-10,2023-12-18,2023-10-31,-0.07521959363686159,2024-04-08,2023-12-28,2024-01-02
2023-12-29,2102,all_tree,1,0.2243626390840314,2023-10,2023-12-18,2023-10-31,-0.34082982748145896,2024-04-08,2023-12-28,2024-01-02
2023-12-29,2528,all_tree,2,0.21512723904266942,2023-10,2023-12-18,2023-10-31,0.17398909950919195,2024-04-08,2023-12-28,2024-01-02
2023-12-29,6541,all_tree,3,0.15420861765549632,2023-10,2023-12-18,2023-10-31,-0.44547854173969825,2024-04-08,2023-12-28,2024-01-02
2023-12-29,2530,all_tree,4,0.13704154011779715,2023-10,2023-12-18,2023-10-31,0.16533242586635288,2024-04-08,2023-12-28,2024-01-02
2023-12-29,6505,all_tree,5,0.12113541337227342,2023-10,2023-12-18,2023-10-31,-0.3133036130346162,2024-04-08,2023-12-28,2024-01-02
2023-12-29,3056,all_tree,6,0.12089195130363227,2023-10,2023-12-18,2023-10-31,-0.24068983820704426,2024-04-08,2023-12-28,2024-01-02
2023-12-29,1722,all_tree,7,0.12004126661785412,2023-10,2023-12-18,2023-10-31,-0.27882437079933187,2024-04-08,2023-12-28,2024-01-02
2023-12-29,1903,all_tree,8,0.11701977732990122,2023-10,2023-12-18,2023-10-31,-0.15720059837107025,2024-04-08,2023-12-28,2024-01-02
2023-12-29,2538,all_tree,9,0.110377987516043,2023-10,2023-12-18,2023-10-31,-0.2597891872115269,2024-04-08,2023-12-28,2024-01-02
2023-12-29,4763,all_tree,10,0.10741778550184644,2023-10,2023-12-18,2023-10-31,-0.04433206181021232,2024-04-08,2023-12-28,2024-01-02
2023-12-29,2385,all_tree,11,0.10654177537478506,2023-10,2023-12-18,2023-10-31,-0.003117667215492448,2024-04-08,2023-12-28,2024-01-02
2023-12-29,2347,all_tree,12,0.10617707069488727,2023-10,2023-12-18,2023-10-31,-0.13655109400436527,2024-04-08,2023-12-28,2024-01-02
2023-12-29,6706,all_tree,13,0.09961431804379503,2023-10,2023-12-18,2023-10-31,-0.42974300550895483,2024-04-08,2023-12-28,2024-01-02
2023-12-29,4938,all_tree,14,0.08649944883863035,2023-10,2023-12-18,2023-10-31,-0.06588118510954422,2024-04-08,2023-12-28,2024-01-02
2023-12-29,9904,all_tree,15,0.08540557883707872,2023-10,2023-12-18,2023-10-31,-0.0729869084871535,2024-04-08,2023-12-28,2024-01-02
2023-12-29,1325,vol20,1,0.06382348712345216,2023-10,2023-12-18,2023-10-31,-0.48679938765400277,2024-04-08,2023-12-28,2024-01-02
2023-12-29,6668,vol20,2,0.04972919895397733,2023-10,2023-12-18,2023-10-31,0.26432309933437903,2024-04-08,2023-12-28,2024-01-02
2023-12-29,1519,vol20,3,0.0492683388017119,2023-10,2023-12-18,2023-10-31,1.1324454720602355,2024-04-08,2023-12-28,2024-01-02
2023-12-29,1618,vol20,4,0.0490923141034825,2023-10,2023-12-18,2023-10-31,-0.021882754483690148,2024-04-08,2023-12-28,2024-01-02
2023-12-29,9919,vol20,5,0.04689756870407141,2023-10,2023-12-18,2023-10-31,-0.3809129601633423,2024-04-08,2023-12-28,2024-01-02
2023-12-29,1616,vol20,6,0.04494433554159997,2023-10,2023-12-18,2023-10-31,0.3522480632274012,2024-04-08,2023-12-28,2024-01-02
2023-12-29,2516,vol20,7,0.04281198908818616,2023-10,2023-12-18,2023-10-31,-0.2996020266404017,2024-04-08,2023-12-28,2024-01-02
2023-12-29,6695,vol20,8,0.042618277544815536,2023-10,2023-12-18,2023-10-31,-0.28645480588861394,2024-04-08,2023-12-28,2024-01-02
2023-12-29,8201,vol20,9,0.04227786093053601,2023-10,2023-12-18,2023-10-31,-0.14227203225770535,2024-04-08,2023-12-28,2024-01-02
2023-12-29,1503,vol20,10,0.04217065705578855,2023-10,2023-12-18,2023-10-31,1.3896983028503067,2024-04-08,2023-12-28,2024-01-02
2023-12-29,5521,vol20,11,0.04209082865268529,2023-10,2023-12-18,2023-10-31,-0.2748143973838163,2024-04-08,2023-12-28,2024-01-02
2023-12-29,2007,vol20,12,0.04207620722945372,2023-10,2023-12-18,2023-10-31,-0.38496924701340507,2024-04-08,2023-12-28,2024-01-02
2023-12-29,6117,vol20,13,0.042069422183255954,2023-10,2023-12-18,2023-10-31,0.06144438932101792,2024-04-08,2023-12-28,2024-01-02
2023-12-29,2615,vol20,14,0.041359542776262706,2023-10,2023-12-18,2023-10-31,-0.4497267036545095,2024-04-08,2023-12-28,2024-01-02
2023-12-29,2032,vol20,15,0.04125922445942729,2023-10,2023-12-18,2023-10-31,-0.3156856063299269,2024-04-08,2023-12-28,2024-01-02
2023-12-29,2516,mom60,1,1.0028409090909092,2023-10,2023-12-18,2023-10-31,-0.2996020266404017,2024-04-08,2023-12-28,2024-01-02
2023-12-29,5521,mom60,2,0.8631178707224334,2023-10,2023-12-18,2023-10-31,-0.2748143973838163,2024-04-08,2023-12-28,2024-01-02
2023-12-29,6695,mom60,3,0.7539203860072377,2023-10,2023-12-18,2023-10-31,-0.28645480588861394,2024-04-08,2023-12-28,2024-01-02
2023-12-29,1325,mom60,4,0.7472283813739728,2023-10,2023-12-18,2023-10-31,-0.48679938765400277,2024-04-08,2023-12-28,2024-01-02
2023-12-29,3041,mom60,5,0.7394957983193275,2023-10,2023-12-18,2023-10-31,-0.4705740086221575,2024-04-08,2023-12-28,2024-01-02
2023-12-29,3437,mom60,6,0.7209302325581397,2023-10,2023-12-18,2023-10-31,-0.2190393126175849,2024-04-08,2023-12-28,2024-01-02
2023-12-29,6415,mom60,7,0.692047377328648,2023-10,2023-12-18,2023-10-31,-0.5746158861618245,2024-04-08,2023-12-28,2024-01-02
2023-12-29,2739,mom60,8,0.6734693877551021,2023-10,2023-12-18,2023-10-31,-0.4190676052327219,2024-04-08,2023-12-28,2024-01-02
2023-12-29,2543,mom60,9,0.6583443708609271,2023-10,2023-12-18,2023-10-31,0.420634697779837,2024-04-08,2023-12-28,2024-01-02
2023-12-29,6243,mom60,10,0.6577777777760885,2023-10,2023-12-18,2023-10-31,-0.33001697831834076,2024-04-08,2023-12-28,2024-01-02
2023-12-29,6117,mom60,11,0.6113445378151261,2023-10,2023-12-18,2023-10-31,0.06144438932101792,2024-04-08,2023-12-28,2024-01-02
2023-12-29,2465,mom60,12,0.6091370558375635,2023-10,2023-12-18,2023-10-31,0.7113998312308514,2024-04-08,2023-12-28,2024-01-02
2023-12-29,6139,mom60,13,0.5384615384601994,2023-10,2023-12-18,2023-10-31,0.4782138233775479,2024-04-08,2023-12-28,2024-01-02
2023-12-29,3376,mom60,14,0.53606965174008,2023-10,2023-12-18,2023-10-31,0.23922227929571926,2024-04-08,2023-12-28,2024-01-02
2023-12-29,1733,mom60,15,0.506542056074966,2023-10,2023-12-18,2023-10-31,-0.2823831770877966,2024-04-08,2023-12-28,2024-01-02
2023-12-29,1442,rev_yoy,1,5.0,2023-10,2023-12-18,2023-10-31,-0.054149356137851434,2024-04-08,2023-12-28,2024-01-02
2023-12-29,1808,rev_yoy,2,5.0,2023-10,2023-12-18,2023-10-31,-0.08011885770994476,2024-04-08,2023-12-28,2024-01-02
2023-12-29,2731,rev_yoy,3,5.0,2023-10,2023-12-18,2023-10-31,-0.25798509757812116,2024-04-08,2023-12-28,2024-01-02
2023-12-29,5534,rev_yoy,4,5.0,2023-10,2023-12-18,2023-10-31,-0.03779336242176856,2024-04-08,2023-12-28,2024-01-02
2023-12-29,5706,rev_yoy,5,5.0,2023-10,2023-12-18,2023-10-31,-0.2892476013569455,2024-04-08,2023-12-28,2024-01-02
2023-12-29,6177,rev_yoy,6,5.0,2023-10,2023-12-18,2023-10-31,0.07935173418016395,2024-04-08,2023-12-28,2024-01-02
2023-12-29,2548,rev_yoy,7,3.7710953044571,2023-10,2023-12-18,2023-10-31,0.13051317024939557,2024-04-08,2023-12-28,2024-01-02
2023-12-29,3257,rev_yoy,8,3.3410711969913107,2023-10,2023-12-18,2023-10-31,-0.2834651738950599,2024-04-08,2023-12-28,2024-01-02
2023-12-29,1529,rev_yoy,9,3.0628380528157813,2023-10,2023-12-18,2023-10-31,-0.16595870081334563,2024-04-08,2023-12-28,2024-01-02
2023-12-29,1515,rev_yoy,10,2.9668971258958954,2023-10,2023-12-18,2023-10-31,-0.3092953832420223,2024-04-08,2023-12-28,2024-01-02
2023-12-29,3266,rev_yoy,11,2.588098870918523,2023-10,2023-12-18,2023-10-31,-0.17781350311746325,2024-04-08,2023-12-28,2024-01-02
2023-12-29,2891,rev_yoy,12,2.493217346877994,2023-10,2023-12-18,2023-10-31,-0.08466254394056705,2024-04-08,2023-12-28,2024-01-02
2023-12-29,4967,rev_yoy,13,2.2079241842898787,2023-10,2023-12-18,2023-10-31,-0.2371199776321663,2024-04-08,2023-12-28,2024-01-02
2023-12-29,4763,rev_yoy,14,2.01071410387274,2023-10,2023-12-18,2023-10-31,-0.04433206181021232,2024-04-08,2023-12-28,2024-01-02
2023-12-29,4164,rev_yoy,15,1.961944693515864,2023-10,2023-12-18,2023-10-31,-0.22708070315583606,2024-04-08,2023-12-28,2024-01-02
2024-01-31,2431,price_ridge,1,0.01825053094927468,2023-11,2024-01-15,2023-11-30,-0.22974998059087115,2024-05-09,2024-01-30,2024-02-01
2024-01-31,3535,price_ridge,2,0.017155502786906716,2023-11,2024-01-15,2023-11-30,-0.2001432042594916,2024-05-09,2024-01-30,2024-02-01
2024-01-31,2836,price_ridge,3,0.01605015519267903,2023-11,2024-01-15,2023-11-30,-0.22278137847892987,2024-05-09,2024-01-30,2024-02-01
2024-01-31,1712,price_ridge,4,0.013916990604342509,2023-11,2024-01-15,2023-11-30,-0.08420764852938945,2024-05-09,2024-01-30,2024-02-01
2024-01-31,3052,price_ridge,5,0.013522404188135247,2023-11,2024-01-15,2023-11-30,-0.15435951196212505,2024-05-09,2024-01-30,2024-02-01
2024-01-31,4137,price_ridge,6,0.01250518966081868,2023-11,2024-01-15,2023-11-30,-0.2800317137984364,2024-05-09,2024-01-30,2024-02-01
2024-01-31,1615,price_ridge,7,0.012378797652906863,2023-11,2024-01-15,2023-11-30,0.22979407453315992,2024-05-09,2024-01-30,2024-02-01
2024-01-31,4104,price_ridge,8,0.012153333082491677,2023-11,2024-01-15,2023-11-30,-0.11884649764169275,2024-05-09,2024-01-30,2024-02-01
2024-01-31,4552,price_ridge,9,0.011651440165046325,2023-11,2024-01-15,2023-11-30,-0.27772724778025615,2024-05-09,2024-01-30,2024-02-01
2024-01-31,1702,price_ridge,10,0.011634012857276355,2023-11,2024-01-15,2023-11-30,-0.03313132264192742,2024-05-09,2024-01-30,2024-02-01
2024-01-31,2506,price_ridge,11,0.011530194743509683,2023-11,2024-01-15,2023-11-30,-0.023364083324532103,2024-05-09,2024-01-30,2024-02-01
2024-01-31,1215,price_ridge,12,0.011388444940876446,2023-11,2024-01-15,2023-11-30,-0.11123258318197515,2024-05-09,2024-01-30,2024-02-01
2024-01-31,6024,price_ridge,13,0.011049016154876667,2023-11,2024-01-15,2023-11-30,-0.024215661725348614,2024-05-09,2024-01-30,2024-02-01
2024-01-31,2832,price_ridge,14,0.010593734668799011,2023-11,2024-01-15,2023-11-30,-0.12740969445818462,2024-05-09,2024-01-30,2024-02-01
2024-01-31,2493,price_ridge,15,0.01058312300035011,2023-11,2024-01-15,2023-11-30,-0.1388535881721531,2024-05-09,2024-01-30,2024-02-01
2024-01-31,2465,all_ridge,1,0.056574949248898054,2023-11,2024-01-15,2023-11-30,0.3621723445948335,2024-05-09,2024-01-30,2024-02-01
2024-01-31,2545,all_ridge,2,0.0436588881743382,2023-11,2024-01-15,2023-11-30,0.14212997804260286,2024-05-09,2024-01-30,2024-02-01
2024-01-31,6541,all_ridge,3,0.04281929631327586,2023-11,2024-01-15,2023-11-30,-0.5203598571114996,2024-05-09,2024-01-30,2024-02-01
2024-01-31,2404,all_ridge,4,0.0314187423876338,2023-11,2024-01-15,2023-11-30,0.17051677989228953,2024-05-09,2024-01-30,2024-02-01
2024-01-31,2855,all_ridge,5,0.02937144321957838,2023-11,2024-01-15,2023-11-30,0.1428184872561813,2024-05-09,2024-01-30,2024-02-01
2024-01-31,6176,all_ridge,6,0.027825724617022762,2023-11,2024-01-15,2023-11-30,0.2603613478745703,2024-05-09,2024-01-30,2024-02-01
2024-01-31,4915,all_ridge,7,0.026759130201248392,2023-11,2024-01-15,2023-11-30,0.2370190664181957,2024-05-09,2024-01-30,2024-02-01
2024-01-31,2015,all_ridge,8,0.02613568996821821,2023-11,2024-01-15,2023-11-30,-0.13956268383477832,2024-05-09,2024-01-30,2024-02-01
2024-01-31,9906,all_ridge,9,0.026063668578191604,2023-11,2024-01-15,2023-11-30,0.16163146184339805,2024-05-09,2024-01-30,2024-02-01
2024-01-31,2528,all_ridge,10,0.025200287855344942,2023-11,2024-01-15,2023-11-30,0.07263722573949671,2024-05-09,2024-01-30,2024-02-01
2024-01-31,2347,all_ridge,11,0.024690338040552887,2023-11,2024-01-15,2023-11-30,-0.0916074500709485,2024-05-09,2024-01-30,2024-02-01
2024-01-31,3535,all_ridge,12,0.024199728101070496,2023-11,2024-01-15,2023-11-30,-0.2001432042594916,2024-05-09,2024-01-30,2024-02-01
2024-01-31,2431,all_ridge,13,0.022540903464177836,2023-11,2024-01-15,2023-11-30,-0.22974998059087115,2024-05-09,2024-01-30,2024-02-01
2024-01-31,1215,all_ridge,14,0.022384158462467704,2023-11,2024-01-15,2023-11-30,-0.11123258318197515,2024-05-09,2024-01-30,2024-02-01
2024-01-31,1316,all_ridge,15,0.021638036218614008,2023-11,2024-01-15,2023-11-30,0.20330243763093314,2024-05-09,2024-01-30,2024-02-01
2024-01-31,1535,price_tree,1,0.09404044507387005,2023-11,2024-01-15,2023-11-30,-0.03761296118546675,2024-05-09,2024-01-30,2024-02-01
2024-01-31,3002,price_tree,2,0.09400431436122197,2023-11,2024-01-15,2023-11-30,-0.19304603134089882,2024-05-09,2024-01-30,2024-02-01
2024-01-31,6669,price_tree,3,0.09339999738554682,2023-11,2024-01-15,2023-11-30,-0.08847013207987908,2024-05-09,2024-01-30,2024-02-01
2024-01-31,2527,price_tree,4,0.08670221003930974,2023-11,2024-01-15,2023-11-30,0.2734733701861016,2024-05-09,2024-01-30,2024-02-01
2024-01-31,3017,price_tree,5,0.07959390342980192,2023-11,2024-01-15,2023-11-30,0.31464423845980205,2024-05-09,2024-01-30,2024-02-01
2024-01-31,3622,price_tree,6,0.07679029853766296,2023-11,2024-01-15,2023-11-30,-0.24622541734916248,2024-05-09,2024-01-30,2024-02-01
2024-01-31,2211,price_tree,7,0.07071070256486663,2023-11,2024-01-15,2023-11-30,0.03786946888226317,2024-05-09,2024-01-30,2024-02-01
2024-01-31,4912,price_tree,8,0.06646961597400045,2023-11,2024-01-15,2023-11-30,0.2220228533632962,2024-05-09,2024-01-30,2024-02-01
2024-01-31,3052,price_tree,9,0.0613580098323871,2023-11,2024-01-15,2023-11-30,-0.15435951196212505,2024-05-09,2024-01-30,2024-02-01
2024-01-31,6257,price_tree,10,0.060900822979567115,2023-11,2024-01-15,2023-11-30,-0.07039013518297987,2024-05-09,2024-01-30,2024-02-01
2024-01-31,6196,price_tree,11,0.06017411699574382,2023-11,2024-01-15,2023-11-30,-0.15326706633662246,2024-05-09,2024-01-30,2024-02-01
2024-01-31,2454,price_tree,12,0.05850540513265919,2023-11,2024-01-15,2023-11-30,-0.06133750808590688,2024-05-09,2024-01-30,2024-02-01
2024-01-31,6230,price_tree,13,0.05740705767308008,2023-11,2024-01-15,2023-11-30,1.1898832932917016,2024-05-09,2024-01-30,2024-02-01
2024-01-31,3711,price_tree,14,0.052394943656371026,2023-11,2024-01-15,2023-11-30,-0.1155934718596161,2024-05-09,2024-01-30,2024-02-01
2024-01-31,6152,price_tree,15,0.05102873722353307,2023-11,2024-01-15,2023-11-30,-0.26168711767175346,2024-05-09,2024-01-30,2024-02-01
2024-01-31,2347,all_tree,1,0.1842162472485428,2023-11,2024-01-15,2023-11-30,-0.0916074500709485,2024-05-09,2024-01-30,2024-02-01
2024-01-31,3535,all_tree,2,0.17293338678172854,2023-11,2024-01-15,2023-11-30,-0.2001432042594916,2024-05-09,2024-01-30,2024-02-01
2024-01-31,2528,all_tree,3,0.1716830403601715,2023-11,2024-01-15,2023-11-30,0.07263722573949671,2024-05-09,2024-01-30,2024-02-01
2024-01-31,2465,all_tree,4,0.1607424985308852,2023-11,2024-01-15,2023-11-30,0.3621723445948335,2024-05-09,2024-01-30,2024-02-01
2024-01-31,2530,all_tree,5,0.14216213437809855,2023-11,2024-01-15,2023-11-30,0.022808793899838475,2024-05-09,2024-01-30,2024-02-01
2024-01-31,6477,all_tree,6,0.1381273026752846,2023-11,2024-01-15,2023-11-30,-0.21838768365174666,2024-05-09,2024-01-30,2024-02-01
2024-01-31,2538,all_tree,7,0.1347254945052013,2023-11,2024-01-15,2023-11-30,-0.14369856411622672,2024-05-09,2024-01-30,2024-02-01
2024-01-31,3711,all_tree,8,0.13361295844257493,2023-11,2024-01-15,2023-11-30,-0.1155934718596161,2024-05-09,2024-01-30,2024-02-01
2024-01-31,6139,all_tree,9,0.12562779561753676,2023-11,2024-01-15,2023-11-30,0.2204201107034176,2024-05-09,2024-01-30,2024-02-01
2024-01-31,1471,all_tree,10,0.11088957570738858,2023-11,2024-01-15,2023-11-30,-0.19132434807359022,2024-05-09,2024-01-30,2024-02-01
2024-01-31,3031,all_tree,11,0.09869582511053458,2023-11,2024-01-15,2023-11-30,-0.15111256050281585,2024-05-09,2024-01-30,2024-02-01
2024-01-31,8210,all_tree,12,0.09544248115596285,2023-11,2024-01-15,2023-11-30,-0.21387738835279813,2024-05-09,2024-01-30,2024-02-01
2024-01-31,4976,all_tree,13,0.08699879472176372,2023-11,2024-01-15,2023-11-30,-0.12223141970759421,2024-05-09,2024-01-30,2024-02-01
2024-01-31,3011,all_tree,14,0.08360998546640683,2023-11,2024-01-15,2023-11-30,-0.24509570865048058,2024-05-09,2024-01-30,2024-02-01
2024-01-31,3518,all_tree,15,0.0832549464265836,2023-11,2024-01-15,2023-11-30,-0.41476572858827576,2024-05-09,2024-01-30,2024-02-01
2024-01-31,4956,vol20,1,0.0587997780749072,2023-11,2024-01-15,2023-11-30,-0.25386549382664336,2024-05-09,2024-01-30,2024-02-01
2024-01-31,2465,vol20,2,0.04946073210660556,2023-11,2024-01-15,2023-11-30,0.3621723445948335,2024-05-09,2024-01-30,2024-02-01
2024-01-31,8201,vol20,3,0.04891876079057853,2023-11,2024-01-15,2023-11-30,-0.28781692626123234,2024-05-09,2024-01-30,2024-02-01
2024-01-31,1325,vol20,4,0.04711931382596378,2023-11,2024-01-15,2023-11-30,-0.508374855906601,2024-05-09,2024-01-30,2024-02-01
2024-01-31,3694,vol20,5,0.04628491771049353,2023-11,2024-01-15,2023-11-30,-0.45771177948132924,2024-05-09,2024-01-30,2024-02-01
2024-01-31,6698,vol20,6,0.046055752942218434,2023-11,2024-01-15,2023-11-30,-0.2810754733314885,2024-05-09,2024-01-30,2024-02-01
2024-01-31,2486,vol20,7,0.0449458108132074,2023-11,2024-01-15,2023-11-30,0.46009578072892965,2024-05-09,2024-01-30,2024-02-01
2024-01-31,1528,vol20,8,0.04344052212012378,2023-11,2024-01-15,2023-11-30,-0.3051558514555053,2024-05-09,2024-01-30,2024-02-01
2024-01-31,6451,vol20,9,0.04257605916784556,2023-11,2024-01-15,2023-11-30,-0.2628688590839948,2024-05-09,2024-01-30,2024-02-01
2024-01-31,3017,vol20,10,0.04156240441339795,2023-11,2024-01-15,2023-11-30,0.31464423845980205,2024-05-09,2024-01-30,2024-02-01
2024-01-31,2467,vol20,11,0.04095518170414734,2023-11,2024-01-15,2023-11-30,0.29115477527689326,2024-05-09,2024-01-30,2024-02-01
2024-01-31,6243,vol20,12,0.04093767557757128,2023-11,2024-01-15,2023-11-30,-0.48522635573239337,2024-05-09,2024-01-30,2024-02-01
2024-01-31,1732,vol20,13,0.04087360752127286,2023-11,2024-01-15,2023-11-30,-0.3859309140161552,2024-05-09,2024-01-30,2024-02-01
2024-01-31,6695,vol20,14,0.0397526280942184,2023-11,2024-01-15,2023-11-30,-0.6232754492411302,2024-05-09,2024-01-30,2024-02-01
2024-01-31,2423,vol20,15,0.03781557284301604,2023-11,2024-01-15,2023-11-30,-0.17305651182650172,2024-05-09,2024-01-30,2024-02-01
2024-01-31,1519,mom60,1,0.8347107438054326,2023-11,2024-01-15,2023-11-30,0.6522406612307936,2024-05-09,2024-01-30,2024-02-01
2024-01-31,2467,mom60,2,0.7889125799587959,2023-11,2024-01-15,2023-11-30,0.29115477527689326,2024-05-09,2024-01-30,2024-02-01
2024-01-31,6695,mom60,3,0.7863682604272635,2023-11,2024-01-15,2023-11-30,-0.6232754492411302,2024-05-09,2024-01-30,2024-02-01
2024-01-31,1325,mom60,4,0.7728285077976225,2023-11,2024-01-15,2023-11-30,-0.508374855906601,2024-05-09,2024-01-30,2024-02-01
2024-01-31,3694,mom60,5,0.7575757575757576,2023-11,2024-01-15,2023-11-30,-0.45771177948132924,2024-05-09,2024-01-30,2024-02-01
2024-01-31,3437,mom60,6,0.6149732620320856,2023-11,2024-01-15,2023-11-30,-0.332007558133275,2024-05-09,2024-01-30,2024-02-01
2024-01-31,9958,mom60,7,0.5642857142792552,2023-11,2024-01-15,2023-11-30,-0.19260010271002592,2024-05-09,2024-01-30,2024-02-01
2024-01-31,3055,mom60,8,0.5637755102052475,2023-11,2024-01-15,2023-11-30,0.06665390506260449,2024-05-09,2024-01-30,2024-02-01
2024-01-31,1514,mom60,9,0.5412844036693398,2023-11,2024-01-15,2023-11-30,0.36991039442209317,2024-05-09,2024-01-30,2024-02-01
2024-01-31,6451,mom60,10,0.5368852459056601,2023-11,2024-01-15,2023-11-30,-0.2628688590839948,2024-05-09,2024-01-30,2024-02-01
2024-01-31,2211,mom60,11,0.5353260869508716,2023-11,2024-01-15,2023-11-30,0.03786946888226317,2024-05-09,2024-01-30,2024-02-01
2024-01-31,6243,mom60,12,0.5037735849066902,2023-11,2024-01-15,2023-11-30,-0.48522635573239337,2024-05-09,2024-01-30,2024-02-01
2024-01-31,3622,mom60,13,0.4901477832526213,2023-11,2024-01-15,2023-11-30,-0.24622541734916248,2024-05-09,2024-01-30,2024-02-01
2024-01-31,2465,mom60,14,0.48007590132827316,2023-11,2024-01-15,2023-11-30,0.3621723445948335,2024-05-09,2024-01-30,2024-02-01
2024-01-31,4956,mom60,15,0.4659863945578233,2023-11,2024-01-15,2023-11-30,-0.25386549382664336,2024-05-09,2024-01-30,2024-02-01
2024-01-31,1442,rev_yoy,1,5.0,2023-11,2024-01-15,2023-11-30,0.3466551118648016,2024-05-09,2024-01-30,2024-02-01
2024-01-31,1808,rev_yoy,2,5.0,2023-11,2024-01-15,2023-11-30,-0.17177598707652564,2024-05-09,2024-01-30,2024-02-01
2024-01-31,2548,rev_yoy,3,5.0,2023-11,2024-01-15,2023-11-30,0.3578294863614775,2024-05-09,2024-01-30,2024-02-01
2024-01-31,5519,rev_yoy,4,5.0,2023-11,2024-01-15,2023-11-30,0.15892076539435052,2024-05-09,2024-01-30,2024-02-01
2024-01-31,6177,rev_yoy,5,5.0,2023-11,2024-01-15,2023-11-30,0.6667802181437845,2024-05-09,2024-01-30,2024-02-01
2024-01-31,2882,rev_yoy,6,4.993758259734653,2023-11,2024-01-15,2023-11-30,-0.04854711046499993,2024-05-09,2024-01-30,2024-02-01
2024-01-31,2545,rev_yoy,7,3.2001289632180443,2023-11,2024-01-15,2023-11-30,0.14212997804260286,2024-05-09,2024-01-30,2024-02-01
2024-01-31,2731,rev_yoy,8,2.9512141480786496,2023-11,2024-01-15,2023-11-30,-0.06707153649901465,2024-05-09,2024-01-30,2024-02-01
2024-01-31,2540,rev_yoy,9,2.528205604671274,2023-11,2024-01-15,2023-11-30,0.6691618828238071,2024-05-09,2024-01-30,2024-02-01
2024-01-31,4967,rev_yoy,10,2.501340994535426,2023-11,2024-01-15,2023-11-30,0.1969951544993207,2024-05-09,2024-01-30,2024-02-01
2024-01-31,2506,rev_yoy,11,2.492435236920397,2023-11,2024-01-15,2023-11-30,-0.023364083324532103,2024-05-09,2024-01-30,2024-02-01
2024-01-31,5706,rev_yoy,12,2.410006363942649,2023-11,2024-01-15,2023-11-30,-0.10661599909943442,2024-05-09,2024-01-30,2024-02-01
2024-01-31,1515,rev_yoy,13,2.2047915348927063,2023-11,2024-01-15,2023-11-30,-0.10729272836386339,2024-05-09,2024-01-30,2024-02-01
2024-01-31,3257,rev_yoy,14,2.1533664961816017,2023-11,2024-01-15,2023-11-30,-0.2944180221500091,2024-05-09,2024-01-30,2024-02-01
2024-01-31,4763,rev_yoy,15,1.9934533433421875,2023-11,2024-01-15,2023-11-30,-0.3072834335956752,2024-05-09,2024-01-30,2024-02-01
2024-02-29,6776,price_ridge,1,0.01902305267958638,2023-12,2024-02-15,2023-12-31,-0.21773927218983136,2024-05-28,2024-02-27,2024-03-01
2024-02-29,6115,price_ridge,2,0.01888484938388941,2023-12,2024-02-15,2023-12-31,-0.09131113339439079,2024-05-28,2024-02-27,2024-03-01
2024-02-29,1537,price_ridge,3,0.017842709200825403,2023-12,2024-02-15,2023-12-31,-0.1408765639425289,2024-05-28,2024-02-27,2024-03-01
2024-02-29,9925,price_ridge,4,0.017554431493287698,2023-12,2024-02-15,2023-12-31,-0.1755877625382487,2024-05-28,2024-02-27,2024-03-01
2024-02-29,4104,price_ridge,5,0.016775419802682413,2023-12,2024-02-15,2023-12-31,-0.16257185378015104,2024-05-28,2024-02-27,2024-03-01
2024-02-29,4583,price_ridge,6,0.016331225946574143,2023-12,2024-02-15,2023-12-31,0.045443629029496835,2024-05-28,2024-02-27,2024-03-01
2024-02-29,8131,price_ridge,7,0.016221205162701063,2023-12,2024-02-15,2023-12-31,-0.15082161640864666,2024-05-28,2024-02-27,2024-03-01
2024-02-29,1231,price_ridge,8,0.01571871787235045,2023-12,2024-02-15,2023-12-31,-0.07503853383338366,2024-05-28,2024-02-27,2024-03-01
2024-02-29,2527,price_ridge,9,0.015623172862538679,2023-12,2024-02-15,2023-12-31,0.2565923251282227,2024-05-28,2024-02-27,2024-03-01
2024-02-29,6215,price_ridge,10,0.015386417606272651,2023-12,2024-02-15,2023-12-31,0.6020205011683926,2024-05-28,2024-02-27,2024-03-01
2024-02-29,2546,price_ridge,11,0.01509581567177218,2023-12,2024-02-15,2023-12-31,-0.15828266740967156,2024-05-28,2024-02-27,2024-03-01
2024-02-29,3026,price_ridge,12,0.015070972321796406,2023-12,2024-02-15,2023-12-31,-0.19474298492698194,2024-05-28,2024-02-27,2024-03-01
2024-02-29,3028,price_ridge,13,0.015023243972324471,2023-12,2024-02-15,2023-12-31,-0.23565522136523287,2024-05-28,2024-02-27,2024-03-01
2024-02-29,2420,price_ridge,14,0.014980527681027799,2023-12,2024-02-15,2023-12-31,0.02192037062947083,2024-05-28,2024-02-27,2024-03-01
2024-02-29,6192,price_ridge,15,0.014314316054173918,2023-12,2024-02-15,2023-12-31,-0.0699254222431418,2024-05-28,2024-02-27,2024-03-01
2024-02-29,2465,all_ridge,1,0.06295507923850532,2023-12,2024-02-15,2023-12-31,-0.3431568359818886,2024-05-28,2024-02-27,2024-03-01
2024-02-29,6177,all_ridge,2,0.04989306160077287,2023-12,2024-02-15,2023-12-31,0.412457812425028,2024-05-28,2024-02-27,2024-03-01
2024-02-29,2527,all_ridge,3,0.04863625573788468,2023-12,2024-02-15,2023-12-31,0.2565923251282227,2024-05-28,2024-02-27,2024-03-01
2024-02-29,2442,all_ridge,4,0.03856031807758608,2023-12,2024-02-15,2023-12-31,0.0042985780724558165,2024-05-28,2024-02-27,2024-03-01
2024-02-29,3535,all_ridge,5,0.035307462915354505,2023-12,2024-02-15,2023-12-31,0.09633609201272808,2024-05-28,2024-02-27,2024-03-01
2024-02-29,3056,all_ridge,6,0.03144159587578458,2023-12,2024-02-15,2023-12-31,-0.06313882211734989,2024-05-28,2024-02-27,2024-03-01
2024-02-29,2545,all_ridge,7,0.02872156027000238,2023-12,2024-02-15,2023-12-31,0.12403384652991489,2024-05-28,2024-02-27,2024-03-01
2024-02-29,2348,all_ridge,8,0.027032946968180524,2023-12,2024-02-15,2023-12-31,0.6712023283433812,2024-05-28,2024-02-27,2024-03-01
2024-02-29,6215,all_ridge,9,0.024620309857825318,2023-12,2024-02-15,2023-12-31,0.6020205011683926,2024-05-28,2024-02-27,2024-03-01
2024-02-29,2855,all_ridge,10,0.024499905438751142,2023-12,2024-02-15,2023-12-31,0.06439743696883515,2024-05-28,2024-02-27,2024-03-01
2024-02-29,6405,all_ridge,11,0.023893768829033185,2023-12,2024-02-15,2023-12-31,-0.35113143296008975,2024-05-28,2024-02-27,2024-03-01
2024-02-29,1471,all_ridge,12,0.02358226270337834,2023-12,2024-02-15,2023-12-31,-0.285299082680061,2024-05-28,2024-02-27,2024-03-01
2024-02-29,3031,all_ridge,13,0.02307930001875836,2023-12,2024-02-15,2023-12-31,-0.08448477103041263,2024-05-28,2024-02-27,2024-03-01
2024-02-29,3052,all_ridge,14,0.022572313356101076,2023-12,2024-02-15,2023-12-31,-0.1789743263966208,2024-05-28,2024-02-27,2024-03-01
2024-02-29,6541,all_ridge,15,0.02234078565755576,2023-12,2024-02-15,2023-12-31,-0.5812039306132297,2024-05-28,2024-02-27,2024-03-01
2024-02-29,6226,price_tree,1,0.12163548343547156,2023-12,2024-02-15,2023-12-31,-0.324988077719097,2024-05-28,2024-02-27,2024-03-01
2024-02-29,6201,price_tree,2,0.1106137225877579,2023-12,2024-02-15,2023-12-31,-0.28236805740564397,2024-05-28,2024-02-27,2024-03-01
2024-02-29,6215,price_tree,3,0.09831899292008739,2023-12,2024-02-15,2023-12-31,0.6020205011683926,2024-05-28,2024-02-27,2024-03-01
2024-02-29,5269,price_tree,4,0.09301982568674136,2023-12,2024-02-15,2023-12-31,-0.3221652901956287,2024-05-28,2024-02-27,2024-03-01
2024-02-29,2059,price_tree,5,0.08948274731034757,2023-12,2024-02-15,2023-12-31,-0.31341779869194875,2024-05-28,2024-02-27,2024-03-01
2024-02-29,6115,price_tree,6,0.08713504744533627,2023-12,2024-02-15,2023-12-31,-0.09131113339439079,2024-05-28,2024-02-27,2024-03-01
2024-02-29,2546,price_tree,7,0.08496449800905238,2023-12,2024-02-15,2023-12-31,-0.15828266740967156,2024-05-28,2024-02-27,2024-03-01
2024-02-29,2250,price_tree,8,0.07976602404961036,2023-12,2024-02-15,2023-12-31,0.12761005987253582,2024-05-28,2024-02-27,2024-03-01
2024-02-29,1445,price_tree,9,0.07953983176533413,2023-12,2024-02-15,2023-12-31,-0.3307988158701224,2024-05-28,2024-02-27,2024-03-01
2024-02-29,9946,price_tree,10,0.0792939362593151,2023-12,2024-02-15,2023-12-31,0.6296099661487382,2024-05-28,2024-02-27,2024-03-01
2024-02-29,4915,price_tree,11,0.07830345012468186,2023-12,2024-02-15,2023-12-31,0.09770573824530038,2024-05-28,2024-02-27,2024-03-01
2024-02-29,1731,price_tree,12,0.07047619538490292,2023-12,2024-02-15,2023-12-31,-0.1938115293104954,2024-05-28,2024-02-27,2024-03-01
2024-02-29,1535,price_tree,13,0.06928989071637372,2023-12,2024-02-15,2023-12-31,-0.0889798450210344,2024-05-28,2024-02-27,2024-03-01
2024-02-29,6869,price_tree,14,0.06904884408262627,2023-12,2024-02-15,2023-12-31,-0.08456578059664777,2024-05-28,2024-02-27,2024-03-01
2024-02-29,1477,price_tree,15,0.06553199770965605,2023-12,2024-02-15,2023-12-31,-0.16746732569472456,2024-05-28,2024-02-27,2024-03-01
2024-02-29,2363,all_tree,1,0.16290618600944862,2023-12,2024-02-15,2023-12-31,0.16758230011193986,2024-05-28,2024-02-27,2024-03-01
2024-02-29,6706,all_tree,2,0.14400792939748114,2023-12,2024-02-15,2023-12-31,-0.019501363795286997,2024-05-28,2024-02-27,2024-03-01
2024-02-29,2722,all_tree,3,0.13647623612621967,2023-12,2024-02-15,2023-12-31,0.058364128232269996,2024-05-28,2024-02-27,2024-03-01
2024-02-29,6541,all_tree,4,0.1321524269656835,2023-12,2024-02-15,2023-12-31,-0.5812039306132297,2024-05-28,2024-02-27,2024-03-01
2024-02-29,2545,all_tree,5,0.12791040976078627,2023-12,2024-02-15,2023-12-31,0.12403384652991489,2024-05-28,2024-02-27,2024-03-01
2024-02-29,9958,all_tree,6,0.11726552657643362,2023-12,2024-02-15,2023-12-31,-0.05218555003987935,2024-05-28,2024-02-27,2024-03-01
2024-02-29,3027,all_tree,7,0.10630001208737719,2023-12,2024-02-15,2023-12-31,-0.31863652007679166,2024-05-28,2024-02-27,2024-03-01
2024-02-29,4564,all_tree,8,0.10249304577115637,2023-12,2024-02-15,2023-12-31,-0.15454759098469584,2024-05-28,2024-02-27,2024-03-01
2024-02-29,2347,all_tree,9,0.10135981995281813,2023-12,2024-02-15,2023-12-31,-0.06977204186689567,2024-05-28,2024-02-27,2024-03-01
2024-02-29,2482,all_tree,10,0.09711146556112712,2023-12,2024-02-15,2023-12-31,-0.20647630464656275,2024-05-28,2024-02-27,2024-03-01
2024-02-29,3712,all_tree,11,0.09454729715306079,2023-12,2024-02-15,2023-12-31,-0.22031350687164697,2024-05-28,2024-02-27,2024-03-01
2024-02-29,2465,all_tree,12,0.09404803000999032,2023-12,2024-02-15,2023-12-31,-0.3431568359818886,2024-05-28,2024-02-27,2024-03-01
2024-02-29,1216,all_tree,13,0.09371606811795694,2023-12,2024-02-15,2023-12-31,-0.18856541049310316,2024-05-28,2024-02-27,2024-03-01
2024-02-29,2348,all_tree,14,0.08644923087900801,2023-12,2024-02-15,2023-12-31,0.6712023283433812,2024-05-28,2024-02-27,2024-03-01
2024-02-29,5269,all_tree,15,0.0862931295291342,2023-12,2024-02-15,2023-12-31,-0.3221652901956287,2024-05-28,2024-02-27,2024-03-01
2024-02-29,2467,vol20,1,0.05149785367769762,2023-12,2024-02-15,2023-12-31,-0.12113215292696755,2024-05-28,2024-02-27,2024-03-01
2024-02-29,2543,vol20,2,0.050864123590177945,2023-12,2024-02-15,2023-12-31,0.05893687551283522,2024-05-28,2024-02-27,2024-03-01
2024-02-29,3376,vol20,3,0.049809731491913575,2023-12,2024-02-15,2023-12-31,-0.062120379226003886,2024-05-28,2024-02-27,2024-03-01
2024-02-29,2465,vol20,4,0.04762636768918257,2023-12,2024-02-15,2023-12-31,-0.3431568359818886,2024-05-28,2024-02-27,2024-03-01
2024-02-29,3055,vol20,5,0.04728443770050056,2023-12,2024-02-15,2023-12-31,-0.12029783041858177,2024-05-28,2024-02-27,2024-03-01
2024-02-29,1316,vol20,6,0.04712239202734109,2023-12,2024-02-15,2023-12-31,-0.355474025291708,2024-05-28,2024-02-27,2024-03-01
2024-02-29,3530,vol20,7,0.046568899270986105,2023-12,2024-02-15,2023-12-31,-0.45134762804742934,2024-05-28,2024-02-27,2024-03-01
2024-02-29,6442,vol20,8,0.04645712003123258,2023-12,2024-02-15,2023-12-31,-0.01064800954582279,2024-05-28,2024-02-27,2024-03-01
2024-02-29,2329,vol20,9,0.04575252427615537,2023-12,2024-02-15,2023-12-31,-0.3863264062339582,2024-05-28,2024-02-27,2024-03-01
2024-02-29,5284,vol20,10,0.045676647950150244,2023-12,2024-02-15,2023-12-31,-0.56062354612698,2024-05-28,2024-02-27,2024-03-01
2024-02-29,1503,vol20,11,0.04507310478656003,2023-12,2024-02-15,2023-12-31,0.07141029512065034,2024-05-28,2024-02-27,2024-03-01
2024-02-29,2365,vol20,12,0.04504469216770242,2023-12,2024-02-15,2023-12-31,0.2437378766591165,2024-05-28,2024-02-27,2024-03-01
2024-02-29,1809,vol20,13,0.04463485249143254,2023-12,2024-02-15,2023-12-31,-0.36445382397510384,2024-05-28,2024-02-27,2024-03-01
2024-02-29,3450,vol20,14,0.044295163604096646,2023-12,2024-02-15,2023-12-31,0.20428135123750857,2024-05-28,2024-02-27,2024-03-01
2024-02-29,1528,vol20,15,0.04385571832613931,2023-12,2024-02-15,2023-12-31,-0.3111394047118957,2024-05-28,2024-02-27,2024-03-01
2024-02-29,2465,mom60,1,1.6568265682656826,2023-12,2024-02-15,2023-12-31,-0.3431568359818886,2024-05-28,2024-02-27,2024-03-01
2024-02-29,2467,mom60,2,1.333333333329883,2023-12,2024-02-15,2023-12-31,-0.12113215292696755,2024-05-28,2024-02-27,2024-03-01
2024-02-29,3055,mom60,3,1.0839694656461316,2023-12,2024-02-15,2023-12-31,-0.12029783041858177,2024-05-28,2024-02-27,2024-03-01
2024-02-29,6442,mom60,4,1.0736022646880419,2023-12,2024-02-15,2023-12-31,-0.01064800954582279,2024-05-28,2024-02-27,2024-03-01
2024-02-29,2365,mom60,5,1.0041493775880124,2023-12,2024-02-15,2023-12-31,0.2437378766591165,2024-05-28,2024-02-27,2024-03-01
2024-02-29,1809,mom60,6,0.9648562300384167,2023-12,2024-02-15,2023-12-31,-0.36445382397510384,2024-05-28,2024-02-27,2024-03-01
2024-02-29,1519,mom60,7,0.9563636363625783,2023-12,2024-02-15,2023-12-31,0.12832855578494606,2024-05-28,2024-02-27,2024-03-01
2024-02-29,3312,mom60,8,0.9307159353389596,2023-12,2024-02-15,2023-12-31,0.17095906733796085,2024-05-28,2024-02-27,2024-03-01
2024-02-29,1316,mom60,9,0.8340611353690537,2023-12,2024-02-15,2023-12-31,-0.355474025291708,2024-05-28,2024-02-27,2024-03-01
2024-02-29,1503,mom60,10,0.7558685446009825,2023-12,2024-02-15,2023-12-31,0.07141029512065034,2024-05-28,2024-02-27,2024-03-01
2024-02-29,1514,mom60,11,0.6501650164991593,2023-12,2024-02-15,2023-12-31,-0.13543502147360664,2024-05-28,2024-02-27,2024-03-01
2024-02-29,3017,mom60,12,0.6496124031035844,2023-12,2024-02-15,2023-12-31,0.22328559194757314,2024-05-28,2024-02-27,2024-03-01
2024-02-29,5269,mom60,13,0.6241379310378374,2023-12,2024-02-15,2023-12-31,-0.3221652901956287,2024-05-28,2024-02-27,2024-03-01
2024-02-29,3563,mom60,14,0.5939849624054376,2023-12,2024-02-15,2023-12-31,-0.009509096750647261,2024-05-28,2024-02-27,2024-03-01
2024-02-29,2460,mom60,15,0.5757575757575759,2023-12,2024-02-15,2023-12-31,-0.3808841760508992,2024-05-28,2024-02-27,2024-03-01
2024-02-29,2442,rev_yoy,1,5.0,2023-12,2024-02-15,2023-12-31,0.0042985780724558165,2024-05-28,2024-02-27,2024-03-01
2024-02-29,2530,rev_yoy,2,5.0,2023-12,2024-02-15,2023-12-31,0.029747626100991242,2024-05-28,2024-02-27,2024-03-01
2024-02-29,2548,rev_yoy,3,5.0,2023-12,2024-02-15,2023-12-31,0.3514610733022798,2024-05-28,2024-02-27,2024-03-01
2024-02-29,2891,rev_yoy,4,5.0,2023-12,2024-02-15,2023-12-31,0.02798359905708736,2024-05-28,2024-02-27,2024-03-01
2024-02-29,5519,rev_yoy,5,5.0,2023-12,2024-02-15,2023-12-31,-0.052144595829459295,2024-05-28,2024-02-27,2024-03-01
2024-02-29,6177,rev_yoy,6,5.0,2023-12,2024-02-15,2023-12-31,0.412457812425028,2024-05-28,2024-02-27,2024-03-01
2024-02-29,2506,rev_yoy,7,4.93198624374548,2023-12,2024-02-15,2023-12-31,-0.06635868057958261,2024-05-28,2024-02-27,2024-03-01
2024-02-29,9946,rev_yoy,8,4.403492406999739,2023-12,2024-02-15,2023-12-31,0.6296099661487382,2024-05-28,2024-02-27,2024-03-01
2024-02-29,2025,rev_yoy,9,3.5274227177953046,2023-12,2024-02-15,2023-12-31,-0.035691290126634856,2024-05-28,2024-02-27,2024-03-01
2024-02-29,2348,rev_yoy,10,3.3664391381585848,2023-12,2024-02-15,2023-12-31,0.6712023283433812,2024-05-28,2024-02-27,2024-03-01
2024-02-29,2527,rev_yoy,11,3.1169533512438505,2023-12,2024-02-15,2023-12-31,0.2565923251282227,2024-05-28,2024-02-27,2024-03-01
2024-02-29,4763,rev_yoy,12,2.363946967357632,2023-12,2024-02-15,2023-12-31,-0.3660512597544259,2024-05-28,2024-02-27,2024-03-01
2024-02-29,3622,rev_yoy,13,2.087552219216672,2023-12,2024-02-15,2023-12-31,-0.17149250217421352,2024-05-28,2024-02-27,2024-03-01
2024-02-29,4967,rev_yoy,14,2.0084372063242903,2023-12,2024-02-15,2023-12-31,0.12068422672969192,2024-05-28,2024-02-27,2024-03-01
2024-02-29,5522,rev_yoy,15,1.7658844718314888,2023-12,2024-02-15,2023-12-31,0.23132106793906582,2024-05-28,2024-02-27,2024-03-01
2024-03-29,9940,price_ridge,1,0.018024268300313034,2024-01,2024-03-18,2024-01-31,-0.10396926407565088,2024-06-27,2024-03-28,2024-04-01
2024-03-29,1540,price_ridge,2,0.017278806478874545,2024-01,2024-03-18,2024-01-31,-0.0156333898565999,2024-06-27,2024-03-28,2024-04-01
2024-03-29,1436,price_ridge,3,0.01712197245236001,2024-01,2024-03-18,2024-01-31,0.17489153483730746,2024-06-27,2024-03-28,2024-04-01
2024-03-29,9930,price_ridge,4,0.01703718217833465,2024-01,2024-03-18,2024-01-31,-0.10622591443618323,2024-06-27,2024-03-28,2024-04-01
2024-03-29,1617,price_ridge,5,0.016897138888131463,2024-01,2024-03-18,2024-01-31,0.17254930495561283,2024-06-27,2024-03-28,2024-04-01
2024-03-29,2704,price_ridge,6,0.015570909861472781,2024-01,2024-03-18,2024-01-31,0.0014405592981492354,2024-06-27,2024-03-28,2024-04-01
2024-03-29,9925,price_ridge,7,0.015398332784916117,2024-01,2024-03-18,2024-01-31,-0.1570643822033173,2024-06-27,2024-03-28,2024-04-01
2024-03-29,1527,price_ridge,8,0.01535271683177866,2024-01,2024-03-18,2024-01-31,-0.14931556603615248,2024-06-27,2024-03-28,2024-04-01
2024-03-29,2545,price_ridge,9,0.015274288500016312,2024-01,2024-03-18,2024-01-31,0.06838883871831647,2024-06-27,2024-03-28,2024-04-01
2024-03-29,3501,price_ridge,10,0.015036199634145249,2024-01,2024-03-18,2024-01-31,0.19660220176470933,2024-06-27,2024-03-28,2024-04-01
2024-03-29,2359,price_ridge,11,0.014940918115272013,2024-01,2024-03-18,2024-01-31,0.7740407364886452,2024-06-27,2024-03-28,2024-04-01
2024-03-29,6281,price_ridge,12,0.014797148807491564,2024-01,2024-03-18,2024-01-31,-0.17165678801788098,2024-06-27,2024-03-28,2024-04-01
2024-03-29,1604,price_ridge,13,0.014573771137950149,2024-01,2024-03-18,2024-01-31,-0.1620101756440253,2024-06-27,2024-03-28,2024-04-01
2024-03-29,1786,price_ridge,14,0.014403373260184782,2024-01,2024-03-18,2024-01-31,0.11937725452632986,2024-06-27,2024-03-28,2024-04-01
2024-03-29,5283,price_ridge,15,0.014102748876162469,2024-01,2024-03-18,2024-01-31,-0.25521022979458907,2024-06-27,2024-03-28,2024-04-01
2024-03-29,2465,all_ridge,1,0.04536140039907175,2024-01,2024-03-18,2024-01-31,-0.1422965746140077,2024-06-27,2024-03-28,2024-04-01
2024-03-29,5876,all_ridge,2,0.042115008285004106,2024-01,2024-03-18,2024-01-31,-0.234247882021825,2024-06-27,2024-03-28,2024-04-01
2024-03-29,2474,all_ridge,3,0.036080074481406446,2024-01,2024-03-18,2024-01-31,-0.14658665145989125,2024-06-27,2024-03-28,2024-04-01
2024-03-29,1471,all_ridge,4,0.03371647776617965,2024-01,2024-03-18,2024-01-31,-0.23883943172414612,2024-06-27,2024-03-28,2024-04-01
2024-03-29,2534,all_ridge,5,0.030660568723469582,2024-01,2024-03-18,2024-01-31,0.024682640598507444,2024-06-27,2024-03-28,2024-04-01
2024-03-29,9904,all_ridge,6,0.028206594138066886,2024-01,2024-03-18,2024-01-31,-0.18344100600067237,2024-06-27,2024-03-28,2024-04-01
2024-03-29,9921,all_ridge,7,0.02618388267717056,2024-01,2024-03-18,2024-01-31,-0.21186835159317718,2024-06-27,2024-03-28,2024-04-01
2024-03-29,1617,all_ridge,8,0.025825607988215857,2024-01,2024-03-18,2024-01-31,0.17254930495561283,2024-06-27,2024-03-28,2024-04-01
2024-03-29,2548,all_ridge,9,0.024407481242518334,2024-01,2024-03-18,2024-01-31,0.04658752417397238,2024-06-27,2024-03-28,2024-04-01
2024-03-29,4915,all_ridge,10,0.02272908434394407,2024-01,2024-03-18,2024-01-31,-0.017825609327900338,2024-06-27,2024-03-28,2024-04-01
2024-03-29,6691,all_ridge,11,0.022707338361407974,2024-01,2024-03-18,2024-01-31,-0.048065719454024824,2024-06-27,2024-03-28,2024-04-01
2024-03-29,5519,all_ridge,12,0.02264177079751946,2024-01,2024-03-18,2024-01-31,-0.0013210012381099645,2024-06-27,2024-03-28,2024-04-01
2024-03-29,3501,all_ridge,13,0.021489785111745104,2024-01,2024-03-18,2024-01-31,0.19660220176470933,2024-06-27,2024-03-28,2024-04-01
2024-03-29,1526,all_ridge,14,0.019867309457541615,2024-01,2024-03-18,2024-01-31,-0.2587754664986103,2024-06-27,2024-03-28,2024-04-01
2024-03-29,1527,all_ridge,15,0.019854412117054576,2024-01,2024-03-18,2024-01-31,-0.14931556603615248,2024-06-27,2024-03-28,2024-04-01
2024-03-29,5225,price_tree,1,0.12797799073220684,2024-01,2024-03-18,2024-01-31,-0.26431304591122373,2024-06-27,2024-03-28,2024-04-01
2024-03-29,2348,price_tree,2,0.11644500075172702,2024-01,2024-03-18,2024-01-31,0.5904194570764634,2024-06-27,2024-03-28,2024-04-01
2024-03-29,2496,price_tree,3,0.10853227844631716,2024-01,2024-03-18,2024-01-31,-0.1305580649990874,2024-06-27,2024-03-28,2024-04-01
2024-03-29,2597,price_tree,4,0.10591442664822713,2024-01,2024-03-18,2024-01-31,-0.021398916704658433,2024-06-27,2024-03-28,2024-04-01
2024-03-29,2527,price_tree,5,0.1003107112155212,2024-01,2024-03-18,2024-01-31,-0.0987192634398919,2024-06-27,2024-03-28,2024-04-01
2024-03-29,2611,price_tree,6,0.09812711312875118,2024-01,2024-03-18,2024-01-31,0.21849862497659855,2024-06-27,2024-03-28,2024-04-01
2024-03-29,1809,price_tree,7,0.09534478818572653,2024-01,2024-03-18,2024-01-31,-0.24171740307351597,2024-06-27,2024-03-28,2024-04-01
2024-03-29,6189,price_tree,8,0.09313034920638472,2024-01,2024-03-18,2024-01-31,-0.14269963202603808,2024-06-27,2024-03-28,2024-04-01
2024-03-29,2903,price_tree,9,0.08909330108278643,2024-01,2024-03-18,2024-01-31,-0.050931683434545016,2024-06-27,2024-03-28,2024-04-01
2024-03-29,5525,price_tree,10,0.08792501542466775,2024-01,2024-03-18,2024-01-31,-0.049483217361950604,2024-06-27,2024-03-28,2024-04-01
2024-03-29,1773,price_tree,11,0.08417424173402854,2024-01,2024-03-18,2024-01-31,-0.35742453395111173,2024-06-27,2024-03-28,2024-04-01
2024-03-29,2504,price_tree,12,0.08203568320677855,2024-01,2024-03-18,2024-01-31,0.045764388603461326,2024-06-27,2024-03-28,2024-04-01
2024-03-29,2303,price_tree,13,0.08000059782208266,2024-01,2024-03-18,2024-01-31,-0.111901122860115,2024-06-27,2024-03-28,2024-04-01
2024-03-29,6869,price_tree,14,0.07873296153841165,2024-01,2024-03-18,2024-01-31,0.3790072528531905,2024-06-27,2024-03-28,2024-04-01
2024-03-29,3443,price_tree,15,0.0782605983010698,2024-01,2024-03-18,2024-01-31,0.04821687577970524,2024-06-27,2024-03-28,2024-04-01
2024-03-29,2891,all_tree,1,0.21553199126793196,2024-01,2024-03-18,2024-01-31,-0.0399961794742143,2024-06-27,2024-03-28,2024-04-01
2024-03-29,2348,all_tree,2,0.21347001554163036,2024-01,2024-03-18,2024-01-31,0.5904194570764634,2024-06-27,2024-03-28,2024-04-01
2024-03-29,6189,all_tree,3,0.17612863410982366,2024-01,2024-03-18,2024-01-31,-0.14269963202603808,2024-06-27,2024-03-28,2024-04-01
2024-03-29,3094,all_tree,4,0.16272577216516473,2024-01,2024-03-18,2024-01-31,-0.24133446146620618,2024-06-27,2024-03-28,2024-04-01
2024-03-29,3535,all_tree,5,0.1521205377471456,2024-01,2024-03-18,2024-01-31,0.7751944438452432,2024-06-27,2024-03-28,2024-04-01
2024-03-29,6139,all_tree,6,0.137498962642572,2024-01,2024-03-18,2024-01-31,-0.28944514760408224,2024-06-27,2024-03-28,2024-04-01
2024-03-29,6541,all_tree,7,0.13508520506281826,2024-01,2024-03-18,2024-01-31,-0.2745933702748141,2024-06-27,2024-03-28,2024-04-01
2024-03-29,3056,all_tree,8,0.1329337350390955,2024-01,2024-03-18,2024-01-31,0.03477052058008945,2024-06-27,2024-03-28,2024-04-01
2024-03-29,2528,all_tree,9,0.12852564255706425,2024-01,2024-03-18,2024-01-31,-0.1957684052506684,2024-06-27,2024-03-28,2024-04-01
2024-03-29,2211,all_tree,10,0.12830184994105248,2024-01,2024-03-18,2024-01-31,-0.04868527649515997,2024-06-27,2024-03-28,2024-04-01
2024-03-29,2347,all_tree,11,0.12406471640719469,2024-01,2024-03-18,2024-01-31,-0.21376394440845203,2024-06-27,2024-03-28,2024-04-01
2024-03-29,8210,all_tree,12,0.1122442281653549,2024-01,2024-03-18,2024-01-31,-0.01567464749489611,2024-06-27,2024-03-28,2024-04-01
2024-03-29,6176,all_tree,13,0.10954801994042404,2024-01,2024-03-18,2024-01-31,-0.003524112026580317,2024-06-27,2024-03-28,2024-04-01
2024-03-29,3266,all_tree,14,0.10782775688376875,2024-01,2024-03-18,2024-01-31,0.1518097941670833,2024-06-27,2024-03-28,2024-04-01
2024-03-29,6657,all_tree,15,0.10149113328085259,2024-01,2024-03-18,2024-01-31,-0.2272100781051053,2024-06-27,2024-03-28,2024-04-01
2024-03-29,8011,vol20,1,0.06281502902444844,2024-01,2024-03-18,2024-01-31,-0.1337215281588342,2024-06-27,2024-03-28,2024-04-01
2024-03-29,2404,vol20,2,0.05975891886710868,2024-01,2024-03-18,2024-01-31,-0.2608246461552479,2024-06-27,2024-03-28,2024-04-01
2024-03-29,2465,vol20,3,0.05869026055394568,2024-01,2024-03-18,2024-01-31,-0.1422965746140077,2024-06-27,2024-03-28,2024-04-01
2024-03-29,3013,vol20,4,0.05861170389362017,2024-01,2024-03-18,2024-01-31,0.19427032916581322,2024-06-27,2024-03-28,2024-04-01
2024-03-29,3376,vol20,5,0.05667077519424622,2024-01,2024-03-18,2024-01-31,0.08696248171819221,2024-06-27,2024-03-28,2024-04-01
2024-03-29,3312,vol20,6,0.05587998767965453,2024-01,2024-03-18,2024-01-31,0.6459733101924734,2024-06-27,2024-03-28,2024-04-01
2024-03-29,1503,vol20,7,0.05536802849888164,2024-01,2024-03-18,2024-01-31,-0.2118077478011493,2024-06-27,2024-03-28,2024-04-01
2024-03-29,3017,vol20,8,0.05519864628725592,2024-01,2024-03-18,2024-01-31,0.13631504304905984,2024-06-27,2024-03-28,2024-04-01
2024-03-29,1519,vol20,9,0.054580188707223726,2024-01,2024-03-18,2024-01-31,0.12562981182801747,2024-06-27,2024-03-28,2024-04-01
2024-03-29,2417,vol20,10,0.05356960785912158,2024-01,2024-03-18,2024-01-31,-0.17914377856365438,2024-06-27,2024-03-28,2024-04-01
2024-03-29,1316,vol20,11,0.05355892012668307,2024-01,2024-03-18,2024-01-31,-0.2303844588968872,2024-06-27,2024-03-28,2024-04-01
2024-03-29,6197,vol20,12,0.05269341147942555,2024-01,2024-03-18,2024-01-31,0.06790513434453938,2024-06-27,2024-03-28,2024-04-01
2024-03-29,5234,vol20,13,0.05264714136418171,2024-01,2024-03-18,2024-01-31,-0.21293768957181725,2024-06-27,2024-03-28,2024-04-01
2024-03-29,6230,vol20,14,0.05225729472350158,2024-01,2024-03-18,2024-01-31,0.4846417755638084,2024-06-27,2024-03-28,2024-04-01
2024-03-29,1616,vol20,15,0.050720190206732706,2024-01,2024-03-18,2024-01-31,0.00021469583994715435,2024-06-27,2024-03-28,2024-04-01
2024-03-29,1503,mom60,1,1.5064377682285177,2024-01,2024-03-18,2024-01-31,-0.2118077478011493,2024-06-27,2024-03-28,2024-04-01
2024-03-29,6442,mom60,2,1.1927214912144612,2024-01,2024-03-18,2024-01-31,1.2021057132132364,2024-06-27,2024-03-28,2024-04-01
2024-03-29,5225,mom60,3,1.095575864527718,2024-01,2024-03-18,2024-01-31,-0.26431304591122373,2024-06-27,2024-03-28,2024-04-01
2024-03-29,2467,mom60,4,1.09540034071826,2024-01,2024-03-18,2024-01-31,0.07146874961355665,2024-06-27,2024-03-28,2024-04-01
2024-03-29,1519,mom60,5,1.0479760119922306,2024-01,2024-03-18,2024-01-31,0.12562981182801747,2024-06-27,2024-03-28,2024-04-01
2024-03-29,3312,mom60,6,0.9796380090538441,2024-01,2024-03-18,2024-01-31,0.6459733101924734,2024-06-27,2024-03-28,2024-04-01
2024-03-29,3563,mom60,7,0.9408983451553243,2024-01,2024-03-18,2024-01-31,-0.2034841572167081,2024-06-27,2024-03-28,2024-04-01
2024-03-29,2359,mom60,8,0.8733850129191851,2024-01,2024-03-18,2024-01-31,0.7740407364886452,2024-06-27,2024-03-28,2024-04-01
2024-03-29,3055,mom60,9,0.8210116731524979,2024-01,2024-03-18,2024-01-31,0.13918599426993272,2024-06-27,2024-03-28,2024-04-01
2024-03-29,5284,mom60,10,0.8162393162465782,2024-01,2024-03-18,2024-01-31,-0.5622150643274668,2024-06-27,2024-03-28,2024-04-01
2024-03-29,2465,mom60,11,0.8011958146487292,2024-01,2024-03-18,2024-01-31,-0.1422965746140077,2024-06-27,2024-03-28,2024-04-01
2024-03-29,3017,mom60,12,0.7641357027459896,2024-01,2024-03-18,2024-01-31,0.13631504304905984,2024-06-27,2024-03-28,2024-04-01
2024-03-29,1809,mom60,13,0.7133757961821761,2024-01,2024-03-18,2024-01-31,-0.24171740307351597,2024-06-27,2024-03-28,2024-04-01
2024-03-29,2543,mom60,14,0.6765285996055228,2024-01,2024-03-18,2024-01-31,0.06665348252267655,2024-06-27,2024-03-28,2024-04-01
2024-03-29,6197,mom60,15,0.6706730769245803,2024-01,2024-03-18,2024-01-31,0.06790513434453938,2024-06-27,2024-03-28,2024-04-01
2024-03-29,1442,rev_yoy,1,5.0,2024-01,2024-03-18,2024-01-31,0.16292536875931507,2024-06-27,2024-03-28,2024-04-01
2024-03-29,2348,rev_yoy,2,5.0,2024-01,2024-03-18,2024-01-31,0.5904194570764634,2024-06-27,2024-03-28,2024-04-01
2024-03-29,2442,rev_yoy,3,5.0,2024-01,2024-03-18,2024-01-31,-0.053977738664857,2024-06-27,2024-03-28,2024-04-01
2024-03-29,2514,rev_yoy,4,5.0,2024-01,2024-03-18,2024-01-31,0.3790779463998881,2024-06-27,2024-03-28,2024-04-01
2024-03-29,2530,rev_yoy,5,5.0,2024-01,2024-03-18,2024-01-31,-0.0971275904252511,2024-06-27,2024-03-28,2024-04-01
2024-03-29,6177,rev_yoy,6,5.0,2024-01,2024-03-18,2024-01-31,0.21811277382389993,2024-06-27,2024-03-28,2024-04-01
2024-03-29,6550,rev_yoy,7,5.0,2024-01,2024-03-18,2024-01-31,-0.1856802088512317,2024-06-27,2024-03-28,2024-04-01
2024-03-29,3266,rev_yoy,8,4.43384643577057,2024-01,2024-03-18,2024-01-31,0.1518097941670833,2024-06-27,2024-03-28,2024-04-01
2024-03-29,2025,rev_yoy,9,2.990350689618304,2024-01,2024-03-18,2024-01-31,-0.004586602705209053,2024-06-27,2024-03-28,2024-04-01
2024-03-29,3027,rev_yoy,10,2.789442713741779,2024-01,2024-03-18,2024-01-31,-0.2937106083927604,2024-06-27,2024-03-28,2024-04-01
2024-03-29,5519,rev_yoy,11,2.7333508587451805,2024-01,2024-03-18,2024-01-31,-0.0013210012381099645,2024-06-27,2024-03-28,2024-04-01
2024-03-29,1519,rev_yoy,12,2.6659040642542347,2024-01,2024-03-18,2024-01-31,0.12562981182801747,2024-06-27,2024-03-28,2024-04-01
2024-03-29,1515,rev_yoy,13,2.6574874074605197,2024-01,2024-03-18,2024-01-31,-0.24995497848134984,2024-06-27,2024-03-28,2024-04-01
2024-03-29,2540,rev_yoy,14,2.5030377045711063,2024-01,2024-03-18,2024-01-31,0.7215174695831315,2024-06-27,2024-03-28,2024-04-01
2024-03-29,2527,rev_yoy,15,2.4353955127534106,2024-01,2024-03-18,2024-01-31,-0.0987192634398919,2024-06-27,2024-03-28,2024-04-01
2024-04-30,6281,price_ridge,1,0.014075786755535715,2024-02,2024-04-15,2024-02-29,-0.1740232322587193,2024-07-29,2024-04-29,2024-05-02
2024-04-30,2359,price_ridge,2,0.013068827501885405,2024-02,2024-04-15,2024-02-29,0.3259638112683938,2024-07-29,2024-04-29,2024-05-02
2024-04-30,1109,price_ridge,3,0.012331329149067967,2024-02,2024-04-15,2024-02-29,-0.20347969185742276,2024-07-29,2024-04-29,2024-05-02
2024-04-30,1103,price_ridge,4,0.012331197193559603,2024-02,2024-04-15,2024-02-29,-0.15591139645665553,2024-07-29,2024-04-29,2024-05-02
2024-04-30,2247,price_ridge,5,0.012282081173576471,2024-02,2024-04-15,2024-02-29,-0.21139400639153294,2024-07-29,2024-04-29,2024-05-02
2024-04-30,5525,price_ridge,6,0.011134411837385933,2024-02,2024-04-15,2024-02-29,-0.07208592432569305,2024-07-29,2024-04-29,2024-05-02
2024-04-30,4935,price_ridge,7,0.01094232339886222,2024-02,2024-04-15,2024-02-29,-0.203296689870073,2024-07-29,2024-04-29,2024-05-02
2024-04-30,1227,price_ridge,8,0.010853737756173905,2024-02,2024-04-15,2024-02-29,-0.09452284899348129,2024-07-29,2024-04-29,2024-05-02
2024-04-30,2536,price_ridge,9,0.010828915757458714,2024-02,2024-04-15,2024-02-29,-0.1907839250094644,2024-07-29,2024-04-29,2024-05-02
2024-04-30,2108,price_ridge,10,0.010808747326022496,2024-02,2024-04-15,2024-02-29,-0.003849414722321365,2024-07-29,2024-04-29,2024-05-02
2024-04-30,1231,price_ridge,11,0.009555342328923919,2024-02,2024-04-15,2024-02-29,0.04657748890247393,2024-07-29,2024-04-29,2024-05-02
2024-04-30,3705,price_ridge,12,0.009453636651853463,2024-02,2024-04-15,2024-02-29,-0.019664115386207826,2024-07-29,2024-04-29,2024-05-02
2024-04-30,2903,price_ridge,13,0.009401544923384882,2024-02,2024-04-15,2024-02-29,-0.22851633613505218,2024-07-29,2024-04-29,2024-05-02
2024-04-30,1419,price_ridge,14,0.00934078695165762,2024-02,2024-04-15,2024-02-29,-0.19944551688760404,2024-07-29,2024-04-29,2024-05-02
2024-04-30,2459,price_ridge,15,0.009216776672897631,2024-02,2024-04-15,2024-02-29,-0.09953611669886975,2024-07-29,2024-04-29,2024-05-02
2024-04-30,4934,all_ridge,1,0.08046909404638086,2024-02,2024-04-15,2024-02-29,-0.22139015701472353,2024-07-29,2024-04-29,2024-05-02
2024-04-30,2530,all_ridge,2,0.0477850062852347,2024-02,2024-04-15,2024-02-29,-0.047941648807081405,2024-07-29,2024-04-29,2024-05-02
2024-04-30,9902,all_ridge,3,0.03202860624374312,2024-02,2024-04-15,2024-02-29,0.07097799425252926,2024-07-29,2024-04-29,2024-05-02
2024-04-30,2845,all_ridge,4,0.027511544794409544,2024-02,2024-04-15,2024-02-29,-0.1757291185564086,2024-07-29,2024-04-29,2024-05-02
2024-04-30,2015,all_ridge,5,0.02572114003061511,2024-02,2024-04-15,2024-02-29,-0.03672684769057222,2024-07-29,2024-04-29,2024-05-02
2024-04-30,6790,all_ridge,6,0.024449772713358013,2024-02,2024-04-15,2024-02-29,-0.1839537658410163,2024-07-29,2024-04-29,2024-05-02
2024-04-30,2359,all_ridge,7,0.02253862290756098,2024-02,2024-04-15,2024-02-29,0.3259638112683938,2024-07-29,2024-04-29,2024-05-02
2024-04-30,1109,all_ridge,8,0.018752090945471075,2024-02,2024-04-15,2024-02-29,-0.20347969185742276,2024-07-29,2024-04-29,2024-05-02
2024-04-30,6670,all_ridge,9,0.017960814088485384,2024-02,2024-04-15,2024-02-29,-0.1425527276508629,2024-07-29,2024-04-29,2024-05-02
2024-04-30,2903,all_ridge,10,0.017700462096363348,2024-02,2024-04-15,2024-02-29,-0.22851633613505218,2024-07-29,2024-04-29,2024-05-02
2024-04-30,2107,all_ridge,11,0.01736328784498308,2024-02,2024-04-15,2024-02-29,-0.08860344654115493,2024-07-29,2024-04-29,2024-05-02
2024-04-30,2102,all_ridge,12,0.017068989184423344,2024-02,2024-04-15,2024-02-29,-0.051647238383256244,2024-07-29,2024-04-29,2024-05-02
2024-04-30,9906,all_ridge,13,0.016313565731959197,2024-02,2024-04-15,2024-02-29,0.7211680999623895,2024-07-29,2024-04-29,2024-05-02
2024-04-30,2505,all_ridge,14,0.015844397755832122,2024-02,2024-04-15,2024-02-29,-0.14322750242117688,2024-07-29,2024-04-29,2024-05-02
2024-04-30,4915,all_ridge,15,0.015186686616882687,2024-02,2024-04-15,2024-02-29,-0.20350213189098154,2024-07-29,2024-04-29,2024-05-02
2024-04-30,1419,price_tree,1,0.13506560513090202,2024-02,2024-04-15,2024-02-29,-0.19944551688760404,2024-07-29,2024-04-29,2024-05-02
2024-04-30,6005,price_tree,2,0.13450016331984363,2024-02,2024-04-15,2024-02-29,-0.18052298620764196,2024-07-29,2024-04-29,2024-05-02
2024-04-30,8404,price_tree,3,0.11230506899209067,2024-02,2024-04-15,2024-02-29,-0.23223541990526697,2024-07-29,2024-04-29,2024-05-02
2024-04-30,2855,price_tree,4,0.08710605987033768,2024-02,2024-04-15,2024-02-29,-0.12181981053271751,2024-07-29,2024-04-29,2024-05-02
2024-04-30,8112,price_tree,5,0.08672122565966488,2024-02,2024-04-15,2024-02-29,-0.24964349837382616,2024-07-29,2024-04-29,2024-05-02
2024-04-30,5525,price_tree,6,0.08565832231933782,2024-02,2024-04-15,2024-02-29,-0.07208592432569305,2024-07-29,2024-04-29,2024-05-02
2024-04-30,1436,price_tree,7,0.08003780028517839,2024-02,2024-04-15,2024-02-29,0.15412964138327045,2024-07-29,2024-04-29,2024-05-02
2024-04-30,3011,price_tree,8,0.07898254845513047,2024-02,2024-04-15,2024-02-29,-0.15498961386908405,2024-07-29,2024-04-29,2024-05-02
2024-04-30,2903,price_tree,9,0.07868267888602537,2024-02,2024-04-15,2024-02-29,-0.22851633613505218,2024-07-29,2024-04-29,2024-05-02
2024-04-30,2611,price_tree,10,0.07859431762711183,2024-02,2024-04-15,2024-02-29,-0.2500591257017968,2024-07-29,2024-04-29,2024-05-02
2024-04-30,2850,price_tree,11,0.07531042437537439,2024-02,2024-04-15,2024-02-29,-0.14397579672069583,2024-07-29,2024-04-29,2024-05-02
2024-04-30,3035,price_tree,12,0.07288682322010662,2024-02,2024-04-15,2024-02-29,-0.15912183379217437,2024-07-29,2024-04-29,2024-05-02
2024-04-30,2527,price_tree,13,0.07212847502862596,2024-02,2024-04-15,2024-02-29,-0.27394842045352175,2024-07-29,2024-04-29,2024-05-02
2024-04-30,1616,price_tree,14,0.07061514166537422,2024-02,2024-04-15,2024-02-29,-0.31482582924050173,2024-07-29,2024-04-29,2024-05-02
2024-04-30,4934,price_tree,15,0.070307405606431,2024-02,2024-04-15,2024-02-29,-0.22139015701472353,2024-07-29,2024-04-29,2024-05-02
2024-04-30,3094,all_tree,1,0.22230713472439698,2024-02,2024-04-15,2024-02-29,-0.12401966283156618,2024-07-29,2024-04-29,2024-05-02
2024-04-30,3056,all_tree,2,0.20007412370761996,2024-02,2024-04-15,2024-02-29,-0.03734064213320831,2024-07-29,2024-04-29,2024-05-02
2024-04-30,2102,all_tree,3,0.19676239454995276,2024-02,2024-04-15,2024-02-29,-0.051647238383256244,2024-07-29,2024-04-29,2024-05-02
2024-04-30,1519,all_tree,4,0.18807827824540715,2024-02,2024-04-15,2024-02-29,-0.23677191596069347,2024-07-29,2024-04-29,2024-05-02
2024-04-30,3535,all_tree,5,0.18316749078896058,2024-02,2024-04-15,2024-02-29,1.8288716271111158,2024-07-29,2024-04-29,2024-05-02
2024-04-30,6657,all_tree,6,0.18252790576573402,2024-02,2024-04-15,2024-02-29,-0.22901096060595383,2024-07-29,2024-04-29,2024-05-02
2024-04-30,2855,all_tree,7,0.17490284478304613,2024-02,2024-04-15,2024-02-29,-0.12181981053271751,2024-07-29,2024-04-29,2024-05-02
2024-04-30,5522,all_tree,8,0.1702305523335564,2024-02,2024-04-15,2024-02-29,-0.023385644760387292,2024-07-29,2024-04-29,2024-05-02
2024-04-30,9906,all_tree,9,0.1680970801225387,2024-02,2024-04-15,2024-02-29,0.7211680999623895,2024-07-29,2024-04-29,2024-05-02
2024-04-30,1436,all_tree,10,0.16662837088834526,2024-02,2024-04-15,2024-02-29,0.15412964138327045,2024-07-29,2024-04-29,2024-05-02
2024-04-30,1762,all_tree,11,0.14961657454560146,2024-02,2024-04-15,2024-02-29,-0.04756155720734867,2024-07-29,2024-04-29,2024-05-02
2024-04-30,1325,all_tree,12,0.13639330529951396,2024-02,2024-04-15,2024-02-29,-0.12179863988073492,2024-07-29,2024-04-29,2024-05-02
2024-04-30,1732,all_tree,13,0.13375255596201752,2024-02,2024-04-15,2024-02-29,-0.15159192559191825,2024-07-29,2024-04-29,2024-05-02
2024-04-30,2363,all_tree,14,0.13273862983143112,2024-02,2024-04-15,2024-02-29,-0.3089928515882554,2024-07-29,2024-04-29,2024-05-02
2024-04-30,4934,all_tree,15,0.13197369468668593,2024-02,2024-04-15,2024-02-29,-0.22139015701472353,2024-07-29,2024-04-29,2024-05-02
2024-04-30,2359,vol20,1,0.07186988122507311,2024-02,2024-04-15,2024-02-29,0.3259638112683938,2024-07-29,2024-04-29,2024-05-02
2024-04-30,6139,vol20,2,0.07088028014966098,2024-02,2024-04-15,2024-02-29,-0.32822888941853745,2024-07-29,2024-04-29,2024-05-02
2024-04-30,1587,vol20,3,0.06926656737738103,2024-02,2024-04-15,2024-02-29,-0.338610453396579,2024-07-29,2024-04-29,2024-05-02
2024-04-30,1617,vol20,4,0.06700532457652819,2024-02,2024-04-15,2024-02-29,-0.26328446289914,2024-07-29,2024-04-29,2024-05-02
2024-04-30,6230,vol20,5,0.06282463588503603,2024-02,2024-04-15,2024-02-29,-0.36590218620853143,2024-07-29,2024-04-29,2024-05-02
2024-04-30,1616,vol20,6,0.05902142598392781,2024-02,2024-04-15,2024-02-29,-0.31482582924050173,2024-07-29,2024-04-29,2024-05-02
2024-04-30,1514,vol20,7,0.05900999279102899,2024-02,2024-04-15,2024-02-29,-0.21957612688439532,2024-07-29,2024-04-29,2024-05-02
2024-04-30,2363,vol20,8,0.05880266743797653,2024-02,2024-04-15,2024-02-29,-0.3089928515882554,2024-07-29,2024-04-29,2024-05-02
2024-04-30,1618,vol20,9,0.058408515355525,2024-02,2024-04-15,2024-02-29,-0.28519629088405807,2024-07-29,2024-04-29,2024-05-02
2024-04-30,1608,vol20,10,0.05810110873119002,2024-02,2024-04-15,2024-02-29,-0.1663791216969117,2024-07-29,2024-04-29,2024-05-02
2024-04-30,2059,vol20,11,0.057494624092198264,2024-02,2024-04-15,2024-02-29,-0.22223226775783356,2024-07-29,2024-04-29,2024-05-02
2024-04-30,6117,vol20,12,0.05601204897297261,2024-02,2024-04-15,2024-02-29,0.18369354362220536,2024-07-29,2024-04-29,2024-05-02
2024-04-30,1519,vol20,13,0.05601177127831731,2024-02,2024-04-15,2024-02-29,-0.23677191596069347,2024-07-29,2024-04-29,2024-05-02
2024-04-30,9955,vol20,14,0.05588265719915153,2024-02,2024-04-15,2024-02-29,-0.1753056913349489,2024-07-29,2024-04-29,2024-05-02
2024-04-30,6215,vol20,15,0.055833769564222695,2024-02,2024-04-15,2024-02-29,0.13934431356359345,2024-07-29,2024-04-29,2024-05-02
2024-04-30,1587,mom60,1,1.6914660831555364,2024-02,2024-04-15,2024-02-29,-0.338610453396579,2024-07-29,2024-04-29,2024-05-02
2024-04-30,2359,mom60,2,1.4817518248234842,2024-02,2024-04-15,2024-02-29,0.3259638112683938,2024-07-29,2024-04-29,2024-05-02
2024-04-30,6230,mom60,3,1.4398496240638545,2024-02,2024-04-15,2024-02-29,-0.36590218620853143,2024-07-29,2024-04-29,2024-05-02
2024-04-30,1503,mom60,4,1.4132231404917528,2024-02,2024-04-15,2024-02-29,-0.29777164842938364,2024-07-29,2024-04-29,2024-05-02
2024-04-30,1725,mom60,5,1.3540669856421066,2024-02,2024-04-15,2024-02-29,-0.31470210998863235,2024-07-29,2024-04-29,2024-05-02
2024-04-30,1519,mom60,6,1.2000000000020536,2024-02,2024-04-15,2024-02-29,-0.23677191596069347,2024-07-29,2024-04-29,2024-05-02
2024-04-30,4994,mom60,7,1.1742671009766625,2024-02,2024-04-15,2024-02-29,-0.36486952269664263,2024-07-29,2024-04-29,2024-05-02
2024-04-30,2501,mom60,8,1.1101928374647554,2024-02,2024-04-15,2024-02-29,-0.3379456747999233,2024-07-29,2024-04-29,2024-05-02
2024-04-30,2348,mom60,9,1.0700636942741166,2024-02,2024-04-15,2024-02-29,0.7162280933231868,2024-07-29,2024-04-29,2024-05-02
2024-04-30,6442,mom60,10,0.9890260630962746,2024-02,2024-04-15,2024-02-29,1.5837667541981113,2024-07-29,2024-04-29,2024-05-02
2024-04-30,3563,mom60,11,0.9581589958171073,2024-02,2024-04-15,2024-02-29,-0.4411623905793739,2024-07-29,2024-04-29,2024-05-02
2024-04-30,3312,mom60,12,0.9556025369941128,2024-02,2024-04-15,2024-02-29,0.6255029988626364,2024-07-29,2024-04-29,2024-05-02
2024-04-30,2527,mom60,13,0.9553264604830094,2024-02,2024-04-15,2024-02-29,-0.27394842045352175,2024-07-29,2024-04-29,2024-05-02
2024-04-30,2543,mom60,14,0.9410609037328095,2024-02,2024-04-15,2024-02-29,0.2740559674421792,2024-07-29,2024-04-29,2024-05-02
2024-04-30,1616,mom60,15,0.9335793357933577,2024-02,2024-04-15,2024-02-29,-0.31482582924050173,2024-07-29,2024-04-29,2024-05-02
2024-04-30,1446,rev_yoy,1,5.0,2024-02,2024-04-15,2024-02-29,0.1456719122202763,2024-07-29,2024-04-29,2024-05-02
2024-04-30,2442,rev_yoy,2,5.0,2024-02,2024-04-15,2024-02-29,0.02527938665644136,2024-07-29,2024-04-29,2024-05-02
2024-04-30,2527,rev_yoy,3,5.0,2024-02,2024-04-15,2024-02-29,-0.27394842045352175,2024-07-29,2024-04-29,2024-05-02
2024-04-30,2530,rev_yoy,4,5.0,2024-02,2024-04-15,2024-02-29,-0.047941648807081405,2024-07-29,2024-04-29,2024-05-02
2024-04-30,5519,rev_yoy,5,5.0,2024-02,2024-04-15,2024-02-29,-0.007636218307936149,2024-07-29,2024-04-29,2024-05-02
2024-04-30,6541,rev_yoy,6,5.0,2024-02,2024-04-15,2024-02-29,-0.005490298892870893,2024-07-29,2024-04-29,2024-05-02
2024-04-30,9902,rev_yoy,7,5.0,2024-02,2024-04-15,2024-02-29,0.07097799425252926,2024-07-29,2024-04-29,2024-05-02
2024-04-30,1436,rev_yoy,8,4.284524635669674,2024-02,2024-04-15,2024-02-29,0.15412964138327045,2024-07-29,2024-04-29,2024-05-02
2024-04-30,2536,rev_yoy,9,2.969330601092896,2024-02,2024-04-15,2024-02-29,-0.1907839250094644,2024-07-29,2024-04-29,2024-05-02
2024-04-30,1515,rev_yoy,10,2.954601871300363,2024-02,2024-04-15,2024-02-29,-0.30717025744967186,2024-07-29,2024-04-29,2024-05-02
2024-04-30,5706,rev_yoy,11,2.5846972083361868,2024-02,2024-04-15,2024-02-29,-0.22409642987780654,2024-07-29,2024-04-29,2024-05-02
2024-04-30,2348,rev_yoy,12,2.540737105122256,2024-02,2024-04-15,2024-02-29,0.7162280933231868,2024-07-29,2024-04-29,2024-05-02
2024-04-30,2537,rev_yoy,13,2.397590361445783,2024-02,2024-04-15,2024-02-29,0.20614193714053908,2024-07-29,2024-04-29,2024-05-02
2024-04-30,2882,rev_yoy,14,1.8695198093201588,2024-02,2024-04-15,2024-02-29,0.11886291427423012,2024-07-29,2024-04-29,2024-05-02
2024-04-30,2506,rev_yoy,15,1.8519493083099547,2024-02,2024-04-15,2024-02-29,-0.195683444931269,2024-07-29,2024-04-29,2024-05-02
2024-05-31,3040,price_ridge,1,0.021238718131477,2024-03,2024-05-16,2024-03-31,-0.070045713743359,2024-08-28,2024-05-30,2024-06-03
2024-05-31,8114,price_ridge,2,0.01760959627766988,2024-03,2024-05-16,2024-03-31,0.28635371091982864,2024-08-28,2024-05-30,2024-06-03
2024-05-31,1525,price_ridge,3,0.017512580177968355,2024-03,2024-05-16,2024-03-31,-0.17380228759551475,2024-08-28,2024-05-30,2024-06-03
2024-05-31,1445,price_ridge,4,0.016780364990512588,2024-03,2024-05-16,2024-03-31,-0.16799667335282675,2024-08-28,2024-05-30,2024-06-03
2024-05-31,5285,price_ridge,5,0.0166363755802642,2024-03,2024-05-16,2024-03-31,-0.1368200601737789,2024-08-28,2024-05-30,2024-06-03
2024-05-31,2478,price_ridge,6,0.016117138767348937,2024-03,2024-05-16,2024-03-31,-0.15598333867493674,2024-08-28,2024-05-30,2024-06-03
2024-05-31,1709,price_ridge,7,0.016113003126629846,2024-03,2024-05-16,2024-03-31,0.056419652792896846,2024-08-28,2024-05-30,2024-06-03
2024-05-31,2114,price_ridge,8,0.01589201618476331,2024-03,2024-05-16,2024-03-31,-0.17845300678965392,2024-08-28,2024-05-30,2024-06-03
2024-05-31,3026,price_ridge,9,0.015877984188128462,2024-03,2024-05-16,2024-03-31,-0.14022777798673813,2024-08-28,2024-05-30,2024-06-03
2024-05-31,2706,price_ridge,10,0.014810040618646934,2024-03,2024-05-16,2024-03-31,-0.17882722015618302,2024-08-28,2024-05-30,2024-06-03
2024-05-31,3048,price_ridge,11,0.014615254636405279,2024-03,2024-05-16,2024-03-31,0.2175646475240125,2024-08-28,2024-05-30,2024-06-03
2024-05-31,1201,price_ridge,12,0.014177754395687645,2024-03,2024-05-16,2024-03-31,-0.1259591589018857,2024-08-28,2024-05-30,2024-06-03
2024-05-31,1437,price_ridge,13,0.014091041820091741,2024-03,2024-05-16,2024-03-31,-0.07892425623444432,2024-08-28,2024-05-30,2024-06-03
2024-05-31,2614,price_ridge,14,0.014019706553172083,2024-03,2024-05-16,2024-03-31,-0.09192679170129325,2024-08-28,2024-05-30,2024-06-03
2024-05-31,6168,price_ridge,15,0.013947760456076748,2024-03,2024-05-16,2024-03-31,-0.2073399505183917,2024-08-28,2024-05-30,2024-06-03
2024-05-31,4142,all_ridge,1,0.05210973462628024,2024-03,2024-05-16,2024-03-31,-0.051090085387401896,2024-08-28,2024-05-30,2024-06-03
2024-05-31,9906,all_ridge,2,0.043654168208924156,2024-03,2024-05-16,2024-03-31,1.080864281018404,2024-08-28,2024-05-30,2024-06-03
2024-05-31,6625,all_ridge,3,0.04137730388762881,2024-03,2024-05-16,2024-03-31,-0.07709910144353094,2024-08-28,2024-05-30,2024-06-03
2024-05-31,6278,all_ridge,4,0.03589610877608255,2024-03,2024-05-16,2024-03-31,-0.0806554314432828,2024-08-28,2024-05-30,2024-06-03
2024-05-31,2397,all_ridge,5,0.035766021196560145,2024-03,2024-05-16,2024-03-31,-0.08309239257184342,2024-08-28,2024-05-30,2024-06-03
2024-05-31,3040,all_ridge,6,0.03486282489487841,2024-03,2024-05-16,2024-03-31,-0.070045713743359,2024-08-28,2024-05-30,2024-06-03
2024-05-31,3535,all_ridge,7,0.03213974138495945,2024-03,2024-05-16,2024-03-31,1.4501480887910752,2024-08-28,2024-05-30,2024-06-03
2024-05-31,6456,all_ridge,8,0.028875564508245265,2024-03,2024-05-16,2024-03-31,-0.21202977634883502,2024-08-28,2024-05-30,2024-06-03
2024-05-31,6024,all_ridge,9,0.028793415560148722,2024-03,2024-05-16,2024-03-31,-0.1408602955802114,2024-08-28,2024-05-30,2024-06-03
2024-05-31,6164,all_ridge,10,0.02862012332258068,2024-03,2024-05-16,2024-03-31,-0.16333308034874172,2024-08-28,2024-05-30,2024-06-03
2024-05-31,8114,all_ridge,11,0.028300444216737705,2024-03,2024-05-16,2024-03-31,0.28635371091982864,2024-08-28,2024-05-30,2024-06-03
2024-05-31,2105,all_ridge,12,0.028144640415777043,2024-03,2024-05-16,2024-03-31,-0.25405026672197706,2024-08-28,2024-05-30,2024-06-03
2024-05-31,8422,all_ridge,13,0.026825723256153435,2024-03,2024-05-16,2024-03-31,-0.06813130600563855,2024-08-28,2024-05-30,2024-06-03
2024-05-31,1423,all_ridge,14,0.026239256715747103,2024-03,2024-05-16,2024-03-31,0.10741518883813095,2024-08-28,2024-05-30,2024-06-03
2024-05-31,2008,all_ridge,15,0.026110819335160643,2024-03,2024-05-16,2024-03-31,0.431552880378389,2024-08-28,2024-05-30,2024-06-03
2024-05-31,6541,price_tree,1,0.1318739937187041,2024-03,2024-05-16,2024-03-31,0.6028105124666379,2024-08-28,2024-05-30,2024-06-03
2024-05-31,1531,price_tree,2,0.12804313920830895,2024-03,2024-05-16,2024-03-31,-0.13575526170115393,2024-08-28,2024-05-30,2024-06-03
2024-05-31,9946,price_tree,3,0.1195073818550179,2024-03,2024-05-16,2024-03-31,-0.2727667100680957,2024-08-28,2024-05-30,2024-06-03
2024-05-31,1453,price_tree,4,0.11180818671141356,2024-03,2024-05-16,2024-03-31,-0.3641512045222878,2024-08-28,2024-05-30,2024-06-03
2024-05-31,3021,price_tree,5,0.10730524908843082,2024-03,2024-05-16,2024-03-31,-0.11537137194919578,2024-08-28,2024-05-30,2024-06-03
2024-05-31,1725,price_tree,6,0.10594792831495471,2024-03,2024-05-16,2024-03-31,-0.22232800729726843,2024-08-28,2024-05-30,2024-06-03
2024-05-31,2905,price_tree,7,0.10420446013905399,2024-03,2024-05-16,2024-03-31,-0.01637969776479986,2024-08-28,2024-05-30,2024-06-03
2024-05-31,6152,price_tree,8,0.1036338863647791,2024-03,2024-05-16,2024-03-31,0.31735407454274944,2024-08-28,2024-05-30,2024-06-03
2024-05-31,3518,price_tree,9,0.09685825214336899,2024-03,2024-05-16,2024-03-31,0.18270663485338257,2024-08-28,2024-05-30,2024-06-03
2024-05-31,2611,price_tree,10,0.09594272265554435,2024-03,2024-05-16,2024-03-31,-0.2872087888688436,2024-08-28,2024-05-30,2024-06-03
2024-05-31,3661,price_tree,11,0.09250586560000115,2024-03,2024-05-16,2024-03-31,-0.20058625904665506,2024-08-28,2024-05-30,2024-06-03
2024-05-31,8438,price_tree,12,0.09086543477948064,2024-03,2024-05-16,2024-03-31,-0.10601342663944435,2024-08-28,2024-05-30,2024-06-03
2024-05-31,6807,price_tree,13,0.09024183631053177,2024-03,2024-05-16,2024-03-31,0.2981573524696579,2024-08-28,2024-05-30,2024-06-03
2024-05-31,2393,price_tree,14,0.08973183814102037,2024-03,2024-05-16,2024-03-31,0.003137013416806278,2024-08-28,2024-05-30,2024-06-03
2024-05-31,3167,price_tree,15,0.08695402000752955,2024-03,2024-05-16,2024-03-31,0.48245161319556273,2024-08-28,2024-05-30,2024-06-03
2024-05-31,8112,all_tree,1,0.2894192464307514,2024-03,2024-05-16,2024-03-31,-0.16812306107456898,2024-08-28,2024-05-30,2024-06-03
2024-05-31,1442,all_tree,2,0.24128565408672112,2024-03,2024-05-16,2024-03-31,-0.06208552200282358,2024-08-28,2024-05-30,2024-06-03
2024-05-31,2514,all_tree,3,0.22894152812626356,2024-03,2024-05-16,2024-03-31,-0.16658472293993087,2024-08-28,2024-05-30,2024-06-03
2024-05-31,1903,all_tree,4,0.1875822319844453,2024-03,2024-05-16,2024-03-31,-0.2282704342643852,2024-08-28,2024-05-30,2024-06-03
2024-05-31,2524,all_tree,5,0.16592295696905593,2024-03,2024-05-16,2024-03-31,1.038962039173745,2024-08-28,2024-05-30,2024-06-03
2024-05-31,2538,all_tree,6,0.16278707074058582,2024-03,2024-05-16,2024-03-31,-0.05073546246921312,2024-08-28,2024-05-30,2024-06-03
2024-05-31,1805,all_tree,7,0.15776100365260276,2024-03,2024-05-16,2024-03-31,0.015085965959518388,2024-08-28,2024-05-30,2024-06-03
2024-05-31,2520,all_tree,8,0.15551869717641273,2024-03,2024-05-16,2024-03-31,-0.10451509660963576,2024-08-28,2024-05-30,2024-06-03
2024-05-31,6695,all_tree,9,0.15521511445461492,2024-03,2024-05-16,2024-03-31,-0.2845978925747048,2024-08-28,2024-05-30,2024-06-03
2024-05-31,3040,all_tree,10,0.15437042405467782,2024-03,2024-05-16,2024-03-31,-0.070045713743359,2024-08-28,2024-05-30,2024-06-03
2024-05-31,9945,all_tree,11,0.1526085488750005,2024-03,2024-05-16,2024-03-31,0.012695815726542437,2024-08-28,2024-05-30,2024-06-03
2024-05-31,2548,all_tree,12,0.14873870064892777,2024-03,2024-05-16,2024-03-31,-0.07991325690552431,2024-08-28,2024-05-30,2024-06-03
2024-05-31,9902,all_tree,13,0.13977082803655724,2024-03,2024-05-16,2024-03-31,0.14009460436197663,2024-08-28,2024-05-30,2024-06-03
2024-05-31,4938,all_tree,14,0.1374751790452393,2024-03,2024-05-16,2024-03-31,-0.1262797643517225,2024-08-28,2024-05-30,2024-06-03
2024-05-31,1416,all_tree,15,0.13609188099575006,2024-03,2024-05-16,2024-03-31,-0.07838370132195438,2024-08-28,2024-05-30,2024-06-03
2024-05-31,1587,vol20,1,0.05793552714106989,2024-03,2024-05-16,2024-03-31,-0.28593894954397614,2024-08-28,2024-05-30,2024-06-03
2024-05-31,2613,vol20,2,0.05718346749279888,2024-03,2024-05-16,2024-03-31,-0.34571889562689373,2024-08-28,2024-05-30,2024-06-03
2024-05-31,2250,vol20,3,0.05645752404864175,2024-03,2024-05-16,2024-03-31,-0.2592862330280574,2024-08-28,2024-05-30,2024-06-03
2024-05-31,2365,vol20,4,0.05534041730599594,2024-03,2024-05-16,2024-03-31,0.5100349052709714,2024-08-28,2024-05-30,2024-06-03
2024-05-31,2348,vol20,5,0.05165288121253917,2024-03,2024-05-16,2024-03-31,0.23756097370858487,2024-08-28,2024-05-30,2024-06-03
2024-05-31,2241,vol20,6,0.05154010522975498,2024-03,2024-05-16,2024-03-31,-0.5360359581473788,2024-08-28,2024-05-30,2024-06-03
2024-05-31,3060,vol20,7,0.051365794363480224,2024-03,2024-05-16,2024-03-31,-0.3093810169176928,2024-08-28,2024-05-30,2024-06-03
2024-05-31,2524,vol20,8,0.0511115973369174,2024-03,2024-05-16,2024-03-31,1.038962039173745,2024-08-28,2024-05-30,2024-06-03
2024-05-31,1453,vol20,9,0.050544064813323214,2024-03,2024-05-16,2024-03-31,-0.3641512045222878,2024-08-28,2024-05-30,2024-06-03
2024-05-31,4545,vol20,10,0.04998093995237984,2024-03,2024-05-16,2024-03-31,0.20941802276390376,2024-08-28,2024-05-30,2024-06-03
2024-05-31,2615,vol20,11,0.049201421298990716,2024-03,2024-05-16,2024-03-31,-0.15754512740230076,2024-08-28,2024-05-30,2024-06-03
2024-05-31,8438,vol20,12,0.04915731546696654,2024-03,2024-05-16,2024-03-31,-0.10601342663944435,2024-08-28,2024-05-30,2024-06-03
2024-05-31,1725,vol20,13,0.04903536492176595,2024-03,2024-05-16,2024-03-31,-0.22232800729726843,2024-08-28,2024-05-30,2024-06-03
2024-05-31,2489,vol20,14,0.04899305783100543,2024-03,2024-05-16,2024-03-31,-0.03423292063400596,2024-08-28,2024-05-30,2024-06-03
2024-05-31,2374,vol20,15,0.048368297104782965,2024-03,2024-05-16,2024-03-31,-0.23391444346083357,2024-08-28,2024-05-30,2024-06-03
2024-05-31,2359,mom60,1,3.43599493029968,2024-03,2024-05-16,2024-03-31,-0.2145943905589368,2024-08-28,2024-05-30,2024-06-03
2024-05-31,1587,mom60,2,1.5958109678897294,2024-03,2024-05-16,2024-03-31,-0.28593894954397614,2024-08-28,2024-05-30,2024-06-03
2024-05-31,6230,mom60,3,1.3645833333357031,2024-03,2024-05-16,2024-03-31,-0.4114137793953607,2024-08-28,2024-05-30,2024-06-03
2024-05-31,8374,mom60,4,1.2772963604832235,2024-03,2024-05-16,2024-03-31,0.8843934832473854,2024-08-28,2024-05-30,2024-06-03
2024-05-31,2348,mom60,5,1.2663551401837898,2024-03,2024-05-16,2024-03-31,0.23756097370858487,2024-08-28,2024-05-30,2024-06-03
2024-05-31,2374,mom60,6,1.2543352601157163,2024-03,2024-05-16,2024-03-31,-0.23391444346083357,2024-08-28,2024-05-30,2024-06-03
2024-05-31,3030,mom60,7,1.24609374999643,2024-03,2024-05-16,2024-03-31,-0.19948131538243286,2024-08-28,2024-05-30,2024-06-03
2024-05-31,6215,mom60,8,0.9861351819757367,2024-03,2024-05-16,2024-03-31,-0.007150940353892743,2024-08-28,2024-05-30,2024-06-03
2024-05-31,2486,mom60,9,0.9600849133058234,2024-03,2024-05-16,2024-03-31,-0.10535119726416908,2024-08-28,2024-05-30,2024-06-03
2024-05-31,2501,mom60,10,0.9452054794498725,2024-03,2024-05-16,2024-03-31,-0.3072022494838105,2024-08-28,2024-05-30,2024-06-03
2024-05-31,2540,mom60,11,0.9369369369362797,2024-03,2024-05-16,2024-03-31,-0.019518886885412146,2024-08-28,2024-05-30,2024-06-03
2024-05-31,2537,mom60,12,0.9257425742574257,2024-03,2024-05-16,2024-03-31,-0.05751894678539915,2024-08-28,2024-05-30,2024-06-03
2024-05-31,1453,mom60,13,0.9256756756801072,2024-03,2024-05-16,2024-03-31,-0.3641512045222878,2024-08-28,2024-05-30,2024-06-03
2024-05-31,2613,mom60,14,0.8300421432894065,2024-03,2024-05-16,2024-03-31,-0.34571889562689373,2024-08-28,2024-05-30,2024-06-03
2024-05-31,9946,mom60,15,0.8218623481784872,2024-03,2024-05-16,2024-03-31,-0.2727667100680957,2024-08-28,2024-05-30,2024-06-03
2024-05-31,1446,rev_yoy,1,5.0,2024-03,2024-05-16,2024-03-31,-0.22582844953435144,2024-08-28,2024-05-30,2024-06-03
2024-05-31,2442,rev_yoy,2,5.0,2024-03,2024-05-16,2024-03-31,-0.08723965562655644,2024-08-28,2024-05-30,2024-06-03
2024-05-31,2530,rev_yoy,3,5.0,2024-03,2024-05-16,2024-03-31,-0.15285768424529644,2024-08-28,2024-05-30,2024-06-03
2024-05-31,2537,rev_yoy,4,5.0,2024-03,2024-05-16,2024-03-31,-0.05751894678539915,2024-08-28,2024-05-30,2024-06-03
2024-05-31,2545,rev_yoy,5,5.0,2024-03,2024-05-16,2024-03-31,-0.04403976063963988,2024-08-28,2024-05-30,2024-06-03
2024-05-31,2427,rev_yoy,6,2.932574840202946,2024-03,2024-05-16,2024-03-31,-0.12139183001089016,2024-08-28,2024-05-30,2024-06-03
2024-05-31,2527,rev_yoy,7,2.9073908107785145,2024-03,2024-05-16,2024-03-31,-0.3099620778237685,2024-08-28,2024-05-30,2024-06-03
2024-05-31,9946,rev_yoy,8,2.753551019373804,2024-03,2024-05-16,2024-03-31,-0.2727667100680957,2024-08-28,2024-05-30,2024-06-03
2024-05-31,1515,rev_yoy,9,2.612976168179472,2024-03,2024-05-16,2024-03-31,-0.2804463563906916,2024-08-28,2024-05-30,2024-06-03
2024-05-31,2501,rev_yoy,10,2.5645915056419195,2024-03,2024-05-16,2024-03-31,-0.3072022494838105,2024-08-28,2024-05-30,2024-06-03
2024-05-31,3686,rev_yoy,11,2.4960745829244355,2024-03,2024-05-16,2024-03-31,0.2534989777936185,2024-08-28,2024-05-30,2024-06-03
2024-05-31,6873,rev_yoy,12,2.039139276813843,2024-03,2024-05-16,2024-03-31,0.5594849676616354,2024-08-28,2024-05-30,2024-06-03
2024-05-31,2881,rev_yoy,13,2.0106673711916496,2024-03,2024-05-16,2024-03-31,0.1783415281125651,2024-08-28,2024-05-30,2024-06-03
2024-05-31,2514,rev_yoy,14,1.695815962039585,2024-03,2024-05-16,2024-03-31,-0.16658472293993087,2024-08-28,2024-05-30,2024-06-03
2024-05-31,8112,rev_yoy,15,1.6839586051631945,2024-03,2024-05-16,2024-03-31,-0.16812306107456898,2024-08-28,2024-05-30,2024-06-03
2024-06-28,2438,price_ridge,1,0.03255357133328882,2024-04,2024-06-17,2024-04-30,-0.16043413156853048,2024-09-25,2024-06-27,2024-07-01
2024-06-28,1731,price_ridge,2,0.02141237781009163,2024-04,2024-06-17,2024-04-30,-0.07061683461139034,2024-09-25,2024-06-27,2024-07-01
2024-06-28,2414,price_ridge,3,0.020915974531758155,2024-04,2024-06-17,2024-04-30,-0.12391353367497937,2024-09-25,2024-06-27,2024-07-01
2024-06-28,6861,price_ridge,4,0.018698587077127855,2024-04,2024-06-17,2024-04-30,-0.21830363469305147,2024-09-25,2024-06-27,2024-07-01
2024-06-28,1217,price_ridge,5,0.017929719269979466,2024-04,2024-06-17,2024-04-30,-0.06911193339002919,2024-09-25,2024-06-27,2024-07-01
2024-06-28,9943,price_ridge,6,0.017451431205652512,2024-04,2024-06-17,2024-04-30,-0.045219708320285656,2024-09-25,2024-06-27,2024-07-01
2024-06-28,6277,price_ridge,7,0.016368241024921765,2024-04,2024-06-17,2024-04-30,-0.054417859670945035,2024-09-25,2024-06-27,2024-07-01
2024-06-28,1762,price_ridge,8,0.015774751204257066,2024-04,2024-06-17,2024-04-30,-0.20333903154460975,2024-09-25,2024-06-27,2024-07-01
2024-06-28,2820,price_ridge,9,0.015505595928359971,2024-04,2024-06-17,2024-04-30,-0.018704238995784994,2024-09-25,2024-06-27,2024-07-01
2024-06-28,1752,price_ridge,10,0.01549064473784858,2024-04,2024-06-17,2024-04-30,-0.1747457418194207,2024-09-25,2024-06-27,2024-07-01
2024-06-28,4722,price_ridge,11,0.015222039790937726,2024-04,2024-06-17,2024-04-30,-0.12367739053591875,2024-09-25,2024-06-27,2024-07-01
2024-06-28,4104,price_ridge,12,0.015019888886510442,2024-04,2024-06-17,2024-04-30,-0.004354928656707724,2024-09-25,2024-06-27,2024-07-01
2024-06-28,1423,price_ridge,13,0.014465430477772165,2024-04,2024-06-17,2024-04-30,-0.020739918032580906,2024-09-25,2024-06-27,2024-07-01
2024-06-28,1709,price_ridge,14,0.014438433101856859,2024-04,2024-06-17,2024-04-30,0.051625483648322534,2024-09-25,2024-06-27,2024-07-01
2024-06-28,6598,price_ridge,15,0.014038815080326448,2024-04,2024-06-17,2024-04-30,-0.26920340025646816,2024-09-25,2024-06-27,2024-07-01
2024-06-28,1402,all_ridge,1,0.06991759418784882,2024-04,2024-06-17,2024-04-30,0.0820796796484804,2024-09-25,2024-06-27,2024-07-01
2024-06-28,2015,all_ridge,2,0.06871165655684684,2024-04,2024-06-17,2024-04-30,0.048010859984572773,2024-09-25,2024-06-27,2024-07-01
2024-06-28,2006,all_ridge,3,0.052239457907108,2024-04,2024-06-17,2024-04-30,0.07295328906423015,2024-09-25,2024-06-27,2024-07-01
2024-06-28,2850,all_ridge,4,0.051792407300198365,2024-04,2024-06-17,2024-04-30,-0.044702599312212654,2024-09-25,2024-06-27,2024-07-01
2024-06-28,9917,all_ridge,5,0.048004151605554816,2024-04,2024-06-17,2024-04-30,0.010115448678484462,2024-09-25,2024-06-27,2024-07-01
2024-06-28,3532,all_ridge,6,0.04603323456250394,2024-04,2024-06-17,2024-04-30,-0.22638693074368788,2024-09-25,2024-06-27,2024-07-01
2024-06-28,9941,all_ridge,7,0.044871340510027426,2024-04,2024-06-17,2024-04-30,-0.013085884378011392,2024-09-25,2024-06-27,2024-07-01
2024-06-28,9933,all_ridge,8,0.03743553173037887,2024-04,2024-06-17,2024-04-30,-0.07256395997769005,2024-09-25,2024-06-27,2024-07-01
2024-06-28,1436,all_ridge,9,0.03541986615973186,2024-04,2024-06-17,2024-04-30,-0.0720687043245779,2024-09-25,2024-06-27,2024-07-01
2024-06-28,1215,all_ridge,10,0.03532617999404409,2024-04,2024-06-17,2024-04-30,-0.09948864319745065,2024-09-25,2024-06-27,2024-07-01
2024-06-28,6691,all_ridge,11,0.033457176270573846,2024-04,2024-06-17,2024-04-30,-0.13085626734335487,2024-09-25,2024-06-27,2024-07-01
2024-06-28,2538,all_ridge,12,0.03333365405985366,2024-04,2024-06-17,2024-04-30,-0.059499061768926276,2024-09-25,2024-06-27,2024-07-01
2024-06-28,4919,all_ridge,13,0.03303668560696361,2024-04,2024-06-17,2024-04-30,-0.36421524037495223,2024-09-25,2024-06-27,2024-07-01
2024-06-28,2889,all_ridge,14,0.03284667653287774,2024-04,2024-06-17,2024-04-30,-0.022919876326608857,2024-09-25,2024-06-27,2024-07-01
2024-06-28,2474,all_ridge,15,0.03110917647810576,2024-04,2024-06-17,2024-04-30,0.011569875977108346,2024-09-25,2024-06-27,2024-07-01
2024-06-28,6807,price_tree,1,0.1224286271095317,2024-04,2024-06-17,2024-04-30,0.18717613611288875,2024-09-25,2024-06-27,2024-07-01
2024-06-28,9935,price_tree,2,0.11268741588378124,2024-04,2024-06-17,2024-04-30,0.20272708393878758,2024-09-25,2024-06-27,2024-07-01
2024-06-28,8072,price_tree,3,0.09786286764478817,2024-04,2024-06-17,2024-04-30,-0.1358819881796991,2024-09-25,2024-06-27,2024-07-01
2024-06-28,4722,price_tree,4,0.09734513162064319,2024-04,2024-06-17,2024-04-30,-0.12367739053591875,2024-09-25,2024-06-27,2024-07-01
2024-06-28,3661,price_tree,5,0.09115308116580383,2024-04,2024-06-17,2024-04-30,-0.1423076080991983,2024-09-25,2024-06-27,2024-07-01
2024-06-28,3665,price_tree,6,0.08898467485440353,2024-04,2024-06-17,2024-04-30,0.2188559690334917,2024-09-25,2024-06-27,2024-07-01
2024-06-28,4545,price_tree,7,0.08674133575208928,2024-04,2024-06-17,2024-04-30,-0.02901200443419716,2024-09-25,2024-06-27,2024-07-01
2024-06-28,3406,price_tree,8,0.08257820897154022,2024-04,2024-06-17,2024-04-30,-0.27942034643665714,2024-09-25,2024-06-27,2024-07-01
2024-06-28,8114,price_tree,9,0.07792788226954651,2024-04,2024-06-17,2024-04-30,0.22168470149073194,2024-09-25,2024-06-27,2024-07-01
2024-06-28,3652,price_tree,10,0.0776819986274209,2024-04,2024-06-17,2024-04-30,-0.15786825267026128,2024-09-25,2024-06-27,2024-07-01
2024-06-28,6657,price_tree,11,0.07233388097400165,2024-04,2024-06-17,2024-04-30,-0.11319622485244285,2024-09-25,2024-06-27,2024-07-01
2024-06-28,2890,price_tree,12,0.06927457382071396,2024-04,2024-06-17,2024-04-30,-0.03048449996022562,2024-09-25,2024-06-27,2024-07-01
2024-06-28,4133,price_tree,13,0.06785122496924247,2024-04,2024-06-17,2024-04-30,-0.1442798877386573,2024-09-25,2024-06-27,2024-07-01
2024-06-28,2414,price_tree,14,0.06504414745452969,2024-04,2024-06-17,2024-04-30,-0.12391353367497937,2024-09-25,2024-06-27,2024-07-01
2024-06-28,6257,price_tree,15,0.06444745465046864,2024-04,2024-06-17,2024-04-30,-0.01071319355745759,2024-09-25,2024-06-27,2024-07-01
2024-06-28,3040,all_tree,1,0.25404372171035383,2024-04,2024-06-17,2024-04-30,0.3041870619460889,2024-09-25,2024-06-27,2024-07-01
2024-06-28,6657,all_tree,2,0.24396042213660493,2024-04,2024-06-17,2024-04-30,-0.11319622485244285,2024-09-25,2024-06-27,2024-07-01
2024-06-28,1423,all_tree,3,0.23588394249736255,2024-04,2024-06-17,2024-04-30,-0.020739918032580906,2024-09-25,2024-06-27,2024-07-01
2024-06-28,9906,all_tree,4,0.16267536122841217,2024-04,2024-06-17,2024-04-30,0.7066965238362111,2024-09-25,2024-06-27,2024-07-01
2024-06-28,2548,all_tree,5,0.16135956617677524,2024-04,2024-06-17,2024-04-30,-0.056152087353729785,2024-09-25,2024-06-27,2024-07-01
2024-06-28,2102,all_tree,6,0.15887492152554797,2024-04,2024-06-17,2024-04-30,0.014974390515034575,2024-09-25,2024-06-27,2024-07-01
2024-06-28,2501,all_tree,7,0.15084551435224852,2024-04,2024-06-17,2024-04-30,-0.15961136749084914,2024-09-25,2024-06-27,2024-07-01
2024-06-28,1903,all_tree,8,0.14656671231239163,2024-04,2024-06-17,2024-04-30,-0.09541320818005139,2024-09-25,2024-06-27,2024-07-01
2024-06-28,2540,all_tree,9,0.13890245246665567,2024-04,2024-06-17,2024-04-30,-0.15733903990066334,2024-09-25,2024-06-27,2024-07-01
2024-06-28,2855,all_tree,10,0.13739480072806043,2024-04,2024-06-17,2024-04-30,-0.06736001498244626,2024-09-25,2024-06-27,2024-07-01
2024-06-28,6477,all_tree,11,0.12822561812285066,2024-04,2024-06-17,2024-04-30,-0.21355215302870856,2024-09-25,2024-06-27,2024-07-01
2024-06-28,4142,all_tree,12,0.1265741414979903,2024-04,2024-06-17,2024-04-30,-0.07385060587841275,2024-09-25,2024-06-27,2024-07-01
2024-06-28,2406,all_tree,13,0.11359463931432615,2024-04,2024-06-17,2024-04-30,-0.28035298456584745,2024-09-25,2024-06-27,2024-07-01
2024-06-28,2015,all_tree,14,0.11256661585936599,2024-04,2024-06-17,2024-04-30,0.048010859984572773,2024-09-25,2024-06-27,2024-07-01
2024-06-28,2105,all_tree,15,0.11108125344741562,2024-04,2024-06-17,2024-04-30,-0.027309121732283836,2024-09-25,2024-06-27,2024-07-01
2024-06-28,4562,vol20,1,0.07627182612892659,2024-04,2024-06-17,2024-04-30,0.2451713522004515,2024-09-25,2024-06-27,2024-07-01
2024-06-28,8374,vol20,2,0.07223077467767137,2024-04,2024-06-17,2024-04-30,0.549449051332835,2024-09-25,2024-06-27,2024-07-01
2024-06-28,3048,vol20,3,0.059076587838562046,2024-04,2024-06-17,2024-04-30,-0.05833036739547437,2024-09-25,2024-06-27,2024-07-01
2024-06-28,6834,vol20,4,0.05850189560739456,2024-04,2024-06-17,2024-04-30,-0.15600501631265606,2024-09-25,2024-06-27,2024-07-01
2024-06-28,2365,vol20,5,0.05738197376198535,2024-04,2024-06-17,2024-04-30,0.35745194338681285,2024-09-25,2024-06-27,2024-07-01
2024-06-28,4566,vol20,6,0.057084735086633906,2024-04,2024-06-17,2024-04-30,-0.05244360084102784,2024-09-25,2024-06-27,2024-07-01
2024-06-28,2438,vol20,7,0.05483761250146943,2024-04,2024-06-17,2024-04-30,-0.16043413156853048,2024-09-25,2024-06-27,2024-07-01
2024-06-28,2615,vol20,8,0.05409848045456398,2024-04,2024-06-17,2024-04-30,0.0799857478760535,2024-09-25,2024-06-27,2024-07-01
2024-06-28,1473,vol20,9,0.053811407702997034,2024-04,2024-06-17,2024-04-30,-0.18417309552515215,2024-09-25,2024-06-27,2024-07-01
2024-06-28,4967,vol20,10,0.05368239486708067,2024-04,2024-06-17,2024-04-30,-0.30433768845214604,2024-09-25,2024-06-27,2024-07-01
2024-06-28,4571,vol20,11,0.053172369401002166,2024-04,2024-06-17,2024-04-30,0.3802386024335185,2024-09-25,2024-06-27,2024-07-01
2024-06-28,2351,vol20,12,0.05299653990301512,2024-04,2024-06-17,2024-04-30,0.1290852548314101,2024-09-25,2024-06-27,2024-07-01
2024-06-28,4545,vol20,13,0.05298261540393637,2024-04,2024-06-17,2024-04-30,-0.02901200443419716,2024-09-25,2024-06-27,2024-07-01
2024-06-28,6442,vol20,14,0.05169775683765264,2024-04,2024-06-17,2024-04-30,0.05747945666951537,2024-09-25,2024-06-27,2024-07-01
2024-06-28,3312,vol20,15,0.05101303205424226,2024-04,2024-06-17,2024-04-30,-0.17653011349116865,2024-09-25,2024-06-27,2024-07-01
2024-06-28,4562,mom60,1,1.8033240997229916,2024-04,2024-06-17,2024-04-30,0.2451713522004515,2024-09-25,2024-06-27,2024-07-01
2024-06-28,8374,mom60,2,1.7173553718964878,2024-04,2024-06-17,2024-04-30,0.549449051332835,2024-09-25,2024-06-27,2024-07-01
2024-06-28,2438,mom60,3,1.5277161862527717,2024-04,2024-06-17,2024-04-30,-0.16043413156853048,2024-09-25,2024-06-27,2024-07-01
2024-06-28,6442,mom60,4,1.4384057970929023,2024-04,2024-06-17,2024-04-30,0.05747945666951537,2024-09-25,2024-06-27,2024-07-01
2024-06-28,2486,mom60,5,1.0864968627328513,2024-04,2024-06-17,2024-04-30,-0.3196726379576944,2024-09-25,2024-06-27,2024-07-01
2024-06-28,2359,mom60,6,1.0828105395273977,2024-04,2024-06-17,2024-04-30,-0.128084432417797,2024-09-25,2024-06-27,2024-07-01
2024-06-28,1587,mom60,7,1.0303161181627103,2024-04,2024-06-17,2024-04-30,-0.3023581247079684,2024-09-25,2024-06-27,2024-07-01
2024-06-28,2374,mom60,8,1.0299625468193203,2024-04,2024-06-17,2024-04-30,-0.12693526768409535,2024-09-25,2024-06-27,2024-07-01
2024-06-28,6706,mom60,9,1.029795158290998,2024-04,2024-06-17,2024-04-30,0.5075204582152653,2024-09-25,2024-06-27,2024-07-01
2024-06-28,2615,mom60,10,1.0253799067714433,2024-04,2024-06-17,2024-04-30,0.0799857478760535,2024-09-25,2024-06-27,2024-07-01
2024-06-28,3312,mom60,11,1.0232558139520678,2024-04,2024-06-17,2024-04-30,-0.17653011349116865,2024-09-25,2024-06-27,2024-07-01
2024-06-28,3030,mom60,12,1.0218155338790358,2024-04,2024-06-17,2024-04-30,-0.14109712193804935,2024-09-25,2024-06-27,2024-07-01
2024-06-28,6449,mom60,13,0.9750415136065169,2024-04,2024-06-17,2024-04-30,0.018258757982037466,2024-09-25,2024-06-27,2024-07-01
2024-06-28,3535,mom60,14,0.968468468467621,2024-04,2024-06-17,2024-04-30,0.2586461116193637,2024-09-25,2024-06-27,2024-07-01
2024-06-28,6834,mom60,15,0.934693877553018,2024-04,2024-06-17,2024-04-30,-0.15600501631265606,2024-09-25,2024-06-27,2024-07-01
2024-06-28,1436,rev_yoy,1,5.0,2024-04,2024-06-17,2024-04-30,-0.0720687043245779,2024-09-25,2024-06-27,2024-07-01
2024-06-28,1442,rev_yoy,2,5.0,2024-04,2024-06-17,2024-04-30,0.11952597325319814,2024-09-25,2024-06-27,2024-07-01
2024-06-28,1446,rev_yoy,3,5.0,2024-04,2024-06-17,2024-04-30,-0.1344809834347891,2024-09-25,2024-06-27,2024-07-01
2024-06-28,1808,rev_yoy,4,5.0,2024-04,2024-06-17,2024-04-30,0.029307960670664546,2024-09-25,2024-06-27,2024-07-01
2024-06-28,2505,rev_yoy,5,5.0,2024-04,2024-06-17,2024-04-30,-0.1646831844832518,2024-09-25,2024-06-27,2024-07-01
2024-06-28,2524,rev_yoy,6,5.0,2024-04,2024-06-17,2024-04-30,0.8475941687184039,2024-09-25,2024-06-27,2024-07-01
2024-06-28,2530,rev_yoy,7,5.0,2024-04,2024-06-17,2024-04-30,-0.20626286339672995,2024-09-25,2024-06-27,2024-07-01
2024-06-28,2538,rev_yoy,8,5.0,2024-04,2024-06-17,2024-04-30,-0.059499061768926276,2024-09-25,2024-06-27,2024-07-01
2024-06-28,2545,rev_yoy,9,5.0,2024-04,2024-06-17,2024-04-30,0.04564299273286343,2024-09-25,2024-06-27,2024-07-01
2024-06-28,5522,rev_yoy,10,5.0,2024-04,2024-06-17,2024-04-30,-0.1483555241842931,2024-09-25,2024-06-27,2024-07-01
2024-06-28,6550,rev_yoy,11,5.0,2024-04,2024-06-17,2024-04-30,-0.28234165983936677,2024-09-25,2024-06-27,2024-07-01
2024-06-28,2537,rev_yoy,12,4.20212132219397,2024-04,2024-06-17,2024-04-30,-0.181177039128543,2024-09-25,2024-06-27,2024-07-01
2024-06-28,3266,rev_yoy,13,3.6513111268603824,2024-04,2024-06-17,2024-04-30,-0.18113117698004433,2024-09-25,2024-06-27,2024-07-01
2024-06-28,5534,rev_yoy,14,3.23534951566306,2024-04,2024-06-17,2024-04-30,-0.08765298151746137,2024-09-25,2024-06-27,2024-07-01
2024-06-28,2542,rev_yoy,15,3.0427321488485823,2024-04,2024-06-17,2024-04-30,-0.05581103877282567,2024-09-25,2024-06-27,2024-07-01
2024-07-31,9906,price_ridge,1,0.022647753815825213,2024-05,2024-07-16,2024-05-31,-0.3860674003304111,2024-10-29,2024-07-30,2024-08-01
2024-07-31,9925,price_ridge,2,0.01842730709057628,2024-05,2024-07-16,2024-05-31,-0.033898826451709274,2024-10-29,2024-07-30,2024-08-01
2024-07-31,1232,price_ridge,3,0.014414649922532734,2024-05,2024-07-16,2024-05-31,0.01796087093967702,2024-10-29,2024-07-30,2024-08-01
2024-07-31,2535,price_ridge,4,0.013563356443985439,2024-05,2024-07-16,2024-05-31,-0.2184914492804403,2024-10-29,2024-07-30,2024-08-01
2024-07-31,4942,price_ridge,5,0.01220271919852404,2024-05,2024-07-16,2024-05-31,-0.05984741640436464,2024-10-29,2024-07-30,2024-08-01
2024-07-31,2820,price_ridge,6,0.011470084856785476,2024-05,2024-07-16,2024-05-31,-0.06071159539882576,2024-10-29,2024-07-30,2024-08-01
2024-07-31,6873,price_ridge,7,0.011150057264076625,2024-05,2024-07-16,2024-05-31,-0.21585069672155355,2024-10-29,2024-07-30,2024-08-01
2024-07-31,1201,price_ridge,8,0.010990286947615344,2024-05,2024-07-16,2024-05-31,-0.06974527149363074,2024-10-29,2024-07-30,2024-08-01
2024-07-31,2034,price_ridge,9,0.010712756247772967,2024-05,2024-07-16,2024-05-31,-0.12761673781888017,2024-10-29,2024-07-30,2024-08-01
2024-07-31,4104,price_ridge,10,0.010619705173651075,2024-05,2024-07-16,2024-05-31,-0.022486999291020382,2024-10-29,2024-07-30,2024-08-01
2024-07-31,8341,price_ridge,11,0.010588812922449094,2024-05,2024-07-16,2024-05-31,-0.08443468148255207,2024-10-29,2024-07-30,2024-08-01
2024-07-31,6869,price_ridge,12,0.010378912954117093,2024-05,2024-07-16,2024-05-31,-0.15367007000788857,2024-10-29,2024-07-30,2024-08-01
2024-07-31,1103,price_ridge,13,0.010219436727540025,2024-05,2024-07-16,2024-05-31,-0.07547558842182911,2024-10-29,2024-07-30,2024-08-01
2024-07-31,1109,price_ridge,14,0.010003095869267913,2024-05,2024-07-16,2024-05-31,-0.03464476522044846,2024-10-29,2024-07-30,2024-08-01
2024-07-31,5525,price_ridge,15,0.009659889620255742,2024-05,2024-07-16,2024-05-31,-0.3140212941057582,2024-10-29,2024-07-30,2024-08-01
2024-07-31,2015,all_ridge,1,0.09107715809871077,2024-05,2024-07-16,2024-05-31,-4.410432014423371e-05,2024-10-29,2024-07-30,2024-08-01
2024-07-31,2006,all_ridge,2,0.06871872447107664,2024-05,2024-07-16,2024-05-31,-0.048212344439891086,2024-10-29,2024-07-30,2024-08-01
2024-07-31,9906,all_ridge,3,0.0610609676710758,2024-05,2024-07-16,2024-05-31,-0.3860674003304111,2024-10-29,2024-07-30,2024-08-01
2024-07-31,9917,all_ridge,4,0.050613706368921256,2024-05,2024-07-16,2024-05-31,-0.01705826232488028,2024-10-29,2024-07-30,2024-08-01
2024-07-31,6790,all_ridge,5,0.04318433865725679,2024-05,2024-07-16,2024-05-31,-0.11057979884691849,2024-10-29,2024-07-30,2024-08-01
2024-07-31,2548,all_ridge,6,0.04279159840737451,2024-05,2024-07-16,2024-05-31,-0.342612508151491,2024-10-29,2024-07-30,2024-08-01
2024-07-31,2633,all_ridge,7,0.040304323456901915,2024-05,2024-07-16,2024-05-31,-0.0707196803065907,2024-10-29,2024-07-30,2024-08-01
2024-07-31,1215,all_ridge,8,0.03924571775440466,2024-05,2024-07-16,2024-05-31,-0.10752425621567663,2024-10-29,2024-07-30,2024-08-01
2024-07-31,2889,all_ridge,9,0.038524627855380515,2024-05,2024-07-16,2024-05-31,-0.08934187937536486,2024-10-29,2024-07-30,2024-08-01
2024-07-31,6177,all_ridge,10,0.03571683513585484,2024-05,2024-07-16,2024-05-31,-0.3983447288460985,2024-10-29,2024-07-30,2024-08-01
2024-07-31,2892,all_ridge,11,0.034153701853106316,2024-05,2024-07-16,2024-05-31,-0.06995011456461064,2024-10-29,2024-07-30,2024-08-01
2024-07-31,2474,all_ridge,12,0.030121936901559163,2024-05,2024-07-16,2024-05-31,0.05008144629047884,2024-10-29,2024-07-30,2024-08-01
2024-07-31,1418,all_ridge,13,0.029367073439594778,2024-05,2024-07-16,2024-05-31,-0.22803684969455362,2024-10-29,2024-07-30,2024-08-01
2024-07-31,5533,all_ridge,14,0.02914503521203564,2024-05,2024-07-16,2024-05-31,-0.21222404842071918,2024-10-29,2024-07-30,2024-08-01
2024-07-31,2880,all_ridge,15,0.028007019464933135,2024-05,2024-07-16,2024-05-31,-0.09396405492768178,2024-10-29,2024-07-30,2024-08-01
2024-07-31,4545,price_tree,1,0.1520061556881984,2024-05,2024-07-16,2024-05-31,0.06171610876270739,2024-10-29,2024-07-30,2024-08-01
2024-07-31,2438,price_tree,2,0.12560041669504418,2024-05,2024-07-16,2024-05-31,-0.4001488089258046,2024-10-29,2024-07-30,2024-08-01
2024-07-31,3686,price_tree,3,0.10709327595494815,2024-05,2024-07-16,2024-05-31,-0.29295382442532425,2024-10-29,2024-07-30,2024-08-01
2024-07-31,6834,price_tree,4,0.09280836598316033,2024-05,2024-07-16,2024-05-31,-0.20075119671347352,2024-10-29,2024-07-30,2024-08-01
2024-07-31,6152,price_tree,5,0.09183689417798015,2024-05,2024-07-16,2024-05-31,-0.09313803406724142,2024-10-29,2024-07-30,2024-08-01
2024-07-31,6283,price_tree,6,0.08729166715258233,2024-05,2024-07-16,2024-05-31,0.03516832202005182,2024-10-29,2024-07-30,2024-08-01
2024-07-31,3652,price_tree,7,0.08391022233111664,2024-05,2024-07-16,2024-05-31,-0.14034767899274825,2024-10-29,2024-07-30,2024-08-01
2024-07-31,6133,price_tree,8,0.0768323878604892,2024-05,2024-07-16,2024-05-31,0.1970203322527111,2024-10-29,2024-07-30,2024-08-01
2024-07-31,6807,price_tree,9,0.06950495366674381,2024-05,2024-07-16,2024-05-31,0.17002249143922032,2024-10-29,2024-07-30,2024-08-01
2024-07-31,4927,price_tree,10,0.06897641387360344,2024-05,2024-07-16,2024-05-31,-0.21708639689152953,2024-10-29,2024-07-30,2024-08-01
2024-07-31,1519,price_tree,11,0.06783081462322846,2024-05,2024-07-16,2024-05-31,-0.27361658865642857,2024-10-29,2024-07-30,2024-08-01
2024-07-31,4720,price_tree,12,0.06676302012031282,2024-05,2024-07-16,2024-05-31,-0.2461282203668046,2024-10-29,2024-07-30,2024-08-01
2024-07-31,3037,price_tree,13,0.06318488924127849,2024-05,2024-07-16,2024-05-31,-0.1605290265078877,2024-10-29,2024-07-30,2024-08-01
2024-07-31,1517,price_tree,14,0.060473071800095826,2024-05,2024-07-16,2024-05-31,-0.20501383662962613,2024-10-29,2024-07-30,2024-08-01
2024-07-31,6446,price_tree,15,0.058884553948109916,2024-05,2024-07-16,2024-05-31,-0.08204478592262965,2024-10-29,2024-07-30,2024-08-01
2024-07-31,4142,all_tree,1,0.22645500778671987,2024-05,2024-07-16,2024-05-31,-0.18998783115313378,2024-10-29,2024-07-30,2024-08-01
2024-07-31,3094,all_tree,2,0.2041485081295999,2024-05,2024-07-16,2024-05-31,-0.10060979809025605,2024-10-29,2024-07-30,2024-08-01
2024-07-31,2855,all_tree,3,0.14736241917237256,2024-05,2024-07-16,2024-05-31,-0.11838177754191326,2024-10-29,2024-07-30,2024-08-01
2024-07-31,1903,all_tree,4,0.11664941365500746,2024-05,2024-07-16,2024-05-31,-0.14554130435989354,2024-10-29,2024-07-30,2024-08-01
2024-07-31,1442,all_tree,5,0.11619984499365893,2024-05,2024-07-16,2024-05-31,-0.046120638073553266,2024-10-29,2024-07-30,2024-08-01
2024-07-31,9902,all_tree,6,0.1087247680541005,2024-05,2024-07-16,2024-05-31,-0.3117843273793248,2024-10-29,2024-07-30,2024-08-01
2024-07-31,2548,all_tree,7,0.10696626322537423,2024-05,2024-07-16,2024-05-31,-0.342612508151491,2024-10-29,2024-07-30,2024-08-01
2024-07-31,2102,all_tree,8,0.0984687491094047,2024-05,2024-07-16,2024-05-31,-0.07717448888181766,2024-10-29,2024-07-30,2024-08-01
2024-07-31,2015,all_tree,9,0.09571476399717901,2024-05,2024-07-16,2024-05-31,-4.410432014423371e-05,2024-10-29,2024-07-30,2024-08-01
2024-07-31,1418,all_tree,10,0.0920079038057549,2024-05,2024-07-16,2024-05-31,-0.22803684969455362,2024-10-29,2024-07-30,2024-08-01
2024-07-31,3029,all_tree,11,0.09076119325180415,2024-05,2024-07-16,2024-05-31,-0.08321570996569916,2024-10-29,2024-07-30,2024-08-01
2024-07-31,4994,all_tree,12,0.09020751094489125,2024-05,2024-07-16,2024-05-31,-0.07430384294425452,2024-10-29,2024-07-30,2024-08-01
2024-07-31,2376,all_tree,13,0.08893371332172097,2024-05,2024-07-16,2024-05-31,-0.03778447130027773,2024-10-29,2024-07-30,2024-08-01
2024-07-31,8222,all_tree,14,0.08853102085578997,2024-05,2024-07-16,2024-05-31,-0.07880939329863912,2024-10-29,2024-07-30,2024-08-01
2024-07-31,3406,all_tree,15,0.08689377363870399,2024-05,2024-07-16,2024-05-31,-0.21337442259930683,2024-10-29,2024-07-30,2024-08-01
2024-07-31,8374,vol20,1,0.07368628192809996,2024-05,2024-07-16,2024-05-31,0.14876996604101067,2024-10-29,2024-07-30,2024-08-01
2024-07-31,6442,vol20,2,0.06930793765390118,2024-05,2024-07-16,2024-05-31,-0.026657037505864345,2024-10-29,2024-07-30,2024-08-01
2024-07-31,3229,vol20,3,0.06929635595729502,2024-05,2024-07-16,2024-05-31,-0.3270299540151522,2024-10-29,2024-07-30,2024-08-01
2024-07-31,2349,vol20,4,0.06886190438058994,2024-05,2024-07-16,2024-05-31,-0.24987357526358922,2024-10-29,2024-07-30,2024-08-01
2024-07-31,3047,vol20,5,0.06697879253583132,2024-05,2024-07-16,2024-05-31,-0.24351890169374446,2024-10-29,2024-07-30,2024-08-01
2024-07-31,2438,vol20,6,0.06570579499939344,2024-05,2024-07-16,2024-05-31,-0.4001488089258046,2024-10-29,2024-07-30,2024-08-01
2024-07-31,3686,vol20,7,0.06503579551496118,2024-05,2024-07-16,2024-05-31,-0.29295382442532425,2024-10-29,2024-07-30,2024-08-01
2024-07-31,6869,vol20,8,0.06269423511183221,2024-05,2024-07-16,2024-05-31,-0.15367007000788857,2024-10-29,2024-07-30,2024-08-01
2024-07-31,4562,vol20,9,0.06113388133951666,2024-05,2024-07-16,2024-05-31,0.09245403986001399,2024-10-29,2024-07-30,2024-08-01
2024-07-31,8104,vol20,10,0.05971325648965146,2024-05,2024-07-16,2024-05-31,-0.025432840523922362,2024-10-29,2024-07-30,2024-08-01
2024-07-31,3535,vol20,11,0.05745899838026042,2024-05,2024-07-16,2024-05-31,-0.3542628163572449,2024-10-29,2024-07-30,2024-08-01
2024-07-31,1597,vol20,12,0.0568779532570903,2024-05,2024-07-16,2024-05-31,-0.04403544271138249,2024-10-29,2024-07-30,2024-08-01
2024-07-31,8028,vol20,13,0.05641440469522526,2024-05,2024-07-16,2024-05-31,-0.06668043862701545,2024-10-29,2024-07-30,2024-08-01
2024-07-31,2243,vol20,14,0.056231321731750175,2024-05,2024-07-16,2024-05-31,-0.3164645751204269,2024-10-29,2024-07-30,2024-08-01
2024-07-31,2365,vol20,15,0.056085301079252865,2024-05,2024-07-16,2024-05-31,-0.26480308204198244,2024-10-29,2024-07-30,2024-08-01
2024-07-31,3535,mom60,1,2.650224215245396,2024-05,2024-07-16,2024-05-31,-0.3542628163572449,2024-10-29,2024-07-30,2024-08-01
2024-07-31,8374,mom60,2,2.2984697339956606,2024-05,2024-07-16,2024-05-31,0.14876996604101067,2024-10-29,2024-07-30,2024-08-01
2024-07-31,2438,mom60,3,2.0751173708920185,2024-05,2024-07-16,2024-05-31,-0.4001488089258046,2024-10-29,2024-07-30,2024-08-01
2024-07-31,4562,mom60,4,2.0555555555555554,2024-05,2024-07-16,2024-05-31,0.09245403986001399,2024-10-29,2024-07-30,2024-08-01
2024-07-31,2365,mom60,5,2.0140625000075985,2024-05,2024-07-16,2024-05-31,-0.26480308204198244,2024-10-29,2024-07-30,2024-08-01
2024-07-31,3047,mom60,6,1.868512110723033,2024-05,2024-07-16,2024-05-31,-0.24351890169374446,2024-10-29,2024-07-30,2024-08-01
2024-07-31,6442,mom60,7,1.855447524602745,2024-05,2024-07-16,2024-05-31,-0.026657037505864345,2024-10-29,2024-07-30,2024-08-01
2024-07-31,2349,mom60,8,1.3722149410222806,2024-05,2024-07-16,2024-05-31,-0.24987357526358922,2024-10-29,2024-07-30,2024-08-01
2024-07-31,6706,mom60,9,1.3149905123349925,2024-05,2024-07-16,2024-05-31,0.23641883028339294,2024-10-29,2024-07-30,2024-08-01
2024-07-31,8028,mom60,10,1.2672720797706112,2024-05,2024-07-16,2024-05-31,-0.06668043862701545,2024-10-29,2024-07-30,2024-08-01
2024-07-31,6446,mom60,11,1.1229773462783172,2024-05,2024-07-16,2024-05-31,-0.08204478592262965,2024-10-29,2024-07-30,2024-08-01
2024-07-31,2243,mom60,12,1.1083032491014762,2024-05,2024-07-16,2024-05-31,-0.3164645751204269,2024-10-29,2024-07-30,2024-08-01
2024-07-31,2348,mom60,13,1.0038136577377874,2024-05,2024-07-16,2024-05-31,-0.5672053015140884,2024-10-29,2024-07-30,2024-08-01
2024-07-31,3450,mom60,14,0.9984202211620428,2024-05,2024-07-16,2024-05-31,0.6178310052235589,2024-10-29,2024-07-30,2024-08-01
2024-07-31,9906,mom60,15,0.974619289335914,2024-05,2024-07-16,2024-05-31,-0.3860674003304111,2024-10-29,2024-07-30,2024-08-01
2024-07-31,1436,rev_yoy,1,5.0,2024-05,2024-07-16,2024-05-31,-0.30988635489255045,2024-10-29,2024-07-30,2024-08-01
2024-07-31,1442,rev_yoy,2,5.0,2024-05,2024-07-16,2024-05-31,-0.046120638073553266,2024-10-29,2024-07-30,2024-08-01
2024-07-31,1446,rev_yoy,3,5.0,2024-05,2024-07-16,2024-05-31,-0.27091360371674,2024-10-29,2024-07-30,2024-08-01
2024-07-31,2505,rev_yoy,4,5.0,2024-05,2024-07-16,2024-05-31,-0.3185827177737923,2024-10-29,2024-07-30,2024-08-01
2024-07-31,2530,rev_yoy,5,5.0,2024-05,2024-07-16,2024-05-31,-0.36880943620213225,2024-10-29,2024-07-30,2024-08-01
2024-07-31,2538,rev_yoy,6,5.0,2024-05,2024-07-16,2024-05-31,-0.28668821138200296,2024-10-29,2024-07-30,2024-08-01
2024-07-31,3535,rev_yoy,7,5.0,2024-05,2024-07-16,2024-05-31,-0.3542628163572449,2024-10-29,2024-07-30,2024-08-01
2024-07-31,5522,rev_yoy,8,5.0,2024-05,2024-07-16,2024-05-31,-0.26340678525926187,2024-10-29,2024-07-30,2024-08-01
2024-07-31,6177,rev_yoy,9,5.0,2024-05,2024-07-16,2024-05-31,-0.3983447288460985,2024-10-29,2024-07-30,2024-08-01
2024-07-31,9946,rev_yoy,10,4.697454145393912,2024-05,2024-07-16,2024-05-31,-0.46922379163829464,2024-10-29,2024-07-30,2024-08-01
2024-07-31,1418,rev_yoy,11,4.504098360655738,2024-05,2024-07-16,2024-05-31,-0.22803684969455362,2024-10-29,2024-07-30,2024-08-01
2024-07-31,3056,rev_yoy,12,4.50396499863276,2024-05,2024-07-16,2024-05-31,-0.20781654195264043,2024-10-29,2024-07-30,2024-08-01
2024-07-31,2545,rev_yoy,13,3.607638582345036,2024-05,2024-07-16,2024-05-31,-0.13402101625822171,2024-10-29,2024-07-30,2024-08-01
2024-07-31,2025,rev_yoy,14,3.49668020062097,2024-05,2024-07-16,2024-05-31,-0.18210442694589257,2024-10-29,2024-07-30,2024-08-01
2024-07-31,2537,rev_yoy,15,2.852816531073097,2024-05,2024-07-16,2024-05-31,-0.45662765328628696,2024-10-29,2024-07-30,2024-08-01
2024-08-30,5283,price_ridge,1,0.01726617528929198,2024-06,2024-08-15,2024-06-30,-0.04041351390199854,2024-11-29,2024-08-29,2024-09-02
2024-08-30,3550,price_ridge,2,0.016111210841512208,2024-06,2024-08-15,2024-06-30,-0.2638713855627086,2024-11-29,2024-08-29,2024-09-02
2024-08-30,3040,price_ridge,3,0.015277631562714606,2024-06,2024-08-15,2024-06-30,0.2085312931715133,2024-11-29,2024-08-29,2024-09-02
2024-08-30,1737,price_ridge,4,0.015139155004234068,2024-06,2024-08-15,2024-06-30,-0.13664073099921603,2024-11-29,2024-08-29,2024-09-02
2024-08-30,1225,price_ridge,5,0.014263236960298123,2024-06,2024-08-15,2024-06-30,-0.5285017677619966,2024-11-29,2024-08-29,2024-09-02
2024-08-30,1558,price_ridge,6,0.013245419373390016,2024-06,2024-08-15,2024-06-30,-0.10330674760023484,2024-11-29,2024-08-29,2024-09-02
2024-08-30,1232,price_ridge,7,0.013015862753759119,2024-06,2024-08-15,2024-06-30,-0.05181855414302927,2024-11-29,2024-08-29,2024-09-02
2024-08-30,1108,price_ridge,8,0.012697755531061427,2024-06,2024-08-15,2024-06-30,-0.09371132948419347,2024-11-29,2024-08-29,2024-09-02
2024-08-30,2832,price_ridge,9,0.01139898925093197,2024-06,2024-08-15,2024-06-30,-0.08147753683935899,2024-11-29,2024-08-29,2024-09-02
2024-08-30,2488,price_ridge,10,0.011155352349088878,2024-06,2024-08-15,2024-06-30,0.17810750711243117,2024-11-29,2024-08-29,2024-09-02
2024-08-30,2820,price_ridge,11,0.0108534771378718,2024-06,2024-08-15,2024-06-30,-0.04841555032784206,2024-11-29,2024-08-29,2024-09-02
2024-08-30,4104,price_ridge,12,0.010826151073961834,2024-06,2024-08-15,2024-06-30,-0.06298051112123637,2024-11-29,2024-08-29,2024-09-02
2024-08-30,2852,price_ridge,13,0.01030365207479096,2024-06,2024-08-15,2024-06-30,-0.014514872023637437,2024-11-29,2024-08-29,2024-09-02
2024-08-30,2480,price_ridge,14,0.010064181841563007,2024-06,2024-08-15,2024-06-30,0.016628466448460832,2024-11-29,2024-08-29,2024-09-02
2024-08-30,8442,price_ridge,15,0.009947558326890078,2024-06,2024-08-15,2024-06-30,-0.13916653052217332,2024-11-29,2024-08-29,2024-09-02
2024-08-30,5531,all_ridge,1,0.09076722165147016,2024-06,2024-08-15,2024-06-30,0.04476336894165045,2024-11-29,2024-08-29,2024-09-02
2024-08-30,4142,all_ridge,2,0.06011601089597374,2024-06,2024-08-15,2024-06-30,-0.31480753603373235,2024-11-29,2024-08-29,2024-09-02
2024-08-30,5525,all_ridge,3,0.053762623297610404,2024-06,2024-08-15,2024-06-30,-0.16613090913095663,2024-11-29,2024-08-29,2024-09-02
2024-08-30,2465,all_ridge,4,0.05279171788342088,2024-06,2024-08-15,2024-06-30,-0.3145986037198758,2024-11-29,2024-08-29,2024-09-02
2024-08-30,2211,all_ridge,5,0.05276050367743683,2024-06,2024-08-15,2024-06-30,-0.24911398065765955,2024-11-29,2024-08-29,2024-09-02
2024-08-30,2015,all_ridge,6,0.05101377266088685,2024-06,2024-08-15,2024-06-30,-0.1401290323587323,2024-11-29,2024-08-29,2024-09-02
2024-08-30,2889,all_ridge,7,0.047775277946210316,2024-06,2024-08-15,2024-06-30,-0.10156846623229165,2024-11-29,2024-08-29,2024-09-02
2024-08-30,2509,all_ridge,8,0.03955410771614825,2024-06,2024-08-15,2024-06-30,-0.3384167169425253,2024-11-29,2024-08-29,2024-09-02
2024-08-30,1504,all_ridge,9,0.03288338553396699,2024-06,2024-08-15,2024-06-30,0.03721140495242925,2024-11-29,2024-08-29,2024-09-02
2024-08-30,2883,all_ridge,10,0.030265581917878127,2024-06,2024-08-15,2024-06-30,0.018846976484578892,2024-11-29,2024-08-29,2024-09-02
2024-08-30,2006,all_ridge,11,0.029991010967889996,2024-06,2024-08-15,2024-06-30,-0.13978654388787815,2024-11-29,2024-08-29,2024-09-02
2024-08-30,2505,all_ridge,12,0.02812371538886249,2024-06,2024-08-15,2024-06-30,-0.21428820091309286,2024-11-29,2024-08-29,2024-09-02
2024-08-30,2404,all_ridge,13,0.027849830922953518,2024-06,2024-08-15,2024-06-30,0.19307538733045604,2024-11-29,2024-08-29,2024-09-02
2024-08-30,2504,all_ridge,14,0.026405402369274654,2024-06,2024-08-15,2024-06-30,-0.07174735218505746,2024-11-29,2024-08-29,2024-09-02
2024-08-30,2107,all_ridge,15,0.02635745853947178,2024-06,2024-08-15,2024-06-30,-0.08761858854223592,2024-11-29,2024-08-29,2024-09-02
2024-08-30,1225,price_tree,1,0.14758629643460047,2024-06,2024-08-15,2024-06-30,-0.5285017677619966,2024-11-29,2024-08-29,2024-09-02
2024-08-30,1453,price_tree,2,0.14743154070359288,2024-06,2024-08-15,2024-06-30,-0.3152465206435857,2024-11-29,2024-08-29,2024-09-02
2024-08-30,6431,price_tree,3,0.13882472790964603,2024-06,2024-08-15,2024-06-30,-0.2912121133888721,2024-11-29,2024-08-29,2024-09-02
2024-08-30,1445,price_tree,4,0.10201680194774705,2024-06,2024-08-15,2024-06-30,-0.1430568605050141,2024-11-29,2024-08-29,2024-09-02
2024-08-30,3669,price_tree,5,0.09378356127387405,2024-06,2024-08-15,2024-06-30,-0.20302785724135208,2024-11-29,2024-08-29,2024-09-02
2024-08-30,1220,price_tree,6,0.08908578119347924,2024-06,2024-08-15,2024-06-30,-0.03349744222234252,2024-11-29,2024-08-29,2024-09-02
2024-08-30,6742,price_tree,7,0.0808894894031788,2024-06,2024-08-15,2024-06-30,-0.0005682893182767934,2024-11-29,2024-08-29,2024-09-02
2024-08-30,1325,price_tree,8,0.07675873782326396,2024-06,2024-08-15,2024-06-30,-0.13477520020910894,2024-11-29,2024-08-29,2024-09-02
2024-08-30,5525,price_tree,9,0.07643145397768829,2024-06,2024-08-15,2024-06-30,-0.16613090913095663,2024-11-29,2024-08-29,2024-09-02
2024-08-30,3017,price_tree,10,0.07434236129350012,2024-06,2024-08-15,2024-06-30,0.021889178366497175,2024-11-29,2024-08-29,2024-09-02
2024-08-30,2008,price_tree,11,0.0734914479459773,2024-06,2024-08-15,2024-06-30,-0.29005687136663993,2024-11-29,2024-08-29,2024-09-02
2024-08-30,4927,price_tree,12,0.06859530871443238,2024-06,2024-08-15,2024-06-30,-0.3167946631243935,2024-11-29,2024-08-29,2024-09-02
2024-08-30,3296,price_tree,13,0.06427647968909682,2024-06,2024-08-15,2024-06-30,0.12294543924797807,2024-11-29,2024-08-29,2024-09-02
2024-08-30,6552,price_tree,14,0.06407088195292096,2024-06,2024-08-15,2024-06-30,-0.26797382007545345,2024-11-29,2024-08-29,2024-09-02
2024-08-30,2438,price_tree,15,0.06341979995223342,2024-06,2024-08-15,2024-06-30,-0.3856100356280089,2024-11-29,2024-08-29,2024-09-02
2024-08-30,3040,all_tree,1,0.23868597782900122,2024-06,2024-08-15,2024-06-30,0.2085312931715133,2024-11-29,2024-08-29,2024-09-02
2024-08-30,6405,all_tree,2,0.21653495150871255,2024-06,2024-08-15,2024-06-30,0.2534151849151296,2024-11-29,2024-08-29,2024-09-02
2024-08-30,5531,all_tree,3,0.20276724604277027,2024-06,2024-08-15,2024-06-30,0.04476336894165045,2024-11-29,2024-08-29,2024-09-02
2024-08-30,3094,all_tree,4,0.1775069312913401,2024-06,2024-08-15,2024-06-30,-0.16355352707076198,2024-11-29,2024-08-29,2024-09-02
2024-08-30,4938,all_tree,5,0.14831576379965855,2024-06,2024-08-15,2024-06-30,-0.1282826110601908,2024-11-29,2024-08-29,2024-09-02
2024-08-30,2008,all_tree,6,0.12942758343722602,2024-06,2024-08-15,2024-06-30,-0.29005687136663993,2024-11-29,2024-08-29,2024-09-02
2024-08-30,9902,all_tree,7,0.12108485945612807,2024-06,2024-08-15,2024-06-30,-0.26437887006974936,2024-11-29,2024-08-29,2024-09-02
2024-08-30,1463,all_tree,8,0.11945868113978093,2024-06,2024-08-15,2024-06-30,-0.07386928479210386,2024-11-29,2024-08-29,2024-09-02
2024-08-30,2482,all_tree,9,0.11822154723654538,2024-06,2024-08-15,2024-06-30,-0.19186847501273874,2024-11-29,2024-08-29,2024-09-02
2024-08-30,1568,all_tree,10,0.1177676118714653,2024-06,2024-08-15,2024-06-30,-0.07920321699143407,2024-11-29,2024-08-29,2024-09-02
2024-08-30,5522,all_tree,11,0.11736847192304758,2024-06,2024-08-15,2024-06-30,-0.21244670326650572,2024-11-29,2024-08-29,2024-09-02
2024-08-30,6937,all_tree,12,0.11316844535924267,2024-06,2024-08-15,2024-06-30,-0.04676708881620961,2024-11-29,2024-08-29,2024-09-02
2024-08-30,2731,all_tree,13,0.10480640811437195,2024-06,2024-08-15,2024-06-30,-0.15330668402447245,2024-11-29,2024-08-29,2024-09-02
2024-08-30,1805,all_tree,14,0.09156105103526947,2024-06,2024-08-15,2024-06-30,-0.24772384161375693,2024-11-29,2024-08-29,2024-09-02
2024-08-30,2376,all_tree,15,0.09012465184564629,2024-06,2024-08-15,2024-06-30,-0.013334678100786812,2024-11-29,2024-08-29,2024-09-02
2024-08-30,8374,vol20,1,0.06908022346589426,2024-06,2024-08-15,2024-06-30,-0.059514412614625756,2024-11-29,2024-08-29,2024-09-02
2024-08-30,2524,vol20,2,0.06784237158242691,2024-06,2024-08-15,2024-06-30,-0.42557226156522765,2024-11-29,2024-08-29,2024-09-02
2024-08-30,2243,vol20,3,0.06656478027672433,2024-06,2024-08-15,2024-06-30,-0.26045379458384055,2024-11-29,2024-08-29,2024-09-02
2024-08-30,5484,vol20,4,0.06639540351788296,2024-06,2024-08-15,2024-06-30,-0.4020501204248732,2024-11-29,2024-08-29,2024-09-02
2024-08-30,3535,vol20,5,0.06226542399963075,2024-06,2024-08-15,2024-06-30,-0.33424014406641034,2024-11-29,2024-08-29,2024-09-02
2024-08-30,4562,vol20,6,0.06151695144484787,2024-06,2024-08-15,2024-06-30,-0.13947107395133107,2024-11-29,2024-08-29,2024-09-02
2024-08-30,6442,vol20,7,0.06097131266797823,2024-06,2024-08-15,2024-06-30,0.17120280507035623,2024-11-29,2024-08-29,2024-09-02
2024-08-30,3652,vol20,8,0.0605500912413761,2024-06,2024-08-15,2024-06-30,-0.2487515651843757,2024-11-29,2024-08-29,2024-09-02
2024-08-30,4555,vol20,9,0.05835138989280304,2024-06,2024-08-15,2024-06-30,-0.27959090053445135,2024-11-29,2024-08-29,2024-09-02
2024-08-30,3167,vol20,10,0.05830778764397831,2024-06,2024-08-15,2024-06-30,0.25368920936248807,2024-11-29,2024-08-29,2024-09-02
2024-08-30,2364,vol20,11,0.057514410035296566,2024-06,2024-08-15,2024-06-30,-0.22076953228710983,2024-11-29,2024-08-29,2024-09-02
2024-08-30,6215,vol20,12,0.05683720117215401,2024-06,2024-08-15,2024-06-30,-0.20448951824813844,2024-11-29,2024-08-29,2024-09-02
2024-08-30,3013,vol20,13,0.05641667023087024,2024-06,2024-08-15,2024-06-30,0.22017836969446902,2024-11-29,2024-08-29,2024-09-02
2024-08-30,2062,vol20,14,0.05599895823971794,2024-06,2024-08-15,2024-06-30,-0.17603885184018175,2024-11-29,2024-08-29,2024-09-02
2024-08-30,4583,vol20,15,0.05563564741727013,2024-06,2024-08-15,2024-06-30,0.17082651729175224,2024-11-29,2024-08-29,2024-09-02
2024-08-30,5484,mom60,1,1.5585874799357948,2024-06,2024-08-15,2024-06-30,-0.4020501204248732,2024-11-29,2024-08-29,2024-09-02
2024-08-30,3535,mom60,2,1.5270506108196664,2024-06,2024-08-15,2024-06-30,-0.33424014406641034,2024-11-29,2024-08-29,2024-09-02
2024-08-30,2438,mom60,3,1.2778793418647165,2024-06,2024-08-15,2024-06-30,-0.3856100356280089,2024-11-29,2024-08-29,2024-09-02
2024-08-30,9906,mom60,4,1.1980413492964814,2024-06,2024-08-15,2024-06-30,-0.38638005431890754,2024-11-29,2024-08-29,2024-09-02
2024-08-30,2524,mom60,5,1.1539792387543253,2024-06,2024-08-15,2024-06-30,-0.42557226156522765,2024-11-29,2024-08-29,2024-09-02
2024-08-30,6442,mom60,6,1.1521579621712283,2024-06,2024-08-15,2024-06-30,0.17120280507035623,2024-11-29,2024-08-29,2024-09-02
2024-08-30,8374,mom60,7,1.1286057692250875,2024-06,2024-08-15,2024-06-30,-0.059514412614625756,2024-11-29,2024-08-29,2024-09-02
2024-08-30,1540,mom60,8,1.105999327965558,2024-06,2024-08-15,2024-06-30,-0.09571121011406525,2024-11-29,2024-08-29,2024-09-02
2024-08-30,8028,mom60,9,1.0671602170784618,2024-06,2024-08-15,2024-06-30,-0.04141728188073113,2024-11-29,2024-08-29,2024-09-02
2024-08-30,3450,mom60,10,1.019790454021205,2024-06,2024-08-15,2024-06-30,0.3379353167141004,2024-11-29,2024-08-29,2024-09-02
2024-08-30,4583,mom60,11,0.9927272727236802,2024-06,2024-08-15,2024-06-30,0.17082651729175224,2024-11-29,2024-08-29,2024-09-02
2024-08-30,6869,mom60,12,0.9622073958732453,2024-06,2024-08-15,2024-06-30,-0.32254835467804344,2024-11-29,2024-08-29,2024-09-02
2024-08-30,6706,mom60,13,0.8860244233321501,2024-06,2024-08-15,2024-06-30,0.030324665141626905,2024-11-29,2024-08-29,2024-09-02
2024-08-30,3019,mom60,14,0.8823759833704494,2024-06,2024-08-15,2024-06-30,-0.16917910870037822,2024-11-29,2024-08-29,2024-09-02
2024-08-30,2467,mom60,15,0.8113207547156827,2024-06,2024-08-15,2024-06-30,-0.21667743213442137,2024-11-29,2024-08-29,2024-09-02
2024-08-30,1436,rev_yoy,1,5.0,2024-06,2024-08-15,2024-06-30,-0.30568661635895844,2024-11-29,2024-08-29,2024-09-02
2024-08-30,1442,rev_yoy,2,5.0,2024-06,2024-08-15,2024-06-30,0.19752956489539097,2024-11-29,2024-08-29,2024-09-02
2024-08-30,1446,rev_yoy,3,5.0,2024-06,2024-08-15,2024-06-30,0.028191918748775358,2024-11-29,2024-08-29,2024-09-02
2024-08-30,2243,rev_yoy,4,5.0,2024-06,2024-08-15,2024-06-30,-0.26045379458384055,2024-11-29,2024-08-29,2024-09-02
2024-08-30,2509,rev_yoy,5,5.0,2024-06,2024-08-15,2024-06-30,-0.3384167169425253,2024-11-29,2024-08-29,2024-09-02
2024-08-30,2530,rev_yoy,6,5.0,2024-06,2024-08-15,2024-06-30,-0.18683113718613376,2024-11-29,2024-08-29,2024-09-02
2024-08-30,2537,rev_yoy,7,5.0,2024-06,2024-08-15,2024-06-30,-0.41208691009587495,2024-11-29,2024-08-29,2024-09-02
2024-08-30,2538,rev_yoy,8,5.0,2024-06,2024-08-15,2024-06-30,-0.2039883810622859,2024-11-29,2024-08-29,2024-09-02
2024-08-30,2539,rev_yoy,9,5.0,2024-06,2024-08-15,2024-06-30,-0.27141365530815165,2024-11-29,2024-08-29,2024-09-02
2024-08-30,2548,rev_yoy,10,5.0,2024-06,2024-08-15,2024-06-30,-0.22350252568103746,2024-11-29,2024-08-29,2024-09-02
2024-08-30,3535,rev_yoy,11,5.0,2024-06,2024-08-15,2024-06-30,-0.33424014406641034,2024-11-29,2024-08-29,2024-09-02
2024-08-30,3686,rev_yoy,12,5.0,2024-06,2024-08-15,2024-06-30,-0.3018336911056745,2024-11-29,2024-08-29,2024-09-02
2024-08-30,5534,rev_yoy,13,5.0,2024-06,2024-08-15,2024-06-30,-0.27649018301847716,2024-11-29,2024-08-29,2024-09-02
2024-08-30,6177,rev_yoy,14,5.0,2024-06,2024-08-15,2024-06-30,-0.33463562229022725,2024-11-29,2024-08-29,2024-09-02
2024-08-30,9902,rev_yoy,15,5.0,2024-06,2024-08-15,2024-06-30,-0.26437887006974936,2024-11-29,2024-08-29,2024-09-02
2024-09-30,1232,price_ridge,1,0.022733335342926597,2024-07,2024-09-16,2024-07-31,-0.11055597721676569,2024-12-27,2024-09-27,2024-10-01
2024-09-30,2762,price_ridge,2,0.01730395607088099,2024-07,2024-09-16,2024-07-31,-0.039778289289747804,2024-12-27,2024-09-27,2024-10-01
2024-09-30,2480,price_ridge,3,0.015516013748090416,2024-07,2024-09-16,2024-07-31,0.013380669989509375,2024-12-27,2024-09-27,2024-10-01
2024-09-30,2415,price_ridge,4,0.015183092096000378,2024-07,2024-09-16,2024-07-31,-0.09238672432314199,2024-12-27,2024-09-27,2024-10-01
2024-09-30,6024,price_ridge,5,0.014976036246184378,2024-07,2024-09-16,2024-07-31,-0.0834125129419141,2024-12-27,2024-09-27,2024-10-01
2024-09-30,2612,price_ridge,6,0.014423732368297785,2024-07,2024-09-16,2024-07-31,-0.24452797016077843,2024-12-27,2024-09-27,2024-10-01
2024-09-30,2030,price_ridge,7,0.013630470656524467,2024-07,2024-09-16,2024-07-31,-0.22479548875040978,2024-12-27,2024-09-27,2024-10-01
2024-09-30,3026,price_ridge,8,0.013379832953131004,2024-07,2024-09-16,2024-07-31,-0.15443689708900699,2024-12-27,2024-09-27,2024-10-01
2024-09-30,1737,price_ridge,9,0.013206148378784555,2024-07,2024-09-16,2024-07-31,-0.17020847429612063,2024-12-27,2024-09-27,2024-10-01
2024-09-30,5283,price_ridge,10,0.012713935168633029,2024-07,2024-09-16,2024-07-31,-0.08282536379003558,2024-12-27,2024-09-27,2024-10-01
2024-09-30,8213,price_ridge,11,0.012561104306415135,2024-07,2024-09-16,2024-07-31,-0.20325848510692002,2024-12-27,2024-09-27,2024-10-01
2024-09-30,2020,price_ridge,12,0.012476447943473476,2024-07,2024-09-16,2024-07-31,-0.1709970033310937,2024-12-27,2024-09-27,2024-10-01
2024-09-30,3257,price_ridge,13,0.01228817173187922,2024-07,2024-09-16,2024-07-31,-0.14203923956686515,2024-12-27,2024-09-27,2024-10-01
2024-09-30,2247,price_ridge,14,0.012066504555601895,2024-07,2024-09-16,2024-07-31,-0.07024100210765383,2024-12-27,2024-09-27,2024-10-01
2024-09-30,6854,price_ridge,15,0.011943763796342552,2024-07,2024-09-16,2024-07-31,0.6306365815392909,2024-12-27,2024-09-27,2024-10-01
2024-09-30,2465,all_ridge,1,0.07433689045999292,2024-07,2024-09-16,2024-07-31,-0.29326737824507043,2024-12-27,2024-09-27,2024-10-01
2024-09-30,4142,all_ridge,2,0.05169406372820126,2024-07,2024-09-16,2024-07-31,-0.33612916571488727,2024-12-27,2024-09-27,2024-10-01
2024-09-30,9802,all_ridge,3,0.04792344773469871,2024-07,2024-09-16,2024-07-31,-0.12339027924618406,2024-12-27,2024-09-27,2024-10-01
2024-09-30,3045,all_ridge,4,0.04445635007095342,2024-07,2024-09-16,2024-07-31,-0.10157928502785352,2024-12-27,2024-09-27,2024-10-01
2024-09-30,2015,all_ridge,5,0.04139486640075952,2024-07,2024-09-16,2024-07-31,-0.27782532666029347,2024-12-27,2024-09-27,2024-10-01
2024-09-30,2889,all_ridge,6,0.04107533087598748,2024-07,2024-09-16,2024-07-31,-0.0940514634514884,2024-12-27,2024-09-27,2024-10-01
2024-09-30,2451,all_ridge,7,0.03525395401526568,2024-07,2024-09-16,2024-07-31,-0.24755499707909634,2024-12-27,2024-09-27,2024-10-01
2024-09-30,2886,all_ridge,8,0.032140663175452576,2024-07,2024-09-16,2024-07-31,-0.11103962338162277,2024-12-27,2024-09-27,2024-10-01
2024-09-30,1232,all_ridge,9,0.029355131273498952,2024-07,2024-09-16,2024-07-31,-0.11055597721676569,2024-12-27,2024-09-27,2024-10-01
2024-09-30,2850,all_ridge,10,0.027245301770441814,2024-07,2024-09-16,2024-07-31,0.00570473575195507,2024-12-27,2024-09-27,2024-10-01
2024-09-30,4938,all_ridge,11,0.02598657318956695,2024-07,2024-09-16,2024-07-31,-0.1971529596930267,2024-12-27,2024-09-27,2024-10-01
2024-09-30,2030,all_ridge,12,0.024694836035381515,2024-07,2024-09-16,2024-07-31,-0.22479548875040978,2024-12-27,2024-09-27,2024-10-01
2024-09-30,2548,all_ridge,13,0.023558743386596262,2024-07,2024-09-16,2024-07-31,-0.22263713589589185,2024-12-27,2024-09-27,2024-10-01
2024-09-30,2415,all_ridge,14,0.02252105494653843,2024-07,2024-09-16,2024-07-31,-0.09238672432314199,2024-12-27,2024-09-27,2024-10-01
2024-09-30,6672,all_ridge,15,0.02190638205909036,2024-07,2024-09-16,2024-07-31,-0.19994477065670868,2024-12-27,2024-09-27,2024-10-01
2024-09-30,3040,price_tree,1,0.13884488061541436,2024-07,2024-09-16,2024-07-31,0.02883508766909504,2024-12-27,2024-09-27,2024-10-01
2024-09-30,6582,price_tree,2,0.10690421156770655,2024-07,2024-09-16,2024-07-31,-0.20586914300456127,2024-12-27,2024-09-27,2024-10-01
2024-09-30,2033,price_tree,3,0.10068407486205953,2024-07,2024-09-16,2024-07-31,-0.13153521290720938,2024-12-27,2024-09-27,2024-10-01
2024-09-30,3686,price_tree,4,0.09149042945926357,2024-07,2024-09-16,2024-07-31,-0.27364756124060563,2024-12-27,2024-09-27,2024-10-01
2024-09-30,1725,price_tree,5,0.07382264969451718,2024-07,2024-09-16,2024-07-31,-0.21009273668336326,2024-12-27,2024-09-27,2024-10-01
2024-09-30,1519,price_tree,6,0.0634399186313359,2024-07,2024-09-16,2024-07-31,-0.24920236718784516,2024-12-27,2024-09-27,2024-10-01
2024-09-30,2364,price_tree,7,0.06255666625140112,2024-07,2024-09-16,2024-07-31,-0.3146180479405444,2024-12-27,2024-09-27,2024-10-01
2024-09-30,1402,price_tree,8,0.06046439778488325,2024-07,2024-09-16,2024-07-31,-0.2675305622526888,2024-12-27,2024-09-27,2024-10-01
2024-09-30,3669,price_tree,9,0.06012597867311801,2024-07,2024-09-16,2024-07-31,-0.2269636777693559,2024-12-27,2024-09-27,2024-10-01
2024-09-30,2527,price_tree,10,0.05674395615903094,2024-07,2024-09-16,2024-07-31,0.0005511591455393816,2024-12-27,2024-09-27,2024-10-01
2024-09-30,1721,price_tree,11,0.05480103899826369,2024-07,2024-09-16,2024-07-31,-0.46544594609997414,2024-12-27,2024-09-27,2024-10-01
2024-09-30,2509,price_tree,12,0.052532010881685916,2024-07,2024-09-16,2024-07-31,-0.26997814776914286,2024-12-27,2024-09-27,2024-10-01
2024-09-30,4916,price_tree,13,0.05089700606225774,2024-07,2024-09-16,2024-07-31,-0.06324221271685393,2024-12-27,2024-09-27,2024-10-01
2024-09-30,9902,price_tree,14,0.050015225756934484,2024-07,2024-09-16,2024-07-31,-0.2690338134226484,2024-12-27,2024-09-27,2024-10-01
2024-09-30,8467,price_tree,15,0.049274005131143356,2024-07,2024-09-16,2024-07-31,-0.06882200197050925,2024-12-27,2024-09-27,2024-10-01
2024-09-30,3040,all_tree,1,0.19387639074151353,2024-07,2024-09-16,2024-07-31,0.02883508766909504,2024-12-27,2024-09-27,2024-10-01
2024-09-30,1903,all_tree,2,0.18977197352592262,2024-07,2024-09-16,2024-07-31,-0.17207627431311778,2024-12-27,2024-09-27,2024-10-01
2024-09-30,3047,all_tree,3,0.18320929544996842,2024-07,2024-09-16,2024-07-31,-0.2864800641393177,2024-12-27,2024-09-27,2024-10-01
2024-09-30,2505,all_tree,4,0.17574695513008917,2024-07,2024-09-16,2024-07-31,-0.11423347883463841,2024-12-27,2024-09-27,2024-10-01
2024-09-30,2520,all_tree,5,0.14906567671800575,2024-07,2024-09-16,2024-07-31,-0.06225478327857226,2024-12-27,2024-09-27,2024-10-01
2024-09-30,3094,all_tree,6,0.1475260955081257,2024-07,2024-09-16,2024-07-31,-0.22434906491038065,2024-12-27,2024-09-27,2024-10-01
2024-09-30,2482,all_tree,7,0.14294780632176304,2024-07,2024-09-16,2024-07-31,-0.21477680051650216,2024-12-27,2024-09-27,2024-10-01
2024-09-30,6405,all_tree,8,0.13044089512792634,2024-07,2024-09-16,2024-07-31,-0.2770354340380484,2024-12-27,2024-09-27,2024-10-01
2024-09-30,1611,all_tree,9,0.1274242371039717,2024-07,2024-09-16,2024-07-31,-0.1878071037006963,2024-12-27,2024-09-27,2024-10-01
2024-09-30,5522,all_tree,10,0.11234218156523376,2024-07,2024-09-16,2024-07-31,0.06566787411500097,2024-12-27,2024-09-27,2024-10-01
2024-09-30,1307,all_tree,11,0.09726880074312254,2024-07,2024-09-16,2024-07-31,-0.12666189353140833,2024-12-27,2024-09-27,2024-10-01
2024-09-30,2882,all_tree,12,0.09044250292477744,2024-07,2024-09-16,2024-07-31,-0.061989868490115674,2024-12-27,2024-09-27,2024-10-01
2024-09-30,6213,all_tree,13,0.08893702950010599,2024-07,2024-09-16,2024-07-31,-0.041316471685426626,2024-12-27,2024-09-27,2024-10-01
2024-09-30,6477,all_tree,14,0.08680223523731685,2024-07,2024-09-16,2024-07-31,-0.31421803794612047,2024-12-27,2024-09-27,2024-10-01
2024-09-30,6743,all_tree,15,0.08141605632833854,2024-07,2024-09-16,2024-07-31,-0.42129388949070556,2024-12-27,2024-09-27,2024-10-01
2024-09-30,6405,vol20,1,0.06327698568767176,2024-07,2024-09-16,2024-07-31,-0.2770354340380484,2024-12-27,2024-09-27,2024-10-01
2024-09-30,4571,vol20,2,0.058831143458306916,2024-07,2024-09-16,2024-07-31,0.31554512342229346,2024-12-27,2024-09-27,2024-10-01
2024-09-30,1735,vol20,3,0.05817671576810813,2024-07,2024-09-16,2024-07-31,-0.23096564724343271,2024-12-27,2024-09-27,2024-10-01
2024-09-30,3550,vol20,4,0.055696723726911083,2024-07,2024-09-16,2024-07-31,-0.400876224005169,2024-12-27,2024-09-27,2024-10-01
2024-09-30,1776,vol20,5,0.05364067566880483,2024-07,2024-09-16,2024-07-31,-0.27510279352749367,2024-12-27,2024-09-27,2024-10-01
2024-09-30,4989,vol20,6,0.05134112628818899,2024-07,2024-09-16,2024-07-31,-0.32889191423161945,2024-12-27,2024-09-27,2024-10-01
2024-09-30,8249,vol20,7,0.050298271527024055,2024-07,2024-09-16,2024-07-31,-0.1394349719018263,2024-12-27,2024-09-27,2024-10-01
2024-09-30,6152,vol20,8,0.05012710146411315,2024-07,2024-09-16,2024-07-31,-0.3322153650636853,2024-12-27,2024-09-27,2024-10-01
2024-09-30,3605,vol20,9,0.04989145896021197,2024-07,2024-09-16,2024-07-31,-0.1866129109926895,2024-12-27,2024-09-27,2024-10-01
2024-09-30,3167,vol20,10,0.049346700080788564,2024-07,2024-09-16,2024-07-31,-0.34171496384084765,2024-12-27,2024-09-27,2024-10-01
2024-09-30,1540,vol20,11,0.048334027215092806,2024-07,2024-09-16,2024-07-31,-0.2950034450814044,2024-12-27,2024-09-27,2024-10-01
2024-09-30,4583,vol20,12,0.048256380729044854,2024-07,2024-09-16,2024-07-31,0.22437372432226477,2024-12-27,2024-09-27,2024-10-01
2024-09-30,2438,vol20,13,0.04804263547820845,2024-07,2024-09-16,2024-07-31,-0.3887778406700173,2024-12-27,2024-09-27,2024-10-01
2024-09-30,1721,vol20,14,0.04804102361154175,2024-07,2024-09-16,2024-07-31,-0.46544594609997414,2024-12-27,2024-09-27,2024-10-01
2024-09-30,5234,vol20,15,0.04801530178461044,2024-07,2024-09-16,2024-07-31,-0.32273507043369687,2024-12-27,2024-09-27,2024-10-01
2024-09-30,4583,mom60,1,1.5276292335072412,2024-07,2024-09-16,2024-07-31,0.22437372432226477,2024-12-27,2024-09-27,2024-10-01
2024-09-30,1540,mom60,2,1.1288679940563764,2024-07,2024-09-16,2024-07-31,-0.2950034450814044,2024-12-27,2024-09-27,2024-10-01
2024-09-30,8249,mom60,3,1.124490290979384,2024-07,2024-09-16,2024-07-31,-0.1394349719018263,2024-12-27,2024-09-27,2024-10-01
2024-09-30,3167,mom60,4,0.888450502157073,2024-07,2024-09-16,2024-07-31,-0.34171496384084765,2024-12-27,2024-09-27,2024-10-01
2024-09-30,2524,mom60,5,0.8,2024-07,2024-09-16,2024-07-31,-0.4045041022151299,2024-12-27,2024-09-27,2024-10-01
2024-09-30,1736,mom60,6,0.7709895052456925,2024-07,2024-09-16,2024-07-31,0.10698179775922823,2024-12-27,2024-09-27,2024-10-01
2024-09-30,1721,mom60,7,0.732876712323129,2024-07,2024-09-16,2024-07-31,-0.46544594609997414,2024-12-27,2024-09-27,2024-10-01
2024-09-30,9906,mom60,8,0.730285888566601,2024-07,2024-09-16,2024-07-31,-0.3226537446029891,2024-12-27,2024-09-27,2024-10-01
2024-09-30,5234,mom60,9,0.6829951014687581,2024-07,2024-09-16,2024-07-31,-0.32273507043369687,2024-12-27,2024-09-27,2024-10-01
2024-09-30,3550,mom60,10,0.6571428571382876,2024-07,2024-09-16,2024-07-31,-0.400876224005169,2024-12-27,2024-09-27,2024-10-01
2024-09-30,3019,mom60,11,0.6402877697856817,2024-07,2024-09-16,2024-07-31,0.4829444006511767,2024-12-27,2024-09-27,2024-10-01
2024-09-30,2543,mom60,12,0.6081871345028331,2024-07,2024-09-16,2024-07-31,-0.03264627030378331,2024-12-27,2024-09-27,2024-10-01
2024-09-30,6706,mom60,13,0.5962441314602187,2024-07,2024-09-16,2024-07-31,-0.3293531849090031,2024-12-27,2024-09-27,2024-10-01
2024-09-30,2243,mom60,14,0.5893854748641274,2024-07,2024-09-16,2024-07-31,-0.5051636010502784,2024-12-27,2024-09-27,2024-10-01
2024-09-30,8467,mom60,15,0.5641025641025641,2024-07,2024-09-16,2024-07-31,-0.06882200197050925,2024-12-27,2024-09-27,2024-10-01
2024-09-30,1436,rev_yoy,1,5.0,2024-07,2024-09-16,2024-07-31,-0.2101906139151445,2024-12-27,2024-09-27,2024-10-01
2024-09-30,1442,rev_yoy,2,5.0,2024-07,2024-09-16,2024-07-31,-0.017455263371858765,2024-12-27,2024-09-27,2024-10-01
2024-09-30,1446,rev_yoy,3,5.0,2024-07,2024-09-16,2024-07-31,-0.234689260242527,2024-12-27,2024-09-27,2024-10-01
2024-09-30,2509,rev_yoy,4,5.0,2024-07,2024-09-16,2024-07-31,-0.26997814776914286,2024-12-27,2024-09-27,2024-10-01
2024-09-30,2524,rev_yoy,5,5.0,2024-07,2024-09-16,2024-07-31,-0.4045041022151299,2024-12-27,2024-09-27,2024-10-01
2024-09-30,2528,rev_yoy,6,5.0,2024-07,2024-09-16,2024-07-31,-0.0948422732447125,2024-12-27,2024-09-27,2024-10-01
2024-09-30,2530,rev_yoy,7,5.0,2024-07,2024-09-16,2024-07-31,-0.0811943749554449,2024-12-27,2024-09-27,2024-10-01
2024-09-30,2537,rev_yoy,8,5.0,2024-07,2024-09-16,2024-07-31,-0.383054570495049,2024-12-27,2024-09-27,2024-10-01
2024-09-30,2548,rev_yoy,9,5.0,2024-07,2024-09-16,2024-07-31,-0.22263713589589185,2024-12-27,2024-09-27,2024-10-01
2024-09-30,6873,rev_yoy,10,5.0,2024-07,2024-09-16,2024-07-31,-0.3307595920337508,2024-12-27,2024-09-27,2024-10-01
2024-09-30,2254,rev_yoy,11,3.109658925274512,2024-07,2024-09-16,2024-07-31,-0.1355125545920587,2024-12-27,2024-09-27,2024-10-01
2024-09-30,2243,rev_yoy,12,2.805893922091105,2024-07,2024-09-16,2024-07-31,-0.5051636010502784,2024-12-27,2024-09-27,2024-10-01
2024-09-30,4967,rev_yoy,13,2.2511352363230785,2024-07,2024-09-16,2024-07-31,-0.3367618137614149,2024-12-27,2024-09-27,2024-10-01
2024-09-30,4142,rev_yoy,14,2.249795264536218,2024-07,2024-09-16,2024-07-31,-0.33612916571488727,2024-12-27,2024-09-27,2024-10-01
2024-09-30,6582,rev_yoy,15,2.1690416815105094,2024-07,2024-09-16,2024-07-31,-0.20586914300456127,2024-12-27,2024-09-27,2024-10-01
2024-10-30,2423,price_ridge,1,0.023464204819723056,2024-08,2024-10-16,2024-08-31,-0.038223609748224696,2025-02-04,2024-10-29,2024-11-01
2024-10-30,8404,price_ridge,2,0.021533457258635015,2024-08,2024-10-16,2024-08-31,-0.20860305819995895,2025-02-04,2024-10-29,2024-11-01
2024-10-30,2608,price_ridge,3,0.01945085529096722,2024-08,2024-10-16,2024-08-31,-0.11941442199577335,2025-02-04,2024-10-29,2024-11-01
2024-10-30,2413,price_ridge,4,0.018139252904956923,2024-08,2024-10-16,2024-08-31,-0.22840335168228343,2025-02-04,2024-10-29,2024-11-01
2024-10-30,2642,price_ridge,5,0.017113542559847872,2024-08,2024-10-16,2024-08-31,-0.3153608761704152,2025-02-04,2024-10-29,2024-11-01
2024-10-30,3021,price_ridge,6,0.015528030489432224,2024-08,2024-10-16,2024-08-31,-0.35946442936567946,2025-02-04,2024-10-29,2024-11-01
2024-10-30,2762,price_ridge,7,0.014308083938017144,2024-08,2024-10-16,2024-08-31,-0.213190926196551,2025-02-04,2024-10-29,2024-11-01
2024-10-30,2838,price_ridge,8,0.013880221058501138,2024-08,2024-10-16,2024-08-31,-0.06503714389972348,2025-02-04,2024-10-29,2024-11-01
2024-10-30,5706,price_ridge,9,0.013344091879412484,2024-08,2024-10-16,2024-08-31,-0.0023353898824904906,2025-02-04,2024-10-29,2024-11-01
2024-10-30,2302,price_ridge,10,0.013129246786393592,2024-08,2024-10-16,2024-08-31,-0.05480887050569172,2025-02-04,2024-10-29,2024-11-01
2024-10-30,6854,price_ridge,11,0.013057837164023237,2024-08,2024-10-16,2024-08-31,0.2478190915328684,2025-02-04,2024-10-29,2024-11-01
2024-10-30,2375,price_ridge,12,0.012785720445931898,2024-08,2024-10-16,2024-08-31,-0.027884618044429432,2025-02-04,2024-10-29,2024-11-01
2024-10-30,1533,price_ridge,13,0.012638756848720149,2024-08,2024-10-16,2024-08-31,-0.19059205328083684,2025-02-04,2024-10-29,2024-11-01
2024-10-30,4119,price_ridge,14,0.012600442191365213,2024-08,2024-10-16,2024-08-31,-0.15432030755770787,2025-02-04,2024-10-29,2024-11-01
2024-10-30,1231,price_ridge,15,0.012533874398565124,2024-08,2024-10-16,2024-08-31,0.29760847715686456,2025-02-04,2024-10-29,2024-11-01
2024-10-30,2465,all_ridge,1,0.07854430614980601,2024-08,2024-10-16,2024-08-31,-0.16880928334407752,2025-02-04,2024-10-29,2024-11-01
2024-10-30,2015,all_ridge,2,0.044603022166691916,2024-08,2024-10-16,2024-08-31,-0.24406522910009243,2025-02-04,2024-10-29,2024-11-01
2024-10-30,2504,all_ridge,3,0.042062085585143724,2024-08,2024-10-16,2024-08-31,-0.2420602073292587,2025-02-04,2024-10-29,2024-11-01
2024-10-30,8213,all_ridge,4,0.03669501323739656,2024-08,2024-10-16,2024-08-31,-0.1770426838117699,2025-02-04,2024-10-29,2024-11-01
2024-10-30,3028,all_ridge,5,0.033213908800093235,2024-08,2024-10-16,2024-08-31,-0.13184729483419866,2025-02-04,2024-10-29,2024-11-01
2024-10-30,8215,all_ridge,6,0.032384575578820414,2024-08,2024-10-16,2024-08-31,-0.13824757354086004,2025-02-04,2024-10-29,2024-11-01
2024-10-30,6243,all_ridge,7,0.031016609972441864,2024-08,2024-10-16,2024-08-31,-0.2011494923877205,2025-02-04,2024-10-29,2024-11-01
2024-10-30,1533,all_ridge,8,0.029479365553287458,2024-08,2024-10-16,2024-08-31,-0.19059205328083684,2025-02-04,2024-10-29,2024-11-01
2024-10-30,2030,all_ridge,9,0.02804385430933186,2024-08,2024-10-16,2024-08-31,-0.14990816128059425,2025-02-04,2024-10-29,2024-11-01
2024-10-30,2850,all_ridge,10,0.02657449992589756,2024-08,2024-10-16,2024-08-31,-0.021273685144571397,2025-02-04,2024-10-29,2024-11-01
2024-10-30,1568,all_ridge,11,0.026542534194312878,2024-08,2024-10-16,2024-08-31,-0.16020922042996388,2025-02-04,2024-10-29,2024-11-01
2024-10-30,3596,all_ridge,12,0.026164164566481282,2024-08,2024-10-16,2024-08-31,0.13919822184008912,2025-02-04,2024-10-29,2024-11-01
2024-10-30,2642,all_ridge,13,0.025606246051990245,2024-08,2024-10-16,2024-08-31,-0.3153608761704152,2025-02-04,2024-10-29,2024-11-01
2024-10-30,5471,all_ridge,14,0.025461382437554872,2024-08,2024-10-16,2024-08-31,-0.18678500337095105,2025-02-04,2024-10-29,2024-11-01
2024-10-30,4119,all_ridge,15,0.024623356508258337,2024-08,2024-10-16,2024-08-31,-0.15432030755770787,2025-02-04,2024-10-29,2024-11-01
2024-10-30,6854,price_tree,1,0.16281757150888304,2024-08,2024-10-16,2024-08-31,0.2478190915328684,2025-02-04,2024-10-29,2024-11-01
2024-10-30,1533,price_tree,2,0.10041873025667186,2024-08,2024-10-16,2024-08-31,-0.19059205328083684,2025-02-04,2024-10-29,2024-11-01
2024-10-30,3686,price_tree,3,0.09328625617737014,2024-08,2024-10-16,2024-08-31,-0.3565184360941569,2025-02-04,2024-10-29,2024-11-01
2024-10-30,9938,price_tree,4,0.08392539810436116,2024-08,2024-10-16,2024-08-31,-0.23635593729649984,2025-02-04,2024-10-29,2024-11-01
2024-10-30,2929,price_tree,5,0.08245727979540234,2024-08,2024-10-16,2024-08-31,0.006429725803745345,2025-02-04,2024-10-29,2024-11-01
2024-10-30,3021,price_tree,6,0.08020274482426364,2024-08,2024-10-16,2024-08-31,-0.35946442936567946,2025-02-04,2024-10-29,2024-11-01
2024-10-30,9946,price_tree,7,0.0759100287556206,2024-08,2024-10-16,2024-08-31,-0.18265077580751643,2025-02-04,2024-10-29,2024-11-01
2024-10-30,2438,price_tree,8,0.0755537291444636,2024-08,2024-10-16,2024-08-31,-0.4240829119162439,2025-02-04,2024-10-29,2024-11-01
2024-10-30,1587,price_tree,9,0.07336644446527948,2024-08,2024-10-16,2024-08-31,-0.17470829054927872,2025-02-04,2024-10-29,2024-11-01
2024-10-30,6176,price_tree,10,0.0659213097928569,2024-08,2024-10-16,2024-08-31,-0.11240216862550245,2025-02-04,2024-10-29,2024-11-01
2024-10-30,3661,price_tree,11,0.06350221368009919,2024-08,2024-10-16,2024-08-31,0.5254027589970909,2025-02-04,2024-10-29,2024-11-01
2024-10-30,6807,price_tree,12,0.058758192120931495,2024-08,2024-10-16,2024-08-31,4.347639073665199e-05,2025-02-04,2024-10-29,2024-11-01
2024-10-30,6606,price_tree,13,0.05505028127362734,2024-08,2024-10-16,2024-08-31,-0.18013358164473103,2025-02-04,2024-10-29,2024-11-01
2024-10-30,3596,price_tree,14,0.054987171580006815,2024-08,2024-10-16,2024-08-31,0.13919822184008912,2025-02-04,2024-10-29,2024-11-01
2024-10-30,2762,price_tree,15,0.051761755379053566,2024-08,2024-10-16,2024-08-31,-0.213190926196551,2025-02-04,2024-10-29,2024-11-01
2024-10-30,8429,all_tree,1,0.21354141287881678,2024-08,2024-10-16,2024-08-31,-0.13128322057137065,2025-02-04,2024-10-29,2024-11-01
2024-10-30,3094,all_tree,2,0.195568805055349,2024-08,2024-10-16,2024-08-31,-0.11183012726255237,2025-02-04,2024-10-29,2024-11-01
2024-10-30,2528,all_tree,3,0.19169482188993098,2024-08,2024-10-16,2024-08-31,-0.038169836462140116,2025-02-04,2024-10-29,2024-11-01
2024-10-30,6906,all_tree,4,0.14352354751514984,2024-08,2024-10-16,2024-08-31,-0.21623637817400432,2025-02-04,2024-10-29,2024-11-01
2024-10-30,6405,all_tree,5,0.13964905404297767,2024-08,2024-10-16,2024-08-31,-0.3736381825301577,2025-02-04,2024-10-29,2024-11-01
2024-10-30,2609,all_tree,6,0.11213802217299423,2024-08,2024-10-16,2024-08-31,-0.10821769931391623,2025-02-04,2024-10-29,2024-11-01
2024-10-30,2615,all_tree,7,0.10914710377344529,2024-08,2024-10-16,2024-08-31,-0.24591827033250646,2025-02-04,2024-10-29,2024-11-01
2024-10-30,4564,all_tree,8,0.10573889410712177,2024-08,2024-10-16,2024-08-31,-0.08226012532919291,2025-02-04,2024-10-29,2024-11-01
2024-10-30,9904,all_tree,9,0.1057302586469216,2024-08,2024-10-16,2024-08-31,-0.09008747107321013,2025-02-04,2024-10-29,2024-11-01
2024-10-30,2603,all_tree,10,0.10016296100665023,2024-08,2024-10-16,2024-08-31,-0.12617280415642584,2025-02-04,2024-10-29,2024-11-01
2024-10-30,4164,all_tree,11,0.09770233451412867,2024-08,2024-10-16,2024-08-31,0.013685534340916128,2025-02-04,2024-10-29,2024-11-01
2024-10-30,2485,all_tree,12,0.09194500754713793,2024-08,2024-10-16,2024-08-31,-0.21289297185302802,2025-02-04,2024-10-29,2024-11-01
2024-10-30,2465,all_tree,13,0.08375320997267835,2024-08,2024-10-16,2024-08-31,-0.16880928334407752,2025-02-04,2024-10-29,2024-11-01
2024-10-30,3040,all_tree,14,0.08311117404829846,2024-08,2024-10-16,2024-08-31,0.08479819383910248,2025-02-04,2024-10-29,2024-11-01
2024-10-30,2015,all_tree,15,0.07665999055044237,2024-08,2024-10-16,2024-08-31,-0.24406522910009243,2025-02-04,2024-10-29,2024-11-01
2024-10-30,5907,vol20,1,0.06418438180387549,2024-08,2024-10-16,2024-08-31,-0.15387486318652754,2025-02-04,2024-10-29,2024-11-01
2024-10-30,1528,vol20,2,0.05541206977378224,2024-08,2024-10-16,2024-08-31,-0.3971497955036045,2025-02-04,2024-10-29,2024-11-01
2024-10-30,6658,vol20,3,0.055110345542205987,2024-08,2024-10-16,2024-08-31,-0.37041801514194084,2025-02-04,2024-10-29,2024-11-01
2024-10-30,4545,vol20,4,0.05511012578593121,2024-08,2024-10-16,2024-08-31,-0.3631861334601483,2025-02-04,2024-10-29,2024-11-01
2024-10-30,2477,vol20,5,0.05389949353956823,2024-08,2024-10-16,2024-08-31,-0.38105894421696473,2025-02-04,2024-10-29,2024-11-01
2024-10-30,6405,vol20,6,0.05384779388514025,2024-08,2024-10-16,2024-08-31,-0.3736381825301577,2025-02-04,2024-10-29,2024-11-01
2024-10-30,2929,vol20,7,0.053799363012933143,2024-08,2024-10-16,2024-08-31,0.006429725803745345,2025-02-04,2024-10-29,2024-11-01
2024-10-30,2399,vol20,8,0.053572863770022634,2024-08,2024-10-16,2024-08-31,-0.32341662633268564,2025-02-04,2024-10-29,2024-11-01
2024-10-30,6133,vol20,9,0.051275973492787216,2024-08,2024-10-16,2024-08-31,-0.29402109846631075,2025-02-04,2024-10-29,2024-11-01
2024-10-30,4956,vol20,10,0.05074440398001369,2024-08,2024-10-16,2024-08-31,-0.22018396989044642,2025-02-04,2024-10-29,2024-11-01
2024-10-30,8404,vol20,11,0.04999891549149077,2024-08,2024-10-16,2024-08-31,-0.20860305819995895,2025-02-04,2024-10-29,2024-11-01
2024-10-30,6854,vol20,12,0.049008080909390156,2024-08,2024-10-16,2024-08-31,0.2478190915328684,2025-02-04,2024-10-29,2024-11-01
2024-10-30,3450,vol20,13,0.0489676592999302,2024-08,2024-10-16,2024-08-31,0.27478061645595653,2025-02-04,2024-10-29,2024-11-01
2024-10-30,3149,vol20,14,0.04896110636934732,2024-08,2024-10-16,2024-08-31,-0.2622009246544518,2025-02-04,2024-10-29,2024-11-01
2024-10-30,3447,vol20,15,0.04870658314054942,2024-08,2024-10-16,2024-08-31,-0.3781281267410955,2025-02-04,2024-10-29,2024-11-01
2024-10-30,4583,mom60,1,1.32738095237892,2024-08,2024-10-16,2024-08-31,-0.06508336541683779,2025-02-04,2024-10-29,2024-11-01
2024-10-30,3447,mom60,2,1.2791366906495054,2024-08,2024-10-16,2024-08-31,-0.3781281267410955,2025-02-04,2024-10-29,2024-11-01
2024-10-30,6854,mom60,3,1.2165697674418605,2024-08,2024-10-16,2024-08-31,0.2478190915328684,2025-02-04,2024-10-29,2024-11-01
2024-10-30,3167,mom60,4,1.0175438596460609,2024-08,2024-10-16,2024-08-31,-0.45919213712727225,2025-02-04,2024-10-29,2024-11-01
2024-10-30,2543,mom60,5,0.9100006584007487,2024-08,2024-10-16,2024-08-31,-0.1591337213203291,2025-02-04,2024-10-29,2024-11-01
2024-10-30,4576,mom60,6,0.7743979721225349,2024-08,2024-10-16,2024-08-31,-0.002737459408907128,2025-02-04,2024-10-29,2024-11-01
2024-10-30,6405,mom60,7,0.7390438247034785,2024-08,2024-10-16,2024-08-31,-0.3736381825301577,2025-02-04,2024-10-29,2024-11-01
2024-10-30,6438,mom60,8,0.7179487179451856,2024-08,2024-10-16,2024-08-31,0.008385107143357162,2025-02-04,2024-10-29,2024-11-01
2024-10-30,3450,mom60,9,0.629770992368712,2024-08,2024-10-16,2024-08-31,0.27478061645595653,2025-02-04,2024-10-29,2024-11-01
2024-10-30,5234,mom60,10,0.5915492957792421,2024-08,2024-10-16,2024-08-31,-0.19949009222660352,2025-02-04,2024-10-29,2024-11-01
2024-10-30,2033,mom60,11,0.584664536741214,2024-08,2024-10-16,2024-08-31,-0.18242299009348684,2025-02-04,2024-10-29,2024-11-01
2024-10-30,8404,mom60,12,0.5621761657998043,2024-08,2024-10-16,2024-08-31,-0.20860305819995895,2025-02-04,2024-10-29,2024-11-01
2024-10-30,3149,mom60,13,0.5185185185132131,2024-08,2024-10-16,2024-08-31,-0.2622009246544518,2025-02-04,2024-10-29,2024-11-01
2024-10-30,3550,mom60,14,0.4790996784548285,2024-08,2024-10-16,2024-08-31,-0.3630445886674506,2025-02-04,2024-10-29,2024-11-01
2024-10-30,3013,mom60,15,0.47058823529885707,2024-08,2024-10-16,2024-08-31,-0.26834458885466017,2025-02-04,2024-10-29,2024-11-01
2024-10-30,1436,rev_yoy,1,5.0,2024-08,2024-10-16,2024-08-31,-0.1311438455785725,2025-02-04,2024-10-29,2024-11-01
2024-10-30,1442,rev_yoy,2,5.0,2024-08,2024-10-16,2024-08-31,0.2211699634446076,2025-02-04,2024-10-29,2024-11-01
2024-10-30,1446,rev_yoy,3,5.0,2024-08,2024-10-16,2024-08-31,-0.1450813448946876,2025-02-04,2024-10-29,2024-11-01
2024-10-30,2442,rev_yoy,4,5.0,2024-08,2024-10-16,2024-08-31,-0.008126571563635387,2025-02-04,2024-10-29,2024-11-01
2024-10-30,2528,rev_yoy,5,5.0,2024-08,2024-10-16,2024-08-31,-0.038169836462140116,2025-02-04,2024-10-29,2024-11-01
2024-10-30,2530,rev_yoy,6,5.0,2024-08,2024-10-16,2024-08-31,-0.03746972838382545,2025-02-04,2024-10-29,2024-11-01
2024-10-30,2545,rev_yoy,7,5.0,2024-08,2024-10-16,2024-08-31,0.03310836980258869,2025-02-04,2024-10-29,2024-11-01
2024-10-30,9906,rev_yoy,8,5.0,2024-08,2024-10-16,2024-08-31,-0.20004856668791904,2025-02-04,2024-10-29,2024-11-01
2024-10-30,6937,rev_yoy,9,2.5909636468551644,2024-08,2024-10-16,2024-08-31,-0.14114711047171047,2025-02-04,2024-10-29,2024-11-01
2024-10-30,3025,rev_yoy,10,2.431016986543128,2024-08,2024-10-16,2024-08-31,-0.11284707126396565,2025-02-04,2024-10-29,2024-11-01
2024-10-30,6743,rev_yoy,11,2.1249318217235467,2024-08,2024-10-16,2024-08-31,-0.27759014221711575,2025-02-04,2024-10-29,2024-11-01
2024-10-30,2438,rev_yoy,12,1.8694382022471911,2024-08,2024-10-16,2024-08-31,-0.4240829119162439,2025-02-04,2024-10-29,2024-11-01
2024-10-30,2406,rev_yoy,13,1.666973595001191,2024-08,2024-10-16,2024-08-31,-0.3303668426627704,2025-02-04,2024-10-29,2024-11-01
2024-10-30,8926,rev_yoy,14,1.2811112386780068,2024-08,2024-10-16,2024-08-31,-0.10934774087684496,2025-02-04,2024-10-29,2024-11-01
2024-10-30,6873,rev_yoy,15,1.278259258573096,2024-08,2024-10-16,2024-08-31,-0.17837998579556735,2025-02-04,2024-10-29,2024-11-01
2024-11-29,2852,price_ridge,1,0.01859504430533731,2024-09,2024-11-15,2024-09-30,0.10132316852724421,2025-03-06,2024-11-28,2024-12-02
2024-11-29,2247,price_ridge,2,0.01761946822439748,2024-09,2024-11-15,2024-09-30,0.07376641983602505,2025-03-06,2024-11-28,2024-12-02
2024-11-29,3026,price_ridge,3,0.015372197664267237,2024-09,2024-11-15,2024-09-30,-0.006532083181082893,2025-03-06,2024-11-28,2024-12-02
2024-11-29,2516,price_ridge,4,0.014785790084727043,2024-09,2024-11-15,2024-09-30,0.6725188328514451,2025-03-06,2024-11-28,2024-12-02
2024-11-29,1432,price_ridge,5,0.014691708655771933,2024-09,2024-11-15,2024-09-30,-0.012104324870395033,2025-03-06,2024-11-28,2024-12-02
2024-11-29,2547,price_ridge,6,0.012805182997245682,2024-09,2024-11-15,2024-09-30,0.015314708875196814,2025-03-06,2024-11-28,2024-12-02
2024-11-29,2836,price_ridge,7,0.012614814089494582,2024-09,2024-11-15,2024-09-30,-0.018955162584920138,2025-03-06,2024-11-28,2024-12-02
2024-11-29,8422,price_ridge,8,0.012362580344040643,2024-09,2024-11-15,2024-09-30,0.007845403305162035,2025-03-06,2024-11-28,2024-12-02
2024-11-29,1231,price_ridge,9,0.012253450954447758,2024-09,2024-11-15,2024-09-30,0.14894389497101845,2025-03-06,2024-11-28,2024-12-02
2024-11-29,2020,price_ridge,10,0.01212541733847987,2024-09,2024-11-15,2024-09-30,0.02792973483194805,2025-03-06,2024-11-28,2024-12-02
2024-11-29,2838,price_ridge,11,0.011857653045986386,2024-09,2024-11-15,2024-09-30,0.03331392073221506,2025-03-06,2024-11-28,2024-12-02
2024-11-29,1215,price_ridge,12,0.011804248739949693,2024-09,2024-11-15,2024-09-30,0.012364531875754814,2025-03-06,2024-11-28,2024-12-02
2024-11-29,1227,price_ridge,13,0.011581245187439105,2024-09,2024-11-15,2024-09-30,-0.07190519692870279,2025-03-06,2024-11-28,2024-12-02
2024-11-29,4912,price_ridge,14,0.011145326716337894,2024-09,2024-11-15,2024-09-30,0.2697783266956344,2025-03-06,2024-11-28,2024-12-02
2024-11-29,2535,price_ridge,15,0.011089683537300376,2024-09,2024-11-15,2024-09-30,0.12687602179783863,2025-03-06,2024-11-28,2024-12-02
2024-11-29,3049,all_ridge,1,0.06742134309510153,2024-09,2024-11-15,2024-09-30,-0.21039413561041098,2025-03-06,2024-11-28,2024-12-02
2024-11-29,2465,all_ridge,2,0.059237009326460754,2024-09,2024-11-15,2024-09-30,-0.030176380359124844,2025-03-06,2024-11-28,2024-12-02
2024-11-29,2528,all_ridge,3,0.05619053196793776,2024-09,2024-11-15,2024-09-30,0.07148275814329841,2025-03-06,2024-11-28,2024-12-02
2024-11-29,5531,all_ridge,4,0.051049209862091105,2024-09,2024-11-15,2024-09-30,-0.14294809275884268,2025-03-06,2024-11-28,2024-12-02
2024-11-29,1712,all_ridge,5,0.047101683249243055,2024-09,2024-11-15,2024-09-30,0.011706115792648353,2025-03-06,2024-11-28,2024-12-02
2024-11-29,2504,all_ridge,6,0.04112379106087828,2024-09,2024-11-15,2024-09-30,-0.18721085809694338,2025-03-06,2024-11-28,2024-12-02
2024-11-29,9924,all_ridge,7,0.040672440291349976,2024-09,2024-11-15,2024-09-30,-0.018290223566790886,2025-03-06,2024-11-28,2024-12-02
2024-11-29,8215,all_ridge,8,0.03940290068067914,2024-09,2024-11-15,2024-09-30,-0.14729186318366772,2025-03-06,2024-11-28,2024-12-02
2024-11-29,8213,all_ridge,9,0.0383289721218026,2024-09,2024-11-15,2024-09-30,-0.09406724743667116,2025-03-06,2024-11-28,2024-12-02
2024-11-29,2429,all_ridge,10,0.03485606530437724,2024-09,2024-11-15,2024-09-30,0.5804237496446567,2025-03-06,2024-11-28,2024-12-02
2024-11-29,2101,all_ridge,11,0.03282936772622814,2024-09,2024-11-15,2024-09-30,-0.10694046227734944,2025-03-06,2024-11-28,2024-12-02
2024-11-29,6024,all_ridge,12,0.032603082995895406,2024-09,2024-11-15,2024-09-30,-0.038385288082086855,2025-03-06,2024-11-28,2024-12-02
2024-11-29,3033,all_ridge,13,0.031686720292656956,2024-09,2024-11-15,2024-09-30,-0.03572154205904321,2025-03-06,2024-11-28,2024-12-02
2024-11-29,2451,all_ridge,14,0.03139832319466773,2024-09,2024-11-15,2024-09-30,-0.06921903030521137,2025-03-06,2024-11-28,2024-12-02
2024-11-29,6672,all_ridge,15,0.030373518426291705,2024-09,2024-11-15,2024-09-30,0.11160098504793181,2025-03-06,2024-11-28,2024-12-02
2024-11-29,8466,price_tree,1,0.152685563483165,2024-09,2024-11-15,2024-09-30,-0.09686468919459723,2025-03-06,2024-11-28,2024-12-02
2024-11-29,6854,price_tree,2,0.12612772353875215,2024-09,2024-11-15,2024-09-30,0.4882935238784565,2025-03-06,2024-11-28,2024-12-02
2024-11-29,5531,price_tree,3,0.12001813563228125,2024-09,2024-11-15,2024-09-30,-0.14294809275884268,2025-03-06,2024-11-28,2024-12-02
2024-11-29,6230,price_tree,4,0.09628027619014164,2024-09,2024-11-15,2024-09-30,-0.0649712117877157,2025-03-06,2024-11-28,2024-12-02
2024-11-29,6142,price_tree,5,0.09387480176078589,2024-09,2024-11-15,2024-09-30,-0.01036022891464361,2025-03-06,2024-11-28,2024-12-02
2024-11-29,2852,price_tree,6,0.09257703051074498,2024-09,2024-11-15,2024-09-30,0.10132316852724421,2025-03-06,2024-11-28,2024-12-02
2024-11-29,3607,price_tree,7,0.08971243811761503,2024-09,2024-11-15,2024-09-30,-0.1065673009927599,2025-03-06,2024-11-28,2024-12-02
2024-11-29,8114,price_tree,8,0.0868764413979627,2024-09,2024-11-15,2024-09-30,0.014005458168524054,2025-03-06,2024-11-28,2024-12-02
2024-11-29,2415,price_tree,9,0.08659166087195828,2024-09,2024-11-15,2024-09-30,-0.036068114667406226,2025-03-06,2024-11-28,2024-12-02
2024-11-29,3058,price_tree,10,0.08318826022535955,2024-09,2024-11-15,2024-09-30,-0.07857360204600561,2025-03-06,2024-11-28,2024-12-02
2024-11-29,6781,price_tree,11,0.08159010780135711,2024-09,2024-11-15,2024-09-30,0.12485837534632083,2025-03-06,2024-11-28,2024-12-02
2024-11-29,2241,price_tree,12,0.08031353340579844,2024-09,2024-11-15,2024-09-30,-0.06439419597933693,2025-03-06,2024-11-28,2024-12-02
2024-11-29,1432,price_tree,13,0.07626106164684772,2024-09,2024-11-15,2024-09-30,-0.012104324870395033,2025-03-06,2024-11-28,2024-12-02
2024-11-29,3437,price_tree,14,0.06557396069206294,2024-09,2024-11-15,2024-09-30,-0.15199445795936128,2025-03-06,2024-11-28,2024-12-02
2024-11-29,2929,price_tree,15,0.06458506158299963,2024-09,2024-11-15,2024-09-30,-0.20463501268721873,2025-03-06,2024-11-28,2024-12-02
2024-11-29,3040,all_tree,1,0.23137096557370493,2024-09,2024-11-15,2024-09-30,0.028725433992436544,2025-03-06,2024-11-28,2024-12-02
2024-11-29,6873,all_tree,2,0.16457378904131587,2024-09,2024-11-15,2024-09-30,0.06293947504710085,2025-03-06,2024-11-28,2024-12-02
2024-11-29,6426,all_tree,3,0.1473154694511221,2024-09,2024-11-15,2024-09-30,0.009284786418125579,2025-03-06,2024-11-28,2024-12-02
2024-11-29,8429,all_tree,4,0.13531486410025348,2024-09,2024-11-15,2024-09-30,-0.20636129073765486,2025-03-06,2024-11-28,2024-12-02
2024-11-29,5531,all_tree,5,0.11710421756804114,2024-09,2024-11-15,2024-09-30,-0.14294809275884268,2025-03-06,2024-11-28,2024-12-02
2024-11-29,6405,all_tree,6,0.11624123975907141,2024-09,2024-11-15,2024-09-30,-0.29764313449885393,2025-03-06,2024-11-28,2024-12-02
2024-11-29,6477,all_tree,7,0.10954600014213514,2024-09,2024-11-15,2024-09-30,0.11771237126331724,2025-03-06,2024-11-28,2024-12-02
2024-11-29,2545,all_tree,8,0.1037405715837567,2024-09,2024-11-15,2024-09-30,-0.05074608097373845,2025-03-06,2024-11-28,2024-12-02
2024-11-29,6446,all_tree,9,0.10075461029141966,2024-09,2024-11-15,2024-09-30,-0.008927812786703848,2025-03-06,2024-11-28,2024-12-02
2024-11-29,2347,all_tree,10,0.089343335986177,2024-09,2024-11-15,2024-09-30,-0.11853955893085422,2025-03-06,2024-11-28,2024-12-02
2024-11-29,3036,all_tree,11,0.08421477518706123,2024-09,2024-11-15,2024-09-30,-0.054005588750983824,2025-03-06,2024-11-28,2024-12-02
2024-11-29,2419,all_tree,12,0.08122416980088369,2024-09,2024-11-15,2024-09-30,-0.22898374196110893,2025-03-06,2024-11-28,2024-12-02
2024-11-29,1712,all_tree,13,0.07799666122024045,2024-09,2024-11-15,2024-09-30,0.011706115792648353,2025-03-06,2024-11-28,2024-12-02
2024-11-29,6743,all_tree,14,0.07728465831047993,2024-09,2024-11-15,2024-09-30,-0.0899630919939659,2025-03-06,2024-11-28,2024-12-02
2024-11-29,8464,all_tree,15,0.07214487803962963,2024-09,2024-11-15,2024-09-30,0.027142972757091988,2025-03-06,2024-11-28,2024-12-02
2024-11-29,3447,vol20,1,0.06116222955599351,2024-09,2024-11-15,2024-09-30,-0.009730511354973714,2025-03-06,2024-11-28,2024-12-02
2024-11-29,6558,vol20,2,0.0588344892993043,2024-09,2024-11-15,2024-09-30,0.48617968559200686,2025-03-06,2024-11-28,2024-12-02
2024-11-29,6854,vol20,3,0.05572735080683573,2024-09,2024-11-15,2024-09-30,0.4882935238784565,2025-03-06,2024-11-28,2024-12-02
2024-11-29,1587,vol20,4,0.05554525547479039,2024-09,2024-11-15,2024-09-30,-0.074699707904478,2025-03-06,2024-11-28,2024-12-02
2024-11-29,1449,vol20,5,0.04967210730346386,2024-09,2024-11-15,2024-09-30,-0.24066147655448034,2025-03-06,2024-11-28,2024-12-02
2024-11-29,2354,vol20,6,0.04911332452372898,2024-09,2024-11-15,2024-09-30,-0.09892067870077015,2025-03-06,2024-11-28,2024-12-02
2024-11-29,2392,vol20,7,0.048706732361521184,2024-09,2024-11-15,2024-09-30,-0.17135273151566088,2025-03-06,2024-11-28,2024-12-02
2024-11-29,6405,vol20,8,0.04808174525524216,2024-09,2024-11-15,2024-09-30,-0.29764313449885393,2025-03-06,2024-11-28,2024-12-02
2024-11-29,2312,vol20,9,0.047744924208549415,2024-09,2024-11-15,2024-09-30,-0.1475566970466906,2025-03-06,2024-11-28,2024-12-02
2024-11-29,1531,vol20,10,0.04756507369414722,2024-09,2024-11-15,2024-09-30,-0.20377519982654813,2025-03-06,2024-11-28,2024-12-02
2024-11-29,1736,vol20,11,0.04602543101718411,2024-09,2024-11-15,2024-09-30,0.2881863159763962,2025-03-06,2024-11-28,2024-12-02
2024-11-29,2465,vol20,12,0.045924632578826736,2024-09,2024-11-15,2024-09-30,-0.030176380359124844,2025-03-06,2024-11-28,2024-12-02
2024-11-29,4956,vol20,13,0.04524512447095265,2024-09,2024-11-15,2024-09-30,-0.17665728092307997,2025-03-06,2024-11-28,2024-12-02
2024-11-29,3021,vol20,14,0.04507335167221373,2024-09,2024-11-15,2024-09-30,-0.31466371320734177,2025-03-06,2024-11-28,2024-12-02
2024-11-29,3706,vol20,15,0.045022157596033105,2024-09,2024-11-15,2024-09-30,-0.25355067681727683,2025-03-06,2024-11-28,2024-12-02
2024-11-29,3706,mom60,1,0.8708240534532861,2024-09,2024-11-15,2024-09-30,-0.25355067681727683,2025-03-06,2024-11-28,2024-12-02
2024-11-29,6854,mom60,2,0.8511198945981553,2024-09,2024-11-15,2024-09-30,0.4882935238784565,2025-03-06,2024-11-28,2024-12-02
2024-11-29,3447,mom60,3,0.77805178791633,2024-09,2024-11-15,2024-09-30,-0.009730511354973714,2025-03-06,2024-11-28,2024-12-02
2024-11-29,6781,mom60,4,0.7087378640793309,2024-09,2024-11-15,2024-09-30,0.12485837534632083,2025-03-06,2024-11-28,2024-12-02
2024-11-29,6438,mom60,5,0.7028112449834438,2024-09,2024-11-15,2024-09-30,-0.10458001795770444,2025-03-06,2024-11-28,2024-12-02
2024-11-29,2929,mom60,6,0.6967305524239009,2024-09,2024-11-15,2024-09-30,-0.20463501268721873,2025-03-06,2024-11-28,2024-12-02
2024-11-29,8114,mom60,7,0.6967213114784567,2024-09,2024-11-15,2024-09-30,0.014005458168524054,2025-03-06,2024-11-28,2024-12-02
2024-11-29,6558,mom60,8,0.6652173913043478,2024-09,2024-11-15,2024-09-30,0.48617968559200686,2025-03-06,2024-11-28,2024-12-02
2024-11-29,8404,mom60,9,0.6573816155972587,2024-09,2024-11-15,2024-09-30,-0.09368435181850854,2025-03-06,2024-11-28,2024-12-02
2024-11-29,6768,mom60,10,0.6011560693638751,2024-09,2024-11-15,2024-09-30,0.047215659831709944,2025-03-06,2024-11-28,2024-12-02
2024-11-29,4977,mom60,11,0.5775401069455446,2024-09,2024-11-15,2024-09-30,-0.11142652405393283,2025-03-06,2024-11-28,2024-12-02
2024-11-29,3665,mom60,12,0.4204171240395349,2024-09,2024-11-15,2024-09-30,-0.1031165842591023,2025-03-06,2024-11-28,2024-12-02
2024-11-29,3450,mom60,13,0.4092219020137349,2024-09,2024-11-15,2024-09-30,0.0730315272013613,2025-03-06,2024-11-28,2024-12-02
2024-11-29,6757,mom60,14,0.3765541740674956,2024-09,2024-11-15,2024-09-30,0.05840402320817373,2025-03-06,2024-11-28,2024-12-02
2024-11-29,2033,mom60,15,0.3738872403560829,2024-09,2024-11-15,2024-09-30,-0.031655489365506995,2025-03-06,2024-11-28,2024-12-02
2024-11-29,1436,rev_yoy,1,5.0,2024-09,2024-11-15,2024-09-30,0.08631619989229455,2025-03-06,2024-11-28,2024-12-02
2024-11-29,1446,rev_yoy,2,5.0,2024-09,2024-11-15,2024-09-30,-0.22067789003547256,2025-03-06,2024-11-28,2024-12-02
2024-11-29,2101,rev_yoy,3,5.0,2024-09,2024-11-15,2024-09-30,-0.10694046227734944,2025-03-06,2024-11-28,2024-12-02
2024-11-29,2528,rev_yoy,4,5.0,2024-09,2024-11-15,2024-09-30,0.07148275814329841,2025-03-06,2024-11-28,2024-12-02
2024-11-29,2530,rev_yoy,5,5.0,2024-09,2024-11-15,2024-09-30,-0.048878698456971015,2025-03-06,2024-11-28,2024-12-02
2024-11-29,6533,rev_yoy,6,5.0,2024-09,2024-11-15,2024-09-30,0.026088928847921355,2025-03-06,2024-11-28,2024-12-02
2024-11-29,9906,rev_yoy,7,5.0,2024-09,2024-11-15,2024-09-30,-0.19645715477478665,2025-03-06,2024-11-28,2024-12-02
2024-11-29,2527,rev_yoy,8,4.579803842339199,2024-09,2024-11-15,2024-09-30,-0.05691895288532656,2025-03-06,2024-11-28,2024-12-02
2024-11-29,1442,rev_yoy,9,4.128653883241039,2024-09,2024-11-15,2024-09-30,-0.02014876608098526,2025-03-06,2024-11-28,2024-12-02
2024-11-29,2545,rev_yoy,10,3.586446316238405,2024-09,2024-11-15,2024-09-30,-0.05074608097373845,2025-03-06,2024-11-28,2024-12-02
2024-11-29,6550,rev_yoy,11,3.063211125158028,2024-09,2024-11-15,2024-09-30,-0.13538640222673293,2025-03-06,2024-11-28,2024-12-02
2024-11-29,6582,rev_yoy,12,2.13072919138703,2024-09,2024-11-15,2024-09-30,-0.10174902985503642,2025-03-06,2024-11-28,2024-12-02
2024-11-29,6854,rev_yoy,13,1.80471805061969,2024-09,2024-11-15,2024-09-30,0.4882935238784565,2025-03-06,2024-11-28,2024-12-02
2024-11-29,6442,rev_yoy,14,1.7877057807256191,2024-09,2024-11-15,2024-09-30,-0.04685570073009626,2025-03-06,2024-11-28,2024-12-02
2024-11-29,2388,rev_yoy,15,1.6685773278944454,2024-09,2024-11-15,2024-09-30,-0.16936527091518827,2025-03-06,2024-11-28,2024-12-02
