date,symbol,model,rank,score,revenue_month,proxy_available_date,month_end,endpoint_target,label_window_end,margin_source_date,entry_date
2025-12-31,2408,price_ridge,1,-0.03678815070568896,2025-10,2025-12-16,2025-10-31,-0.16798933134053118,2026-04-09,2025-12-30,2026-01-02
2025-12-31,8110,price_ridge,2,-0.046409459113652865,2025-10,2025-12-16,2025-10-31,-0.38072647665661696,2026-04-09,2025-12-30,2026-01-02
2025-12-31,2344,price_ridge,3,-0.051509347284166895,2025-10,2025-12-16,2025-10-31,-0.13268916418175558,2026-04-09,2025-12-30,2026-01-02
2025-12-31,6282,price_ridge,4,-0.05175518595354591,2025-10,2025-12-16,2025-10-31,-0.15848426312346064,2026-04-09,2025-12-30,2026-01-02
2025-12-31,2330,price_ridge,5,-0.05209622071405215,2025-10,2025-12-16,2025-10-31,0.02532884643398514,2026-04-09,2025-12-30,2026-01-02
2025-12-31,3711,price_ridge,6,-0.05541948720909994,2025-10,2025-12-16,2025-10-31,0.3088601328658698,2026-04-09,2025-12-30,2026-01-02
2025-12-31,6669,price_ridge,7,-0.055545568982354146,2025-10,2025-12-16,2025-10-31,-0.4400294950049719,2026-04-09,2025-12-30,2026-01-02
2025-12-31,3665,price_ridge,8,-0.055575654357691934,2025-10,2025-12-16,2025-10-31,0.15857665733872373,2026-04-09,2025-12-30,2026-01-02
2025-12-31,8210,price_ridge,9,-0.05685746630823685,2025-10,2025-12-16,2025-10-31,-0.35001466527663216,2026-04-09,2025-12-30,2026-01-02
2025-12-31,6805,price_ridge,10,-0.05815221573659919,2025-10,2025-12-16,2025-10-31,-0.10849319729310447,2026-04-09,2025-12-30,2026-01-02
2025-12-31,2303,price_ridge,11,-0.05824317954371249,2025-10,2025-12-16,2025-10-31,-0.01949268968145601,2026-04-09,2025-12-30,2026-01-02
2025-12-31,2454,price_ridge,12,-0.058394493679265934,2025-10,2025-12-16,2025-10-31,-0.12632732990967788,2026-04-09,2025-12-30,2026-01-02
2025-12-31,2308,price_ridge,13,-0.05898863804766001,2025-10,2025-12-16,2025-10-31,0.45302479046445776,2026-04-09,2025-12-30,2026-01-02
2025-12-31,2337,price_ridge,14,-0.05946436959697032,2025-10,2025-12-16,2025-10-31,2.2305832510165677,2026-04-09,2025-12-30,2026-01-02
2025-12-31,3017,price_ridge,15,-0.059530893956187776,2025-10,2025-12-16,2025-10-31,0.2169483155645986,2026-04-09,2025-12-30,2026-01-02
2025-12-31,6944,all_ridge,1,-0.025427992256723098,2025-10,2025-12-16,2025-10-31,0.12743255894192118,2026-04-09,2025-12-30,2026-01-02
2025-12-31,2408,all_ridge,2,-0.041140714845268926,2025-10,2025-12-16,2025-10-31,-0.16798933134053118,2026-04-09,2025-12-30,2026-01-02
2025-12-31,5522,all_ridge,3,-0.04556812428857472,2025-10,2025-12-16,2025-10-31,-0.2728072904873571,2026-04-09,2025-12-30,2026-01-02
2025-12-31,2344,all_ridge,4,-0.045613661516323685,2025-10,2025-12-16,2025-10-31,-0.13268916418175558,2026-04-09,2025-12-30,2026-01-02
2025-12-31,2885,all_ridge,5,-0.04569098053199341,2025-10,2025-12-16,2025-10-31,-0.02134450828290202,2026-04-09,2025-12-30,2026-01-02
2025-12-31,2427,all_ridge,6,-0.04645052834444766,2025-10,2025-12-16,2025-10-31,-0.36461277073852527,2026-04-09,2025-12-30,2026-01-02
2025-12-31,1795,all_ridge,7,-0.04664016724784555,2025-10,2025-12-16,2025-10-31,-0.47536079216943417,2026-04-09,2025-12-30,2026-01-02
2025-12-31,4142,all_ridge,8,-0.04694913521634476,2025-10,2025-12-16,2025-10-31,-0.27085784778292044,2026-04-09,2025-12-30,2026-01-02
2025-12-31,2441,all_ridge,9,-0.047547488022840256,2025-10,2025-12-16,2025-10-31,-0.18241447628790497,2026-04-09,2025-12-30,2026-01-02
2025-12-31,6282,all_ridge,10,-0.048225470144574074,2025-10,2025-12-16,2025-10-31,-0.15848426312346064,2026-04-09,2025-12-30,2026-01-02
2025-12-31,8110,all_ridge,11,-0.04859259784439281,2025-10,2025-12-16,2025-10-31,-0.38072647665661696,2026-04-09,2025-12-30,2026-01-02
2025-12-31,2451,all_ridge,12,-0.04917108321688561,2025-10,2025-12-16,2025-10-31,-0.05791627125731291,2026-04-09,2025-12-30,2026-01-02
2025-12-31,2892,all_ridge,13,-0.049204182648249425,2025-10,2025-12-16,2025-10-31,-0.24689154647272438,2026-04-09,2025-12-30,2026-01-02
2025-12-31,2347,all_ridge,14,-0.04923994838709017,2025-10,2025-12-16,2025-10-31,0.15773794400337837,2026-04-09,2025-12-30,2026-01-02
2025-12-31,3711,all_ridge,15,-0.05045273278753159,2025-10,2025-12-16,2025-10-31,0.3088601328658698,2026-04-09,2025-12-30,2026-01-02
2025-12-31,2357,price_tree,1,0.04068140156229185,2025-10,2025-12-16,2025-10-31,-0.20702956795137295,2026-04-09,2025-12-30,2026-01-02
2025-12-31,2368,price_tree,2,0.025137158267657365,2025-10,2025-12-16,2025-10-31,0.3595203913933198,2026-04-09,2025-12-30,2026-01-02
2025-12-31,2330,price_tree,3,-0.007431628706781149,2025-10,2025-12-16,2025-10-31,0.02532884643398514,2026-04-09,2025-12-30,2026-01-02
2025-12-31,3711,price_tree,4,-0.008015547222264935,2025-10,2025-12-16,2025-10-31,0.3088601328658698,2026-04-09,2025-12-30,2026-01-02
2025-12-31,3450,price_tree,5,-0.011513829648276814,2025-10,2025-12-16,2025-10-31,-0.17049895802116333,2026-04-09,2025-12-30,2026-01-02
2025-12-31,8210,price_tree,6,-0.012065258962359007,2025-10,2025-12-16,2025-10-31,-0.35001466527663216,2026-04-09,2025-12-30,2026-01-02
2025-12-31,1303,price_tree,7,-0.016380625940547965,2025-10,2025-12-16,2025-10-31,0.1768457015913627,2026-04-09,2025-12-30,2026-01-02
2025-12-31,8021,price_tree,8,-0.01746847292886885,2025-10,2025-12-16,2025-10-31,0.266728382518417,2026-04-09,2025-12-30,2026-01-02
2025-12-31,6805,price_tree,9,-0.018902134500777223,2025-10,2025-12-16,2025-10-31,-0.10849319729310447,2026-04-09,2025-12-30,2026-01-02
2025-12-31,6472,price_tree,10,-0.01897529361326057,2025-10,2025-12-16,2025-10-31,-0.4043510002657865,2026-04-09,2025-12-30,2026-01-02
2025-12-31,1786,price_tree,11,-0.019913504829711503,2025-10,2025-12-16,2025-10-31,-0.41442461287361365,2026-04-09,2025-12-30,2026-01-02
2025-12-31,3665,price_tree,12,-0.020972763326531637,2025-10,2025-12-16,2025-10-31,0.15857665733872373,2026-04-09,2025-12-30,2026-01-02
2025-12-31,2382,price_tree,13,-0.02697728705593105,2025-10,2025-12-16,2025-10-31,-0.09180643687198975,2026-04-09,2025-12-30,2026-01-02
2025-12-31,3443,price_tree,14,-0.027236259305295624,2025-10,2025-12-16,2025-10-31,-0.01744104866377927,2026-04-09,2025-12-30,2026-01-02
2025-12-31,2891,price_tree,15,-0.02742878021968647,2025-10,2025-12-16,2025-10-31,-0.1417109973979107,2026-04-09,2025-12-30,2026-01-02
2025-12-31,2882,all_tree,1,0.10245944272447322,2025-10,2025-12-16,2025-10-31,-0.25539979219393794,2026-04-09,2025-12-30,2026-01-02
2025-12-31,8046,all_tree,2,0.050199151509573305,2025-10,2025-12-16,2025-10-31,1.488036781395568,2026-04-09,2025-12-30,2026-01-02
2025-12-31,2368,all_tree,3,0.041641642898583305,2025-10,2025-12-16,2025-10-31,0.3595203913933198,2026-04-09,2025-12-30,2026-01-02
2025-12-31,6405,all_tree,4,0.04160716429570889,2025-10,2025-12-16,2025-10-31,0.06918765550200878,2026-04-09,2025-12-30,2026-01-02
2025-12-31,3017,all_tree,5,0.03888215259564711,2025-10,2025-12-16,2025-10-31,0.2169483155645986,2026-04-09,2025-12-30,2026-01-02
2025-12-31,6139,all_tree,6,0.03201225240569543,2025-10,2025-12-16,2025-10-31,-0.14129337758182992,2026-04-09,2025-12-30,2026-01-02
2025-12-31,2451,all_tree,7,0.026522861340108617,2025-10,2025-12-16,2025-10-31,-0.05791627125731291,2026-04-09,2025-12-30,2026-01-02
2025-12-31,6443,all_tree,8,0.02644489993105091,2025-10,2025-12-16,2025-10-31,0.0701472244482908,2026-04-09,2025-12-30,2026-01-02
2025-12-31,3665,all_tree,9,0.023132458021194312,2025-10,2025-12-16,2025-10-31,0.15857665733872373,2026-04-09,2025-12-30,2026-01-02
2025-12-31,6669,all_tree,10,0.018725696511031845,2025-10,2025-12-16,2025-10-31,-0.4400294950049719,2026-04-09,2025-12-30,2026-01-02
2025-12-31,4967,all_tree,11,0.014027460058319025,2025-10,2025-12-16,2025-10-31,-0.07649226815760013,2026-04-09,2025-12-30,2026-01-02
2025-12-31,3443,all_tree,12,0.0075210168610952005,2025-10,2025-12-16,2025-10-31,-0.01744104866377927,2026-04-09,2025-12-30,2026-01-02
2025-12-31,2330,all_tree,13,0.004678510871073015,2025-10,2025-12-16,2025-10-31,0.02532884643398514,2026-04-09,2025-12-30,2026-01-02
2025-12-31,8210,all_tree,14,-0.0003072435364297651,2025-10,2025-12-16,2025-10-31,-0.35001466527663216,2026-04-09,2025-12-30,2026-01-02
2025-12-31,2404,all_tree,15,-0.0004756324324073204,2025-10,2025-12-16,2025-10-31,-0.2764537175659091,2026-04-09,2025-12-30,2026-01-02
2025-12-31,3229,vol20,1,0.059619153438905115,2025-10,2025-12-16,2025-10-31,-0.5326507271567286,2026-04-09,2025-12-30,2026-01-02
2025-12-31,2491,vol20,2,0.0578481672593626,2025-10,2025-12-16,2025-10-31,-0.48771448142194695,2026-04-09,2025-12-30,2026-01-02
2025-12-31,2349,vol20,3,0.056811634278469365,2025-10,2025-12-16,2025-10-31,-0.38113017745972444,2026-04-09,2025-12-30,2026-01-02
2025-12-31,6706,vol20,4,0.05566439693286962,2025-10,2025-12-16,2025-10-31,-0.3292859495070871,2026-04-09,2025-12-30,2026-01-02
2025-12-31,3701,vol20,5,0.055177079309866914,2025-10,2025-12-16,2025-10-31,-0.21726679241376723,2026-04-09,2025-12-30,2026-01-02
2025-12-31,5521,vol20,6,0.05510501301298113,2025-10,2025-12-16,2025-10-31,-0.705347223175278,2026-04-09,2025-12-30,2026-01-02
2025-12-31,6443,vol20,7,0.05308499411316659,2025-10,2025-12-16,2025-10-31,0.0701472244482908,2026-04-09,2025-12-30,2026-01-02
2025-12-31,6426,vol20,8,0.052064092128597854,2025-10,2025-12-16,2025-10-31,0.5244791876791766,2026-04-09,2025-12-30,2026-01-02
2025-12-31,2406,vol20,9,0.04989746479118615,2025-10,2025-12-16,2025-10-31,0.010766460828452562,2026-04-09,2025-12-30,2026-01-02
2025-12-31,2413,vol20,10,0.04921161126083195,2025-10,2025-12-16,2025-10-31,-0.14512032157757648,2026-04-09,2025-12-30,2026-01-02
2025-12-31,8499,vol20,11,0.0488132239054549,2025-10,2025-12-16,2025-10-31,-0.4397243237806371,2026-04-09,2025-12-30,2026-01-02
2025-12-31,2402,vol20,12,0.04865819975430218,2025-10,2025-12-16,2025-10-31,-0.3593506067833101,2026-04-09,2025-12-30,2026-01-02
2025-12-31,3060,vol20,13,0.04829245340836564,2025-10,2025-12-16,2025-10-31,-0.3074968337406133,2026-04-09,2025-12-30,2026-01-02
2025-12-31,6442,vol20,14,0.048009078265031854,2025-10,2025-12-16,2025-10-31,0.2868801867272259,2026-04-09,2025-12-30,2026-01-02
2025-12-31,2009,vol20,15,0.04763782208867746,2025-10,2025-12-16,2025-10-31,-0.3979976426098176,2026-04-09,2025-12-30,2026-01-02
2025-12-31,8110,mom60,1,1.9560723514177765,2025-10,2025-12-16,2025-10-31,-0.38072647665661696,2026-04-09,2025-12-30,2026-01-02
2025-12-31,2408,mom60,2,1.4215809284795928,2025-10,2025-12-16,2025-10-31,-0.16798933134053118,2026-04-09,2025-12-30,2026-01-02
2025-12-31,2344,mom60,3,1.2944444444453653,2025-10,2025-12-16,2025-10-31,-0.13268916418175558,2026-04-09,2025-12-30,2026-01-02
2025-12-31,4967,mom60,4,1.1674311926610068,2025-10,2025-12-16,2025-10-31,-0.07649226815760013,2026-04-09,2025-12-30,2026-01-02
2025-12-31,2413,mom60,5,1.1611374407629254,2025-10,2025-12-16,2025-10-31,-0.14512032157757648,2026-04-09,2025-12-30,2026-01-02
2025-12-31,2485,mom60,6,1.0076045627376424,2025-10,2025-12-16,2025-10-31,1.3800653225679533,2026-04-09,2025-12-30,2026-01-02
2025-12-31,8131,mom60,7,1.0030959752342334,2025-10,2025-12-16,2025-10-31,-0.30546521745913047,2026-04-09,2025-12-30,2026-01-02
2025-12-31,5521,mom60,8,0.96218487394958,2025-10,2025-12-16,2025-10-31,-0.705347223175278,2026-04-09,2025-12-30,2026-01-02
2025-12-31,4989,mom60,9,0.9589552238812007,2025-10,2025-12-16,2025-10-31,0.12667753087707,2026-04-09,2025-12-30,2026-01-02
2025-12-31,6443,mom60,10,0.9109589041093169,2025-10,2025-12-16,2025-10-31,0.0701472244482908,2026-04-09,2025-12-30,2026-01-02
2025-12-31,6155,mom60,11,0.8316008315992591,2025-10,2025-12-16,2025-10-31,-0.30071794279858255,2026-04-09,2025-12-30,2026-01-02
2025-12-31,3229,mom60,12,0.7756410256410255,2025-10,2025-12-16,2025-10-31,-0.5326507271567286,2026-04-09,2025-12-30,2026-01-02
2025-12-31,6706,mom60,13,0.7134146341491692,2025-10,2025-12-16,2025-10-31,-0.3292859495070871,2026-04-09,2025-12-30,2026-01-02
2025-12-31,6209,mom60,14,0.7062579821212069,2025-10,2025-12-16,2025-10-31,-0.4074033811094302,2026-04-09,2025-12-30,2026-01-02
2025-12-31,6442,mom60,15,0.7021276595737236,2025-10,2025-12-16,2025-10-31,0.2868801867272259,2026-04-09,2025-12-30,2026-01-02
2025-12-31,2528,rev_yoy,1,5.0,2025-10,2025-12-16,2025-10-31,-0.38165400958299833,2026-04-09,2025-12-30,2026-01-02
2025-12-31,2548,rev_yoy,2,5.0,2025-10,2025-12-16,2025-10-31,-0.12159702603906486,2026-04-09,2025-12-30,2026-01-02
2025-12-31,3535,rev_yoy,3,5.0,2025-10,2025-12-16,2025-10-31,0.06811424952759415,2026-04-09,2025-12-30,2026-01-02
2025-12-31,6541,rev_yoy,4,5.0,2025-10,2025-12-16,2025-10-31,-0.48774086736884736,2026-04-09,2025-12-30,2026-01-02
2025-12-31,2236,rev_yoy,5,4.467007859623469,2025-10,2025-12-16,2025-10-31,-0.2361089868860009,2026-04-09,2025-12-30,2026-01-02
2025-12-31,6994,rev_yoy,6,4.154947208789952,2025-10,2025-12-16,2025-10-31,-0.5123713185763568,2026-04-09,2025-12-30,2026-01-02
2025-12-31,2485,rev_yoy,7,3.1974638270199964,2025-10,2025-12-16,2025-10-31,1.3800653225679533,2026-04-09,2025-12-30,2026-01-02
2025-12-31,2408,rev_yoy,8,2.623675214458538,2025-10,2025-12-16,2025-10-31,-0.16798933134053118,2026-04-09,2025-12-30,2026-01-02
2025-12-31,2427,rev_yoy,9,2.245227559584907,2025-10,2025-12-16,2025-10-31,-0.36461277073852527,2026-04-09,2025-12-30,2026-01-02
2025-12-31,5522,rev_yoy,10,2.0099411501155857,2025-10,2025-12-16,2025-10-31,-0.2728072904873571,2026-04-09,2025-12-30,2026-01-02
2025-12-31,2887,rev_yoy,11,1.6865761578264251,2025-10,2025-12-16,2025-10-31,-0.02684726236723911,2026-04-09,2025-12-30,2026-01-02
2025-12-31,6669,rev_yoy,12,1.579437488646942,2025-10,2025-12-16,2025-10-31,-0.4400294950049719,2026-04-09,2025-12-30,2026-01-02
2025-12-31,2855,rev_yoy,13,1.5794345715032452,2025-10,2025-12-16,2025-10-31,0.07696742592993777,2026-04-09,2025-12-30,2026-01-02
2025-12-31,3443,rev_yoy,14,1.5060000849784418,2025-10,2025-12-16,2025-10-31,-0.01744104866377927,2026-04-09,2025-12-30,2026-01-02
2025-12-31,2883,rev_yoy,15,1.4901879358183057,2025-10,2025-12-16,2025-10-31,-0.0008141345656829113,2026-04-09,2025-12-30,2026-01-02
2026-01-30,8110,price_ridge,1,-0.027408996512607024,2025-11,2026-01-15,2025-11-30,-0.6994119140093263,2026-05-11,2026-01-29,2026-02-02
2026-01-30,2485,price_ridge,2,-0.047172763806431754,2025-11,2026-01-15,2025-11-30,0.3049640327338483,2026-05-11,2026-01-29,2026-02-02
2026-01-30,6443,price_ridge,3,-0.05204432376058897,2025-11,2026-01-15,2025-11-30,-0.3555569891946112,2026-05-11,2026-01-29,2026-02-02
2026-01-30,3037,price_ridge,4,-0.05439678701191561,2025-11,2026-01-15,2025-11-30,0.905577505313871,2026-05-11,2026-01-29,2026-02-02
2026-01-30,2330,price_ridge,5,-0.05498718942261678,2025-11,2026-01-15,2025-11-30,-0.09314098665911619,2026-05-11,2026-01-29,2026-02-02
2026-01-30,3443,price_ridge,6,-0.05658092219335494,2025-11,2026-01-15,2025-11-30,0.8316888704490963,2026-05-11,2026-01-29,2026-02-02
2026-01-30,2337,price_ridge,7,-0.058118696480560963,2025-11,2026-01-15,2025-11-30,0.45019034264056956,2026-05-11,2026-01-29,2026-02-02
2026-01-30,2451,price_ridge,8,-0.0581452075310715,2025-11,2026-01-15,2025-11-30,-0.01264912128382889,2026-05-11,2026-01-29,2026-02-02
2026-01-30,8150,price_ridge,9,-0.05867624155454222,2025-11,2026-01-15,2025-11-30,0.16380780371067094,2026-05-11,2026-01-29,2026-02-02
2026-01-30,2881,price_ridge,10,-0.05978589275585914,2025-11,2026-01-15,2025-11-30,-0.32700346148199033,2026-05-11,2026-01-29,2026-02-02
2026-01-30,2412,price_ridge,11,-0.06052774321119724,2025-11,2026-01-15,2025-11-30,-0.3590135869185127,2026-05-11,2026-01-29,2026-02-02
2026-01-30,2891,price_ridge,12,-0.06090012009305906,2025-11,2026-01-15,2025-11-30,-0.28704434181773886,2026-05-11,2026-01-29,2026-02-02
2026-01-30,2882,price_ridge,13,-0.06150387931539618,2025-11,2026-01-15,2025-11-30,-0.33492556422636,2026-05-11,2026-01-29,2026-02-02
2026-01-30,1216,price_ridge,14,-0.06179862825507733,2025-11,2026-01-15,2025-11-30,-0.34824966750379094,2026-05-11,2026-01-29,2026-02-02
2026-01-30,3045,price_ridge,15,-0.06204545906761667,2025-11,2026-01-15,2025-11-30,-0.3328893713454981,2026-05-11,2026-01-29,2026-02-02
2026-01-30,2548,all_ridge,1,-0.01235645820581506,2025-11,2026-01-15,2025-11-30,-0.15182153233840712,2026-05-11,2026-01-29,2026-02-02
2026-01-30,8110,all_ridge,2,-0.01998263104982745,2025-11,2026-01-15,2025-11-30,-0.6994119140093263,2026-05-11,2026-01-29,2026-02-02
2026-01-30,2015,all_ridge,3,-0.03481778680739068,2025-11,2026-01-15,2025-11-30,-0.3247104972479906,2026-05-11,2026-01-29,2026-02-02
2026-01-30,6443,all_ridge,4,-0.035507078137123775,2025-11,2026-01-15,2025-11-30,-0.3555569891946112,2026-05-11,2026-01-29,2026-02-02
2026-01-30,4588,all_ridge,5,-0.043495807692837125,2025-11,2026-01-15,2025-11-30,-0.49655898596038217,2026-05-11,2026-01-29,2026-02-02
2026-01-30,2527,all_ridge,6,-0.046779174184064534,2025-11,2026-01-15,2025-11-30,-0.1823897552578171,2026-05-11,2026-01-29,2026-02-02
2026-01-30,2451,all_ridge,7,-0.048473926554225825,2025-11,2026-01-15,2025-11-30,-0.01264912128382889,2026-05-11,2026-01-29,2026-02-02
2026-01-30,3045,all_ridge,8,-0.0488897026709147,2025-11,2026-01-15,2025-11-30,-0.3328893713454981,2026-05-11,2026-01-29,2026-02-02
2026-01-30,3037,all_ridge,9,-0.04910080935857822,2025-11,2026-01-15,2025-11-30,0.905577505313871,2026-05-11,2026-01-29,2026-02-02
2026-01-30,2337,all_ridge,10,-0.04959510530566112,2025-11,2026-01-15,2025-11-30,0.45019034264056956,2026-05-11,2026-01-29,2026-02-02
2026-01-30,8150,all_ridge,11,-0.051936060956063027,2025-11,2026-01-15,2025-11-30,0.16380780371067094,2026-05-11,2026-01-29,2026-02-02
2026-01-30,3231,all_ridge,12,-0.052091367615025974,2025-11,2026-01-15,2025-11-30,-0.2937317866008855,2026-05-11,2026-01-29,2026-02-02
2026-01-30,2317,all_ridge,13,-0.05359513544067741,2025-11,2026-01-15,2025-11-30,-0.22429731650276974,2026-05-11,2026-01-29,2026-02-02
2026-01-30,5522,all_ridge,14,-0.05406856755193702,2025-11,2026-01-15,2025-11-30,-0.26516294707238663,2026-05-11,2026-01-29,2026-02-02
2026-01-30,2801,all_ridge,15,-0.05459411610443518,2025-11,2026-01-15,2025-11-30,-0.3459073205489438,2026-05-11,2026-01-29,2026-02-02
2026-01-30,2357,price_tree,1,0.06406617098979552,2025-11,2026-01-15,2025-11-30,0.007005964154655153,2026-05-11,2026-01-29,2026-02-02
2026-01-30,2413,price_tree,2,0.04653103893931467,2025-11,2026-01-15,2025-11-30,-0.20408699740022151,2026-05-11,2026-01-29,2026-02-02
2026-01-30,6805,price_tree,3,0.029181835586569164,2025-11,2026-01-15,2025-11-30,0.03833427239843479,2026-05-11,2026-01-29,2026-02-02
2026-01-30,2059,price_tree,4,0.02879243667000991,2025-11,2026-01-15,2025-11-30,0.38709635534168063,2026-05-11,2026-01-29,2026-02-02
2026-01-30,1504,price_tree,5,0.01779256170364903,2025-11,2026-01-15,2025-11-30,-0.4666240759370348,2026-05-11,2026-01-29,2026-02-02
2026-01-30,3092,price_tree,6,0.016371804180866645,2025-11,2026-01-15,2025-11-30,-0.1585526094565768,2026-05-11,2026-01-29,2026-02-02
2026-01-30,8438,price_tree,7,0.01376911717407026,2025-11,2026-01-15,2025-11-30,0.3206518597541326,2026-05-11,2026-01-29,2026-02-02
2026-01-30,6282,price_tree,8,0.006096061327680938,2025-11,2026-01-15,2025-11-30,-0.23691352225301676,2026-05-11,2026-01-29,2026-02-02
2026-01-30,2330,price_tree,9,1.1437560456620043e-05,2025-11,2026-01-15,2025-11-30,-0.09314098665911619,2026-05-11,2026-01-29,2026-02-02
2026-01-30,6409,price_tree,10,-0.014294846644876439,2025-11,2026-01-15,2025-11-30,-0.46438127008258945,2026-05-11,2026-01-29,2026-02-02
2026-01-30,2069,price_tree,11,-0.020459369573016337,2025-11,2026-01-15,2025-11-30,-0.38659366382804083,2026-05-11,2026-01-29,2026-02-02
2026-01-30,3711,price_tree,12,-0.02215055309620905,2025-11,2026-01-15,2025-11-30,0.4434946541883862,2026-05-11,2026-01-29,2026-02-02
2026-01-30,6715,price_tree,13,-0.02255369974148626,2025-11,2026-01-15,2025-11-30,2.309567749113792,2026-05-11,2026-01-29,2026-02-02
2026-01-30,8046,price_tree,14,-0.024084566643522737,2025-11,2026-01-15,2025-11-30,0.9914075847979038,2026-05-11,2026-01-29,2026-02-02
2026-01-30,2368,price_tree,15,-0.03132603813867373,2025-11,2026-01-15,2025-11-30,0.6058341445708126,2026-05-11,2026-01-29,2026-02-02
2026-01-30,6669,all_tree,1,0.11320078254364953,2025-11,2026-01-15,2025-11-30,0.11180593715067477,2026-05-11,2026-01-29,2026-02-02
2026-01-30,2357,all_tree,2,0.06873715142400635,2025-11,2026-01-15,2025-11-30,0.007005964154655153,2026-05-11,2026-01-29,2026-02-02
2026-01-30,3017,all_tree,3,0.06558158514558322,2025-11,2026-01-15,2025-11-30,0.39209129600633275,2026-05-11,2026-01-29,2026-02-02
2026-01-30,6405,all_tree,4,0.04471770941858547,2025-11,2026-01-15,2025-11-30,0.5581793480186052,2026-05-11,2026-01-29,2026-02-02
2026-01-30,2451,all_tree,5,0.033345762440706535,2025-11,2026-01-15,2025-11-30,-0.01264912128382889,2026-05-11,2026-01-29,2026-02-02
2026-01-30,2059,all_tree,6,0.03222416748000192,2025-11,2026-01-15,2025-11-30,0.38709635534168063,2026-05-11,2026-01-29,2026-02-02
2026-01-30,3231,all_tree,7,0.03194279924435879,2025-11,2026-01-15,2025-11-30,-0.2937317866008855,2026-05-11,2026-01-29,2026-02-02
2026-01-30,6139,all_tree,8,0.03180070380027369,2025-11,2026-01-15,2025-11-30,-0.160874924288829,2026-05-11,2026-01-29,2026-02-02
2026-01-30,3665,all_tree,9,0.02952294197071671,2025-11,2026-01-15,2025-11-30,0.8971143660040817,2026-05-11,2026-01-29,2026-02-02
2026-01-30,2368,all_tree,10,0.028570773771709898,2025-11,2026-01-15,2025-11-30,0.6058341445708126,2026-05-11,2026-01-29,2026-02-02
2026-01-30,2404,all_tree,11,0.02310993517220704,2025-11,2026-01-15,2025-11-30,-0.22832352338841688,2026-05-11,2026-01-29,2026-02-02
2026-01-30,5269,all_tree,12,0.020928196825455266,2025-11,2026-01-15,2025-11-30,-0.26848021737835714,2026-05-11,2026-01-29,2026-02-02
2026-01-30,1504,all_tree,13,0.009699750943148126,2025-11,2026-01-15,2025-11-30,-0.4666240759370348,2026-05-11,2026-01-29,2026-02-02
2026-01-30,2855,all_tree,14,0.005987278181787684,2025-11,2026-01-15,2025-11-30,0.1366011974760526,2026-05-11,2026-01-29,2026-02-02
2026-01-30,2887,all_tree,15,0.004507841423248635,2025-11,2026-01-15,2025-11-30,-0.33526712300263717,2026-05-11,2026-01-29,2026-02-02
2026-01-30,6155,vol20,1,0.06456442270449507,2025-11,2026-01-15,2025-11-30,-0.4245111712259555,2026-05-11,2026-01-29,2026-02-02
2026-01-30,2312,vol20,2,0.061741969024536054,2025-11,2026-01-15,2025-11-30,-0.2091786498517143,2026-05-11,2026-01-29,2026-02-02
2026-01-30,1721,vol20,3,0.060992193155637024,2025-11,2026-01-15,2025-11-30,0.413997172848813,2026-05-11,2026-01-29,2026-02-02
2026-01-30,1717,vol20,4,0.06023560106013349,2025-11,2026-01-15,2025-11-30,-0.005035901400241682,2026-05-11,2026-01-29,2026-02-02
2026-01-30,3481,vol20,5,0.05962370056412083,2025-11,2026-01-15,2025-11-30,0.17048879608981604,2026-05-11,2026-01-29,2026-02-02
2026-01-30,8476,vol20,6,0.0593287948787211,2025-11,2026-01-15,2025-11-30,-0.454246782153107,2026-05-11,2026-01-29,2026-02-02
2026-01-30,2337,vol20,7,0.05921264787145634,2025-11,2026-01-15,2025-11-30,0.45019034264056956,2026-05-11,2026-01-29,2026-02-02
2026-01-30,2408,vol20,8,0.057679011289278576,2025-11,2026-01-15,2025-11-30,-0.39860696253503014,2026-05-11,2026-01-29,2026-02-02
2026-01-30,6133,vol20,9,0.0574375696365064,2025-11,2026-01-15,2025-11-30,-0.46906443648782015,2026-05-11,2026-01-29,2026-02-02
2026-01-30,3006,vol20,10,0.05720433209796375,2025-11,2026-01-15,2025-11-30,-0.23374847960978373,2026-05-11,2026-01-29,2026-02-02
2026-01-30,4989,vol20,11,0.05639779523712849,2025-11,2026-01-15,2025-11-30,0.412525506957381,2026-05-11,2026-01-29,2026-02-02
2026-01-30,6770,vol20,12,0.05593637065707079,2025-11,2026-01-15,2025-11-30,-0.42644493962262253,2026-05-11,2026-01-29,2026-02-02
2026-01-30,2303,vol20,13,0.055904275762115166,2025-11,2026-01-15,2025-11-30,0.14658977264182504,2026-05-11,2026-01-29,2026-02-02
2026-01-30,2457,vol20,14,0.055675544509087814,2025-11,2026-01-15,2025-11-30,-0.48129636714248725,2026-05-11,2026-01-29,2026-02-02
2026-01-30,6152,vol20,15,0.0554174350270283,2025-11,2026-01-15,2025-11-30,-0.22124706631487445,2026-05-11,2026-01-29,2026-02-02
2026-01-30,8110,mom60,1,2.3179916318016613,2025-11,2026-01-15,2025-11-30,-0.6994119140093263,2026-05-11,2026-01-29,2026-02-02
2026-01-30,2485,mom60,2,2.0711610486891385,2025-11,2026-01-15,2025-11-30,0.3049640327338483,2026-05-11,2026-01-29,2026-02-02
2026-01-30,2337,mom60,3,1.960127591705819,2025-11,2026-01-15,2025-11-30,0.45019034264056956,2026-05-11,2026-01-29,2026-02-02
2026-01-30,6443,mom60,4,1.8782287822877968,2025-11,2026-01-15,2025-11-30,-0.3555569891946112,2026-05-11,2026-01-29,2026-02-02
2026-01-30,2408,mom60,5,1.3659420289791164,2025-11,2026-01-15,2025-11-30,-0.39860696253503014,2026-05-11,2026-01-29,2026-02-02
2026-01-30,3037,mom60,6,1.3318330165027472,2025-11,2026-01-15,2025-11-30,0.905577505313871,2026-05-11,2026-01-29,2026-02-02
2026-01-30,6770,mom60,7,1.3205342237107796,2025-11,2026-01-15,2025-11-30,-0.42644493962262253,2026-05-11,2026-01-29,2026-02-02
2026-01-30,2344,mom60,8,1.294642857139264,2025-11,2026-01-15,2025-11-30,-0.39745174508381287,2026-05-11,2026-01-29,2026-02-02
2026-01-30,3006,mom60,9,1.1984216459945354,2025-11,2026-01-15,2025-11-30,-0.23374847960978373,2026-05-11,2026-01-29,2026-02-02
2026-01-30,6155,mom60,10,1.1897233201587754,2025-11,2026-01-15,2025-11-30,-0.4245111712259555,2026-05-11,2026-01-29,2026-02-02
2026-01-30,8131,mom60,11,1.1351351351360104,2025-11,2026-01-15,2025-11-30,-0.48240834196951954,2026-05-11,2026-01-29,2026-02-02
2026-01-30,2451,mom60,12,1.0658914728671807,2025-11,2026-01-15,2025-11-30,-0.01264912128382889,2026-05-11,2026-01-29,2026-02-02
2026-01-30,2367,mom60,13,1.0393700787396862,2025-11,2026-01-15,2025-11-30,-0.18067742287209865,2026-05-11,2026-01-29,2026-02-02
2026-01-30,6442,mom60,14,1.0261066969387769,2025-11,2026-01-15,2025-11-30,-0.25440136530409374,2026-05-11,2026-01-29,2026-02-02
2026-01-30,2413,mom60,15,1.0101265822770098,2025-11,2026-01-15,2025-11-30,-0.20408699740022151,2026-05-11,2026-01-29,2026-02-02
2026-01-30,2528,rev_yoy,1,5.0,2025-11,2026-01-15,2025-11-30,-0.4982093492963572,2026-05-11,2026-01-29,2026-02-02
2026-01-30,2536,rev_yoy,2,5.0,2025-11,2026-01-15,2025-11-30,-0.44540322832964185,2026-05-11,2026-01-29,2026-02-02
2026-01-30,2548,rev_yoy,3,5.0,2025-11,2026-01-15,2025-11-30,-0.15182153233840712,2026-05-11,2026-01-29,2026-02-02
2026-01-30,4142,rev_yoy,4,5.0,2025-11,2026-01-15,2025-11-30,-0.4494904824078759,2026-05-11,2026-01-29,2026-02-02
2026-01-30,5522,rev_yoy,5,5.0,2025-11,2026-01-15,2025-11-30,-0.26516294707238663,2026-05-11,2026-01-29,2026-02-02
2026-01-30,6541,rev_yoy,6,5.0,2025-11,2026-01-15,2025-11-30,-0.5985557259005845,2026-05-11,2026-01-29,2026-02-02
2026-01-30,8478,rev_yoy,7,5.0,2025-11,2026-01-15,2025-11-30,-0.47999038663717664,2026-05-11,2026-01-29,2026-02-02
2026-01-30,6994,rev_yoy,8,4.571631051813284,2025-11,2026-01-15,2025-11-30,-0.6415914239532197,2026-05-11,2026-01-29,2026-02-02
2026-01-30,2236,rev_yoy,9,4.166479183148734,2025-11,2026-01-15,2025-11-30,-0.08499512603779835,2026-05-11,2026-01-29,2026-02-02
2026-01-30,7740,rev_yoy,10,4.155605024646207,2025-11,2026-01-15,2025-11-30,-0.25423546842574574,2026-05-11,2026-01-29,2026-02-02
2026-01-30,2408,rev_yoy,11,3.648935275308756,2025-11,2026-01-15,2025-11-30,-0.39860696253503014,2026-05-11,2026-01-29,2026-02-02
2026-01-30,6885,rev_yoy,12,2.3781094527363185,2025-11,2026-01-15,2025-11-30,-0.5273677251564832,2026-05-11,2026-01-29,2026-02-02
2026-01-30,3231,rev_yoy,13,1.946418823947317,2025-11,2026-01-15,2025-11-30,-0.2937317866008855,2026-05-11,2026-01-29,2026-02-02
2026-01-30,2887,rev_yoy,14,1.8719212883947107,2025-11,2026-01-15,2025-11-30,-0.33526712300263717,2026-05-11,2026-01-29,2026-02-02
2026-01-30,6139,rev_yoy,15,1.6957288535944115,2025-11,2026-01-15,2025-11-30,-0.160874924288829,2026-05-11,2026-01-29,2026-02-02
2026-02-26,6443,price_ridge,1,-0.01780926640440443,2025-12,2026-02-23,2025-12-31,-0.3880592591022908,2026-05-27,2026-02-25,2026-03-02
2026-02-26,3037,price_ridge,2,-0.04595634065800752,2025-12,2026-02-23,2025-12-31,1.0034987030037155,2026-05-27,2026-02-25,2026-03-02
2026-02-26,2330,price_ridge,3,-0.04990381777286132,2025-12,2026-02-23,2025-12-31,-0.1192099806582414,2026-05-27,2026-02-25,2026-03-02
2026-02-26,2367,price_ridge,4,-0.05705980425256298,2025-12,2026-02-23,2025-12-31,-0.20724428498494984,2026-05-27,2026-02-25,2026-03-02
2026-02-26,8110,price_ridge,5,-0.058358121084334275,2025-12,2026-02-23,2025-12-31,-0.3278962710073319,2026-05-27,2026-02-25,2026-03-02
2026-02-26,2337,price_ridge,6,-0.05838608158596172,2025-12,2026-02-23,2025-12-31,0.1608059677111804,2026-05-27,2026-02-25,2026-03-02
2026-02-26,3576,price_ridge,7,-0.05853233091009997,2025-12,2026-02-23,2025-12-31,-0.41554248117220494,2026-05-27,2026-02-25,2026-03-02
2026-02-26,6515,price_ridge,8,-0.058568444033025364,2025-12,2026-02-23,2025-12-31,0.6796006757580277,2026-05-27,2026-02-25,2026-03-02
2026-02-26,2485,price_ridge,9,-0.058575503703137174,2025-12,2026-02-23,2025-12-31,0.42818128060149796,2026-05-27,2026-02-25,2026-03-02
2026-02-26,2881,price_ridge,10,-0.05941538520937184,2025-12,2026-02-23,2025-12-31,-0.14058166962676477,2026-05-27,2026-02-25,2026-03-02
2026-02-26,2882,price_ridge,11,-0.05989097696305138,2025-12,2026-02-23,2025-12-31,-0.231293106539197,2026-05-27,2026-02-25,2026-03-02
2026-02-26,2454,price_ridge,12,-0.05993318641208742,2025-12,2026-02-23,2025-12-31,1.0581323923939945,2026-05-27,2026-02-25,2026-03-02
2026-02-26,2313,price_ridge,13,-0.06014618082614546,2025-12,2026-02-23,2025-12-31,0.12620099968931475,2026-05-27,2026-02-25,2026-03-02
2026-02-26,6431,price_ridge,14,-0.06030019684380009,2025-12,2026-02-23,2025-12-31,-0.5371485296846903,2026-05-27,2026-02-25,2026-03-02
2026-02-26,2618,price_ridge,15,-0.060403854043991324,2025-12,2026-02-23,2025-12-31,-0.35662746601567885,2026-05-27,2026-02-25,2026-03-02
2026-02-26,6177,all_ridge,1,-0.011644978476307674,2025-12,2026-02-23,2025-12-31,-0.40544868274180634,2026-05-27,2026-02-25,2026-03-02
2026-02-26,6443,all_ridge,2,-0.015790793058876748,2025-12,2026-02-23,2025-12-31,-0.3880592591022908,2026-05-27,2026-02-25,2026-03-02
2026-02-26,5007,all_ridge,3,-0.01623760575141056,2025-12,2026-02-23,2025-12-31,-0.3085967018353968,2026-05-27,2026-02-25,2026-03-02
2026-02-26,9906,all_ridge,4,-0.02082738811496098,2025-12,2026-02-23,2025-12-31,-0.4841897750874662,2026-05-27,2026-02-25,2026-03-02
2026-02-26,2442,all_ridge,5,-0.030874044021306057,2025-12,2026-02-23,2025-12-31,-0.37095386752040915,2026-05-27,2026-02-25,2026-03-02
2026-02-26,2537,all_ridge,6,-0.03342550336379535,2025-12,2026-02-23,2025-12-31,-0.39696516155565975,2026-05-27,2026-02-25,2026-03-02
2026-02-26,1436,all_ridge,7,-0.03442514850913403,2025-12,2026-02-23,2025-12-31,-0.5279524639057938,2026-05-27,2026-02-25,2026-03-02
2026-02-26,3037,all_ridge,8,-0.03794020418566894,2025-12,2026-02-23,2025-12-31,1.0034987030037155,2026-05-27,2026-02-25,2026-03-02
2026-02-26,1402,all_ridge,9,-0.04064743864854802,2025-12,2026-02-23,2025-12-31,-0.5536997087931811,2026-05-27,2026-02-25,2026-03-02
2026-02-26,3703,all_ridge,10,-0.047057991502031694,2025-12,2026-02-23,2025-12-31,-0.4047581066798941,2026-05-27,2026-02-25,2026-03-02
2026-02-26,2330,all_ridge,11,-0.04762234623744644,2025-12,2026-02-23,2025-12-31,-0.1192099806582414,2026-05-27,2026-02-25,2026-03-02
2026-02-26,4938,all_ridge,12,-0.049627861285573865,2025-12,2026-02-23,2025-12-31,-0.1829747074075998,2026-05-27,2026-02-25,2026-03-02
2026-02-26,2317,all_ridge,13,-0.05027745344790206,2025-12,2026-02-23,2025-12-31,-0.1794829305742489,2026-05-27,2026-02-25,2026-03-02
2026-02-26,2367,all_ridge,14,-0.050300421076557425,2025-12,2026-02-23,2025-12-31,-0.20724428498494984,2026-05-27,2026-02-25,2026-03-02
2026-02-26,2530,all_ridge,15,-0.05055783137267832,2025-12,2026-02-23,2025-12-31,-0.6239476395609592,2026-05-27,2026-02-25,2026-03-02
2026-02-26,6669,price_tree,1,0.057801177436293594,2025-12,2026-02-23,2025-12-31,-0.09635264481198469,2026-05-27,2026-02-25,2026-03-02
2026-02-26,3231,price_tree,2,0.037799358182146574,2025-12,2026-02-23,2025-12-31,-0.20462456505938076,2026-05-27,2026-02-25,2026-03-02
2026-02-26,1528,price_tree,3,0.02273236642520409,2025-12,2026-02-23,2025-12-31,-0.17680535278979126,2026-05-27,2026-02-25,2026-03-02
2026-02-26,3665,price_tree,4,0.014487347157859402,2025-12,2026-02-23,2025-12-31,0.21855783273392726,2026-05-27,2026-02-25,2026-03-02
2026-02-26,2330,price_tree,5,0.01041148549414708,2025-12,2026-02-23,2025-12-31,-0.1192099806582414,2026-05-27,2026-02-25,2026-03-02
2026-02-26,2059,price_tree,6,2.69151810059861e-05,2025-12,2026-02-23,2025-12-31,0.13645161551011764,2026-05-27,2026-02-25,2026-03-02
2026-02-26,6715,price_tree,7,-0.01595704309357493,2025-12,2026-02-23,2025-12-31,1.495834506540809,2026-05-27,2026-02-25,2026-03-02
2026-02-26,3661,price_tree,8,-0.016958750388151957,2025-12,2026-02-23,2025-12-31,0.012768160112445859,2026-05-27,2026-02-25,2026-03-02
2026-02-26,2449,price_tree,9,-0.023610360876299464,2025-12,2026-02-23,2025-12-31,-0.2993916949448494,2026-05-27,2026-02-25,2026-03-02
2026-02-26,2404,price_tree,10,-0.03038719916798218,2025-12,2026-02-23,2025-12-31,-0.17473641043117016,2026-05-27,2026-02-25,2026-03-02
2026-02-26,6446,price_tree,11,-0.03051777541706804,2025-12,2026-02-23,2025-12-31,-0.07927587418197146,2026-05-27,2026-02-25,2026-03-02
2026-02-26,6805,price_tree,12,-0.030618722418705294,2025-12,2026-02-23,2025-12-31,-0.29132300134736355,2026-05-27,2026-02-25,2026-03-02
2026-02-26,1466,price_tree,13,-0.03129500924993029,2025-12,2026-02-23,2025-12-31,-0.6329633072013692,2026-05-27,2026-02-25,2026-03-02
2026-02-26,4927,price_tree,14,-0.034030829622697746,2025-12,2026-02-23,2025-12-31,0.0018433952758902805,2026-05-27,2026-02-25,2026-03-02
2026-02-26,6781,price_tree,15,-0.0341199658409434,2025-12,2026-02-23,2025-12-31,-0.26306197867844583,2026-05-27,2026-02-25,2026-03-02
2026-02-26,6405,all_tree,1,0.1438022505597454,2025-12,2026-02-23,2025-12-31,1.1783465569336171,2026-05-27,2026-02-25,2026-03-02
2026-02-26,6669,all_tree,2,0.06349339257614317,2025-12,2026-02-23,2025-12-31,-0.09635264481198469,2026-05-27,2026-02-25,2026-03-02
2026-02-26,6515,all_tree,3,0.035513060668768644,2025-12,2026-02-23,2025-12-31,0.6796006757580277,2026-05-27,2026-02-25,2026-03-02
2026-02-26,4967,all_tree,4,0.028391788583113555,2025-12,2026-02-23,2025-12-31,0.04406835434679013,2026-05-27,2026-02-25,2026-03-02
2026-02-26,3665,all_tree,5,0.027801394385345592,2025-12,2026-02-23,2025-12-31,0.21855783273392726,2026-05-27,2026-02-25,2026-03-02
2026-02-26,3006,all_tree,6,0.02734180536428148,2025-12,2026-02-23,2025-12-31,0.30206393082255234,2026-05-27,2026-02-25,2026-03-02
2026-02-26,6139,all_tree,7,0.02346325671094117,2025-12,2026-02-23,2025-12-31,0.14574614780378115,2026-05-27,2026-02-25,2026-03-02
2026-02-26,6715,all_tree,8,0.017672588015031715,2025-12,2026-02-23,2025-12-31,1.495834506540809,2026-05-27,2026-02-25,2026-03-02
2026-02-26,2404,all_tree,9,0.015594359648097567,2025-12,2026-02-23,2025-12-31,-0.17473641043117016,2026-05-27,2026-02-25,2026-03-02
2026-02-26,2368,all_tree,10,0.014978059847208116,2025-12,2026-02-23,2025-12-31,0.43629507091133246,2026-05-27,2026-02-25,2026-03-02
2026-02-26,3017,all_tree,11,0.014900541512744194,2025-12,2026-02-23,2025-12-31,0.2551319307268627,2026-05-27,2026-02-25,2026-03-02
2026-02-26,3528,all_tree,12,0.01383410317964938,2025-12,2026-02-23,2025-12-31,0.18646219571400002,2026-05-27,2026-02-25,2026-03-02
2026-02-26,2382,all_tree,13,0.012456083900129585,2025-12,2026-02-23,2025-12-31,-0.23645149817569333,2026-05-27,2026-02-25,2026-03-02
2026-02-26,2330,all_tree,14,0.01022087733046872,2025-12,2026-02-23,2025-12-31,-0.1192099806582414,2026-05-27,2026-02-25,2026-03-02
2026-02-26,3231,all_tree,15,0.009111885170963186,2025-12,2026-02-23,2025-12-31,-0.20462456505938076,2026-05-27,2026-02-25,2026-03-02
2026-02-26,1471,vol20,1,0.06772717733419226,2025-12,2026-02-23,2025-12-31,-0.5268543212859794,2026-05-27,2026-02-25,2026-03-02
2026-02-26,6706,vol20,2,0.06723846034429744,2025-12,2026-02-23,2025-12-31,0.37485689840473846,2026-05-27,2026-02-25,2026-03-02
2026-02-26,2413,vol20,3,0.06716498177385363,2025-12,2026-02-23,2025-12-31,-0.38004176555392144,2026-05-27,2026-02-25,2026-03-02
2026-02-26,3308,vol20,4,0.06468359954710662,2025-12,2026-02-23,2025-12-31,-0.4690345900965689,2026-05-27,2026-02-25,2026-03-02
2026-02-26,1802,vol20,5,0.0646170258126355,2025-12,2026-02-23,2025-12-31,-0.021714461114088923,2026-05-27,2026-02-25,2026-03-02
2026-02-26,2337,vol20,6,0.06365473731735828,2025-12,2026-02-23,2025-12-31,0.1608059677111804,2026-05-27,2026-02-25,2026-03-02
2026-02-26,3006,vol20,7,0.06305756509343023,2025-12,2026-02-23,2025-12-31,0.30206393082255234,2026-05-27,2026-02-25,2026-03-02
2026-02-26,1528,vol20,8,0.06273555310901408,2025-12,2026-02-23,2025-12-31,-0.17680535278979126,2026-05-27,2026-02-25,2026-03-02
2026-02-26,2344,vol20,9,0.06212438681802047,2025-12,2026-02-23,2025-12-31,0.04362820900885889,2026-05-27,2026-02-25,2026-03-02
2026-02-26,3049,vol20,10,0.06190491645908347,2025-12,2026-02-23,2025-12-31,-0.12410723687552938,2026-05-27,2026-02-25,2026-03-02
2026-02-26,4989,vol20,11,0.061482914776146196,2025-12,2026-02-23,2025-12-31,0.37683792173935604,2026-05-27,2026-02-25,2026-03-02
2026-02-26,3028,vol20,12,0.061354374220369656,2025-12,2026-02-23,2025-12-31,0.22174721049141488,2026-05-27,2026-02-25,2026-03-02
2026-02-26,6152,vol20,13,0.06095727204517998,2025-12,2026-02-23,2025-12-31,-0.42942367321797525,2026-05-27,2026-02-25,2026-03-02
2026-02-26,6451,vol20,14,0.060635862226163996,2025-12,2026-02-23,2025-12-31,1.6727041603672574,2026-05-27,2026-02-25,2026-03-02
2026-02-26,6770,vol20,15,0.05965448309789048,2025-12,2026-02-23,2025-12-31,-0.25880108602958374,2026-05-27,2026-02-25,2026-03-02
2026-02-26,6443,mom60,1,2.6518218623516323,2025-12,2026-02-23,2025-12-31,-0.3880592591022908,2026-05-27,2026-02-25,2026-03-02
2026-02-26,3576,mom60,2,2.5247208931494347,2025-12,2026-02-23,2025-12-31,-0.41554248117220494,2026-05-27,2026-02-25,2026-03-02
2026-02-26,2337,mom60,3,2.188405797109663,2025-12,2026-02-23,2025-12-31,0.1608059677111804,2026-05-27,2026-02-25,2026-03-02
2026-02-26,3037,mom60,4,2.009375000006708,2025-12,2026-02-23,2025-12-31,1.0034987030037155,2026-05-27,2026-02-25,2026-03-02
2026-02-26,6426,mom60,5,1.946153846154962,2025-12,2026-02-23,2025-12-31,0.23962892960383142,2026-05-27,2026-02-25,2026-03-02
2026-02-26,2367,mom60,6,1.798264642087723,2025-12,2026-02-23,2025-12-31,-0.20724428498494984,2026-05-27,2026-02-25,2026-03-02
2026-02-26,2313,mom60,7,1.676701570674755,2025-12,2026-02-23,2025-12-31,0.12620099968931475,2026-05-27,2026-02-25,2026-03-02
2026-02-26,2485,mom60,8,1.6011560693641615,2025-12,2026-02-23,2025-12-31,0.42818128060149796,2026-05-27,2026-02-25,2026-03-02
2026-02-26,4764,mom60,9,1.5809523809480734,2025-12,2026-02-23,2025-12-31,1.151440479918812,2026-05-27,2026-02-25,2026-03-02
2026-02-26,3189,mom60,10,1.547130216135987,2025-12,2026-02-23,2025-12-31,1.0132458051944744,2026-05-27,2026-02-25,2026-03-02
2026-02-26,8438,mom60,11,1.4785714285728568,2025-12,2026-02-23,2025-12-31,-0.018293911948051855,2026-05-27,2026-02-25,2026-03-02
2026-02-26,2413,mom60,12,1.3966244725743242,2025-12,2026-02-23,2025-12-31,-0.38004176555392144,2026-05-27,2026-02-25,2026-03-02
2026-02-26,3138,mom60,13,1.3712574850285395,2025-12,2026-02-23,2025-12-31,-0.4459160893497903,2026-05-27,2026-02-25,2026-03-02
2026-02-26,2344,mom60,14,1.346743295018236,2025-12,2026-02-23,2025-12-31,0.04362820900885889,2026-05-27,2026-02-25,2026-03-02
2026-02-26,6770,mom60,15,1.324242424240968,2025-12,2026-02-23,2025-12-31,-0.25880108602958374,2026-05-27,2026-02-25,2026-03-02
2026-02-26,2442,rev_yoy,1,5.0,2025-12,2026-02-23,2025-12-31,-0.37095386752040915,2026-05-27,2026-02-25,2026-03-02
2026-02-26,2548,rev_yoy,2,5.0,2025-12,2026-02-23,2025-12-31,-0.18774039250737218,2026-05-27,2026-02-25,2026-03-02
2026-02-26,3535,rev_yoy,3,5.0,2025-12,2026-02-23,2025-12-31,-0.32135642231504835,2026-05-27,2026-02-25,2026-03-02
2026-02-26,6177,rev_yoy,4,5.0,2025-12,2026-02-23,2025-12-31,-0.40544868274180634,2026-05-27,2026-02-25,2026-03-02
2026-02-26,6541,rev_yoy,5,5.0,2025-12,2026-02-23,2025-12-31,-0.520788879150548,2026-05-27,2026-02-25,2026-03-02
2026-02-26,6885,rev_yoy,6,5.0,2025-12,2026-02-23,2025-12-31,-0.5447069827303684,2026-05-27,2026-02-25,2026-03-02
2026-02-26,7740,rev_yoy,7,5.0,2025-12,2026-02-23,2025-12-31,-0.38495901585789905,2026-05-27,2026-02-25,2026-03-02
2026-02-26,8478,rev_yoy,8,5.0,2025-12,2026-02-23,2025-12-31,-0.42654570186650387,2026-05-27,2026-02-25,2026-03-02
2026-02-26,6994,rev_yoy,9,4.7232558883117415,2025-12,2026-02-23,2025-12-31,-0.6143725775300991,2026-05-27,2026-02-25,2026-03-02
2026-02-26,5484,rev_yoy,10,4.71575860764283,2025-12,2026-02-23,2025-12-31,-0.04785666134573985,2026-05-27,2026-02-25,2026-03-02
2026-02-26,2408,rev_yoy,11,4.448650844605011,2025-12,2026-02-23,2025-12-31,-0.14407496158918187,2026-05-27,2026-02-25,2026-03-02
2026-02-26,5522,rev_yoy,12,4.0791538508133725,2025-12,2026-02-23,2025-12-31,-0.24863319064641054,2026-05-27,2026-02-25,2026-03-02
2026-02-26,3308,rev_yoy,13,3.0621242484969944,2025-12,2026-02-23,2025-12-31,-0.4690345900965689,2026-05-27,2026-02-25,2026-03-02
2026-02-26,2451,rev_yoy,14,2.419780094417807,2025-12,2026-02-23,2025-12-31,0.2741690849879517,2026-05-27,2026-02-25,2026-03-02
2026-02-26,2542,rev_yoy,15,2.3376310519076027,2025-12,2026-02-23,2025-12-31,-0.1616957958609746,2026-05-27,2026-02-25,2026-03-02
2026-03-31,2367,price_ridge,1,-0.04890984004676027,2026-01,2026-03-18,2026-01-31,-0.7024184456925313,2026-06-29,2026-03-30,2026-04-01
2026-03-31,2337,price_ridge,2,-0.049654748294061496,2026-01,2026-03-18,2026-01-31,-0.1446171228398212,2026-06-29,2026-03-30,2026-04-01
2026-03-31,2330,price_ridge,3,-0.05427376836143817,2026-01,2026-03-18,2026-01-31,-0.12150110883891885,2026-06-29,2026-03-30,2026-04-01
2026-03-31,6515,price_ridge,4,-0.05443237117212486,2026-01,2026-03-18,2026-01-31,-0.3806213033476542,2026-06-29,2026-03-30,2026-04-01
2026-03-31,3481,price_ridge,5,-0.05555935208425922,2026-01,2026-03-18,2026-01-31,1.3006999612223895,2026-06-29,2026-03-30,2026-04-01
2026-03-31,2313,price_ridge,6,-0.06051870322387308,2026-01,2026-03-18,2026-01-31,-0.5623086197561578,2026-06-29,2026-03-30,2026-04-01
2026-03-31,2412,price_ridge,7,-0.06067362885019583,2026-01,2026-03-18,2026-01-31,-0.34963830361590675,2026-06-29,2026-03-30,2026-04-01
2026-03-31,3045,price_ridge,8,-0.06210316568876192,2026-01,2026-03-18,2026-01-31,-0.3271307785299111,2026-06-29,2026-03-30,2026-04-01
2026-03-31,2454,price_ridge,9,-0.06212403441613527,2026-01,2026-03-18,2026-01-31,1.0902242035679892,2026-06-29,2026-03-30,2026-04-01
2026-03-31,3189,price_ridge,10,-0.06269736362667272,2026-01,2026-03-18,2026-01-31,0.9872008659339917,2026-06-29,2026-03-30,2026-04-01
2026-03-31,2344,price_ridge,11,-0.06305897632872234,2026-01,2026-03-18,2026-01-31,0.6650680290721414,2026-06-29,2026-03-30,2026-04-01
2026-03-31,2027,price_ridge,12,-0.06347578748912838,2026-01,2026-03-18,2026-01-31,-0.325167215635757,2026-06-29,2026-03-30,2026-04-01
2026-03-31,2409,price_ridge,13,-0.06372398926640793,2026-01,2026-03-18,2026-01-31,0.5953561566856129,2026-06-29,2026-03-30,2026-04-01
2026-03-31,2382,price_ridge,14,-0.06408006917399474,2026-01,2026-03-18,2026-01-31,-0.13404054804735632,2026-06-29,2026-03-30,2026-04-01
2026-03-31,8438,price_ridge,15,-0.06473958045916907,2026-01,2026-03-18,2026-01-31,-0.037886463668988624,2026-06-29,2026-03-30,2026-04-01
2026-03-31,8926,all_ridge,1,-0.031277528628774476,2026-01,2026-03-18,2026-01-31,0.3314807345866764,2026-06-29,2026-03-30,2026-04-01
2026-03-31,9908,all_ridge,2,-0.042341908896527385,2026-01,2026-03-18,2026-01-31,-0.41827604552950204,2026-06-29,2026-03-30,2026-04-01
2026-03-31,6515,all_ridge,3,-0.04254313483287965,2026-01,2026-03-18,2026-01-31,-0.3806213033476542,2026-06-29,2026-03-30,2026-04-01
2026-03-31,2367,all_ridge,4,-0.04258497043353897,2026-01,2026-03-18,2026-01-31,-0.7024184456925313,2026-06-29,2026-03-30,2026-04-01
2026-03-31,2337,all_ridge,5,-0.04692290090384339,2026-01,2026-03-18,2026-01-31,-0.1446171228398212,2026-06-29,2026-03-30,2026-04-01
2026-03-31,9925,all_ridge,6,-0.048556487946360166,2026-01,2026-03-18,2026-01-31,-0.4156288580696864,2026-06-29,2026-03-30,2026-04-01
2026-03-31,4904,all_ridge,7,-0.053150283056184626,2026-01,2026-03-18,2026-01-31,-0.26839708276445196,2026-06-29,2026-03-30,2026-04-01
2026-03-31,3481,all_ridge,8,-0.05458652158889353,2026-01,2026-03-18,2026-01-31,1.3006999612223895,2026-06-29,2026-03-30,2026-04-01
2026-03-31,2027,all_ridge,9,-0.056638464887376117,2026-01,2026-03-18,2026-01-31,-0.325167215635757,2026-06-29,2026-03-30,2026-04-01
2026-03-31,9907,all_ridge,10,-0.05679780787426564,2026-01,2026-03-18,2026-01-31,-0.5201282769919735,2026-06-29,2026-03-30,2026-04-01
2026-03-31,6550,all_ridge,11,-0.05695912594120214,2026-01,2026-03-18,2026-01-31,-0.7169398701259714,2026-06-29,2026-03-30,2026-04-01
2026-03-31,2454,all_ridge,12,-0.057173313486001985,2026-01,2026-03-18,2026-01-31,1.0902242035679892,2026-06-29,2026-03-30,2026-04-01
2026-03-31,3189,all_ridge,13,-0.058168264633983044,2026-01,2026-03-18,2026-01-31,0.9872008659339917,2026-06-29,2026-03-30,2026-04-01
2026-03-31,6770,all_ridge,14,-0.0581782716011608,2026-01,2026-03-18,2026-01-31,-0.030235029499811494,2026-06-29,2026-03-30,2026-04-01
2026-03-31,8464,all_ridge,15,-0.059223936997234425,2026-01,2026-03-18,2026-01-31,-0.3895836110550943,2026-06-29,2026-03-30,2026-04-01
2026-03-31,6861,price_tree,1,0.0678702656298017,2026-01,2026-03-18,2026-01-31,1.0054822306869773,2026-06-29,2026-03-30,2026-04-01
2026-03-31,3661,price_tree,2,0.06696258266507867,2026-01,2026-03-18,2026-01-31,0.08188251152928494,2026-06-29,2026-03-30,2026-04-01
2026-03-31,2301,price_tree,3,0.0006282030801093101,2026-01,2026-03-18,2026-01-31,0.02347143994125278,2026-06-29,2026-03-30,2026-04-01
2026-03-31,2404,price_tree,4,-0.0035265141240151798,2026-01,2026-03-18,2026-01-31,0.16929603391028358,2026-06-29,2026-03-30,2026-04-01
2026-03-31,3092,price_tree,5,-0.009947503613780275,2026-01,2026-03-18,2026-01-31,-0.3895382206251443,2026-06-29,2026-03-30,2026-04-01
2026-03-31,6152,price_tree,6,-0.010921569000064066,2026-01,2026-03-18,2026-01-31,-0.5859897796017177,2026-06-29,2026-03-30,2026-04-01
2026-03-31,8210,price_tree,7,-0.011711456370087999,2026-01,2026-03-18,2026-01-31,-0.04070456356276431,2026-06-29,2026-03-30,2026-04-01
2026-03-31,3231,price_tree,8,-0.012259440452050309,2026-01,2026-03-18,2026-01-31,-0.1857688240397124,2026-06-29,2026-03-30,2026-04-01
2026-03-31,3049,price_tree,9,-0.013748148321476741,2026-01,2026-03-18,2026-01-31,-0.2807341374870611,2026-06-29,2026-03-30,2026-04-01
2026-03-31,1519,price_tree,10,-0.018180768505390625,2026-01,2026-03-18,2026-01-31,-0.4573748754401097,2026-06-29,2026-03-30,2026-04-01
2026-03-31,6669,price_tree,11,-0.023173495073074337,2026-01,2026-03-18,2026-01-31,-0.038358778680777306,2026-06-29,2026-03-30,2026-04-01
2026-03-31,8271,price_tree,12,-0.02550468724667442,2026-01,2026-03-18,2026-01-31,-0.0224831411983768,2026-06-29,2026-03-30,2026-04-01
2026-03-31,1504,price_tree,13,-0.029405717342752696,2026-01,2026-03-18,2026-01-31,-0.27310996236123475,2026-06-29,2026-03-30,2026-04-01
2026-03-31,8110,price_tree,14,-0.03060200223862517,2026-01,2026-03-18,2026-01-31,-0.32121152971675104,2026-06-29,2026-03-30,2026-04-01
2026-03-31,6443,price_tree,15,-0.03217981279454756,2026-01,2026-03-18,2026-01-31,-0.5958249869736307,2026-06-29,2026-03-30,2026-04-01
2026-03-31,2360,all_tree,1,0.03832158807004428,2026-01,2026-03-18,2026-01-31,-0.04326169115653311,2026-06-29,2026-03-30,2026-04-01
2026-03-31,6669,all_tree,2,0.03788605143966705,2026-01,2026-03-18,2026-01-31,-0.038358778680777306,2026-06-29,2026-03-30,2026-04-01
2026-03-31,6949,all_tree,3,0.025751166658379752,2026-01,2026-03-18,2026-01-31,0.11185452744594482,2026-06-29,2026-03-30,2026-04-01
2026-03-31,1528,all_tree,4,0.012217410671971185,2026-01,2026-03-18,2026-01-31,-0.5651083217205187,2026-06-29,2026-03-30,2026-04-01
2026-03-31,7740,all_tree,5,0.010212050552124324,2026-01,2026-03-18,2026-01-31,-0.584162286653938,2026-06-29,2026-03-30,2026-04-01
2026-03-31,2535,all_tree,6,0.007167071519996726,2026-01,2026-03-18,2026-01-31,-0.028872071033557045,2026-06-29,2026-03-30,2026-04-01
2026-03-31,6531,all_tree,7,-0.0012335489415916522,2026-01,2026-03-18,2026-01-31,0.709506526719418,2026-06-29,2026-03-30,2026-04-01
2026-03-31,2345,all_tree,8,-0.00449147295498019,2026-01,2026-03-18,2026-01-31,0.06044558072227213,2026-06-29,2026-03-30,2026-04-01
2026-03-31,6405,all_tree,9,-0.005621686710927089,2026-01,2026-03-18,2026-01-31,0.5162132397708263,2026-06-29,2026-03-30,2026-04-01
2026-03-31,6715,all_tree,10,-0.006305324127960655,2026-01,2026-03-18,2026-01-31,-0.16522881506425469,2026-06-29,2026-03-30,2026-04-01
2026-03-31,2404,all_tree,11,-0.008433621011555845,2026-01,2026-03-18,2026-01-31,0.16929603391028358,2026-06-29,2026-03-30,2026-04-01
2026-03-31,6861,all_tree,12,-0.010082517471591645,2026-01,2026-03-18,2026-01-31,1.0054822306869773,2026-06-29,2026-03-30,2026-04-01
2026-03-31,3167,all_tree,13,-0.010285868868068787,2026-01,2026-03-18,2026-01-31,0.5287003955252474,2026-06-29,2026-03-30,2026-04-01
2026-03-31,6805,all_tree,14,-0.011104850444899355,2026-01,2026-03-18,2026-01-31,-0.5304388618955124,2026-06-29,2026-03-30,2026-04-01
2026-03-31,6139,all_tree,15,-0.013925900840292594,2026-01,2026-03-18,2026-01-31,0.325750559429012,2026-06-29,2026-03-30,2026-04-01
2026-03-31,6426,vol20,1,0.08042763161621479,2026-01,2026-03-18,2026-01-31,-0.08490038461270366,2026-06-29,2026-03-30,2026-04-01
2026-03-31,2337,vol20,2,0.07757047523209473,2026-01,2026-03-18,2026-01-31,-0.1446171228398212,2026-06-29,2026-03-30,2026-04-01
2026-03-31,3049,vol20,3,0.07726504641239497,2026-01,2026-03-18,2026-01-31,-0.2807341374870611,2026-06-29,2026-03-30,2026-04-01
2026-03-31,6141,vol20,4,0.0770377477809818,2026-01,2026-03-18,2026-01-31,0.4438300268536153,2026-06-29,2026-03-30,2026-04-01
2026-03-31,8271,vol20,5,0.07690837080869771,2026-01,2026-03-18,2026-01-31,-0.0224831411983768,2026-06-29,2026-03-30,2026-04-01
2026-03-31,3006,vol20,6,0.07678058785840794,2026-01,2026-03-18,2026-01-31,-0.004758173966083357,2026-06-29,2026-03-30,2026-04-01
2026-03-31,3054,vol20,7,0.07523905512151616,2026-01,2026-03-18,2026-01-31,-0.5285534467660304,2026-06-29,2026-03-30,2026-04-01
2026-03-31,2616,vol20,8,0.07520846462656423,2026-01,2026-03-18,2026-01-31,-0.599949276628418,2026-06-29,2026-03-30,2026-04-01
2026-03-31,6451,vol20,9,0.07387564508201268,2026-01,2026-03-18,2026-01-31,0.34445518784636575,2026-06-29,2026-03-30,2026-04-01
2026-03-31,6715,vol20,10,0.07378243125047977,2026-01,2026-03-18,2026-01-31,-0.16522881506425469,2026-06-29,2026-03-30,2026-04-01
2026-03-31,3037,vol20,11,0.07280912266264863,2026-01,2026-03-18,2026-01-31,0.5921345996885263,2026-06-29,2026-03-30,2026-04-01
2026-03-31,2408,vol20,12,0.071875616018996,2026-01,2026-03-18,2026-01-31,0.71547796403974,2026-06-29,2026-03-30,2026-04-01
2026-03-31,3167,vol20,13,0.07136223215802276,2026-01,2026-03-18,2026-01-31,0.5287003955252474,2026-06-29,2026-03-30,2026-04-01
2026-03-31,2426,vol20,14,0.06999260435529646,2026-01,2026-03-18,2026-01-31,0.8514864077893098,2026-06-29,2026-03-30,2026-04-01
2026-03-31,1735,vol20,15,0.06952752160421433,2026-01,2026-03-18,2026-01-31,-0.5052903288059895,2026-06-29,2026-03-30,2026-04-01
2026-03-31,6715,mom60,1,2.1199596774287826,2026-01,2026-03-18,2026-01-31,-0.16522881506425469,2026-06-29,2026-03-30,2026-04-01
2026-03-31,2337,mom60,2,2.000000000002419,2026-01,2026-03-18,2026-01-31,-0.1446171228398212,2026-06-29,2026-03-30,2026-04-01
2026-03-31,6515,mom60,3,1.7659574468106873,2026-01,2026-03-18,2026-01-31,-0.3806213033476542,2026-06-29,2026-03-30,2026-04-01
2026-03-31,2485,mom60,4,1.7167235494880542,2026-01,2026-03-18,2026-01-31,-0.7681263267442389,2026-06-29,2026-03-30,2026-04-01
2026-03-31,6830,mom60,5,1.6714285714270574,2026-01,2026-03-18,2026-01-31,-0.41276738046089234,2026-06-29,2026-03-30,2026-04-01
2026-03-31,2367,mom60,6,1.6486486486522578,2026-01,2026-03-18,2026-01-31,-0.7024184456925313,2026-06-29,2026-03-30,2026-04-01
2026-03-31,2313,mom60,7,1.4433497536972038,2026-01,2026-03-18,2026-01-31,-0.5623086197561578,2026-06-29,2026-03-30,2026-04-01
2026-03-31,3054,mom60,8,1.436036036036036,2026-01,2026-03-18,2026-01-31,-0.5285534467660304,2026-06-29,2026-03-30,2026-04-01
2026-03-31,8438,mom60,9,1.3327674023735416,2026-01,2026-03-18,2026-01-31,-0.037886463668988624,2026-06-29,2026-03-30,2026-04-01
2026-03-31,3576,mom60,10,1.3326015367774389,2026-01,2026-03-18,2026-01-31,-0.6642229578796768,2026-06-29,2026-03-30,2026-04-01
2026-03-31,3189,mom60,11,1.2948255763622831,2026-01,2026-03-18,2026-01-31,0.9872008659339917,2026-06-29,2026-03-30,2026-04-01
2026-03-31,8046,mom60,12,1.184100418411639,2026-01,2026-03-18,2026-01-31,0.5061539457757767,2026-06-29,2026-03-30,2026-04-01
2026-03-31,6861,mom60,13,1.1724137930986407,2026-01,2026-03-18,2026-01-31,1.0054822306869773,2026-06-29,2026-03-30,2026-04-01
2026-03-31,3037,mom60,14,1.0626450115989066,2026-01,2026-03-18,2026-01-31,0.5921345996885263,2026-06-29,2026-03-30,2026-04-01
2026-03-31,1309,mom60,15,1.013100436672484,2026-01,2026-03-18,2026-01-31,-0.752893635525516,2026-06-29,2026-03-30,2026-04-01
2026-03-31,2408,rev_yoy,1,5.0,2026-01,2026-03-18,2026-01-31,0.71547796403974,2026-06-29,2026-03-30,2026-04-01
2026-03-31,2542,rev_yoy,2,5.0,2026-01,2026-03-18,2026-01-31,-0.18061314393435612,2026-06-29,2026-03-30,2026-04-01
2026-03-31,2548,rev_yoy,3,5.0,2026-01,2026-03-18,2026-01-31,-0.5079438879579209,2026-06-29,2026-03-30,2026-04-01
2026-03-31,3535,rev_yoy,4,5.0,2026-01,2026-03-18,2026-01-31,-0.39050471578630885,2026-06-29,2026-03-30,2026-04-01
2026-03-31,5522,rev_yoy,5,5.0,2026-01,2026-03-18,2026-01-31,-0.44104895973222114,2026-06-29,2026-03-30,2026-04-01
2026-03-31,6177,rev_yoy,6,5.0,2026-01,2026-03-18,2026-01-31,-0.44802135015210043,2026-06-29,2026-03-30,2026-04-01
2026-03-31,6550,rev_yoy,7,5.0,2026-01,2026-03-18,2026-01-31,-0.7169398701259714,2026-06-29,2026-03-30,2026-04-01
2026-03-31,7740,rev_yoy,8,5.0,2026-01,2026-03-18,2026-01-31,-0.584162286653938,2026-06-29,2026-03-30,2026-04-01
2026-03-31,8926,rev_yoy,9,5.0,2026-01,2026-03-18,2026-01-31,0.3314807345866764,2026-06-29,2026-03-30,2026-04-01
2026-03-31,9906,rev_yoy,10,5.0,2026-01,2026-03-18,2026-01-31,-0.43220375878712736,2026-06-29,2026-03-30,2026-04-01
2026-03-31,1618,rev_yoy,11,4.525355319984295,2026-01,2026-03-18,2026-01-31,-0.3559914853374819,2026-06-29,2026-03-30,2026-04-01
2026-03-31,2451,rev_yoy,12,4.406093491992468,2026-01,2026-03-18,2026-01-31,-0.15590689383207423,2026-06-29,2026-03-30,2026-04-01
2026-03-31,6541,rev_yoy,13,4.2888822295474975,2026-01,2026-03-18,2026-01-31,-0.4434234340536578,2026-06-29,2026-03-30,2026-04-01
2026-03-31,2539,rev_yoy,14,3.97670149675233,2026-01,2026-03-18,2026-01-31,-0.592632297918967,2026-06-29,2026-03-30,2026-04-01
2026-03-31,2855,rev_yoy,15,3.734942682025066,2026-01,2026-03-18,2026-01-31,0.20000181962730346,2026-06-29,2026-03-30,2026-04-01
2026-04-30,6861,price_ridge,1,-0.0016975212852721883,2026-02,2026-04-15,2026-02-28,-0.5117298807137067,2026-07-28,2026-04-29,2026-05-04
2026-04-30,6830,price_ridge,2,-0.013123895301998631,2026-02,2026-04-15,2026-02-28,-0.6629548865472347,2026-07-28,2026-04-29,2026-05-04
2026-04-30,6715,price_ridge,3,-0.03403679390828515,2026-02,2026-04-15,2026-02-28,-0.2011309054346746,2026-07-28,2026-04-29,2026-05-04
2026-04-30,3189,price_ridge,4,-0.040625520992308095,2026-02,2026-04-15,2026-02-28,0.10147194759838563,2026-07-28,2026-04-29,2026-05-04
2026-04-30,3167,price_ridge,5,-0.04118979277527137,2026-02,2026-04-15,2026-02-28,-0.4466127337652016,2026-07-28,2026-04-29,2026-05-04
2026-04-30,2486,price_ridge,6,-0.04241378157852901,2026-02,2026-04-15,2026-02-28,-0.3347058769071094,2026-07-28,2026-04-29,2026-05-04
2026-04-30,2383,price_ridge,7,-0.04489757485219831,2026-02,2026-04-15,2026-02-28,-0.11407419032442034,2026-07-28,2026-04-29,2026-05-04
2026-04-30,3037,price_ridge,8,-0.04573802039957517,2026-02,2026-04-15,2026-02-28,-0.23042576547212446,2026-07-28,2026-04-29,2026-05-04
2026-04-30,6515,price_ridge,9,-0.04755494958352706,2026-02,2026-04-15,2026-02-28,-0.511770725158528,2026-07-28,2026-04-29,2026-05-04
2026-04-30,8046,price_ridge,10,-0.047669895540421565,2026-02,2026-04-15,2026-02-28,-0.11287719617473047,2026-07-28,2026-04-29,2026-05-04
2026-04-30,3563,price_ridge,11,-0.05449656030493488,2026-02,2026-04-15,2026-02-28,-0.3360255587642721,2026-07-28,2026-04-29,2026-05-04
2026-04-30,4958,price_ridge,12,-0.05523279167665919,2026-02,2026-04-15,2026-02-28,-0.06911585989568003,2026-07-28,2026-04-29,2026-05-04
2026-04-30,3017,price_ridge,13,-0.05524599201885779,2026-02,2026-04-15,2026-02-28,-0.30160784261606577,2026-07-28,2026-04-29,2026-05-04
2026-04-30,3665,price_ridge,14,-0.055496269680171476,2026-02,2026-04-15,2026-02-28,-0.3112485380180965,2026-07-28,2026-04-29,2026-05-04
2026-04-30,6426,price_ridge,15,-0.055866253763918086,2026-02,2026-04-15,2026-02-28,-0.3442192390289409,2026-07-28,2026-04-29,2026-05-04
2026-04-30,6861,all_ridge,1,-0.0033287429798226215,2026-02,2026-04-15,2026-02-28,-0.5117298807137067,2026-07-28,2026-04-29,2026-05-04
2026-04-30,2440,all_ridge,2,-0.011554345561726964,2026-02,2026-04-15,2026-02-28,-0.24892116906998318,2026-07-28,2026-04-29,2026-05-04
2026-04-30,2465,all_ridge,3,-0.012995929357641614,2026-02,2026-04-15,2026-02-28,-0.09179594476700659,2026-07-28,2026-04-29,2026-05-04
2026-04-30,6830,all_ridge,4,-0.01990747160917887,2026-02,2026-04-15,2026-02-28,-0.6629548865472347,2026-07-28,2026-04-29,2026-05-04
2026-04-30,2545,all_ridge,5,-0.028527955278839834,2026-02,2026-04-15,2026-02-28,-0.129995367915549,2026-07-28,2026-04-29,2026-05-04
2026-04-30,3167,all_ridge,6,-0.03545691178021561,2026-02,2026-04-15,2026-02-28,-0.4466127337652016,2026-07-28,2026-04-29,2026-05-04
2026-04-30,6715,all_ridge,7,-0.04153146391391435,2026-02,2026-04-15,2026-02-28,-0.2011309054346746,2026-07-28,2026-04-29,2026-05-04
2026-04-30,2442,all_ridge,8,-0.04393594288135248,2026-02,2026-04-15,2026-02-28,-0.034745638651961785,2026-07-28,2026-04-29,2026-05-04
2026-04-30,2383,all_ridge,9,-0.044119754209006934,2026-02,2026-04-15,2026-02-28,-0.11407419032442034,2026-07-28,2026-04-29,2026-05-04
2026-04-30,4919,all_ridge,10,-0.04664171900892841,2026-02,2026-04-15,2026-02-28,-0.2712039016110963,2026-07-28,2026-04-29,2026-05-04
2026-04-30,2348,all_ridge,11,-0.04818859787062766,2026-02,2026-04-15,2026-02-28,0.003958348043845872,2026-07-28,2026-04-29,2026-05-04
2026-04-30,8046,all_ridge,12,-0.048201369012019595,2026-02,2026-04-15,2026-02-28,-0.11287719617473047,2026-07-28,2026-04-29,2026-05-04
2026-04-30,6278,all_ridge,13,-0.04867923169766413,2026-02,2026-04-15,2026-02-28,-0.21684353928469613,2026-07-28,2026-04-29,2026-05-04
2026-04-30,4958,all_ridge,14,-0.04985263166272886,2026-02,2026-04-15,2026-02-28,-0.06911585989568003,2026-07-28,2026-04-29,2026-05-04
2026-04-30,6515,all_ridge,15,-0.05144624942657547,2026-02,2026-04-15,2026-02-28,-0.511770725158528,2026-07-28,2026-04-29,2026-05-04
2026-04-30,1519,price_tree,1,0.06365834636816185,2026-02,2026-04-15,2026-02-28,-0.33730707537763105,2026-07-28,2026-04-29,2026-05-04
2026-04-30,6770,price_tree,2,0.043216484560046425,2026-02,2026-04-15,2026-02-28,-0.01449715362756887,2026-07-28,2026-04-29,2026-05-04
2026-04-30,2485,price_tree,3,0.03186958286948798,2026-02,2026-04-15,2026-02-28,-0.44459667036009665,2026-07-28,2026-04-29,2026-05-04
2026-04-30,6239,price_tree,4,0.00758907155143959,2026-02,2026-04-15,2026-02-28,0.133448968047311,2026-07-28,2026-04-29,2026-05-04
2026-04-30,2301,price_tree,5,-0.0023477507115852196,2026-02,2026-04-15,2026-02-28,0.07655906681604718,2026-07-28,2026-04-29,2026-05-04
2026-04-30,2367,price_tree,6,-0.006925460724050656,2026-02,2026-04-15,2026-02-28,-0.40724861557653036,2026-07-28,2026-04-29,2026-05-04
2026-04-30,3702,price_tree,7,-0.01651916775665614,2026-02,2026-04-15,2026-02-28,-0.005503287704683002,2026-07-28,2026-04-29,2026-05-04
2026-04-30,2308,price_tree,8,-0.01663046396706486,2026-02,2026-04-15,2026-02-28,-0.3618736252792716,2026-07-28,2026-04-29,2026-05-04
2026-04-30,2404,price_tree,9,-0.018223702251375904,2026-02,2026-04-15,2026-02-28,0.0033056827244763998,2026-07-28,2026-04-29,2026-05-04
2026-04-30,1477,price_tree,10,-0.030874636661663336,2026-02,2026-04-15,2026-02-28,-0.05843394277532166,2026-07-28,2026-04-29,2026-05-04
2026-04-30,1587,price_tree,11,-0.035354384205103985,2026-02,2026-04-15,2026-02-28,-0.30060830691052576,2026-07-28,2026-04-29,2026-05-04
2026-04-30,6789,price_tree,12,-0.035494890762870386,2026-02,2026-04-15,2026-02-28,-0.34293107174770265,2026-07-28,2026-04-29,2026-05-04
2026-04-30,1717,price_tree,13,-0.035661787999725546,2026-02,2026-04-15,2026-02-28,-0.33808740178173,2026-07-28,2026-04-29,2026-05-04
2026-04-30,1522,price_tree,14,-0.03581983145684524,2026-02,2026-04-15,2026-02-28,-0.14248570746832123,2026-07-28,2026-04-29,2026-05-04
2026-04-30,3231,price_tree,15,-0.038535797390823655,2026-02,2026-04-15,2026-02-28,0.19584461418135723,2026-07-28,2026-04-29,2026-05-04
2026-04-30,6405,all_tree,1,0.08549510289229922,2026-02,2026-04-15,2026-02-28,-0.423667271487448,2026-07-28,2026-04-29,2026-05-04
2026-04-30,4989,all_tree,2,0.03140063376290365,2026-02,2026-04-15,2026-02-28,-0.5358320901855315,2026-07-28,2026-04-29,2026-05-04
2026-04-30,6669,all_tree,3,0.029116594413548847,2026-02,2026-04-15,2026-02-28,0.08863508840476686,2026-07-28,2026-04-29,2026-05-04
2026-04-30,2404,all_tree,4,0.020178691657535015,2026-02,2026-04-15,2026-02-28,0.0033056827244763998,2026-07-28,2026-04-29,2026-05-04
2026-04-30,2388,all_tree,5,0.013339658861234865,2026-02,2026-04-15,2026-02-28,-0.22842031988805267,2026-07-28,2026-04-29,2026-05-04
2026-04-30,3231,all_tree,6,0.012465849898745059,2026-02,2026-04-15,2026-02-28,0.19584461418135723,2026-07-28,2026-04-29,2026-05-04
2026-04-30,4967,all_tree,7,0.0076945611449903755,2026-02,2026-04-15,2026-02-28,-0.3389672618033893,2026-07-28,2026-04-29,2026-05-04
2026-04-30,6139,all_tree,8,0.0065347066756881456,2026-02,2026-04-15,2026-02-28,-0.03615561461878691,2026-07-28,2026-04-29,2026-05-04
2026-04-30,1504,all_tree,9,0.005117200713257965,2026-02,2026-04-15,2026-02-28,-0.04739671031291204,2026-07-28,2026-04-29,2026-05-04
2026-04-30,1477,all_tree,10,-0.00498206028339315,2026-02,2026-04-15,2026-02-28,-0.05843394277532166,2026-07-28,2026-04-29,2026-05-04
2026-04-30,8110,all_tree,11,-0.0065612721848279125,2026-02,2026-04-15,2026-02-28,-0.21395754842729253,2026-07-28,2026-04-29,2026-05-04
2026-04-30,2308,all_tree,12,-0.007106809213615199,2026-02,2026-04-15,2026-02-28,-0.3618736252792716,2026-07-28,2026-04-29,2026-05-04
2026-04-30,6239,all_tree,13,-0.0073106534276210266,2026-02,2026-04-15,2026-02-28,0.133448968047311,2026-07-28,2026-04-29,2026-05-04
2026-04-30,3056,all_tree,14,-0.0075824920802022916,2026-02,2026-04-15,2026-02-28,-0.025802638243793696,2026-07-28,2026-04-29,2026-05-04
2026-04-30,2360,all_tree,15,-0.016853330546664207,2026-02,2026-04-15,2026-02-28,-0.20649498749335926,2026-07-28,2026-04-29,2026-05-04
2026-04-30,4960,vol20,1,0.072068177504907,2026-02,2026-04-15,2026-02-28,-0.5760295319537286,2026-07-28,2026-04-29,2026-05-04
2026-04-30,6830,vol20,2,0.0713045814775092,2026-02,2026-04-15,2026-02-28,-0.6629548865472347,2026-07-28,2026-04-29,2026-05-04
2026-04-30,6451,vol20,3,0.06949395396757335,2026-02,2026-04-15,2026-02-28,-0.2349470883032676,2026-07-28,2026-04-29,2026-05-04
2026-04-30,3054,vol20,4,0.06929887533880377,2026-02,2026-04-15,2026-02-28,-0.29504909536107193,2026-07-28,2026-04-29,2026-05-04
2026-04-30,3714,vol20,5,0.06740457840428879,2026-02,2026-04-15,2026-02-28,-0.4101538831496182,2026-07-28,2026-04-29,2026-05-04
2026-04-30,2337,vol20,6,0.06701138485718966,2026-02,2026-04-15,2026-02-28,-0.3658409896204191,2026-07-28,2026-04-29,2026-05-04
2026-04-30,3437,vol20,7,0.06640575412240018,2026-02,2026-04-15,2026-02-28,-0.45151992468929325,2026-07-28,2026-04-29,2026-05-04
2026-04-30,1721,vol20,8,0.06634308216166918,2026-02,2026-04-15,2026-02-28,-0.2728567137121156,2026-07-28,2026-04-29,2026-05-04
2026-04-30,2426,vol20,9,0.06576374875946892,2026-02,2026-04-15,2026-02-28,-0.12307655266393391,2026-07-28,2026-04-29,2026-05-04
2026-04-30,1711,vol20,10,0.0653333752902565,2026-02,2026-04-15,2026-02-28,-0.4997065754419421,2026-07-28,2026-04-29,2026-05-04
2026-04-30,2489,vol20,11,0.06516134560878799,2026-02,2026-04-15,2026-02-28,-0.39812305411484983,2026-07-28,2026-04-29,2026-05-04
2026-04-30,3026,vol20,12,0.06476463047150821,2026-02,2026-04-15,2026-02-28,1.3715490927802692,2026-07-28,2026-04-29,2026-05-04
2026-04-30,6226,vol20,13,0.06434619631394557,2026-02,2026-04-15,2026-02-28,0.5383945328295334,2026-07-28,2026-04-29,2026-05-04
2026-04-30,6715,vol20,14,0.06391488076790838,2026-02,2026-04-15,2026-02-28,-0.2011309054346746,2026-07-28,2026-04-29,2026-05-04
2026-04-30,6426,vol20,15,0.06312178239413364,2026-02,2026-04-15,2026-02-28,-0.3442192390289409,2026-07-28,2026-04-29,2026-05-04
2026-04-30,6861,mom60,1,3.9999999999928333,2026-02,2026-04-15,2026-02-28,-0.5117298807137067,2026-07-28,2026-04-29,2026-05-04
2026-04-30,6830,mom60,2,3.769108853819608,2026-02,2026-04-15,2026-02-28,-0.6629548865472347,2026-07-28,2026-04-29,2026-05-04
2026-04-30,3167,mom60,3,2.852348993291351,2026-02,2026-04-15,2026-02-28,-0.4466127337652016,2026-07-28,2026-04-29,2026-05-04
2026-04-30,6715,mom60,4,2.6244343891256516,2026-02,2026-04-15,2026-02-28,-0.2011309054346746,2026-07-28,2026-04-29,2026-05-04
2026-04-30,2426,mom60,5,2.0157894736861723,2026-02,2026-04-15,2026-02-28,-0.12307655266393391,2026-07-28,2026-04-29,2026-05-04
2026-04-30,6451,mom60,6,1.835526315794037,2026-02,2026-04-15,2026-02-28,-0.2349470883032676,2026-07-28,2026-04-29,2026-05-04
2026-04-30,2486,mom60,7,1.8177083333278978,2026-02,2026-04-15,2026-02-28,-0.3347058769071094,2026-07-28,2026-04-29,2026-05-04
2026-04-30,4960,mom60,8,1.8158844765345066,2026-02,2026-04-15,2026-02-28,-0.5760295319537286,2026-07-28,2026-04-29,2026-05-04
2026-04-30,6515,mom60,9,1.7693333333338641,2026-02,2026-04-15,2026-02-28,-0.511770725158528,2026-07-28,2026-04-29,2026-05-04
2026-04-30,2383,mom60,10,1.737951807235238,2026-02,2026-04-15,2026-02-28,-0.11407419032442034,2026-07-28,2026-04-29,2026-05-04
2026-04-30,8046,mom60,11,1.712550607288239,2026-02,2026-04-15,2026-02-28,-0.11287719617473047,2026-07-28,2026-04-29,2026-05-04
2026-04-30,6141,mom60,12,1.7083333333333335,2026-02,2026-04-15,2026-02-28,-0.1017762461434587,2026-07-28,2026-04-29,2026-05-04
2026-04-30,3037,mom60,13,1.7003058103991724,2026-02,2026-04-15,2026-02-28,-0.23042576547212446,2026-07-28,2026-04-29,2026-05-04
2026-04-30,3189,mom60,14,1.6843695555257727,2026-02,2026-04-15,2026-02-28,0.10147194759838563,2026-07-28,2026-04-29,2026-05-04
2026-04-30,6658,mom60,15,1.684021543978353,2026-02,2026-04-15,2026-02-28,-0.130188056341506,2026-07-28,2026-04-29,2026-05-04
2026-04-30,2243,rev_yoy,1,5.0,2026-02,2026-04-15,2026-02-28,0.576875171106271,2026-07-28,2026-04-29,2026-05-04
2026-04-30,2408,rev_yoy,2,5.0,2026-02,2026-04-15,2026-02-28,0.6813151333640186,2026-07-28,2026-04-29,2026-05-04
2026-04-30,2442,rev_yoy,3,5.0,2026-02,2026-04-15,2026-02-28,-0.034745638651961785,2026-07-28,2026-04-29,2026-05-04
2026-04-30,2542,rev_yoy,4,5.0,2026-02,2026-04-15,2026-02-28,-0.005063522340722493,2026-07-28,2026-04-29,2026-05-04
2026-04-30,2548,rev_yoy,5,5.0,2026-02,2026-04-15,2026-02-28,-0.18963631485509225,2026-07-28,2026-04-29,2026-05-04
2026-04-30,3054,rev_yoy,6,5.0,2026-02,2026-04-15,2026-02-28,-0.29504909536107193,2026-07-28,2026-04-29,2026-05-04
2026-04-30,3535,rev_yoy,7,5.0,2026-02,2026-04-15,2026-02-28,-0.46013639648767735,2026-07-28,2026-04-29,2026-05-04
2026-04-30,5522,rev_yoy,8,5.0,2026-02,2026-04-15,2026-02-28,-0.03827869207522783,2026-07-28,2026-04-29,2026-05-04
2026-04-30,6177,rev_yoy,9,5.0,2026-02,2026-04-15,2026-02-28,-0.030165922514168608,2026-07-28,2026-04-29,2026-05-04
2026-04-30,7740,rev_yoy,10,5.0,2026-02,2026-04-15,2026-02-28,-0.22923059238947907,2026-07-28,2026-04-29,2026-05-04
2026-04-30,6550,rev_yoy,11,3.2285999500873475,2026-02,2026-04-15,2026-02-28,-0.4126700523874748,2026-07-28,2026-04-29,2026-05-04
2026-04-30,8926,rev_yoy,12,3.0038902184706373,2026-02,2026-04-15,2026-02-28,0.34794196426536317,2026-07-28,2026-04-29,2026-05-04
2026-04-30,2451,rev_yoy,13,2.4627752990188028,2026-02,2026-04-15,2026-02-28,-0.03326226558910039,2026-07-28,2026-04-29,2026-05-04
2026-04-30,2348,rev_yoy,14,2.397673970032528,2026-02,2026-04-15,2026-02-28,0.003958348043845872,2026-07-28,2026-04-29,2026-05-04
2026-04-30,2855,rev_yoy,15,2.213606549587125,2026-02,2026-04-15,2026-02-28,0.15094585853938036,2026-07-28,2026-04-29,2026-05-04
2026-05-29,3026,price_ridge,1,0.013032567216332308,2026-03,2026-05-18,2026-03-31,-0.07080728257106683,2026-08-25,2026-05-28,2026-06-01
2026-05-29,2426,price_ridge,2,-0.023744733302797624,2026-03,2026-05-18,2026-03-31,0.09326549347281798,2026-08-25,2026-05-28,2026-06-01
2026-05-29,3583,price_ridge,3,-0.047224854189394365,2026-03,2026-05-18,2026-03-31,-0.20391127503869466,2026-08-25,2026-05-28,2026-06-01
2026-05-29,8271,price_ridge,4,-0.04852573257534958,2026-03,2026-05-18,2026-03-31,-0.06563843709537143,2026-08-25,2026-05-28,2026-06-01
2026-05-29,2472,price_ridge,5,-0.051224637897641895,2026-03,2026-05-18,2026-03-31,-0.4292181454762315,2026-08-25,2026-05-28,2026-06-01
2026-05-29,2383,price_ridge,6,-0.05317268143168685,2026-03,2026-05-18,2026-03-31,0.07552327448993645,2026-08-25,2026-05-28,2026-06-01
2026-05-29,2327,price_ridge,7,-0.05534110087041923,2026-03,2026-05-18,2026-03-31,-0.2930140385868245,2026-08-25,2026-05-28,2026-06-01
2026-05-29,2330,price_ridge,8,-0.056056850334544536,2026-03,2026-05-18,2026-03-31,0.007794321992849462,2026-08-25,2026-05-28,2026-06-01
2026-05-29,4958,price_ridge,9,-0.056307727829488924,2026-03,2026-05-18,2026-03-31,-0.18613587452023728,2026-08-25,2026-05-28,2026-06-01
2026-05-29,3167,price_ridge,10,-0.05632089599647718,2026-03,2026-05-18,2026-03-31,-0.1739531923518879,2026-08-25,2026-05-28,2026-06-01
2026-05-29,6213,price_ridge,11,-0.05650280041545397,2026-03,2026-05-18,2026-03-31,0.8608554857664922,2026-08-25,2026-05-28,2026-06-01
2026-05-29,4960,price_ridge,12,-0.05767463650017741,2026-03,2026-05-18,2026-03-31,-0.3479150709820824,2026-08-25,2026-05-28,2026-06-01
2026-05-29,6715,price_ridge,13,-0.057893631522260736,2026-03,2026-05-18,2026-03-31,-0.17750894023044506,2026-08-25,2026-05-28,2026-06-01
2026-05-29,6257,price_ridge,14,-0.058170968838347464,2026-03,2026-05-18,2026-03-31,-0.1350621203132989,2026-08-25,2026-05-28,2026-06-01
2026-05-29,2351,price_ridge,15,-0.05917195279957474,2026-03,2026-05-18,2026-03-31,-0.06117324388450274,2026-08-25,2026-05-28,2026-06-01
2026-05-29,3026,all_ridge,1,0.002596460659383834,2026-03,2026-05-18,2026-03-31,-0.07080728257106683,2026-08-25,2026-05-28,2026-06-01
2026-05-29,6226,all_ridge,2,-0.00884965150027299,2026-03,2026-05-18,2026-03-31,0.9328610156651657,2026-08-25,2026-05-28,2026-06-01
2026-05-29,2527,all_ridge,3,-0.02133702723824131,2026-03,2026-05-18,2026-03-31,0.164860976096742,2026-08-25,2026-05-28,2026-06-01
2026-05-29,4142,all_ridge,4,-0.024779731377735516,2026-03,2026-05-18,2026-03-31,0.017871551029005173,2026-08-25,2026-05-28,2026-06-01
2026-05-29,2426,all_ridge,5,-0.025951574356431133,2026-03,2026-05-18,2026-03-31,0.09326549347281798,2026-08-25,2026-05-28,2026-06-01
2026-05-29,4904,all_ridge,6,-0.02614302649018002,2026-03,2026-05-18,2026-03-31,0.10017916781150815,2026-08-25,2026-05-28,2026-06-01
2026-05-29,2530,all_ridge,7,-0.02724478217226029,2026-03,2026-05-18,2026-03-31,0.009741072204377255,2026-08-25,2026-05-28,2026-06-01
2026-05-29,3702,all_ridge,8,-0.03440760529694244,2026-03,2026-05-18,2026-03-31,-0.07651933960870716,2026-08-25,2026-05-28,2026-06-01
2026-05-29,8271,all_ridge,9,-0.03482774416855277,2026-03,2026-05-18,2026-03-31,-0.06563843709537143,2026-08-25,2026-05-28,2026-06-01
2026-05-29,2347,all_ridge,10,-0.0363569895872268,2026-03,2026-05-18,2026-03-31,0.051073794097947656,2026-08-25,2026-05-28,2026-06-01
2026-05-29,2505,all_ridge,11,-0.03803739162649965,2026-03,2026-05-18,2026-03-31,0.04652373197970372,2026-08-25,2026-05-28,2026-06-01
2026-05-29,4967,all_ridge,12,-0.03930161522928679,2026-03,2026-05-18,2026-03-31,-0.00906060847553003,2026-08-25,2026-05-28,2026-06-01
2026-05-29,3036,all_ridge,13,-0.03946524705764497,2026-03,2026-05-18,2026-03-31,-0.29654660114579934,2026-08-25,2026-05-28,2026-06-01
2026-05-29,5534,all_ridge,14,-0.04103133862946138,2026-03,2026-05-18,2026-03-31,0.06686857797413592,2026-08-25,2026-05-28,2026-06-01
2026-05-29,2101,all_ridge,15,-0.043429408539040544,2026-03,2026-05-18,2026-03-31,0.07888565685884374,2026-08-25,2026-05-28,2026-06-01
2026-05-29,4960,price_tree,1,0.08163730996110712,2026-03,2026-05-18,2026-03-31,-0.3479150709820824,2026-08-25,2026-05-28,2026-06-01
2026-05-29,2367,price_tree,2,0.02521419717371817,2026-03,2026-05-18,2026-03-31,-0.3768607451787114,2026-08-25,2026-05-28,2026-06-01
2026-05-29,3209,price_tree,3,0.021932754664499607,2026-03,2026-05-18,2026-03-31,-0.32891634642447143,2026-08-25,2026-05-28,2026-06-01
2026-05-29,3653,price_tree,4,0.016329478087852137,2026-03,2026-05-18,2026-03-31,0.4541324895209994,2026-08-25,2026-05-28,2026-06-01
2026-05-29,4949,price_tree,5,0.013000024017438026,2026-03,2026-05-18,2026-03-31,-0.2812123434811329,2026-08-25,2026-05-28,2026-06-01
2026-05-29,6515,price_tree,6,0.004914175456004839,2026-03,2026-05-18,2026-03-31,-0.2947725901326489,2026-08-25,2026-05-28,2026-06-01
2026-05-29,3024,price_tree,7,-0.004828125754719279,2026-03,2026-05-18,2026-03-31,-0.012970884518530235,2026-08-25,2026-05-28,2026-06-01
2026-05-29,6166,price_tree,8,-0.007159728405597669,2026-03,2026-05-18,2026-03-31,-0.14466332037399365,2026-08-25,2026-05-28,2026-06-01
2026-05-29,1568,price_tree,9,-0.010169060676529042,2026-03,2026-05-18,2026-03-31,-0.39787516127624944,2026-08-25,2026-05-28,2026-06-01
2026-05-29,1519,price_tree,10,-0.014858958906736669,2026-03,2026-05-18,2026-03-31,-0.09168751066359404,2026-08-25,2026-05-28,2026-06-01
2026-05-29,6830,price_tree,11,-0.023071117851213976,2026-03,2026-05-18,2026-03-31,-0.28516548888204885,2026-08-25,2026-05-28,2026-06-01
2026-05-29,2357,price_tree,12,-0.0236850297582084,2026-03,2026-05-18,2026-03-31,0.15922015944254497,2026-08-25,2026-05-28,2026-06-01
2026-05-29,2376,price_tree,13,-0.024153382428605305,2026-03,2026-05-18,2026-03-31,-0.0767110609168754,2026-08-25,2026-05-28,2026-06-01
2026-05-29,7750,price_tree,14,-0.025121399624768326,2026-03,2026-05-18,2026-03-31,-0.034199383235473224,2026-08-25,2026-05-28,2026-06-01
2026-05-29,2887,price_tree,15,-0.026681755002994866,2026-03,2026-05-18,2026-03-31,0.6300784354152097,2026-08-25,2026-05-28,2026-06-01
2026-05-29,6405,all_tree,1,0.09839997817238974,2026-03,2026-05-18,2026-03-31,-0.5641962129997632,2026-08-25,2026-05-28,2026-06-01
2026-05-29,4967,all_tree,2,0.09239177039966821,2026-03,2026-05-18,2026-03-31,-0.00906060847553003,2026-08-25,2026-05-28,2026-06-01
2026-05-29,2404,all_tree,3,0.06644877830432634,2026-03,2026-05-18,2026-03-31,-0.06889896466910073,2026-08-25,2026-05-28,2026-06-01
2026-05-29,3036,all_tree,4,0.04208000451648841,2026-03,2026-05-18,2026-03-31,-0.29654660114579934,2026-08-25,2026-05-28,2026-06-01
2026-05-29,3231,all_tree,5,0.030255335461048177,2026-03,2026-05-18,2026-03-31,0.04885422725782884,2026-08-25,2026-05-28,2026-06-01
2026-05-29,4739,all_tree,6,0.028799346877462325,2026-03,2026-05-18,2026-03-31,-0.27918894674670713,2026-08-25,2026-05-28,2026-06-01
2026-05-29,6706,all_tree,7,0.024165318759067696,2026-03,2026-05-18,2026-03-31,-0.4102671128296793,2026-08-25,2026-05-28,2026-06-01
2026-05-29,6226,all_tree,8,0.014171299041373904,2026-03,2026-05-18,2026-03-31,0.9328610156651657,2026-08-25,2026-05-28,2026-06-01
2026-05-29,2376,all_tree,9,0.012571391260807092,2026-03,2026-05-18,2026-03-31,-0.0767110609168754,2026-08-25,2026-05-28,2026-06-01
2026-05-29,3708,all_tree,10,0.009353372527495183,2026-03,2026-05-18,2026-03-31,-0.147454071285113,2026-08-25,2026-05-28,2026-06-01
2026-05-29,3024,all_tree,11,0.008959144664342524,2026-03,2026-05-18,2026-03-31,-0.012970884518530235,2026-08-25,2026-05-28,2026-06-01
2026-05-29,2467,all_tree,12,0.007114028473553151,2026-03,2026-05-18,2026-03-31,-0.15950549603247988,2026-08-25,2026-05-28,2026-06-01
2026-05-29,2527,all_tree,13,0.006799591416792259,2026-03,2026-05-18,2026-03-31,0.164860976096742,2026-08-25,2026-05-28,2026-06-01
2026-05-29,2451,all_tree,14,0.005423914271407253,2026-03,2026-05-18,2026-03-31,-0.12448283390600978,2026-08-25,2026-05-28,2026-06-01
2026-05-29,2317,all_tree,15,0.004745428057028206,2026-03,2026-05-18,2026-03-31,-0.18237165508318398,2026-08-25,2026-05-28,2026-06-01
2026-05-29,6141,vol20,1,0.0714763206298765,2026-03,2026-05-18,2026-03-31,-0.017968609142981484,2026-08-25,2026-05-28,2026-06-01
2026-05-29,6451,vol20,2,0.07128715076174953,2026-03,2026-05-18,2026-03-31,-0.27098958443972854,2026-08-25,2026-05-28,2026-06-01
2026-05-29,8021,vol20,3,0.06969954383069167,2026-03,2026-05-18,2026-03-31,-0.1411678151312996,2026-08-25,2026-05-28,2026-06-01
2026-05-29,6658,vol20,4,0.06944353242966636,2026-03,2026-05-18,2026-03-31,-0.29582689951330376,2026-08-25,2026-05-28,2026-06-01
2026-05-29,3229,vol20,5,0.06902926319679598,2026-03,2026-05-18,2026-03-31,0.09482293923050011,2026-08-25,2026-05-28,2026-06-01
2026-05-29,6405,vol20,6,0.06818433566436598,2026-03,2026-05-18,2026-03-31,-0.5641962129997632,2026-08-25,2026-05-28,2026-06-01
2026-05-29,3532,vol20,7,0.06806167797164578,2026-03,2026-05-18,2026-03-31,0.0658162767041216,2026-08-25,2026-05-28,2026-06-01
2026-05-29,4919,vol20,8,0.06704155834364275,2026-03,2026-05-18,2026-03-31,-0.42072121403251994,2026-08-25,2026-05-28,2026-06-01
2026-05-29,6861,vol20,9,0.06516199940806434,2026-03,2026-05-18,2026-03-31,-0.5697589128172226,2026-08-25,2026-05-28,2026-06-01
2026-05-29,3653,vol20,10,0.06504309434827647,2026-03,2026-05-18,2026-03-31,0.4541324895209994,2026-08-25,2026-05-28,2026-06-01
2026-05-29,1597,vol20,11,0.06477451979327314,2026-03,2026-05-18,2026-03-31,-0.2853753704534646,2026-08-25,2026-05-28,2026-06-01
2026-05-29,6531,vol20,12,0.06455409207772479,2026-03,2026-05-18,2026-03-31,-0.2978491788175175,2026-08-25,2026-05-28,2026-06-01
2026-05-29,6278,vol20,13,0.06434684044808582,2026-03,2026-05-18,2026-03-31,-0.16833435144407316,2026-08-25,2026-05-28,2026-06-01
2026-05-29,2344,vol20,14,0.0634179342377689,2026-03,2026-05-18,2026-03-31,0.05075216394100257,2026-08-25,2026-05-28,2026-06-01
2026-05-29,2313,vol20,15,0.06256432365664856,2026-03,2026-05-18,2026-03-31,-0.24306984814079768,2026-08-25,2026-05-28,2026-06-01
2026-05-29,3026,mom60,1,4.647577092517828,2026-03,2026-05-18,2026-03-31,-0.07080728257106683,2026-08-25,2026-05-28,2026-06-01
2026-05-29,2426,mom60,2,3.0956027001457525,2026-03,2026-05-18,2026-03-31,0.09326549347281798,2026-08-25,2026-05-28,2026-06-01
2026-05-29,6658,mom60,3,2.7288135593187737,2026-03,2026-05-18,2026-03-31,-0.29582689951330376,2026-08-25,2026-05-28,2026-06-01
2026-05-29,2472,mom60,4,2.212121212110441,2026-03,2026-05-18,2026-03-31,-0.4292181454762315,2026-08-25,2026-05-28,2026-06-01
2026-05-29,6861,mom60,5,2.199999999987691,2026-03,2026-05-18,2026-03-31,-0.5697589128172226,2026-08-25,2026-05-28,2026-06-01
2026-05-29,6141,mom60,6,2.076923076923077,2026-03,2026-05-18,2026-03-31,-0.017968609142981484,2026-08-25,2026-05-28,2026-06-01
2026-05-29,6531,mom60,7,1.819905213265606,2026-03,2026-05-18,2026-03-31,-0.2978491788175175,2026-08-25,2026-05-28,2026-06-01
2026-05-29,2492,mom60,8,1.8142857142822097,2026-03,2026-05-18,2026-03-31,-0.347990417672127,2026-08-25,2026-05-28,2026-06-01
2026-05-29,6451,mom60,9,1.746987951814484,2026-03,2026-05-18,2026-03-31,-0.27098958443972854,2026-08-25,2026-05-28,2026-06-01
2026-05-29,3167,mom60,10,1.741379310345046,2026-03,2026-05-18,2026-03-31,-0.1739531923518879,2026-08-25,2026-05-28,2026-06-01
2026-05-29,4958,mom60,11,1.6683937823871053,2026-03,2026-05-18,2026-03-31,-0.18613587452023728,2026-08-25,2026-05-28,2026-06-01
2026-05-29,2327,mom60,12,1.6310160427692875,2026-03,2026-05-18,2026-03-31,-0.2930140385868245,2026-08-25,2026-05-28,2026-06-01
2026-05-29,2464,mom60,13,1.5660639777446552,2026-03,2026-05-18,2026-03-31,-0.02128457928138683,2026-08-25,2026-05-28,2026-06-01
2026-05-29,3532,mom60,14,1.541832669332324,2026-03,2026-05-18,2026-03-31,0.0658162767041216,2026-08-25,2026-05-28,2026-06-01
2026-05-29,2351,mom60,15,1.5335775335783204,2026-03,2026-05-18,2026-03-31,-0.06117324388450274,2026-08-25,2026-05-28,2026-06-01
2026-05-29,1808,rev_yoy,1,5.0,2026-03,2026-05-18,2026-03-31,0.2357667344578659,2026-08-25,2026-05-28,2026-06-01
2026-05-29,2408,rev_yoy,2,5.0,2026-03,2026-05-18,2026-03-31,0.39317954221853946,2026-08-25,2026-05-28,2026-06-01
2026-05-29,2442,rev_yoy,3,5.0,2026-03,2026-05-18,2026-03-31,0.03630899106691288,2026-08-25,2026-05-28,2026-06-01
2026-05-29,2527,rev_yoy,4,5.0,2026-03,2026-05-18,2026-03-31,0.164860976096742,2026-08-25,2026-05-28,2026-06-01
2026-05-29,2530,rev_yoy,5,5.0,2026-03,2026-05-18,2026-03-31,0.009741072204377255,2026-08-25,2026-05-28,2026-06-01
2026-05-29,2542,rev_yoy,6,5.0,2026-03,2026-05-18,2026-03-31,0.11785486740293905,2026-08-25,2026-05-28,2026-06-01
2026-05-29,2548,rev_yoy,7,5.0,2026-03,2026-05-18,2026-03-31,-0.10598156128203451,2026-08-25,2026-05-28,2026-06-01
2026-05-29,2887,rev_yoy,8,5.0,2026-03,2026-05-18,2026-03-31,0.6300784354152097,2026-08-25,2026-05-28,2026-06-01
2026-05-29,3054,rev_yoy,9,5.0,2026-03,2026-05-18,2026-03-31,-0.23010596853512155,2026-08-25,2026-05-28,2026-06-01
2026-05-29,4142,rev_yoy,10,5.0,2026-03,2026-05-18,2026-03-31,0.017871551029005173,2026-08-25,2026-05-28,2026-06-01
2026-05-29,7740,rev_yoy,11,5.0,2026-03,2026-05-18,2026-03-31,-0.2088089798253473,2026-08-25,2026-05-28,2026-06-01
2026-05-29,8926,rev_yoy,12,5.0,2026-03,2026-05-18,2026-03-31,-0.13600510244649144,2026-08-25,2026-05-28,2026-06-01
2026-05-29,9946,rev_yoy,13,5.0,2026-03,2026-05-18,2026-03-31,0.14785745410351747,2026-08-25,2026-05-28,2026-06-01
2026-05-29,2101,rev_yoy,14,4.381148939201374,2026-03,2026-05-18,2026-03-31,0.07888565685884374,2026-08-25,2026-05-28,2026-06-01
2026-05-29,2451,rev_yoy,15,3.805737646009393,2026-03,2026-05-18,2026-03-31,-0.12448283390600978,2026-08-25,2026-05-28,2026-06-01
2026-06-30,3026,price_ridge,1,0.030193953222967668,2026-04,2026-06-15,2026-04-30,-0.17910959250254888,2026-09-23,2026-06-29,2026-07-01
2026-06-30,2327,price_ridge,2,-0.0058485933578210775,2026-04,2026-06-15,2026-04-30,-0.560379736737052,2026-09-23,2026-06-29,2026-07-01
2026-06-30,2492,price_ridge,3,-0.0176941420597966,2026-04,2026-06-15,2026-04-30,-0.524031006598046,2026-09-23,2026-06-29,2026-07-01
2026-06-30,2454,price_ridge,4,-0.027583970434736316,2026-04,2026-06-15,2026-04-30,0.15941880792597285,2026-09-23,2026-06-29,2026-07-01
2026-06-30,4958,price_ridge,5,-0.03521174619925309,2026-04,2026-06-15,2026-04-30,-0.3040674511474426,2026-09-23,2026-06-29,2026-07-01
2026-06-30,2478,price_ridge,6,-0.03835029743476936,2026-04,2026-06-15,2026-04-30,-0.5399173678943288,2026-09-23,2026-06-29,2026-07-01
2026-06-30,6658,price_ridge,7,-0.041929325598764944,2026-04,2026-06-15,2026-04-30,-0.3505720978342167,2026-09-23,2026-06-29,2026-07-01
2026-06-30,4764,price_ridge,8,-0.045639989841787326,2026-04,2026-06-15,2026-04-30,-0.4014309092863464,2026-09-23,2026-06-29,2026-07-01
2026-06-30,2303,price_ridge,9,-0.04693237163740888,2026-04,2026-06-15,2026-04-30,-0.08813265008173121,2026-09-23,2026-06-29,2026-07-01
2026-06-30,2330,price_ridge,10,-0.0484079073673295,2026-04,2026-06-15,2026-04-30,-0.041220867779501846,2026-09-23,2026-06-29,2026-07-01
2026-06-30,6861,price_ridge,11,-0.04848126172703171,2026-04,2026-06-15,2026-04-30,-0.23065055914892407,2026-09-23,2026-06-29,2026-07-01
2026-06-30,2383,price_ridge,12,-0.04909571605844019,2026-04,2026-06-15,2026-04-30,-0.12377724967636827,2026-09-23,2026-06-29,2026-07-01
2026-06-30,3443,price_ridge,13,-0.049688331874529194,2026-04,2026-06-15,2026-04-30,0.6660508501216045,2026-09-23,2026-06-29,2026-07-01
2026-06-30,3090,price_ridge,14,-0.05039690724979796,2026-04,2026-06-15,2026-04-30,-0.5198130768011904,2026-09-23,2026-06-29,2026-07-01
2026-06-30,6278,price_ridge,15,-0.05077533131451397,2026-04,2026-06-15,2026-04-30,-0.0438641408391337,2026-09-23,2026-06-29,2026-07-01
2026-06-30,3026,all_ridge,1,0.02828034057809345,2026-04,2026-06-15,2026-04-30,-0.17910959250254888,2026-09-23,2026-06-29,2026-07-01
2026-06-30,2327,all_ridge,2,-0.005960029548992926,2026-04,2026-06-15,2026-04-30,-0.560379736737052,2026-09-23,2026-06-29,2026-07-01
2026-06-30,2492,all_ridge,3,-0.006675497896596688,2026-04,2026-06-15,2026-04-30,-0.524031006598046,2026-09-23,2026-06-29,2026-07-01
2026-06-30,2851,all_ridge,4,-0.025512885746063668,2026-04,2026-06-15,2026-04-30,0.2697864404705237,2026-09-23,2026-06-29,2026-07-01
2026-06-30,2905,all_ridge,5,-0.02670790308384182,2026-04,2026-06-15,2026-04-30,0.2148112019301276,2026-09-23,2026-06-29,2026-07-01
2026-06-30,2454,all_ridge,6,-0.02817915253558948,2026-04,2026-06-15,2026-04-30,0.15941880792597285,2026-09-23,2026-06-29,2026-07-01
2026-06-30,2478,all_ridge,7,-0.030032104510914176,2026-04,2026-06-15,2026-04-30,-0.5399173678943288,2026-09-23,2026-06-29,2026-07-01
2026-06-30,4904,all_ridge,8,-0.03322092279909737,2026-04,2026-06-15,2026-04-30,0.001486733532047424,2026-09-23,2026-06-29,2026-07-01
2026-06-30,2303,all_ridge,9,-0.03426581375960645,2026-04,2026-06-15,2026-04-30,-0.08813265008173121,2026-09-23,2026-06-29,2026-07-01
2026-06-30,4958,all_ridge,10,-0.03474478881634066,2026-04,2026-06-15,2026-04-30,-0.3040674511474426,2026-09-23,2026-06-29,2026-07-01
2026-06-30,2886,all_ridge,11,-0.044282019149163174,2026-04,2026-06-15,2026-04-30,0.07575822275110022,2026-09-23,2026-06-29,2026-07-01
2026-06-30,3661,all_ridge,12,-0.04513965116735204,2026-04,2026-06-15,2026-04-30,-0.14232984727823594,2026-09-23,2026-06-29,2026-07-01
2026-06-30,4764,all_ridge,13,-0.04552298113554042,2026-04,2026-06-15,2026-04-30,-0.4014309092863464,2026-09-23,2026-06-29,2026-07-01
2026-06-30,6658,all_ridge,14,-0.04609539818998117,2026-04,2026-06-15,2026-04-30,-0.3505720978342167,2026-09-23,2026-06-29,2026-07-01
2026-06-30,2885,all_ridge,15,-0.046506281910615344,2026-04,2026-06-15,2026-04-30,0.07426320628898386,2026-09-23,2026-06-29,2026-07-01
2026-06-30,5285,price_tree,1,0.04321612596944568,2026-04,2026-06-15,2026-04-30,-0.10055799764653861,2026-09-23,2026-06-29,2026-07-01
2026-06-30,3533,price_tree,2,0.03828829073562247,2026-04,2026-06-15,2026-04-30,-0.2466116223160465,2026-09-23,2026-06-29,2026-07-01
2026-06-30,3653,price_tree,3,0.030741350403415506,2026-04,2026-06-15,2026-04-30,0.7629485502778439,2026-09-23,2026-06-29,2026-07-01
2026-06-30,6449,price_tree,4,0.010606464125080102,2026-04,2026-06-15,2026-04-30,-0.4442620801272057,2026-09-23,2026-06-29,2026-07-01
2026-06-30,6442,price_tree,5,0.005066499989958477,2026-04,2026-06-15,2026-04-30,-0.12703831184833014,2026-09-23,2026-06-29,2026-07-01
2026-06-30,4916,price_tree,6,0.00197730391663484,2026-04,2026-06-15,2026-04-30,-0.03105138525350848,2026-09-23,2026-06-29,2026-07-01
2026-06-30,3528,price_tree,7,-0.005635135765284837,2026-04,2026-06-15,2026-04-30,-0.18466833507759206,2026-09-23,2026-06-29,2026-07-01
2026-06-30,6224,price_tree,8,-0.00846910622859777,2026-04,2026-06-15,2026-04-30,0.006898303005911766,2026-09-23,2026-06-29,2026-07-01
2026-06-30,1568,price_tree,9,-0.011167672105541246,2026-04,2026-06-15,2026-04-30,-0.23000301559436986,2026-09-23,2026-06-29,2026-07-01
2026-06-30,6525,price_tree,10,-0.01657206410900932,2026-04,2026-06-15,2026-04-30,-0.2044526219946815,2026-09-23,2026-06-29,2026-07-01
2026-06-30,2357,price_tree,11,-0.019430917445243945,2026-04,2026-06-15,2026-04-30,0.4026529411085049,2026-09-23,2026-06-29,2026-07-01
2026-06-30,4919,price_tree,12,-0.021071367985196775,2026-04,2026-06-15,2026-04-30,-0.2873151802699394,2026-09-23,2026-06-29,2026-07-01
2026-06-30,6890,price_tree,13,-0.026642628047270717,2026-04,2026-06-15,2026-04-30,-0.2546420717469833,2026-09-23,2026-06-29,2026-07-01
2026-06-30,6196,price_tree,14,-0.028587819873356627,2026-04,2026-06-15,2026-04-30,-0.08732645581634202,2026-09-23,2026-06-29,2026-07-01
2026-06-30,2885,price_tree,15,-0.028836874293480586,2026-04,2026-06-15,2026-04-30,0.07426320628898386,2026-09-23,2026-06-29,2026-07-01
2026-06-30,2404,all_tree,1,0.05286532012044613,2026-04,2026-06-15,2026-04-30,-0.08270900082813892,2026-09-23,2026-06-29,2026-07-01
2026-06-30,2406,all_tree,2,0.04571879981820986,2026-04,2026-06-15,2026-04-30,-0.3763766384644457,2026-09-23,2026-06-29,2026-07-01
2026-06-30,3167,all_tree,3,0.03963899158192932,2026-04,2026-06-15,2026-04-30,0.028907433996459675,2026-09-23,2026-06-29,2026-07-01
2026-06-30,4916,all_tree,4,0.03244462056096729,2026-04,2026-06-15,2026-04-30,-0.03105138525350848,2026-09-23,2026-06-29,2026-07-01
2026-06-30,8996,all_tree,5,0.025577794725955172,2026-04,2026-06-15,2026-04-30,-0.09470638468165138,2026-09-23,2026-06-29,2026-07-01
2026-06-30,2383,all_tree,6,0.02318099159765342,2026-04,2026-06-15,2026-04-30,-0.12377724967636827,2026-09-23,2026-06-29,2026-07-01
2026-06-30,2887,all_tree,7,0.017833725331418353,2026-04,2026-06-15,2026-04-30,0.28156444735055497,2026-09-23,2026-06-29,2026-07-01
2026-06-30,2890,all_tree,8,0.014028328984366751,2026-04,2026-06-15,2026-04-30,0.132265662645479,2026-09-23,2026-06-29,2026-07-01
2026-06-30,4739,all_tree,9,0.012558500373259921,2026-04,2026-06-15,2026-04-30,-0.3387903326330277,2026-09-23,2026-06-29,2026-07-01
2026-06-30,2485,all_tree,10,0.0055160230038592325,2026-04,2026-06-15,2026-04-30,-0.3417314038880429,2026-09-23,2026-06-29,2026-07-01
2026-06-30,6139,all_tree,11,0.00356929304411083,2026-04,2026-06-15,2026-04-30,-0.2385060973913422,2026-09-23,2026-06-29,2026-07-01
2026-06-30,2059,all_tree,12,0.0034962798254414085,2026-04,2026-06-15,2026-04-30,0.6245449613440108,2026-09-23,2026-06-29,2026-07-01
2026-06-30,3036,all_tree,13,-0.004000312786578438,2026-04,2026-06-15,2026-04-30,-0.09599432474937342,2026-09-23,2026-06-29,2026-07-01
2026-06-30,2376,all_tree,14,-0.004196277938302931,2026-04,2026-06-15,2026-04-30,0.03862162389315493,2026-09-23,2026-06-29,2026-07-01
2026-06-30,2316,all_tree,15,-0.00613527698574892,2026-04,2026-06-15,2026-04-30,-0.32806583783911036,2026-09-23,2026-06-29,2026-07-01
2026-06-30,2426,vol20,1,0.07515451540854988,2026-04,2026-06-15,2026-04-30,0.20375154335722412,2026-09-23,2026-06-29,2026-07-01
2026-06-30,8454,vol20,2,0.07410972792395291,2026-04,2026-06-15,2026-04-30,-0.226850700065665,2026-09-23,2026-06-29,2026-07-01
2026-06-30,6834,vol20,3,0.07387279398164806,2026-04,2026-06-15,2026-04-30,-0.14374610283767342,2026-09-23,2026-06-29,2026-07-01
2026-06-30,2492,vol20,4,0.07263881540416672,2026-04,2026-06-15,2026-04-30,-0.524031006598046,2026-09-23,2026-06-29,2026-07-01
2026-06-30,6116,vol20,5,0.07121626996019169,2026-04,2026-06-15,2026-04-30,-0.2865888618619593,2026-09-23,2026-06-29,2026-07-01
2026-06-30,3532,vol20,6,0.07109190154742001,2026-04,2026-06-15,2026-04-30,0.06698666660673847,2026-09-23,2026-06-29,2026-07-01
2026-06-30,2472,vol20,7,0.07105130861970156,2026-04,2026-06-15,2026-04-30,-0.5616142418930347,2026-09-23,2026-06-29,2026-07-01
2026-06-30,6715,vol20,8,0.06891258775346855,2026-04,2026-06-15,2026-04-30,0.013835946809362287,2026-09-23,2026-06-29,2026-07-01
2026-06-30,4807,vol20,9,0.06819483002441888,2026-04,2026-06-15,2026-04-30,-0.22872029630444446,2026-09-23,2026-06-29,2026-07-01
2026-06-30,6890,vol20,10,0.06777667082603173,2026-04,2026-06-15,2026-04-30,-0.2546420717469833,2026-09-23,2026-06-29,2026-07-01
2026-06-30,8150,vol20,11,0.06688629134744961,2026-04,2026-06-15,2026-04-30,-0.0028889594065952817,2026-09-23,2026-06-29,2026-07-01
2026-06-30,4919,vol20,12,0.06678699680977149,2026-04,2026-06-15,2026-04-30,-0.2873151802699394,2026-09-23,2026-06-29,2026-07-01
2026-06-30,3016,vol20,13,0.06670770382688297,2026-04,2026-06-15,2026-04-30,0.020857250046001807,2026-09-23,2026-06-29,2026-07-01
2026-06-30,2408,vol20,14,0.06668292210847676,2026-04,2026-06-15,2026-04-30,0.08728086642149568,2026-09-23,2026-06-29,2026-07-01
2026-06-30,2243,vol20,15,0.06650593309604395,2026-04,2026-06-15,2026-04-30,-0.1760037998507772,2026-09-23,2026-06-29,2026-07-01
2026-06-30,3026,mom60,1,4.967952324533565,2026-04,2026-06-15,2026-04-30,-0.17910959250254888,2026-09-23,2026-06-29,2026-07-01
2026-06-30,2492,mom60,2,3.7881355932094056,2026-04,2026-06-15,2026-04-30,-0.524031006598046,2026-09-23,2026-06-29,2026-07-01
2026-06-30,2327,mom60,3,3.565335261160304,2026-04,2026-06-15,2026-04-30,-0.560379736737052,2026-09-23,2026-06-29,2026-07-01
2026-06-30,2478,mom60,4,2.8091216216221198,2026-04,2026-06-15,2026-04-30,-0.5399173678943288,2026-09-23,2026-06-29,2026-07-01
2026-06-30,6834,mom60,5,2.7459752126983785,2026-04,2026-06-15,2026-04-30,-0.14374610283767342,2026-09-23,2026-06-29,2026-07-01
2026-06-30,3090,mom60,6,2.4864864864726495,2026-04,2026-06-15,2026-04-30,-0.5198130768011904,2026-09-23,2026-06-29,2026-07-01
2026-06-30,2472,mom60,7,2.4097744360857813,2026-04,2026-06-15,2026-04-30,-0.5616142418930347,2026-09-23,2026-06-29,2026-07-01
2026-06-30,6658,mom60,8,2.1867823002945714,2026-04,2026-06-15,2026-04-30,-0.3505720978342167,2026-09-23,2026-06-29,2026-07-01
2026-06-30,2454,mom60,9,1.8976109215016495,2026-04,2026-06-15,2026-04-30,0.15941880792597285,2026-09-23,2026-06-29,2026-07-01
2026-06-30,4958,mom60,10,1.8898263269207152,2026-04,2026-06-15,2026-04-30,-0.3040674511474426,2026-09-23,2026-06-29,2026-07-01
2026-06-30,2303,mom60,11,1.8658536585327092,2026-04,2026-06-15,2026-04-30,-0.08813265008173121,2026-09-23,2026-06-29,2026-07-01
2026-06-30,3481,mom60,12,1.8058524982416846,2026-04,2026-06-15,2026-04-30,-0.34082442424651027,2026-09-23,2026-06-29,2026-07-01
2026-06-30,2375,mom60,13,1.7792378449425543,2026-04,2026-06-15,2026-04-30,-0.49726228559101693,2026-09-23,2026-06-29,2026-07-01
2026-06-30,2483,mom60,14,1.7386091127098746,2026-04,2026-06-15,2026-04-30,-0.47883837295320264,2026-09-23,2026-06-29,2026-07-01
2026-06-30,8261,mom60,15,1.7240684793511178,2026-04,2026-06-15,2026-04-30,-0.4244850125947929,2026-09-23,2026-06-29,2026-07-01
2026-06-30,1808,rev_yoy,1,5.0,2026-04,2026-06-15,2026-04-30,0.059466259735580174,2026-09-23,2026-06-29,2026-07-01
2026-06-30,2408,rev_yoy,2,5.0,2026-04,2026-06-15,2026-04-30,0.08728086642149568,2026-09-23,2026-06-29,2026-07-01
2026-06-30,2451,rev_yoy,3,5.0,2026-04,2026-06-15,2026-04-30,0.010613577200983215,2026-09-23,2026-06-29,2026-07-01
2026-06-30,2537,rev_yoy,4,5.0,2026-04,2026-06-15,2026-04-30,-0.010309148073601282,2026-09-23,2026-06-29,2026-07-01
2026-06-30,2539,rev_yoy,5,5.0,2026-04,2026-06-15,2026-04-30,0.056197755348695644,2026-09-23,2026-06-29,2026-07-01
2026-06-30,2542,rev_yoy,6,5.0,2026-04,2026-06-15,2026-04-30,-0.03770813889860891,2026-09-23,2026-06-29,2026-07-01
2026-06-30,2548,rev_yoy,7,5.0,2026-04,2026-06-15,2026-04-30,-0.08399600965841214,2026-09-23,2026-06-29,2026-07-01
2026-06-30,2851,rev_yoy,8,5.0,2026-04,2026-06-15,2026-04-30,0.2697864404705237,2026-09-23,2026-06-29,2026-07-01
2026-06-30,2855,rev_yoy,9,5.0,2026-04,2026-06-15,2026-04-30,0.0920078523460719,2026-09-23,2026-06-29,2026-07-01
2026-06-30,2887,rev_yoy,10,5.0,2026-04,2026-06-15,2026-04-30,0.28156444735055497,2026-09-23,2026-06-29,2026-07-01
2026-06-30,2889,rev_yoy,11,5.0,2026-04,2026-06-15,2026-04-30,0.12580151765501446,2026-09-23,2026-06-29,2026-07-01
2026-06-30,3054,rev_yoy,12,5.0,2026-04,2026-06-15,2026-04-30,-0.09865855029752901,2026-09-23,2026-06-29,2026-07-01
2026-06-30,3135,rev_yoy,13,5.0,2026-04,2026-06-15,2026-04-30,-0.11055988169105735,2026-09-23,2026-06-29,2026-07-01
2026-06-30,5522,rev_yoy,14,5.0,2026-04,2026-06-15,2026-04-30,-0.11801050580823913,2026-09-23,2026-06-29,2026-07-01
2026-06-30,6541,rev_yoy,15,5.0,2026-04,2026-06-15,2026-04-30,-0.2660416123899979,2026-09-23,2026-06-29,2026-07-01
2026-07-31,2327,price_ridge,1,-0.04532878959003386,2026-05,2026-07-16,2026-05-31,,,2026-07-30,2026-08-03
2026-07-31,3481,price_ridge,2,-0.04605240337937967,2026-05,2026-07-16,2026-05-31,,,2026-07-30,2026-08-03
2026-07-31,2492,price_ridge,3,-0.05018010849170023,2026-05,2026-07-16,2026-05-31,,,2026-07-30,2026-08-03
2026-07-31,6116,price_ridge,4,-0.053778886645440824,2026-05,2026-07-16,2026-05-31,,,2026-07-30,2026-08-03
2026-07-31,6834,price_ridge,5,-0.05398319958177396,2026-05,2026-07-16,2026-05-31,,,2026-07-30,2026-08-03
2026-07-31,2412,price_ridge,6,-0.05702227468087333,2026-05,2026-07-16,2026-05-31,,,2026-07-30,2026-08-03
2026-07-31,2377,price_ridge,7,-0.05796677006284946,2026-05,2026-07-16,2026-05-31,,,2026-07-30,2026-08-03
2026-07-31,3149,price_ridge,8,-0.05811286129119885,2026-05,2026-07-16,2026-05-31,,,2026-07-30,2026-08-03
2026-07-31,3090,price_ridge,9,-0.05890621019339425,2026-05,2026-07-16,2026-05-31,,,2026-07-30,2026-08-03
2026-07-31,3026,price_ridge,10,-0.05924225981136109,2026-05,2026-07-16,2026-05-31,,,2026-07-30,2026-08-03
2026-07-31,1216,price_ridge,11,-0.059741819429955205,2026-05,2026-07-16,2026-05-31,,,2026-07-30,2026-08-03
2026-07-31,2886,price_ridge,12,-0.059857186136998704,2026-05,2026-07-16,2026-05-31,,,2026-07-30,2026-08-03
2026-07-31,2880,price_ridge,13,-0.060049104993645554,2026-05,2026-07-16,2026-05-31,,,2026-07-30,2026-08-03
2026-07-31,2375,price_ridge,14,-0.060136522978300216,2026-05,2026-07-16,2026-05-31,,,2026-07-30,2026-08-03
2026-07-31,6446,price_ridge,15,-0.060782917012922405,2026-05,2026-07-16,2026-05-31,,,2026-07-30,2026-08-03
2026-07-31,2536,all_ridge,1,-0.01760057123630373,2026-05,2026-07-16,2026-05-31,,,2026-07-30,2026-08-03
2026-07-31,2528,all_ridge,2,-0.030046770392035807,2026-05,2026-07-16,2026-05-31,,,2026-07-30,2026-08-03
2026-07-31,1232,all_ridge,3,-0.03153604089410222,2026-05,2026-07-16,2026-05-31,,,2026-07-30,2026-08-03
2026-07-31,3045,all_ridge,4,-0.03162713880043077,2026-05,2026-07-16,2026-05-31,,,2026-07-30,2026-08-03
2026-07-31,9925,all_ridge,5,-0.03261465453549012,2026-05,2026-07-16,2026-05-31,,,2026-07-30,2026-08-03
2026-07-31,2412,all_ridge,6,-0.035175007433169383,2026-05,2026-07-16,2026-05-31,,,2026-07-30,2026-08-03
2026-07-31,4904,all_ridge,7,-0.04122706809844444,2026-05,2026-07-16,2026-05-31,,,2026-07-30,2026-08-03
2026-07-31,2530,all_ridge,8,-0.04167683801218559,2026-05,2026-07-16,2026-05-31,,,2026-07-30,2026-08-03
2026-07-31,3481,all_ridge,9,-0.041736423831417416,2026-05,2026-07-16,2026-05-31,,,2026-07-30,2026-08-03
2026-07-31,2327,all_ridge,10,-0.04351823124291953,2026-05,2026-07-16,2026-05-31,,,2026-07-30,2026-08-03
2026-07-31,6834,all_ridge,11,-0.043567449159923735,2026-05,2026-07-16,2026-05-31,,,2026-07-30,2026-08-03
2026-07-31,3026,all_ridge,12,-0.04501209299427152,2026-05,2026-07-16,2026-05-31,,,2026-07-30,2026-08-03
2026-07-31,8422,all_ridge,13,-0.04649594586265292,2026-05,2026-07-16,2026-05-31,,,2026-07-30,2026-08-03
2026-07-31,6116,all_ridge,14,-0.04892833948183192,2026-05,2026-07-16,2026-05-31,,,2026-07-30,2026-08-03
2026-07-31,8454,all_ridge,15,-0.05177326166561129,2026-05,2026-07-16,2026-05-31,,,2026-07-30,2026-08-03
2026-07-31,6531,price_tree,1,0.3316682044927211,2026-05,2026-07-16,2026-05-31,,,2026-07-30,2026-08-03
2026-07-31,3167,price_tree,2,0.318713663726747,2026-05,2026-07-16,2026-05-31,,,2026-07-30,2026-08-03
2026-07-31,6515,price_tree,3,0.3022182131484044,2026-05,2026-07-16,2026-05-31,,,2026-07-30,2026-08-03
2026-07-31,2337,price_tree,4,0.269592013929189,2026-05,2026-07-16,2026-05-31,,,2026-07-30,2026-08-03
2026-07-31,6451,price_tree,5,0.2545605680798723,2026-05,2026-07-16,2026-05-31,,,2026-07-30,2026-08-03
2026-07-31,2313,price_tree,6,0.23511027513850816,2026-05,2026-07-16,2026-05-31,,,2026-07-30,2026-08-03
2026-07-31,6442,price_tree,7,0.20926369562547578,2026-05,2026-07-16,2026-05-31,,,2026-07-30,2026-08-03
2026-07-31,3016,price_tree,8,0.20475848657299706,2026-05,2026-07-16,2026-05-31,,,2026-07-30,2026-08-03
2026-07-31,2368,price_tree,9,0.20276301180551556,2026-05,2026-07-16,2026-05-31,,,2026-07-30,2026-08-03
2026-07-31,2486,price_tree,10,0.17298062518068502,2026-05,2026-07-16,2026-05-31,,,2026-07-30,2026-08-03
2026-07-31,8996,price_tree,11,0.1577071774412669,2026-05,2026-07-16,2026-05-31,,,2026-07-30,2026-08-03
2026-07-31,2455,price_tree,12,0.1471925988851968,2026-05,2026-07-16,2026-05-31,,,2026-07-30,2026-08-03
2026-07-31,3661,price_tree,13,0.14254437014781007,2026-05,2026-07-16,2026-05-31,,,2026-07-30,2026-08-03
2026-07-31,2302,price_tree,14,0.11719012630841026,2026-05,2026-07-16,2026-05-31,,,2026-07-30,2026-08-03
2026-07-31,2449,price_tree,15,0.11519227710708337,2026-05,2026-07-16,2026-05-31,,,2026-07-30,2026-08-03
2026-07-31,6531,all_tree,1,0.21070573332985476,2026-05,2026-07-16,2026-05-31,,,2026-07-30,2026-08-03
2026-07-31,6515,all_tree,2,0.18536301457363513,2026-05,2026-07-16,2026-05-31,,,2026-07-30,2026-08-03
2026-07-31,2337,all_tree,3,0.18345175110033368,2026-05,2026-07-16,2026-05-31,,,2026-07-30,2026-08-03
2026-07-31,2368,all_tree,4,0.16610226630764285,2026-05,2026-07-16,2026-05-31,,,2026-07-30,2026-08-03
2026-07-31,3167,all_tree,5,0.15484561754099987,2026-05,2026-07-16,2026-05-31,,,2026-07-30,2026-08-03
2026-07-31,3016,all_tree,6,0.14846766464341546,2026-05,2026-07-16,2026-05-31,,,2026-07-30,2026-08-03
2026-07-31,6442,all_tree,7,0.10743578211027575,2026-05,2026-07-16,2026-05-31,,,2026-07-30,2026-08-03
2026-07-31,6451,all_tree,8,0.10675990210612511,2026-05,2026-07-16,2026-05-31,,,2026-07-30,2026-08-03
2026-07-31,2426,all_tree,9,0.09326534610517405,2026-05,2026-07-16,2026-05-31,,,2026-07-30,2026-08-03
2026-07-31,2449,all_tree,10,0.09197636276246025,2026-05,2026-07-16,2026-05-31,,,2026-07-30,2026-08-03
2026-07-31,8996,all_tree,11,0.08762167523209992,2026-05,2026-07-16,2026-05-31,,,2026-07-30,2026-08-03
2026-07-31,2313,all_tree,12,0.08400266781680897,2026-05,2026-07-16,2026-05-31,,,2026-07-30,2026-08-03
2026-07-31,1802,all_tree,13,0.07130747999230043,2026-05,2026-07-16,2026-05-31,,,2026-07-30,2026-08-03
2026-07-31,6805,all_tree,14,0.06915784851726232,2026-05,2026-07-16,2026-05-31,,,2026-07-30,2026-08-03
2026-07-31,4919,all_tree,15,0.04382180517518367,2026-05,2026-07-16,2026-05-31,,,2026-07-30,2026-08-03
2026-07-31,3532,vol20,1,0.08236375626179304,2026-05,2026-07-16,2026-05-31,,,2026-07-30,2026-08-03
2026-07-31,3026,vol20,2,0.08081666319989275,2026-05,2026-07-16,2026-05-31,,,2026-07-30,2026-08-03
2026-07-31,8039,vol20,3,0.08047006010648612,2026-05,2026-07-16,2026-05-31,,,2026-07-30,2026-08-03
2026-07-31,2434,vol20,4,0.07998492718733329,2026-05,2026-07-16,2026-05-31,,,2026-07-30,2026-08-03
2026-07-31,4764,vol20,5,0.07936745901224121,2026-05,2026-07-16,2026-05-31,,,2026-07-30,2026-08-03
2026-07-31,8046,vol20,6,0.07900767778164812,2026-05,2026-07-16,2026-05-31,,,2026-07-30,2026-08-03
2026-07-31,1303,vol20,7,0.07507457326592525,2026-05,2026-07-16,2026-05-31,,,2026-07-30,2026-08-03
2026-07-31,3055,vol20,8,0.07420116086666953,2026-05,2026-07-16,2026-05-31,,,2026-07-30,2026-08-03
2026-07-31,8033,vol20,9,0.07414662896877945,2026-05,2026-07-16,2026-05-31,,,2026-07-30,2026-08-03
2026-07-31,3189,vol20,10,0.0740551916087562,2026-05,2026-07-16,2026-05-31,,,2026-07-30,2026-08-03
2026-07-31,8150,vol20,11,0.07381913306467053,2026-05,2026-07-16,2026-05-31,,,2026-07-30,2026-08-03
2026-07-31,6226,vol20,12,0.0737866239598228,2026-05,2026-07-16,2026-05-31,,,2026-07-30,2026-08-03
2026-07-31,2408,vol20,13,0.07354654904178048,2026-05,2026-07-16,2026-05-31,,,2026-07-30,2026-08-03
2026-07-31,6243,vol20,14,0.07196132137767935,2026-05,2026-07-16,2026-05-31,,,2026-07-30,2026-08-03
2026-07-31,6573,vol20,15,0.07172048769669255,2026-05,2026-07-16,2026-05-31,,,2026-07-30,2026-08-03
2026-07-31,6834,mom60,1,1.016548258534561,2026-05,2026-07-16,2026-05-31,,,2026-07-30,2026-08-03
2026-07-31,2302,mom60,2,0.8650271775158453,2026-05,2026-07-16,2026-05-31,,,2026-07-30,2026-08-03
2026-07-31,6446,mom60,3,0.7969204054946821,2026-05,2026-07-16,2026-05-31,,,2026-07-30,2026-08-03
2026-07-31,2305,mom60,4,0.7863501483679525,2026-05,2026-07-16,2026-05-31,,,2026-07-30,2026-08-03
2026-07-31,2059,mom60,5,0.7840909090897488,2026-05,2026-07-16,2026-05-31,,,2026-07-30,2026-08-03
2026-07-31,4807,mom60,6,0.7447306791608592,2026-05,2026-07-16,2026-05-31,,,2026-07-30,2026-08-03
2026-07-31,2466,mom60,7,0.7091932457792911,2026-05,2026-07-16,2026-05-31,,,2026-07-30,2026-08-03
2026-07-31,1303,mom60,8,0.7086361021748688,2026-05,2026-07-16,2026-05-31,,,2026-07-30,2026-08-03
2026-07-31,3026,mom60,9,0.6590194005914167,2026-05,2026-07-16,2026-05-31,,,2026-07-30,2026-08-03
2026-07-31,3481,mom60,10,0.6566123955198728,2026-05,2026-07-16,2026-05-31,,,2026-07-30,2026-08-03
2026-07-31,2434,mom60,11,0.6170212765957448,2026-05,2026-07-16,2026-05-31,,,2026-07-30,2026-08-03
2026-07-31,3008,mom60,12,0.6011904761906441,2026-05,2026-07-16,2026-05-31,,,2026-07-30,2026-08-03
2026-07-31,6226,mom60,13,0.5870445344129556,2026-05,2026-07-16,2026-05-31,,,2026-07-30,2026-08-03
2026-07-31,2243,mom60,14,0.5738636363599332,2026-05,2026-07-16,2026-05-31,,,2026-07-30,2026-08-03
2026-07-31,2887,mom60,15,0.5605350790578107,2026-05,2026-07-16,2026-05-31,,,2026-07-30,2026-08-03
2026-07-31,1808,rev_yoy,1,5.0,2026-05,2026-07-16,2026-05-31,,,2026-07-30,2026-08-03
2026-07-31,2408,rev_yoy,2,5.0,2026-05,2026-07-16,2026-05-31,,,2026-07-30,2026-08-03
2026-07-31,2528,rev_yoy,3,5.0,2026-05,2026-07-16,2026-05-31,,,2026-07-30,2026-08-03
2026-07-31,2542,rev_yoy,4,5.0,2026-05,2026-07-16,2026-05-31,,,2026-07-30,2026-08-03
2026-07-31,2548,rev_yoy,5,5.0,2026-05,2026-07-16,2026-05-31,,,2026-07-30,2026-08-03
2026-07-31,2851,rev_yoy,6,5.0,2026-05,2026-07-16,2026-05-31,,,2026-07-30,2026-08-03
2026-07-31,2885,rev_yoy,7,5.0,2026-05,2026-07-16,2026-05-31,,,2026-07-30,2026-08-03
2026-07-31,3535,rev_yoy,8,5.0,2026-05,2026-07-16,2026-05-31,,,2026-07-30,2026-08-03
2026-07-31,7740,rev_yoy,9,5.0,2026-05,2026-07-16,2026-05-31,,,2026-07-30,2026-08-03
2026-07-31,8926,rev_yoy,10,5.0,2026-05,2026-07-16,2026-05-31,,,2026-07-30,2026-08-03
2026-07-31,2451,rev_yoy,11,4.698305876051363,2026-05,2026-07-16,2026-05-31,,,2026-07-30,2026-08-03
2026-07-31,5534,rev_yoy,12,4.525877921790185,2026-05,2026-07-16,2026-05-31,,,2026-07-30,2026-08-03
2026-07-31,2855,rev_yoy,13,4.28434285274217,2026-05,2026-07-16,2026-05-31,,,2026-07-30,2026-08-03
2026-07-31,2539,rev_yoy,14,4.189292411957937,2026-05,2026-07-16,2026-05-31,,,2026-07-30,2026-08-03
2026-07-31,2536,rev_yoy,15,3.674305802571221,2026-05,2026-07-16,2026-05-31,,,2026-07-30,2026-08-03
2026-08-31,2059,price_ridge,1,-0.04583474266822356,2026-06,2026-08-17,2026-06-30,,,2026-08-28,2026-09-01
2026-08-31,2330,price_ridge,2,-0.05389292227722925,2026-06,2026-08-17,2026-06-30,,,2026-08-28,2026-09-01
2026-08-31,2466,price_ridge,3,-0.059316685554181,2026-06,2026-08-17,2026-06-30,,,2026-08-28,2026-09-01
2026-08-31,2890,price_ridge,4,-0.060025671467179534,2026-06,2026-08-17,2026-06-30,,,2026-08-28,2026-09-01
2026-08-31,1303,price_ridge,5,-0.06026035722372165,2026-06,2026-08-17,2026-06-30,,,2026-08-28,2026-09-01
2026-08-31,2884,price_ridge,6,-0.06071594867937047,2026-06,2026-08-17,2026-06-30,,,2026-08-28,2026-09-01
2026-08-31,2412,price_ridge,7,-0.06076419652781146,2026-06,2026-08-17,2026-06-30,,,2026-08-28,2026-09-01
2026-08-31,2887,price_ridge,8,-0.06155088258871256,2026-06,2026-08-17,2026-06-30,,,2026-08-28,2026-09-01
2026-08-31,2892,price_ridge,9,-0.062019051952970396,2026-06,2026-08-17,2026-06-30,,,2026-08-28,2026-09-01
2026-08-31,1101,price_ridge,10,-0.06304054572500394,2026-06,2026-08-17,2026-06-30,,,2026-08-28,2026-09-01
2026-08-31,2382,price_ridge,11,-0.06329716310977113,2026-06,2026-08-17,2026-06-30,,,2026-08-28,2026-09-01
2026-08-31,2834,price_ridge,12,-0.06347486777493225,2026-06,2026-08-17,2026-06-30,,,2026-08-28,2026-09-01
2026-08-31,2891,price_ridge,13,-0.06386991702867473,2026-06,2026-08-17,2026-06-30,,,2026-08-28,2026-09-01
2026-08-31,3045,price_ridge,14,-0.06392904726024487,2026-06,2026-08-17,2026-06-30,,,2026-08-28,2026-09-01
2026-08-31,1216,price_ridge,15,-0.06402673180427605,2026-06,2026-08-17,2026-06-30,,,2026-08-28,2026-09-01
2026-08-31,8478,all_ridge,1,-0.02890310300885969,2026-06,2026-08-17,2026-06-30,,,2026-08-28,2026-09-01
2026-08-31,2348,all_ridge,2,-0.02901125834551912,2026-06,2026-08-17,2026-06-30,,,2026-08-28,2026-09-01
2026-08-31,3049,all_ridge,3,-0.03145266334414394,2026-06,2026-08-17,2026-06-30,,,2026-08-28,2026-09-01
2026-08-31,6177,all_ridge,4,-0.03485593892040341,2026-06,2026-08-17,2026-06-30,,,2026-08-28,2026-09-01
2026-08-31,3229,all_ridge,5,-0.03555992449292572,2026-06,2026-08-17,2026-06-30,,,2026-08-28,2026-09-01
2026-08-31,2059,all_ridge,6,-0.03615288416232256,2026-06,2026-08-17,2026-06-30,,,2026-08-28,2026-09-01
2026-08-31,2466,all_ridge,7,-0.038900573968024016,2026-06,2026-08-17,2026-06-30,,,2026-08-28,2026-09-01
2026-08-31,4904,all_ridge,8,-0.03895504639561469,2026-06,2026-08-17,2026-06-30,,,2026-08-28,2026-09-01
2026-08-31,9925,all_ridge,9,-0.04140480921898493,2026-06,2026-08-17,2026-06-30,,,2026-08-28,2026-09-01
2026-08-31,1623,all_ridge,10,-0.044168517217308564,2026-06,2026-08-17,2026-06-30,,,2026-08-28,2026-09-01
2026-08-31,1303,all_ridge,11,-0.05041702694954886,2026-06,2026-08-17,2026-06-30,,,2026-08-28,2026-09-01
2026-08-31,2330,all_ridge,12,-0.050574942024811415,2026-06,2026-08-17,2026-06-30,,,2026-08-28,2026-09-01
2026-08-31,7795,all_ridge,13,-0.05529346616232519,2026-06,2026-08-17,2026-06-30,,,2026-08-28,2026-09-01
2026-08-31,5522,all_ridge,14,-0.05555765168735792,2026-06,2026-08-17,2026-06-30,,,2026-08-28,2026-09-01
2026-08-31,6533,all_ridge,15,-0.05599900837088444,2026-06,2026-08-17,2026-06-30,,,2026-08-28,2026-09-01
2026-08-31,3167,price_tree,1,0.13599548580882614,2026-06,2026-08-17,2026-06-30,,,2026-08-28,2026-09-01
2026-08-31,3533,price_tree,2,0.09909714181470038,2026-06,2026-08-17,2026-06-30,,,2026-08-28,2026-09-01
2026-08-31,6451,price_tree,3,0.06555592192588955,2026-06,2026-08-17,2026-06-30,,,2026-08-28,2026-09-01
2026-08-31,6239,price_tree,4,0.06152764389959211,2026-06,2026-08-17,2026-06-30,,,2026-08-28,2026-09-01
2026-08-31,6442,price_tree,5,0.0609915018257235,2026-06,2026-08-17,2026-06-30,,,2026-08-28,2026-09-01
2026-08-31,6515,price_tree,6,0.05988201172491705,2026-06,2026-08-17,2026-06-30,,,2026-08-28,2026-09-01
2026-08-31,2492,price_tree,7,0.044467170112562134,2026-06,2026-08-17,2026-06-30,,,2026-08-28,2026-09-01
2026-08-31,2449,price_tree,8,0.04133633824825807,2026-06,2026-08-17,2026-06-30,,,2026-08-28,2026-09-01
2026-08-31,2481,price_tree,9,0.037861911989592184,2026-06,2026-08-17,2026-06-30,,,2026-08-28,2026-09-01
2026-08-31,8150,price_tree,10,0.03499172212657462,2026-06,2026-08-17,2026-06-30,,,2026-08-28,2026-09-01
2026-08-31,3042,price_tree,11,0.026448568156445234,2026-06,2026-08-17,2026-06-30,,,2026-08-28,2026-09-01
2026-08-31,6531,price_tree,12,0.022670946456863142,2026-06,2026-08-17,2026-06-30,,,2026-08-28,2026-09-01
2026-08-31,1802,price_tree,13,0.02161949888434597,2026-06,2026-08-17,2026-06-30,,,2026-08-28,2026-09-01
2026-08-31,3026,price_tree,14,0.01470162892362347,2026-06,2026-08-17,2026-06-30,,,2026-08-28,2026-09-01
2026-08-31,8210,price_tree,15,0.013636300824311741,2026-06,2026-08-17,2026-06-30,,,2026-08-28,2026-09-01
2026-08-31,2327,all_tree,1,0.06031657862415253,2026-06,2026-08-17,2026-06-30,,,2026-08-28,2026-09-01
2026-08-31,2382,all_tree,2,0.05110052989893745,2026-06,2026-08-17,2026-06-30,,,2026-08-28,2026-09-01
2026-08-31,2354,all_tree,3,0.05104469253436558,2026-06,2026-08-17,2026-06-30,,,2026-08-28,2026-09-01
2026-08-31,2360,all_tree,4,0.050243453843646445,2026-06,2026-08-17,2026-06-30,,,2026-08-28,2026-09-01
2026-08-31,3036,all_tree,5,0.044821016797368156,2026-06,2026-08-17,2026-06-30,,,2026-08-28,2026-09-01
2026-08-31,2059,all_tree,6,0.04202166565473417,2026-06,2026-08-17,2026-06-30,,,2026-08-28,2026-09-01
2026-08-31,8210,all_tree,7,0.04035281208378583,2026-06,2026-08-17,2026-06-30,,,2026-08-28,2026-09-01
2026-08-31,6415,all_tree,8,0.03318427461272168,2026-06,2026-08-17,2026-06-30,,,2026-08-28,2026-09-01
2026-08-31,8271,all_tree,9,0.029897403680843617,2026-06,2026-08-17,2026-06-30,,,2026-08-28,2026-09-01
2026-08-31,7769,all_tree,10,0.0293599551226431,2026-06,2026-08-17,2026-06-30,,,2026-08-28,2026-09-01
2026-08-31,4739,all_tree,11,0.02832587167984854,2026-06,2026-08-17,2026-06-30,,,2026-08-28,2026-09-01
2026-08-31,2885,all_tree,12,0.025324054943759656,2026-06,2026-08-17,2026-06-30,,,2026-08-28,2026-09-01
2026-08-31,6515,all_tree,13,0.024892755758049855,2026-06,2026-08-17,2026-06-30,,,2026-08-28,2026-09-01
2026-08-31,6405,all_tree,14,0.024123254634869435,2026-06,2026-08-17,2026-06-30,,,2026-08-28,2026-09-01
2026-08-31,2345,all_tree,15,0.02410967486620442,2026-06,2026-08-17,2026-06-30,,,2026-08-28,2026-09-01
2026-08-31,6715,vol20,1,0.06741342901781966,2026-06,2026-08-17,2026-06-30,,,2026-08-28,2026-09-01
2026-08-31,3026,vol20,2,0.06626895605561776,2026-06,2026-08-17,2026-06-30,,,2026-08-28,2026-09-01
2026-08-31,3167,vol20,3,0.06239632008604823,2026-06,2026-08-17,2026-06-30,,,2026-08-28,2026-09-01
2026-08-31,6226,vol20,4,0.062209705913276146,2026-06,2026-08-17,2026-06-30,,,2026-08-28,2026-09-01
2026-08-31,8039,vol20,5,0.06220938274117592,2026-06,2026-08-17,2026-06-30,,,2026-08-28,2026-09-01
2026-08-31,2434,vol20,6,0.062195170696181766,2026-06,2026-08-17,2026-06-30,,,2026-08-28,2026-09-01
2026-08-31,2491,vol20,7,0.06152156717497027,2026-06,2026-08-17,2026-06-30,,,2026-08-28,2026-09-01
2026-08-31,8996,vol20,8,0.059720814705072935,2026-06,2026-08-17,2026-06-30,,,2026-08-28,2026-09-01
2026-08-31,2305,vol20,9,0.058808206318221416,2026-06,2026-08-17,2026-06-30,,,2026-08-28,2026-09-01
2026-08-31,1709,vol20,10,0.05871509140813064,2026-06,2026-08-17,2026-06-30,,,2026-08-28,2026-09-01
2026-08-31,2492,vol20,11,0.05805562419734783,2026-06,2026-08-17,2026-06-30,,,2026-08-28,2026-09-01
2026-08-31,3450,vol20,12,0.05780471975580625,2026-06,2026-08-17,2026-06-30,,,2026-08-28,2026-09-01
2026-08-31,2465,vol20,13,0.05699261845087244,2026-06,2026-08-17,2026-06-30,,,2026-08-28,2026-09-01
2026-08-31,3605,vol20,14,0.05687202677980923,2026-06,2026-08-17,2026-06-30,,,2026-08-28,2026-09-01
2026-08-31,3055,vol20,15,0.05684299550673579,2026-06,2026-08-17,2026-06-30,,,2026-08-28,2026-09-01
2026-08-31,2059,mom60,1,1.6598160573991985,2026-06,2026-08-17,2026-06-30,,,2026-08-28,2026-09-01
2026-08-31,8039,mom60,2,1.361754934270846,2026-06,2026-08-17,2026-06-30,,,2026-08-28,2026-09-01
2026-08-31,6226,mom60,3,1.323529411764706,2026-06,2026-08-17,2026-06-30,,,2026-08-28,2026-09-01
2026-08-31,2466,mom60,4,1.2000000000065012,2026-06,2026-08-17,2026-06-30,,,2026-08-28,2026-09-01
2026-08-31,1303,mom60,5,1.195232347608533,2026-06,2026-08-17,2026-06-30,,,2026-08-28,2026-09-01
2026-08-31,6213,mom60,6,1.1213245374956204,2026-06,2026-08-17,2026-06-30,,,2026-08-28,2026-09-01
2026-08-31,3008,mom60,7,1.0182678551774424,2026-06,2026-08-17,2026-06-30,,,2026-08-28,2026-09-01
2026-08-31,3605,mom60,8,0.848061972423588,2026-06,2026-08-17,2026-06-30,,,2026-08-28,2026-09-01
2026-08-31,2434,mom60,9,0.7440225035161745,2026-06,2026-08-17,2026-06-30,,,2026-08-28,2026-09-01
2026-08-31,6933,mom60,10,0.6692806244897309,2026-06,2026-08-17,2026-06-30,,,2026-08-28,2026-09-01
2026-08-31,1709,mom60,11,0.6646883948705387,2026-06,2026-08-17,2026-06-30,,,2026-08-28,2026-09-01
2026-08-31,6446,mom60,12,0.651336743693014,2026-06,2026-08-17,2026-06-30,,,2026-08-28,2026-09-01
2026-08-31,2033,mom60,13,0.6300940438879044,2026-06,2026-08-17,2026-06-30,,,2026-08-28,2026-09-01
2026-08-31,3653,mom60,14,0.6158733871581783,2026-06,2026-08-17,2026-06-30,,,2026-08-28,2026-09-01
2026-08-31,3406,mom60,15,0.5640238684692773,2026-06,2026-08-17,2026-06-30,,,2026-08-28,2026-09-01
2026-08-31,1808,rev_yoy,1,5.0,2026-06,2026-08-17,2026-06-30,,,2026-08-28,2026-09-01
2026-08-31,2408,rev_yoy,2,5.0,2026-06,2026-08-17,2026-06-30,,,2026-08-28,2026-09-01
2026-08-31,2465,rev_yoy,3,5.0,2026-06,2026-08-17,2026-06-30,,,2026-08-28,2026-09-01
2026-08-31,5522,rev_yoy,4,5.0,2026-06,2026-08-17,2026-06-30,,,2026-08-28,2026-09-01
2026-08-31,6177,rev_yoy,5,5.0,2026-06,2026-08-17,2026-06-30,,,2026-08-28,2026-09-01
2026-08-31,7740,rev_yoy,6,5.0,2026-06,2026-08-17,2026-06-30,,,2026-08-28,2026-09-01
2026-08-31,8926,rev_yoy,7,5.0,2026-06,2026-08-17,2026-06-30,,,2026-08-28,2026-09-01
2026-08-31,2451,rev_yoy,8,3.8154685045991066,2026-06,2026-08-17,2026-06-30,,,2026-08-28,2026-09-01
2026-08-31,2425,rev_yoy,9,3.755658851662359,2026-06,2026-08-17,2026-06-30,,,2026-08-28,2026-09-01
2026-08-31,2887,rev_yoy,10,3.2950067645662164,2026-06,2026-08-17,2026-06-30,,,2026-08-28,2026-09-01
2026-08-31,3006,rev_yoy,11,3.2835424797888937,2026-06,2026-08-17,2026-06-30,,,2026-08-28,2026-09-01
2026-08-31,2101,rev_yoy,12,3.2825458390774607,2026-06,2026-08-17,2026-06-30,,,2026-08-28,2026-09-01
2026-08-31,6515,rev_yoy,13,2.878983328197554,2026-06,2026-08-17,2026-06-30,,,2026-08-28,2026-09-01
2026-08-31,6541,rev_yoy,14,2.673506268589285,2026-06,2026-08-17,2026-06-30,,,2026-08-28,2026-09-01
2026-08-31,2348,rev_yoy,15,2.4766387451562752,2026-06,2026-08-17,2026-06-30,,,2026-08-28,2026-09-01
2026-09-30,2330,price_ridge,1,-0.0527593954432755,2026-07,2026-09-15,2026-07-31,,,2026-09-29,2026-10-01
2026-09-30,6214,price_ridge,2,-0.05814107278301166,2026-07,2026-09-15,2026-07-31,,,2026-09-29,2026-10-01
2026-09-30,2412,price_ridge,3,-0.05860708511907334,2026-07,2026-09-15,2026-07-31,,,2026-09-29,2026-10-01
2026-09-30,2317,price_ridge,4,-0.059776286541911236,2026-07,2026-09-15,2026-07-31,,,2026-09-29,2026-10-01
2026-09-30,2059,price_ridge,5,-0.060424924364022116,2026-07,2026-09-15,2026-07-31,,,2026-09-29,2026-10-01
2026-09-30,2887,price_ridge,6,-0.06045998048762248,2026-07,2026-09-15,2026-07-31,,,2026-09-29,2026-10-01
2026-09-30,3231,price_ridge,7,-0.06067402508638815,2026-07,2026-09-15,2026-07-31,,,2026-09-29,2026-10-01
2026-09-30,2892,price_ridge,8,-0.06084130653650728,2026-07,2026-09-15,2026-07-31,,,2026-09-29,2026-10-01
2026-09-30,2603,price_ridge,9,-0.061184295907275046,2026-07,2026-09-15,2026-07-31,,,2026-09-29,2026-10-01
2026-09-30,2890,price_ridge,10,-0.06141732519706172,2026-07,2026-09-15,2026-07-31,,,2026-09-29,2026-10-01
2026-09-30,2880,price_ridge,11,-0.06154177976426031,2026-07,2026-09-15,2026-07-31,,,2026-09-29,2026-10-01
2026-09-30,2609,price_ridge,12,-0.061721342754376754,2026-07,2026-09-15,2026-07-31,,,2026-09-29,2026-10-01
2026-09-30,2615,price_ridge,13,-0.061877611282653,2026-07,2026-09-15,2026-07-31,,,2026-09-29,2026-10-01
2026-09-30,3045,price_ridge,14,-0.06228799514764208,2026-07,2026-09-15,2026-07-31,,,2026-09-29,2026-10-01
2026-09-30,2886,price_ridge,15,-0.06270486230802796,2026-07,2026-09-15,2026-07-31,,,2026-09-29,2026-10-01
2026-09-30,2892,all_ridge,1,-0.027215635308698707,2026-07,2026-09-15,2026-07-31,,,2026-09-29,2026-10-01
2026-09-30,3045,all_ridge,2,-0.031132605744338418,2026-07,2026-09-15,2026-07-31,,,2026-09-29,2026-10-01
2026-09-30,9925,all_ridge,3,-0.03680209044597778,2026-07,2026-09-15,2026-07-31,,,2026-09-29,2026-10-01
2026-09-30,4142,all_ridge,4,-0.04013458833142176,2026-07,2026-09-15,2026-07-31,,,2026-09-29,2026-10-01
2026-09-30,2317,all_ridge,5,-0.05332482603052586,2026-07,2026-09-15,2026-07-31,,,2026-09-29,2026-10-01
2026-09-30,2615,all_ridge,6,-0.05499278585324448,2026-07,2026-09-15,2026-07-31,,,2026-09-29,2026-10-01
2026-09-30,8112,all_ridge,7,-0.05562118302762782,2026-07,2026-09-15,2026-07-31,,,2026-09-29,2026-10-01
2026-09-30,2727,all_ridge,8,-0.057256037052809225,2026-07,2026-09-15,2026-07-31,,,2026-09-29,2026-10-01
2026-09-30,2354,all_ridge,9,-0.057943733524056504,2026-07,2026-09-15,2026-07-31,,,2026-09-29,2026-10-01
2026-09-30,1590,all_ridge,10,-0.05827707270545217,2026-07,2026-09-15,2026-07-31,,,2026-09-29,2026-10-01
2026-09-30,6669,all_ridge,11,-0.05846483702217448,2026-07,2026-09-15,2026-07-31,,,2026-09-29,2026-10-01
2026-09-30,2912,all_ridge,12,-0.058604177530113606,2026-07,2026-09-15,2026-07-31,,,2026-09-29,2026-10-01
2026-09-30,2609,all_ridge,13,-0.05860891510310183,2026-07,2026-09-15,2026-07-31,,,2026-09-29,2026-10-01
2026-09-30,2002,all_ridge,14,-0.05866675448333143,2026-07,2026-09-15,2026-07-31,,,2026-09-29,2026-10-01
2026-09-30,2330,all_ridge,15,-0.05868296363320857,2026-07,2026-09-15,2026-07-31,,,2026-09-29,2026-10-01
2026-09-30,8210,price_tree,1,0.041696320309387046,2026-07,2026-09-15,2026-07-31,,,2026-09-29,2026-10-01
2026-09-30,6515,price_tree,2,0.03863335515061757,2026-07,2026-09-15,2026-07-31,,,2026-09-29,2026-10-01
2026-09-30,2330,price_tree,3,0.011141404728476688,2026-07,2026-09-15,2026-07-31,,,2026-09-29,2026-10-01
2026-09-30,2327,price_tree,4,0.005555372156258678,2026-07,2026-09-15,2026-07-31,,,2026-09-29,2026-10-01
2026-09-30,6415,price_tree,5,0.004945240316661689,2026-07,2026-09-15,2026-07-31,,,2026-09-29,2026-10-01
2026-09-30,2345,price_tree,6,-0.0023073148299320493,2026-07,2026-09-15,2026-07-31,,,2026-09-29,2026-10-01
2026-09-30,1558,price_tree,7,-0.003275172587048316,2026-07,2026-09-15,2026-07-31,,,2026-09-29,2026-10-01
2026-09-30,6933,price_tree,8,-0.0039704458345465,2026-07,2026-09-15,2026-07-31,,,2026-09-29,2026-10-01
2026-09-30,2303,price_tree,9,-0.005242346532419363,2026-07,2026-09-15,2026-07-31,,,2026-09-29,2026-10-01
2026-09-30,2337,price_tree,10,-0.008736856341742268,2026-07,2026-09-15,2026-07-31,,,2026-09-29,2026-10-01
2026-09-30,6957,price_tree,11,-0.010484183295784308,2026-07,2026-09-15,2026-07-31,,,2026-09-29,2026-10-01
2026-09-30,3026,price_tree,12,-0.014307580431279965,2026-07,2026-09-15,2026-07-31,,,2026-09-29,2026-10-01
2026-09-30,2472,price_tree,13,-0.014335784786464441,2026-07,2026-09-15,2026-07-31,,,2026-09-29,2026-10-01
2026-09-30,6239,price_tree,14,-0.01641395920962786,2026-07,2026-09-15,2026-07-31,,,2026-09-29,2026-10-01
2026-09-30,8261,price_tree,15,-0.016675113255267247,2026-07,2026-09-15,2026-07-31,,,2026-09-29,2026-10-01
2026-09-30,2345,all_tree,1,0.14463536455923778,2026-07,2026-09-15,2026-07-31,,,2026-09-29,2026-10-01
2026-09-30,2327,all_tree,2,0.09549619061614865,2026-07,2026-09-15,2026-07-31,,,2026-09-29,2026-10-01
2026-09-30,6515,all_tree,3,0.08736233029197699,2026-07,2026-09-15,2026-07-31,,,2026-09-29,2026-10-01
2026-09-30,2492,all_tree,4,0.07976875076570446,2026-07,2026-09-15,2026-07-31,,,2026-09-29,2026-10-01
2026-09-30,2360,all_tree,5,0.07124867167073538,2026-07,2026-09-15,2026-07-31,,,2026-09-29,2026-10-01
2026-09-30,2472,all_tree,6,0.04931311852388225,2026-07,2026-09-15,2026-07-31,,,2026-09-29,2026-10-01
2026-09-30,2501,all_tree,7,0.034789125052690405,2026-07,2026-09-15,2026-07-31,,,2026-09-29,2026-10-01
2026-09-30,6831,all_tree,8,0.030563596448505002,2026-07,2026-09-15,2026-07-31,,,2026-09-29,2026-10-01
2026-09-30,6415,all_tree,9,0.03011183560932572,2026-07,2026-09-15,2026-07-31,,,2026-09-29,2026-10-01
2026-09-30,2383,all_tree,10,0.028937069659026756,2026-07,2026-09-15,2026-07-31,,,2026-09-29,2026-10-01
2026-09-30,2395,all_tree,11,0.02489629659670853,2026-07,2026-09-15,2026-07-31,,,2026-09-29,2026-10-01
2026-09-30,3036,all_tree,12,0.023024347793373597,2026-07,2026-09-15,2026-07-31,,,2026-09-29,2026-10-01
2026-09-30,8271,all_tree,13,0.019308630091976673,2026-07,2026-09-15,2026-07-31,,,2026-09-29,2026-10-01
2026-09-30,3443,all_tree,14,0.01571379431867151,2026-07,2026-09-15,2026-07-31,,,2026-09-29,2026-10-01
2026-09-30,1709,all_tree,15,0.01375741104672637,2026-07,2026-09-15,2026-07-31,,,2026-09-29,2026-10-01
2026-09-30,7711,vol20,1,0.06464502864216563,2026-07,2026-09-15,2026-07-31,,,2026-09-29,2026-10-01
2026-09-30,6933,vol20,2,0.06256399613003404,2026-07,2026-09-15,2026-07-31,,,2026-09-29,2026-10-01
2026-09-30,6226,vol20,3,0.06174654893643928,2026-07,2026-09-15,2026-07-31,,,2026-09-29,2026-10-01
2026-09-30,1709,vol20,4,0.061160276231170256,2026-07,2026-09-15,2026-07-31,,,2026-09-29,2026-10-01
2026-09-30,4956,vol20,5,0.05909664996844472,2026-07,2026-09-15,2026-07-31,,,2026-09-29,2026-10-01
2026-09-30,8996,vol20,6,0.05770001565159255,2026-07,2026-09-15,2026-07-31,,,2026-09-29,2026-10-01
2026-09-30,3229,vol20,7,0.05665168873018955,2026-07,2026-09-15,2026-07-31,,,2026-09-29,2026-10-01
2026-09-30,3605,vol20,8,0.056424081567388554,2026-07,2026-09-15,2026-07-31,,,2026-09-29,2026-10-01
2026-09-30,3021,vol20,9,0.05628737523936421,2026-07,2026-09-15,2026-07-31,,,2026-09-29,2026-10-01
2026-09-30,6426,vol20,10,0.05601934755891564,2026-07,2026-09-15,2026-07-31,,,2026-09-29,2026-10-01
2026-09-30,3094,vol20,11,0.05536927212071976,2026-07,2026-09-15,2026-07-31,,,2026-09-29,2026-10-01
2026-09-30,2033,vol20,12,0.05483282665293487,2026-07,2026-09-15,2026-07-31,,,2026-09-29,2026-10-01
2026-09-30,6715,vol20,13,0.05440911971738244,2026-07,2026-09-15,2026-07-31,,,2026-09-29,2026-10-01
2026-09-30,6861,vol20,14,0.05380853464744514,2026-07,2026-09-15,2026-07-31,,,2026-09-29,2026-10-01
2026-09-30,2426,vol20,15,0.052471445312595996,2026-07,2026-09-15,2026-07-31,,,2026-09-29,2026-10-01
2026-09-30,2033,mom60,1,1.5589123867067864,2026-07,2026-09-15,2026-07-31,,,2026-09-29,2026-10-01
2026-09-30,6933,mom60,2,1.4788080013050773,2026-07,2026-09-15,2026-07-31,,,2026-09-29,2026-10-01
2026-09-30,1709,mom60,3,1.1037987411748391,2026-07,2026-09-15,2026-07-31,,,2026-09-29,2026-10-01
2026-09-30,6957,mom60,4,1.003021039054842,2026-07,2026-09-15,2026-07-31,,,2026-09-29,2026-10-01
2026-09-30,3653,mom60,5,1.0006547262975585,2026-07,2026-09-15,2026-07-31,,,2026-09-29,2026-10-01
2026-09-30,8039,mom60,6,0.9900662251640879,2026-07,2026-09-15,2026-07-31,,,2026-09-29,2026-10-01
2026-09-30,3605,mom60,7,0.9610201967837244,2026-07,2026-09-15,2026-07-31,,,2026-09-29,2026-10-01
2026-09-30,2030,mom60,8,0.9064935064921873,2026-07,2026-09-15,2026-07-31,,,2026-09-29,2026-10-01
2026-09-30,6226,mom60,9,0.8791666666666667,2026-07,2026-09-15,2026-07-31,,,2026-09-29,2026-10-01
2026-09-30,2305,mom60,10,0.7706185567010311,2026-07,2026-09-15,2026-07-31,,,2026-09-29,2026-10-01
2026-09-30,3543,mom60,11,0.762478485369912,2026-07,2026-09-15,2026-07-31,,,2026-09-29,2026-10-01
2026-09-30,7711,mom60,12,0.7257318952250549,2026-07,2026-09-15,2026-07-31,,,2026-09-29,2026-10-01
2026-09-30,6533,mom60,13,0.7207520619157448,2026-07,2026-09-15,2026-07-31,,,2026-09-29,2026-10-01
2026-09-30,6426,mom60,14,0.7196023592578653,2026-07,2026-09-15,2026-07-31,,,2026-09-29,2026-10-01
2026-09-30,6505,mom60,15,0.6519524617958883,2026-07,2026-09-15,2026-07-31,,,2026-09-29,2026-10-01
2026-09-30,1808,rev_yoy,1,5.0,2026-07,2026-09-15,2026-07-31,,,2026-09-29,2026-10-01
2026-09-30,2348,rev_yoy,2,5.0,2026-07,2026-09-15,2026-07-31,,,2026-09-29,2026-10-01
2026-09-30,2408,rev_yoy,3,5.0,2026-07,2026-09-15,2026-07-31,,,2026-09-29,2026-10-01
2026-09-30,3535,rev_yoy,4,5.0,2026-07,2026-09-15,2026-07-31,,,2026-09-29,2026-10-01
2026-09-30,7740,rev_yoy,5,5.0,2026-07,2026-09-15,2026-07-31,,,2026-09-29,2026-10-01
2026-09-30,8926,rev_yoy,6,5.0,2026-07,2026-09-15,2026-07-31,,,2026-09-29,2026-10-01
2026-09-30,3006,rev_yoy,7,4.910617601014743,2026-07,2026-09-15,2026-07-31,,,2026-09-29,2026-10-01
2026-09-30,6177,rev_yoy,8,4.700409908184708,2026-07,2026-09-15,2026-07-31,,,2026-09-29,2026-10-01
2026-09-30,2059,rev_yoy,9,3.555224648845101,2026-07,2026-09-15,2026-07-31,,,2026-09-29,2026-10-01
2026-09-30,8112,rev_yoy,10,3.334839037607871,2026-07,2026-09-15,2026-07-31,,,2026-09-29,2026-10-01
2026-09-30,2451,rev_yoy,11,3.076562720695554,2026-07,2026-09-15,2026-07-31,,,2026-09-29,2026-10-01
2026-09-30,2344,rev_yoy,12,2.9154754061439485,2026-07,2026-09-15,2026-07-31,,,2026-09-29,2026-10-01
2026-09-30,7711,rev_yoy,13,2.861621735246203,2026-07,2026-09-15,2026-07-31,,,2026-09-29,2026-10-01
2026-09-30,2465,rev_yoy,14,2.808766400091072,2026-07,2026-09-15,2026-07-31,,,2026-09-29,2026-10-01
2026-09-30,3041,rev_yoy,15,2.7058776393284987,2026-07,2026-09-15,2026-07-31,,,2026-09-29,2026-10-01
