date,symbol,model,rank,score,revenue_month,proxy_available_date,month_end,endpoint_target,label_window_end,margin_source_date,entry_date
2024-12-31,6781,price_ridge,1,-0.03762354106996942,2024-10,2024-12-16,2024-10-31,-0.20344325063046842,2025-04-09,2024-12-30,2025-01-02
2024-12-31,8114,price_ridge,2,-0.047100138081607026,2024-10,2024-12-16,2024-10-31,-0.2035948912658928,2025-04-09,2024-12-30,2025-01-02
2024-12-31,2466,price_ridge,3,-0.047363778476298,2024-10,2024-12-16,2024-10-31,0.2499250341652146,2025-04-09,2024-12-30,2025-01-02
2024-12-31,6854,price_ridge,4,-0.04879345407467757,2024-10,2024-12-16,2024-10-31,-0.16769138537177064,2025-04-09,2024-12-30,2025-01-02
2024-12-31,6558,price_ridge,5,-0.05213378862765281,2024-10,2024-12-16,2024-10-31,0.21040620352458383,2025-04-09,2024-12-30,2025-01-02
2024-12-31,4912,price_ridge,6,-0.05551995231897231,2024-10,2024-12-16,2024-10-31,-0.27713584651171874,2025-04-09,2024-12-30,2025-01-02
2024-12-31,3043,price_ridge,7,-0.05791400271107089,2024-10,2024-12-16,2024-10-31,-0.18943759910423974,2025-04-09,2024-12-30,2025-01-02
2024-12-31,2444,price_ridge,8,-0.05810654432275521,2024-10,2024-12-16,2024-10-31,-0.2155952413804847,2025-04-09,2024-12-30,2025-01-02
2024-12-31,2929,price_ridge,9,-0.05943209965545039,2024-10,2024-12-16,2024-10-31,-0.15612261589706689,2025-04-09,2024-12-30,2025-01-02
2024-12-31,3447,price_ridge,10,-0.06001515905939443,2024-10,2024-12-16,2024-10-31,-0.09598675912036758,2025-04-09,2024-12-30,2025-01-02
2024-12-31,1783,price_ridge,11,-0.06032444948758492,2024-10,2024-12-16,2024-10-31,-0.04120961923981703,2025-04-09,2024-12-30,2025-01-02
2024-12-31,2527,price_ridge,12,-0.060947805515785346,2024-10,2024-12-16,2024-10-31,-0.11092568271396241,2025-04-09,2024-12-30,2025-01-02
2024-12-31,6757,price_ridge,13,-0.06109966787053302,2024-10,2024-12-16,2024-10-31,0.2266854155129313,2025-04-09,2024-12-30,2025-01-02
2024-12-31,2488,price_ridge,14,-0.061185650878804905,2024-10,2024-12-16,2024-10-31,-0.052368317412226695,2025-04-09,2024-12-30,2025-01-02
2024-12-31,1471,price_ridge,15,-0.0613584436229863,2024-10,2024-12-16,2024-10-31,-0.07969519165053329,2025-04-09,2024-12-30,2025-01-02
2024-12-31,6177,all_ridge,1,0.027408908267257948,2024-10,2024-12-16,2024-10-31,0.10205868657130646,2025-04-09,2024-12-30,2025-01-02
2024-12-31,2527,all_ridge,2,0.01699033482816975,2024-10,2024-12-16,2024-10-31,-0.11092568271396241,2025-04-09,2024-12-30,2025-01-02
2024-12-31,3056,all_ridge,3,0.008926105735378276,2024-10,2024-12-16,2024-10-31,0.1746471722181715,2025-04-09,2024-12-30,2025-01-02
2024-12-31,2348,all_ridge,4,-0.013013268264634614,2024-10,2024-12-16,2024-10-31,-0.2107662297101346,2025-04-09,2024-12-30,2025-01-02
2024-12-31,5519,all_ridge,5,-0.013734529076321,2024-10,2024-12-16,2024-10-31,0.06628647892975703,2025-04-09,2024-12-30,2025-01-02
2024-12-31,2465,all_ridge,6,-0.022992236494438087,2024-10,2024-12-16,2024-10-31,-0.21040217208489476,2025-04-09,2024-12-30,2025-01-02
2024-12-31,2466,all_ridge,7,-0.02538339879850835,2024-10,2024-12-16,2024-10-31,0.2499250341652146,2025-04-09,2024-12-30,2025-01-02
2024-12-31,3024,all_ridge,8,-0.038189136549547746,2024-10,2024-12-16,2024-10-31,-0.11600412593843756,2025-04-09,2024-12-30,2025-01-02
2024-12-31,2929,all_ridge,9,-0.04223239917369494,2024-10,2024-12-16,2024-10-31,-0.15612261589706689,2025-04-09,2024-12-30,2025-01-02
2024-12-31,6781,all_ridge,10,-0.0422860301028077,2024-10,2024-12-16,2024-10-31,-0.20344325063046842,2025-04-09,2024-12-30,2025-01-02
2024-12-31,3712,all_ridge,11,-0.044899618436968755,2024-10,2024-12-16,2024-10-31,-0.14539583038547887,2025-04-09,2024-12-30,2025-01-02
2024-12-31,6928,all_ridge,12,-0.04675950311081331,2024-10,2024-12-16,2024-10-31,-0.1885518883535815,2025-04-09,2024-12-30,2025-01-02
2024-12-31,2905,all_ridge,13,-0.047160073698742366,2024-10,2024-12-16,2024-10-31,-0.05823374815108384,2025-04-09,2024-12-30,2025-01-02
2024-12-31,6854,all_ridge,14,-0.04885125043409439,2024-10,2024-12-16,2024-10-31,-0.16769138537177064,2025-04-09,2024-12-30,2025-01-02
2024-12-31,3043,all_ridge,15,-0.05029241683652029,2024-10,2024-12-16,2024-10-31,-0.18943759910423974,2025-04-09,2024-12-30,2025-01-02
2024-12-31,1305,price_tree,1,0.022757439736306,2024-10,2024-12-16,2024-10-31,0.02401794443498062,2025-04-09,2024-12-30,2025-01-02
2024-12-31,3550,price_tree,2,0.00865274081320312,2024-10,2024-12-16,2024-10-31,-0.14241441014527534,2025-04-09,2024-12-30,2025-01-02
2024-12-31,2537,price_tree,3,0.004418903772894323,2024-10,2024-12-16,2024-10-31,0.023404314252092884,2025-04-09,2024-12-30,2025-01-02
2024-12-31,1309,price_tree,4,0.0036846581857021025,2024-10,2024-12-16,2024-10-31,-0.04201207314063804,2025-04-09,2024-12-30,2025-01-02
2024-12-31,2305,price_tree,5,0.0034741643040803465,2024-10,2024-12-16,2024-10-31,-0.15774178786691628,2025-04-09,2024-12-30,2025-01-02
2024-12-31,6743,price_tree,6,-0.0033711835587994067,2024-10,2024-12-16,2024-10-31,-0.10257506388455628,2025-04-09,2024-12-30,2025-01-02
2024-12-31,1783,price_tree,7,-0.00817386516349485,2024-10,2024-12-16,2024-10-31,-0.04120961923981703,2025-04-09,2024-12-30,2025-01-02
2024-12-31,1231,price_tree,8,-0.011345331507778444,2024-10,2024-12-16,2024-10-31,0.10984806062489716,2025-04-09,2024-12-30,2025-01-02
2024-12-31,1308,price_tree,9,-0.011665185871102305,2024-10,2024-12-16,2024-10-31,0.033477605542259425,2025-04-09,2024-12-30,2025-01-02
2024-12-31,2891,price_tree,10,-0.01169230936162255,2024-10,2024-12-16,2024-10-31,0.10159895341460934,2025-04-09,2024-12-30,2025-01-02
2024-12-31,2330,price_tree,11,-0.01446785513379721,2024-10,2024-12-16,2024-10-31,-0.03210586219884526,2025-04-09,2024-12-30,2025-01-02
2024-12-31,2454,price_tree,12,-0.01517787307924089,2024-10,2024-12-16,2024-10-31,0.07851630987004188,2025-04-09,2024-12-30,2025-01-02
2024-12-31,2317,price_tree,13,-0.019752310943203427,2024-10,2024-12-16,2024-10-31,-0.1557875922344748,2025-04-09,2024-12-30,2025-01-02
2024-12-31,2303,price_tree,14,-0.021500486284503316,2024-10,2024-12-16,2024-10-31,0.15785561119502323,2025-04-09,2024-12-30,2025-01-02
2024-12-31,2408,price_tree,15,-0.022634355283702275,2024-10,2024-12-16,2024-10-31,0.2638913544100614,2025-04-09,2024-12-30,2025-01-02
2024-12-31,2527,all_tree,1,0.14737413369139749,2024-10,2024-12-16,2024-10-31,-0.11092568271396241,2025-04-09,2024-12-30,2025-01-02
2024-12-31,3535,all_tree,2,0.14028527010976927,2024-10,2024-12-16,2024-10-31,-0.22362609774115427,2025-04-09,2024-12-30,2025-01-02
2024-12-31,3040,all_tree,3,0.10388162712591825,2024-10,2024-12-16,2024-10-31,-0.08573615976403748,2025-04-09,2024-12-30,2025-01-02
2024-12-31,3056,all_tree,4,0.09170104578066082,2024-10,2024-12-16,2024-10-31,0.1746471722181715,2025-04-09,2024-12-30,2025-01-02
2024-12-31,2425,all_tree,5,0.07613078960489918,2024-10,2024-12-16,2024-10-31,-0.026618386409955952,2025-04-09,2024-12-30,2025-01-02
2024-12-31,2855,all_tree,6,0.06107880438700766,2024-10,2024-12-16,2024-10-31,0.0035087767433952255,2025-04-09,2024-12-30,2025-01-02
2024-12-31,8429,all_tree,7,0.056367083820034136,2024-10,2024-12-16,2024-10-31,-0.09543806869845839,2025-04-09,2024-12-30,2025-01-02
2024-12-31,6869,all_tree,8,0.05630241344494809,2024-10,2024-12-16,2024-10-31,-0.12642703540080458,2025-04-09,2024-12-30,2025-01-02
2024-12-31,2542,all_tree,9,0.05404294038220491,2024-10,2024-12-16,2024-10-31,0.06037836763086368,2025-04-09,2024-12-30,2025-01-02
2024-12-31,3450,all_tree,10,0.049436934232596284,2024-10,2024-12-16,2024-10-31,-0.16598317464339585,2025-04-09,2024-12-30,2025-01-02
2024-12-31,6177,all_tree,11,0.04861103626180741,2024-10,2024-12-16,2024-10-31,0.10205868657130646,2025-04-09,2024-12-30,2025-01-02
2024-12-31,4977,all_tree,12,0.04225117014709777,2024-10,2024-12-16,2024-10-31,-0.2515754771514367,2025-04-09,2024-12-30,2025-01-02
2024-12-31,2905,all_tree,13,0.03480007225267412,2024-10,2024-12-16,2024-10-31,-0.05823374815108384,2025-04-09,2024-12-30,2025-01-02
2024-12-31,2528,all_tree,14,0.028955329626267186,2024-10,2024-12-16,2024-10-31,-0.022719028483811132,2025-04-09,2024-12-30,2025-01-02
2024-12-31,6854,all_tree,15,0.02251648575116416,2024-10,2024-12-16,2024-10-31,-0.16769138537177064,2025-04-09,2024-12-30,2025-01-02
2024-12-31,6558,vol20,1,0.059177918206449416,2024-10,2024-12-16,2024-10-31,0.21040620352458383,2025-04-09,2024-12-30,2025-01-02
2024-12-31,3694,vol20,2,0.05230423650680052,2024-10,2024-12-16,2024-10-31,-0.0976154378201266,2025-04-09,2024-12-30,2025-01-02
2024-12-31,6937,vol20,3,0.052268033505753354,2024-10,2024-12-16,2024-10-31,-0.3289487306400576,2025-04-09,2024-12-30,2025-01-02
2024-12-31,4576,vol20,4,0.05191116515911363,2024-10,2024-12-16,2024-10-31,-0.17150957555699275,2025-04-09,2024-12-30,2025-01-02
2024-12-31,3029,vol20,5,0.05080752287307733,2024-10,2024-12-16,2024-10-31,-0.009881554851732033,2025-04-09,2024-12-30,2025-01-02
2024-12-31,5484,vol20,6,0.05051892805135225,2024-10,2024-12-16,2024-10-31,-0.27769361011527915,2025-04-09,2024-12-30,2025-01-02
2024-12-31,2348,vol20,7,0.05049003511509732,2024-10,2024-12-16,2024-10-31,-0.2107662297101346,2025-04-09,2024-12-30,2025-01-02
2024-12-31,2466,vol20,8,0.048869944120566035,2024-10,2024-12-16,2024-10-31,0.2499250341652146,2025-04-09,2024-12-30,2025-01-02
2024-12-31,1449,vol20,9,0.04838820120590867,2024-10,2024-12-16,2024-10-31,-0.2363719879407521,2025-04-09,2024-12-30,2025-01-02
2024-12-31,2468,vol20,10,0.0477517646290359,2024-10,2024-12-16,2024-10-31,0.8984861563938866,2025-04-09,2024-12-30,2025-01-02
2024-12-31,2471,vol20,11,0.04748703357685078,2024-10,2024-12-16,2024-10-31,0.08815906119197237,2025-04-09,2024-12-30,2025-01-02
2024-12-31,6689,vol20,12,0.04715727710638317,2024-10,2024-12-16,2024-10-31,-0.19203110802036716,2025-04-09,2024-12-30,2025-01-02
2024-12-31,4540,vol20,13,0.04654768032634515,2024-10,2024-12-16,2024-10-31,-0.22537169995117812,2025-04-09,2024-12-30,2025-01-02
2024-12-31,3296,vol20,14,0.04596123433063206,2024-10,2024-12-16,2024-10-31,-0.1720258085886428,2025-04-09,2024-12-30,2025-01-02
2024-12-31,6442,vol20,15,0.04590341570846524,2024-10,2024-12-16,2024-10-31,-0.3121025053261468,2025-04-09,2024-12-30,2025-01-02
2024-12-31,6781,mom60,1,1.2868605817562,2024-10,2024-12-16,2024-10-31,-0.20344325063046842,2025-04-09,2024-12-30,2025-01-02
2024-12-31,6854,mom60,2,1.0080321285140563,2024-10,2024-12-16,2024-10-31,-0.16769138537177064,2025-04-09,2024-12-30,2025-01-02
2024-12-31,2466,mom60,3,0.9471488178041143,2024-10,2024-12-16,2024-10-31,0.2499250341652146,2025-04-09,2024-12-30,2025-01-02
2024-12-31,6442,mom60,4,0.8005540166209872,2024-10,2024-12-16,2024-10-31,-0.3121025053261468,2025-04-09,2024-12-30,2025-01-02
2024-12-31,8114,mom60,5,0.7500000000021889,2024-10,2024-12-16,2024-10-31,-0.2035948912658928,2025-04-09,2024-12-30,2025-01-02
2024-12-31,2233,mom60,6,0.7492260061936735,2024-10,2024-12-16,2024-10-31,-0.2967494373646975,2025-04-09,2024-12-30,2025-01-02
2024-12-31,3661,mom60,7,0.7400530503944682,2024-10,2024-12-16,2024-10-31,-0.16944015262950707,2025-04-09,2024-12-30,2025-01-02
2024-12-31,3019,mom60,8,0.6681415929146823,2024-10,2024-12-16,2024-10-31,-0.18123239537289026,2025-04-09,2024-12-30,2025-01-02
2024-12-31,6558,mom60,9,0.6526315789473685,2024-10,2024-12-16,2024-10-31,0.21040620352458383,2025-04-09,2024-12-30,2025-01-02
2024-12-31,4912,mom60,10,0.6288667898364713,2024-10,2024-12-16,2024-10-31,-0.27713584651171874,2025-04-09,2024-12-30,2025-01-02
2024-12-31,4571,mom60,11,0.6194690265484777,2024-10,2024-12-16,2024-10-31,-0.32730047946658325,2025-04-09,2024-12-30,2025-01-02
2024-12-31,4576,mom60,12,0.5773195876233088,2024-10,2024-12-16,2024-10-31,-0.17150957555699275,2025-04-09,2024-12-30,2025-01-02
2024-12-31,3029,mom60,13,0.5720771850187676,2024-10,2024-12-16,2024-10-31,-0.009881554851732033,2025-04-09,2024-12-30,2025-01-02
2024-12-31,2345,mom60,14,0.5711382113829124,2024-10,2024-12-16,2024-10-31,-0.20081121828068915,2025-04-09,2024-12-30,2025-01-02
2024-12-31,3447,mom60,15,0.5629629629635564,2024-10,2024-12-16,2024-10-31,-0.09598675912036758,2025-04-09,2024-12-30,2025-01-02
2024-12-31,1446,rev_yoy,1,5.0,2024-10,2024-12-16,2024-10-31,-0.182517507235615,2025-04-09,2024-12-30,2025-01-02
2024-12-31,2524,rev_yoy,2,5.0,2024-10,2024-12-16,2024-10-31,-0.1230068457480662,2025-04-09,2024-12-30,2025-01-02
2024-12-31,2527,rev_yoy,3,5.0,2024-10,2024-12-16,2024-10-31,-0.11092568271396241,2025-04-09,2024-12-30,2025-01-02
2024-12-31,2530,rev_yoy,4,5.0,2024-10,2024-12-16,2024-10-31,0.03793938712081524,2025-04-09,2024-12-30,2025-01-02
2024-12-31,2855,rev_yoy,5,5.0,2024-10,2024-12-16,2024-10-31,0.0035087767433952255,2025-04-09,2024-12-30,2025-01-02
2024-12-31,3056,rev_yoy,6,5.0,2024-10,2024-12-16,2024-10-31,0.1746471722181715,2025-04-09,2024-12-30,2025-01-02
2024-12-31,9906,rev_yoy,7,3.9078429031872983,2024-10,2024-12-16,2024-10-31,-0.11496070410419679,2025-04-09,2024-12-30,2025-01-02
2024-12-31,2348,rev_yoy,8,3.874979421634872,2024-10,2024-12-16,2024-10-31,-0.2107662297101346,2025-04-09,2024-12-30,2025-01-02
2024-12-31,6873,rev_yoy,9,3.3761127254277943,2024-10,2024-12-16,2024-10-31,0.11328520154791066,2025-04-09,2024-12-30,2025-01-02
2024-12-31,1316,rev_yoy,10,3.320715342349958,2024-10,2024-12-16,2024-10-31,0.15315650232955413,2025-04-09,2024-12-30,2025-01-02
2024-12-31,2545,rev_yoy,11,2.533787081547647,2024-10,2024-12-16,2024-10-31,-0.019762633453645595,2025-04-09,2024-12-30,2025-01-02
2024-12-31,6854,rev_yoy,12,1.7643321879391172,2024-10,2024-12-16,2024-10-31,-0.16769138537177064,2025-04-09,2024-12-30,2025-01-02
2024-12-31,2540,rev_yoy,13,1.7462315488277365,2024-10,2024-12-16,2024-10-31,0.005559059603280514,2025-04-09,2024-12-30,2025-01-02
2024-12-31,2102,rev_yoy,14,1.644189259195303,2024-10,2024-12-16,2024-10-31,0.03609806079605382,2025-04-09,2024-12-30,2025-01-02
2024-12-31,2528,rev_yoy,15,1.619047619047619,2024-10,2024-12-16,2024-10-31,-0.022719028483811132,2025-04-09,2024-12-30,2025-01-02
2025-01-22,2466,price_ridge,1,-0.026282252677103664,2024-11,2025-01-15,2024-11-30,0.23540304566761405,2025-04-30,2025-01-21,2025-02-03
2025-01-22,6558,price_ridge,2,-0.043129172218347875,2024-11,2025-01-15,2024-11-30,-0.005723033250724541,2025-04-30,2025-01-21,2025-02-03
2025-01-22,6781,price_ridge,3,-0.04663676076504394,2024-11,2025-01-15,2024-11-30,-0.11451055962160561,2025-04-30,2025-01-21,2025-02-03
2025-01-22,6215,price_ridge,4,-0.05516516829762661,2024-11,2025-01-15,2024-11-30,-0.008605065521001376,2025-04-30,2025-01-21,2025-02-03
2025-01-22,8114,price_ridge,5,-0.05535422745157315,2024-11,2025-01-15,2024-11-30,-0.10297041005206653,2025-04-30,2025-01-21,2025-02-03
2025-01-22,6691,price_ridge,6,-0.058765644381897936,2024-11,2025-01-15,2024-11-30,-0.031592871265401556,2025-04-30,2025-01-21,2025-02-03
2025-01-22,1783,price_ridge,7,-0.05942604864902251,2024-11,2025-01-15,2024-11-30,-0.03924824246634617,2025-04-30,2025-01-21,2025-02-03
2025-01-22,2516,price_ridge,8,-0.059957665434202126,2024-11,2025-01-15,2024-11-30,0.2012507698157543,2025-04-30,2025-01-21,2025-02-03
2025-01-22,4912,price_ridge,9,-0.06054922803348564,2024-11,2025-01-15,2024-11-30,-0.20955782809564527,2025-04-30,2025-01-21,2025-02-03
2025-01-22,1231,price_ridge,10,-0.06095954621665501,2024-11,2025-01-15,2024-11-30,-0.006315572050678897,2025-04-30,2025-01-21,2025-02-03
2025-01-22,2250,price_ridge,11,-0.061161322593155654,2024-11,2025-01-15,2024-11-30,-0.0657197199566294,2025-04-30,2025-01-21,2025-02-03
2025-01-22,6854,price_ridge,12,-0.061575347201280335,2024-11,2025-01-15,2024-11-30,-0.14553980937797595,2025-04-30,2025-01-21,2025-02-03
2025-01-22,4571,price_ridge,13,-0.06178961675404019,2024-11,2025-01-15,2024-11-30,-0.12742678092704418,2025-04-30,2025-01-21,2025-02-03
2025-01-22,2488,price_ridge,14,-0.062116244832320366,2024-11,2025-01-15,2024-11-30,-0.045281094712514736,2025-04-30,2025-01-21,2025-02-03
2025-01-22,2547,price_ridge,15,-0.06212221456197111,2024-11,2025-01-15,2024-11-30,0.32223162460721577,2025-04-30,2025-01-21,2025-02-03
2025-01-22,2537,all_ridge,1,0.02498088023906772,2024-11,2025-01-15,2024-11-30,-1.37476303598838e-05,2025-04-30,2025-01-21,2025-02-03
2025-01-22,3535,all_ridge,2,-0.003248260031835981,2024-11,2025-01-15,2024-11-30,-0.17687725870718551,2025-04-30,2025-01-21,2025-02-03
2025-01-22,2465,all_ridge,3,-0.019935951770267746,2024-11,2025-01-15,2024-11-30,-0.19364494510381913,2025-04-30,2025-01-21,2025-02-03
2025-01-22,2466,all_ridge,4,-0.02815295656650154,2024-11,2025-01-15,2024-11-30,0.23540304566761405,2025-04-30,2025-01-21,2025-02-03
2025-01-22,6928,all_ridge,5,-0.034603040187266634,2024-11,2025-01-15,2024-11-30,-0.14664211303203056,2025-04-30,2025-01-21,2025-02-03
2025-01-22,6625,all_ridge,6,-0.03785012489296823,2024-11,2025-01-15,2024-11-30,0.0314281725372243,2025-04-30,2025-01-21,2025-02-03
2025-01-22,5519,all_ridge,7,-0.038369810642032987,2024-11,2025-01-15,2024-11-30,0.19309949692463613,2025-04-30,2025-01-21,2025-02-03
2025-01-22,6558,all_ridge,8,-0.04045355741252064,2024-11,2025-01-15,2024-11-30,-0.005723033250724541,2025-04-30,2025-01-21,2025-02-03
2025-01-22,6781,all_ridge,9,-0.04473042690938516,2024-11,2025-01-15,2024-11-30,-0.11451055962160561,2025-04-30,2025-01-21,2025-02-03
2025-01-22,4755,all_ridge,10,-0.047982818522489784,2024-11,2025-01-15,2024-11-30,-0.02839173312230414,2025-04-30,2025-01-21,2025-02-03
2025-01-22,6691,all_ridge,11,-0.04966737875252987,2024-11,2025-01-15,2024-11-30,-0.031592871265401556,2025-04-30,2025-01-21,2025-02-03
2025-01-22,2485,all_ridge,12,-0.051674063217749255,2024-11,2025-01-15,2024-11-30,-0.08125224960570043,2025-04-30,2025-01-21,2025-02-03
2025-01-22,1210,all_ridge,13,-0.05212228279931684,2024-11,2025-01-15,2024-11-30,0.26392552795757485,2025-04-30,2025-01-21,2025-02-03
2025-01-22,2597,all_ridge,14,-0.053102344935699125,2024-11,2025-01-15,2024-11-30,0.21331173304304174,2025-04-30,2025-01-21,2025-02-03
2025-01-22,1760,all_ridge,15,-0.05312697415317837,2024-11,2025-01-15,2024-11-30,-0.042449619863187515,2025-04-30,2025-01-21,2025-02-03
2025-01-22,2305,price_tree,1,0.040132651876718904,2024-11,2025-01-15,2024-11-30,-0.10960641295204532,2025-04-30,2025-01-21,2025-02-03
2025-01-22,6906,price_tree,2,0.03173792487114946,2024-11,2025-01-15,2024-11-30,0.192616855761793,2025-04-30,2025-01-21,2025-02-03
2025-01-22,2477,price_tree,3,0.019022151765780784,2024-11,2025-01-15,2024-11-30,0.027455233292741132,2025-04-30,2025-01-21,2025-02-03
2025-01-22,6405,price_tree,4,0.014980496458660338,2024-11,2025-01-15,2024-11-30,-0.04131262403810487,2025-04-30,2025-01-21,2025-02-03
2025-01-22,1309,price_tree,5,0.010120763427566896,2024-11,2025-01-15,2024-11-30,0.011304660703201797,2025-04-30,2025-01-21,2025-02-03
2025-01-22,6142,price_tree,6,0.004466250206616827,2024-11,2025-01-15,2024-11-30,-0.05791952583166504,2025-04-30,2025-01-21,2025-02-03
2025-01-22,2406,price_tree,7,-0.004657065635469738,2024-11,2025-01-15,2024-11-30,-0.007021662833091136,2025-04-30,2025-01-21,2025-02-03
2025-01-22,3550,price_tree,8,-0.012248390963572503,2024-11,2025-01-15,2024-11-30,-0.07088711751356658,2025-04-30,2025-01-21,2025-02-03
2025-01-22,2317,price_tree,9,-0.014904499194742921,2024-11,2025-01-15,2024-11-30,-0.027525390030648134,2025-04-30,2025-01-21,2025-02-03
2025-01-22,6854,price_tree,10,-0.01655405182729461,2024-11,2025-01-15,2024-11-30,-0.14553980937797595,2025-04-30,2025-01-21,2025-02-03
2025-01-22,6133,price_tree,11,-0.01785981068677395,2024-11,2025-01-15,2024-11-30,-0.0989970361188156,2025-04-30,2025-01-21,2025-02-03
2025-01-22,2488,price_tree,12,-0.01932274679813955,2024-11,2025-01-15,2024-11-30,-0.045281094712514736,2025-04-30,2025-01-21,2025-02-03
2025-01-22,1231,price_tree,13,-0.024242452097904748,2024-11,2025-01-15,2024-11-30,-0.006315572050678897,2025-04-30,2025-01-21,2025-02-03
2025-01-22,2330,price_tree,14,-0.025405845325511312,2024-11,2025-01-15,2024-11-30,-0.033667342912528264,2025-04-30,2025-01-21,2025-02-03
2025-01-22,2382,price_tree,15,-0.02634168570359145,2024-11,2025-01-15,2024-11-30,0.08928397966872337,2025-04-30,2025-01-21,2025-02-03
2025-01-22,6405,all_tree,1,0.1349572534167645,2024-11,2025-01-15,2024-11-30,-0.04131262403810487,2025-04-30,2025-01-21,2025-02-03
2025-01-22,3055,all_tree,2,0.0858481524104004,2024-11,2025-01-15,2024-11-30,-0.16605487372469885,2025-04-30,2025-01-21,2025-02-03
2025-01-22,3062,all_tree,3,0.0817592904151581,2024-11,2025-01-15,2024-11-30,-0.14060939676954143,2025-04-30,2025-01-21,2025-02-03
2025-01-22,1808,all_tree,4,0.06453442769248303,2024-11,2025-01-15,2024-11-30,0.007439498226095909,2025-04-30,2025-01-21,2025-02-03
2025-01-22,3032,all_tree,5,0.0484040641177638,2024-11,2025-01-15,2024-11-30,-0.052747596168698174,2025-04-30,2025-01-21,2025-02-03
2025-01-22,6869,all_tree,6,0.040101505859965254,2024-11,2025-01-15,2024-11-30,0.003748128351169555,2025-04-30,2025-01-21,2025-02-03
2025-01-22,2317,all_tree,7,0.029846729205590714,2024-11,2025-01-15,2024-11-30,-0.027525390030648134,2025-04-30,2025-01-21,2025-02-03
2025-01-22,4938,all_tree,8,0.027681633409100515,2024-11,2025-01-15,2024-11-30,-0.03961076386897777,2025-04-30,2025-01-21,2025-02-03
2025-01-22,2542,all_tree,9,0.026548615504586072,2024-11,2025-01-15,2024-11-30,0.06481728692928479,2025-04-30,2025-01-21,2025-02-03
2025-01-22,2330,all_tree,10,0.014583355928326127,2024-11,2025-01-15,2024-11-30,-0.033667342912528264,2025-04-30,2025-01-21,2025-02-03
2025-01-22,3056,all_tree,11,0.007335269905946316,2024-11,2025-01-15,2024-11-30,0.2728311156746809,2025-04-30,2025-01-21,2025-02-03
2025-01-22,6706,all_tree,12,0.005012206992182209,2024-11,2025-01-15,2024-11-30,-0.15562942442389782,2025-04-30,2025-01-21,2025-02-03
2025-01-22,4912,all_tree,13,0.004972107389095124,2024-11,2025-01-15,2024-11-30,-0.20955782809564527,2025-04-30,2025-01-21,2025-02-03
2025-01-22,1618,all_tree,14,0.0008370948263380372,2024-11,2025-01-15,2024-11-30,-0.026908970492693696,2025-04-30,2025-01-21,2025-02-03
2025-01-22,8114,all_tree,15,-0.002007393624648885,2024-11,2025-01-15,2024-11-30,-0.10297041005206653,2025-04-30,2025-01-21,2025-02-03
2025-01-22,2466,vol20,1,0.0582726345561405,2024-11,2025-01-15,2024-11-30,0.23540304566761405,2025-04-30,2025-01-21,2025-02-03
2025-01-22,1325,vol20,2,0.05742868255105616,2024-11,2025-01-15,2024-11-30,-0.0726067468663324,2025-04-30,2025-01-21,2025-02-03
2025-01-22,2250,vol20,3,0.05488732511877023,2024-11,2025-01-15,2024-11-30,-0.0657197199566294,2025-04-30,2025-01-21,2025-02-03
2025-01-22,9919,vol20,4,0.05290209461383982,2024-11,2025-01-15,2024-11-30,-0.020764162910038797,2025-04-30,2025-01-21,2025-02-03
2025-01-22,4912,vol20,5,0.05074353352717113,2024-11,2025-01-15,2024-11-30,-0.20955782809564527,2025-04-30,2025-01-21,2025-02-03
2025-01-22,6515,vol20,6,0.050156829077449255,2024-11,2025-01-15,2024-11-30,-0.14865596724652808,2025-04-30,2025-01-21,2025-02-03
2025-01-22,3645,vol20,7,0.04980990801897395,2024-11,2025-01-15,2024-11-30,-0.10155006168828007,2025-04-30,2025-01-21,2025-02-03
2025-01-22,6215,vol20,8,0.04965891683549659,2024-11,2025-01-15,2024-11-30,-0.008605065521001376,2025-04-30,2025-01-21,2025-02-03
2025-01-22,2516,vol20,9,0.0491685571321555,2024-11,2025-01-15,2024-11-30,0.2012507698157543,2025-04-30,2025-01-21,2025-02-03
2025-01-22,6742,vol20,10,0.04860453210757492,2024-11,2025-01-15,2024-11-30,-0.13530343804273637,2025-04-30,2025-01-21,2025-02-03
2025-01-22,6141,vol20,11,0.04835098843307811,2024-11,2025-01-15,2024-11-30,-0.22034156730545396,2025-04-30,2025-01-21,2025-02-03
2025-01-22,6781,vol20,12,0.04812442150255007,2024-11,2025-01-15,2024-11-30,-0.11451055962160561,2025-04-30,2025-01-21,2025-02-03
2025-01-22,1732,vol20,13,0.047939481427909054,2024-11,2025-01-15,2024-11-30,-0.04464596243824326,2025-04-30,2025-01-21,2025-02-03
2025-01-22,2348,vol20,14,0.04780244706793787,2024-11,2025-01-15,2024-11-30,-0.20464186386144945,2025-04-30,2025-01-21,2025-02-03
2025-01-22,5484,vol20,15,0.046911808362092314,2024-11,2025-01-15,2024-11-30,-0.09770267112975073,2025-04-30,2025-01-21,2025-02-03
2025-01-22,6558,mom60,1,1.6681614349775784,2024-11,2025-01-15,2024-11-30,-0.005723033250724541,2025-04-30,2025-01-21,2025-02-03
2025-01-22,6781,mom60,2,1.3455598455618447,2024-11,2025-01-15,2024-11-30,-0.11451055962160561,2025-04-30,2025-01-21,2025-02-03
2025-01-22,2466,mom60,3,1.2922636103171716,2024-11,2025-01-15,2024-11-30,0.23540304566761405,2025-04-30,2025-01-21,2025-02-03
2025-01-22,6215,mom60,4,0.8066561014246318,2024-11,2025-01-15,2024-11-30,-0.008605065521001376,2025-04-30,2025-01-21,2025-02-03
2025-01-22,3661,mom60,5,0.6517150395806619,2024-11,2025-01-15,2024-11-30,-0.13637783879208276,2025-04-30,2025-01-21,2025-02-03
2025-01-22,3706,mom60,6,0.5698924731180424,2024-11,2025-01-15,2024-11-30,-0.13109885675119104,2025-04-30,2025-01-21,2025-02-03
2025-01-22,3450,mom60,7,0.5630841121475076,2024-11,2025-01-15,2024-11-30,-0.20588706204047047,2025-04-30,2025-01-21,2025-02-03
2025-01-22,8114,mom60,8,0.5506912442362348,2024-11,2025-01-15,2024-11-30,-0.10297041005206653,2025-04-30,2025-01-21,2025-02-03
2025-01-22,6691,mom60,9,0.5321543408347855,2024-11,2025-01-15,2024-11-30,-0.031592871265401556,2025-04-30,2025-01-21,2025-02-03
2025-01-22,3019,mom60,10,0.504761904761647,2024-11,2025-01-15,2024-11-30,-0.008284892182581438,2025-04-30,2025-01-21,2025-02-03
2025-01-22,2404,mom60,11,0.49053857350787533,2024-11,2025-01-15,2024-11-30,0.011093217911323228,2025-04-30,2025-01-21,2025-02-03
2025-01-22,6757,mom60,12,0.48099173553719,2024-11,2025-01-15,2024-11-30,0.037681434806905445,2025-04-30,2025-01-21,2025-02-03
2025-01-22,3645,mom60,13,0.46203904555142805,2024-11,2025-01-15,2024-11-30,-0.10155006168828007,2025-04-30,2025-01-21,2025-02-03
2025-01-22,2383,mom60,14,0.43123543123332,2024-11,2025-01-15,2024-11-30,0.10398329570441922,2025-04-30,2025-01-21,2025-02-03
2025-01-22,4977,mom60,15,0.41148325359334503,2024-11,2025-01-15,2024-11-30,-0.19782692373899902,2025-04-30,2025-01-21,2025-02-03
2025-01-22,2530,rev_yoy,1,5.0,2024-11,2025-01-15,2024-11-30,-0.027533785734773497,2025-04-30,2025-01-21,2025-02-03
2025-01-22,3056,rev_yoy,2,5.0,2024-11,2025-01-15,2024-11-30,0.2728311156746809,2025-04-30,2025-01-21,2025-02-03
2025-01-22,3535,rev_yoy,3,5.0,2024-11,2025-01-15,2024-11-30,-0.17687725870718551,2025-04-30,2025-01-21,2025-02-03
2025-01-22,9906,rev_yoy,4,5.0,2024-11,2025-01-15,2024-11-30,-0.06910485979063519,2025-04-30,2025-01-21,2025-02-03
2025-01-22,6854,rev_yoy,5,2.8307167559987163,2024-11,2025-01-15,2024-11-30,-0.14553980937797595,2025-04-30,2025-01-21,2025-02-03
2025-01-22,3024,rev_yoy,6,2.7760169525895284,2024-11,2025-01-15,2024-11-30,0.005890727242218952,2025-04-30,2025-01-21,2025-02-03
2025-01-22,2524,rev_yoy,7,2.662515553658168,2024-11,2025-01-15,2024-11-30,-0.11031827375370151,2025-04-30,2025-01-21,2025-02-03
2025-01-22,6442,rev_yoy,8,2.555228682766754,2024-11,2025-01-15,2024-11-30,-0.2605037445882312,2025-04-30,2025-01-21,2025-02-03
2025-01-22,2354,rev_yoy,9,2.2317612468630745,2024-11,2025-01-15,2024-11-30,-0.10759340260479355,2025-04-30,2025-01-21,2025-02-03
2025-01-22,3706,rev_yoy,10,2.0123694355385746,2024-11,2025-01-15,2024-11-30,-0.13109885675119104,2025-04-30,2025-01-21,2025-02-03
2025-01-22,3563,rev_yoy,11,1.8397040857879732,2024-11,2025-01-15,2024-11-30,0.2579809997050858,2025-04-30,2025-01-21,2025-02-03
2025-01-22,2882,rev_yoy,12,1.694361758158355,2024-11,2025-01-15,2024-11-30,0.00772377469306762,2025-04-30,2025-01-21,2025-02-03
2025-01-22,6215,rev_yoy,13,1.6827236296313657,2024-11,2025-01-15,2024-11-30,-0.008605065521001376,2025-04-30,2025-01-21,2025-02-03
2025-01-22,2528,rev_yoy,14,1.5714285714285716,2024-11,2025-01-15,2024-11-30,0.06348012277807036,2025-04-30,2025-01-21,2025-02-03
2025-01-22,6177,rev_yoy,15,1.510216971873846,2024-11,2025-01-15,2024-11-30,0.2185123199237996,2025-04-30,2025-01-21,2025-02-03
2025-02-27,2466,price_ridge,1,-0.018854539636926702,2024-12,2025-02-17,2024-12-31,0.10965806231442254,2025-05-28,2025-02-26,2025-03-03
2025-02-27,6215,price_ridge,2,-0.04025457440237402,2024-12,2025-02-17,2024-12-31,-0.14500058549823613,2025-05-28,2025-02-26,2025-03-03
2025-02-27,2516,price_ridge,3,-0.045400847194664674,2024-12,2025-02-17,2024-12-31,-0.15183552682143764,2025-05-28,2025-02-26,2025-03-03
2025-02-27,6854,price_ridge,4,-0.048117016874980434,2024-12,2025-02-17,2024-12-31,-0.26764540457895436,2025-05-28,2025-02-26,2025-03-03
2025-02-27,3645,price_ridge,5,-0.05247306650931337,2024-12,2025-02-17,2024-12-31,-0.180907041591731,2025-05-28,2025-02-26,2025-03-03
2025-02-27,6558,price_ridge,6,-0.05376761100174862,2024-12,2025-02-17,2024-12-31,-0.12380884488259702,2025-05-28,2025-02-26,2025-03-03
2025-02-27,2250,price_ridge,7,-0.058206176796235264,2024-12,2025-02-17,2024-12-31,-0.23875919939625478,2025-05-28,2025-02-26,2025-03-03
2025-02-27,6206,price_ridge,8,-0.05918913292056319,2024-12,2025-02-17,2024-12-31,-0.23561336907871266,2025-05-28,2025-02-26,2025-03-03
2025-02-27,6928,price_ridge,9,-0.05956122522904589,2024-12,2025-02-17,2024-12-31,-0.260380004644195,2025-05-28,2025-02-26,2025-03-03
2025-02-27,6183,price_ridge,10,-0.05984422220569861,2024-12,2025-02-17,2024-12-31,0.04384432465223953,2025-05-28,2025-02-26,2025-03-03
2025-02-27,5203,price_ridge,11,-0.05991216306298612,2024-12,2025-02-17,2024-12-31,-0.1463859551186788,2025-05-28,2025-02-26,2025-03-03
2025-02-27,6477,price_ridge,12,-0.05995249945761168,2024-12,2025-02-17,2024-12-31,-0.12474042552040054,2025-05-28,2025-02-26,2025-03-03
2025-02-27,6691,price_ridge,13,-0.06025702481274804,2024-12,2025-02-17,2024-12-31,0.02983503937757659,2025-05-28,2025-02-26,2025-03-03
2025-02-27,1786,price_ridge,14,-0.060567424178318306,2024-12,2025-02-17,2024-12-31,-0.15215843810919605,2025-05-28,2025-02-26,2025-03-03
2025-02-27,2468,price_ridge,15,-0.060887073380922994,2024-12,2025-02-17,2024-12-31,0.8630977133043081,2025-05-28,2025-02-26,2025-03-03
2025-02-27,1808,all_ridge,1,0.020533450580962218,2024-12,2025-02-17,2024-12-31,-0.15039566893227285,2025-05-28,2025-02-26,2025-03-03
2025-02-27,2442,all_ridge,2,0.01869730755185671,2024-12,2025-02-17,2024-12-31,-0.06410745231597625,2025-05-28,2025-02-26,2025-03-03
2025-02-27,2530,all_ridge,3,0.018661085866363766,2024-12,2025-02-17,2024-12-31,-0.17249310533146067,2025-05-28,2025-02-26,2025-03-03
2025-02-27,2465,all_ridge,4,0.014951180761361024,2024-12,2025-02-17,2024-12-31,-0.15328593368425425,2025-05-28,2025-02-26,2025-03-03
2025-02-27,1446,all_ridge,5,0.01061173306141483,2024-12,2025-02-17,2024-12-31,-0.3364974011755135,2025-05-28,2025-02-26,2025-03-03
2025-02-27,2534,all_ridge,6,0.009227233465377682,2024-12,2025-02-17,2024-12-31,0.04015473822205062,2025-05-28,2025-02-26,2025-03-03
2025-02-27,6937,all_ridge,7,0.001011263716189481,2024-12,2025-02-17,2024-12-31,-0.34475632876229034,2025-05-28,2025-02-26,2025-03-03
2025-02-27,2466,all_ridge,8,-0.020553745700104854,2024-12,2025-02-17,2024-12-31,0.10965806231442254,2025-05-28,2025-02-26,2025-03-03
2025-02-27,2427,all_ridge,9,-0.029249754899723694,2024-12,2025-02-17,2024-12-31,-0.044565555049180694,2025-05-28,2025-02-26,2025-03-03
2025-02-27,2501,all_ridge,10,-0.02967776213633285,2024-12,2025-02-17,2024-12-31,-0.16610600628897298,2025-05-28,2025-02-26,2025-03-03
2025-02-27,2539,all_ridge,11,-0.02996961748894185,2024-12,2025-02-17,2024-12-31,0.1637319462378375,2025-05-28,2025-02-26,2025-03-03
2025-02-27,1789,all_ridge,12,-0.031268716049235666,2024-12,2025-02-17,2024-12-31,-0.22180171474739996,2025-05-28,2025-02-26,2025-03-03
2025-02-27,3055,all_ridge,13,-0.03465623891559675,2024-12,2025-02-17,2024-12-31,-0.30672593644387725,2025-05-28,2025-02-26,2025-03-03
2025-02-27,2528,all_ridge,14,-0.037963354296672844,2024-12,2025-02-17,2024-12-31,-0.1789204705686036,2025-05-28,2025-02-26,2025-03-03
2025-02-27,6957,all_ridge,15,-0.04018830795886437,2024-12,2025-02-17,2024-12-31,-0.1556670989920792,2025-05-28,2025-02-26,2025-03-03
2025-02-27,6854,price_tree,1,0.024959803327385097,2024-12,2025-02-17,2024-12-31,-0.26764540457895436,2025-05-28,2025-02-26,2025-03-03
2025-02-27,3679,price_tree,2,0.018584437507206716,2024-12,2025-02-17,2024-12-31,-0.07328549728536637,2025-05-28,2025-02-26,2025-03-03
2025-02-27,2891,price_tree,3,0.004849715885664121,2024-12,2025-02-17,2024-12-31,0.053857951019251615,2025-05-28,2025-02-26,2025-03-03
2025-02-27,3037,price_tree,4,0.003968717698393295,2024-12,2025-02-17,2024-12-31,-0.004533445366959321,2025-05-28,2025-02-26,2025-03-03
2025-02-27,6005,price_tree,5,0.0006445872053209182,2024-12,2025-02-17,2024-12-31,-0.024442993441594618,2025-05-28,2025-02-26,2025-03-03
2025-02-27,4949,price_tree,6,-0.003913514702358016,2024-12,2025-02-17,2024-12-31,1.0089323066161442,2025-05-28,2025-02-26,2025-03-03
2025-02-27,6914,price_tree,7,-0.004503648231789501,2024-12,2025-02-17,2024-12-31,-0.003537224516318105,2025-05-28,2025-02-26,2025-03-03
2025-02-27,2330,price_tree,8,-0.007943333594756815,2024-12,2025-02-17,2024-12-31,0.006284366305155609,2025-05-28,2025-02-26,2025-03-03
2025-02-27,2468,price_tree,9,-0.011225734886996422,2024-12,2025-02-17,2024-12-31,0.8630977133043081,2025-05-28,2025-02-26,2025-03-03
2025-02-27,9946,price_tree,10,-0.011796013271694349,2024-12,2025-02-17,2024-12-31,-0.12523961094276637,2025-05-28,2025-02-26,2025-03-03
2025-02-27,4722,price_tree,11,-0.014671369931590305,2024-12,2025-02-17,2024-12-31,0.062160308341998594,2025-05-28,2025-02-26,2025-03-03
2025-02-27,5203,price_tree,12,-0.01529654055566815,2024-12,2025-02-17,2024-12-31,-0.1463859551186788,2025-05-28,2025-02-26,2025-03-03
2025-02-27,3034,price_tree,13,-0.016033870814523336,2024-12,2025-02-17,2024-12-31,-0.024736804246664246,2025-05-28,2025-02-26,2025-03-03
2025-02-27,4426,price_tree,14,-0.016039093186459276,2024-12,2025-02-17,2024-12-31,-0.19766276521535076,2025-05-28,2025-02-26,2025-03-03
2025-02-27,2535,price_tree,15,-0.0163416683724857,2024-12,2025-02-17,2024-12-31,0.18804124157677826,2025-05-28,2025-02-26,2025-03-03
2025-02-27,2465,all_tree,1,0.27301642560653266,2024-12,2025-02-17,2024-12-31,-0.15328593368425425,2025-05-28,2025-02-26,2025-03-03
2025-02-27,6405,all_tree,2,0.1815571139903588,2024-12,2025-02-17,2024-12-31,-0.06054986363563364,2025-05-28,2025-02-26,2025-03-03
2025-02-27,3055,all_tree,3,0.1537505511270465,2024-12,2025-02-17,2024-12-31,-0.30672593644387725,2025-05-28,2025-02-26,2025-03-03
2025-02-27,3576,all_tree,4,0.12306812330710153,2024-12,2025-02-17,2024-12-31,-0.19051811155972176,2025-05-28,2025-02-26,2025-03-03
2025-02-27,3040,all_tree,5,0.10778671166060942,2024-12,2025-02-17,2024-12-31,-0.1281776107328102,2025-05-28,2025-02-26,2025-03-03
2025-02-27,3535,all_tree,6,0.10586946859073318,2024-12,2025-02-17,2024-12-31,-0.2743246518748581,2025-05-28,2025-02-26,2025-03-03
2025-02-27,3450,all_tree,7,0.0883509828251793,2024-12,2025-02-17,2024-12-31,-0.2450496224918769,2025-05-28,2025-02-26,2025-03-03
2025-02-27,2539,all_tree,8,0.06822856895898263,2024-12,2025-02-17,2024-12-31,0.1637319462378375,2025-05-28,2025-02-26,2025-03-03
2025-02-27,2905,all_tree,9,0.06712403425942064,2024-12,2025-02-17,2024-12-31,-0.15197727411533146,2025-05-28,2025-02-26,2025-03-03
2025-02-27,3013,all_tree,10,0.05633581228567012,2024-12,2025-02-17,2024-12-31,-0.24628617838754463,2025-05-28,2025-02-26,2025-03-03
2025-02-27,4164,all_tree,11,0.04153043958266454,2024-12,2025-02-17,2024-12-31,-0.20019295325527575,2025-05-28,2025-02-26,2025-03-03
2025-02-27,2528,all_tree,12,0.0391383991991758,2024-12,2025-02-17,2024-12-31,-0.1789204705686036,2025-05-28,2025-02-26,2025-03-03
2025-02-27,2425,all_tree,13,0.03329274288750206,2024-12,2025-02-17,2024-12-31,0.04339672176100284,2025-05-28,2025-02-26,2025-03-03
2025-02-27,6957,all_tree,14,0.022415816816804598,2024-12,2025-02-17,2024-12-31,-0.1556670989920792,2025-05-28,2025-02-26,2025-03-03
2025-02-27,1515,all_tree,15,0.01612530789813655,2024-12,2025-02-17,2024-12-31,-0.13992255164117062,2025-05-28,2025-02-26,2025-03-03
2025-02-27,2438,vol20,1,0.05130893487612375,2024-12,2025-02-17,2024-12-31,-0.12529156756136262,2025-05-28,2025-02-26,2025-03-03
2025-02-27,3653,vol20,2,0.05030771077827492,2024-12,2025-02-17,2024-12-31,0.07661185621634825,2025-05-28,2025-02-26,2025-03-03
2025-02-27,6854,vol20,3,0.04909858256549712,2024-12,2025-02-17,2024-12-31,-0.26764540457895436,2025-05-28,2025-02-26,2025-03-03
2025-02-27,2468,vol20,4,0.04879500579035434,2024-12,2025-02-17,2024-12-31,0.8630977133043081,2025-05-28,2025-02-26,2025-03-03
2025-02-27,6206,vol20,5,0.048410500699658146,2024-12,2025-02-17,2024-12-31,-0.23561336907871266,2025-05-28,2025-02-26,2025-03-03
2025-02-27,2408,vol20,6,0.04830394285989103,2024-12,2025-02-17,2024-12-31,0.12732069873461715,2025-05-28,2025-02-26,2025-03-03
2025-02-27,3605,vol20,7,0.04826211097329981,2024-12,2025-02-17,2024-12-31,-0.12259283532104115,2025-05-28,2025-02-26,2025-03-03
2025-02-27,2516,vol20,8,0.04584258867497374,2024-12,2025-02-17,2024-12-31,-0.15183552682143764,2025-05-28,2025-02-26,2025-03-03
2025-02-27,3450,vol20,9,0.04513152280651742,2024-12,2025-02-17,2024-12-31,-0.2450496224918769,2025-05-28,2025-02-26,2025-03-03
2025-02-27,5203,vol20,10,0.044943411419447805,2024-12,2025-02-17,2024-12-31,-0.1463859551186788,2025-05-28,2025-02-26,2025-03-03
2025-02-27,6781,vol20,11,0.04485043707008119,2024-12,2025-02-17,2024-12-31,0.16200775619308883,2025-05-28,2025-02-26,2025-03-03
2025-02-27,8467,vol20,12,0.04456679786669679,2024-12,2025-02-17,2024-12-31,-0.30118400072514906,2025-05-28,2025-02-26,2025-03-03
2025-02-27,6112,vol20,13,0.043846478555485686,2024-12,2025-02-17,2024-12-31,-0.13561397124845098,2025-05-28,2025-02-26,2025-03-03
2025-02-27,4770,vol20,14,0.04351143984424271,2024-12,2025-02-17,2024-12-31,-0.19993580247398124,2025-05-28,2025-02-26,2025-03-03
2025-02-27,6442,vol20,15,0.043488928663657014,2024-12,2025-02-17,2024-12-31,0.0023691654982626043,2025-05-28,2025-02-26,2025-03-03
2025-02-27,2466,mom60,1,1.45151953690078,2024-12,2025-02-17,2024-12-31,0.10965806231442254,2025-05-28,2025-02-26,2025-03-03
2025-02-27,6215,mom60,2,1.108333333338249,2024-12,2025-02-17,2024-12-31,-0.14500058549823613,2025-05-28,2025-02-26,2025-03-03
2025-02-27,6206,mom60,3,0.7983490566074152,2024-12,2025-02-17,2024-12-31,-0.23561336907871266,2025-05-28,2025-02-26,2025-03-03
2025-02-27,3645,mom60,4,0.7971698113221297,2024-12,2025-02-17,2024-12-31,-0.180907041591731,2025-05-28,2025-02-26,2025-03-03
2025-02-27,3019,mom60,5,0.7964601769863313,2024-12,2025-02-17,2024-12-31,-0.3069590629005249,2025-05-28,2025-02-26,2025-03-03
2025-02-27,6558,mom60,6,0.7401129943502827,2024-12,2025-02-17,2024-12-31,-0.12380884488259702,2025-05-28,2025-02-26,2025-03-03
2025-02-27,4916,mom60,7,0.699029126214638,2024-12,2025-02-17,2024-12-31,-0.12339143975864608,2025-05-28,2025-02-26,2025-03-03
2025-02-27,2516,mom60,8,0.6618181818181819,2024-12,2025-02-17,2024-12-31,-0.15183552682143764,2025-05-28,2025-02-26,2025-03-03
2025-02-27,6854,mom60,9,0.658450704225352,2024-12,2025-02-17,2024-12-31,-0.26764540457895436,2025-05-28,2025-02-26,2025-03-03
2025-02-27,2468,mom60,10,0.6509009009013529,2024-12,2025-02-17,2024-12-31,0.8630977133043081,2025-05-28,2025-02-26,2025-03-03
2025-02-27,3694,mom60,11,0.520697167754328,2024-12,2025-02-17,2024-12-31,-0.19008784495133024,2025-05-28,2025-02-26,2025-03-03
2025-02-27,5203,mom60,12,0.518171160613645,2024-12,2025-02-17,2024-12-31,-0.1463859551186788,2025-05-28,2025-02-26,2025-03-03
2025-02-27,3059,mom60,13,0.4750784245384152,2024-12,2025-02-17,2024-12-31,-0.1221070396458388,2025-05-28,2025-02-26,2025-03-03
2025-02-27,2250,mom60,14,0.45074946465925825,2024-12,2025-02-17,2024-12-31,-0.23875919939625478,2025-05-28,2025-02-26,2025-03-03
2025-02-27,3376,mom60,15,0.4389610389619585,2024-12,2025-02-17,2024-12-31,-0.31476244665883957,2025-05-28,2025-02-26,2025-03-03
2025-02-27,1436,rev_yoy,1,5.0,2024-12,2025-02-17,2024-12-31,-0.11737777363146418,2025-05-28,2025-02-26,2025-03-03
2025-02-27,2363,rev_yoy,2,5.0,2024-12,2025-02-17,2024-12-31,-0.23218983446319386,2025-05-28,2025-02-26,2025-03-03
2025-02-27,2438,rev_yoy,3,5.0,2024-12,2025-02-17,2024-12-31,-0.12529156756136262,2025-05-28,2025-02-26,2025-03-03
2025-02-27,2524,rev_yoy,4,5.0,2024-12,2025-02-17,2024-12-31,-0.16558606071521198,2025-05-28,2025-02-26,2025-03-03
2025-02-27,2528,rev_yoy,5,5.0,2024-12,2025-02-17,2024-12-31,-0.1789204705686036,2025-05-28,2025-02-26,2025-03-03
2025-02-27,2534,rev_yoy,6,5.0,2024-12,2025-02-17,2024-12-31,0.04015473822205062,2025-05-28,2025-02-26,2025-03-03
2025-02-27,2537,rev_yoy,7,5.0,2024-12,2025-02-17,2024-12-31,-0.01634159252585743,2025-05-28,2025-02-26,2025-03-03
2025-02-27,2883,rev_yoy,8,5.0,2024-12,2025-02-17,2024-12-31,-0.01435333662663707,2025-05-28,2025-02-26,2025-03-03
2025-02-27,3024,rev_yoy,9,5.0,2024-12,2025-02-17,2024-12-31,-0.12338094181832737,2025-05-28,2025-02-26,2025-03-03
2025-02-27,3056,rev_yoy,10,5.0,2024-12,2025-02-17,2024-12-31,0.034319167858695265,2025-05-28,2025-02-26,2025-03-03
2025-02-27,9906,rev_yoy,11,5.0,2024-12,2025-02-17,2024-12-31,-0.23482973155966225,2025-05-28,2025-02-26,2025-03-03
2025-02-27,6442,rev_yoy,12,4.847770708845426,2024-12,2025-02-17,2024-12-31,0.0023691654982626043,2025-05-28,2025-02-26,2025-03-03
2025-02-27,2354,rev_yoy,13,3.819776273511932,2024-12,2025-02-17,2024-12-31,-0.17733702064505374,2025-05-28,2025-02-26,2025-03-03
2025-02-27,2254,rev_yoy,14,3.348581823081587,2024-12,2025-02-17,2024-12-31,-0.04652113977840899,2025-05-28,2025-02-26,2025-03-03
2025-02-27,6937,rev_yoy,15,3.2604718872744254,2024-12,2025-02-17,2024-12-31,-0.34475632876229034,2025-05-28,2025-02-26,2025-03-03
2025-03-31,2516,price_ridge,1,-0.04220066120334359,2025-01,2025-03-18,2025-01-31,-0.3641726994871912,2025-06-27,2025-03-28,2025-04-01
2025-03-31,8499,price_ridge,2,-0.049354488542136435,2025-01,2025-03-18,2025-01-31,-0.007364163772533905,2025-06-27,2025-03-28,2025-04-01
2025-03-31,2429,price_ridge,3,-0.050394859597692965,2025-01,2025-03-18,2025-01-31,0.08619569370688529,2025-06-27,2025-03-28,2025-04-01
2025-03-31,2032,price_ridge,4,-0.05065250377929258,2025-01,2025-03-18,2025-01-31,-0.3520569708070599,2025-06-27,2025-03-28,2025-04-01
2025-03-31,2468,price_ridge,5,-0.05133201939904396,2025-01,2025-03-18,2025-01-31,0.08316463033224175,2025-06-27,2025-03-28,2025-04-01
2025-03-31,4949,price_ridge,6,-0.052966012270437596,2025-01,2025-03-18,2025-01-31,0.43207831114372586,2025-06-27,2025-03-28,2025-04-01
2025-03-31,1466,price_ridge,7,-0.05466600710556825,2025-01,2025-03-18,2025-01-31,-0.17247823027307596,2025-06-27,2025-03-28,2025-04-01
2025-03-31,6835,price_ridge,8,-0.058073823861524904,2025-01,2025-03-18,2025-01-31,-0.11970591359352101,2025-06-27,2025-03-28,2025-04-01
2025-03-31,6657,price_ridge,9,-0.05839437532769246,2025-01,2025-03-18,2025-01-31,-0.09178956310143116,2025-06-27,2025-03-28,2025-04-01
2025-03-31,2027,price_ridge,10,-0.05862554559227316,2025-01,2025-03-18,2025-01-31,-0.4172565901158036,2025-06-27,2025-03-28,2025-04-01
2025-03-31,6914,price_ridge,11,-0.058777563045568915,2025-01,2025-03-18,2025-01-31,-0.0382723417384323,2025-06-27,2025-03-28,2025-04-01
2025-03-31,3528,price_ridge,12,-0.05915920687672742,2025-01,2025-03-18,2025-01-31,0.011785609348202053,2025-06-27,2025-03-28,2025-04-01
2025-03-31,4916,price_ridge,13,-0.05951149341882596,2025-01,2025-03-18,2025-01-31,-0.09017070421862683,2025-06-27,2025-03-28,2025-04-01
2025-03-31,1515,price_ridge,14,-0.060067769200327296,2025-01,2025-03-18,2025-01-31,-0.20762608921962278,2025-06-27,2025-03-28,2025-04-01
2025-03-31,6206,price_ridge,15,-0.06025312084875893,2025-01,2025-03-18,2025-01-31,-0.17603239325181796,2025-06-27,2025-03-28,2025-04-01
2025-03-31,8478,all_ridge,1,0.016504832832307803,2025-01,2025-03-18,2025-01-31,0.01475938368385643,2025-06-27,2025-03-28,2025-04-01
2025-03-31,2014,all_ridge,2,-0.015848106507738158,2025-01,2025-03-18,2025-01-31,-0.40274975599756624,2025-06-27,2025-03-28,2025-04-01
2025-03-31,3528,all_ridge,3,-0.030613791026375133,2025-01,2025-03-18,2025-01-31,0.011785609348202053,2025-06-27,2025-03-28,2025-04-01
2025-03-31,1540,all_ridge,4,-0.03839735121428621,2025-01,2025-03-18,2025-01-31,-0.22258022736976446,2025-06-27,2025-03-28,2025-04-01
2025-03-31,3209,all_ridge,5,-0.03877465282143052,2025-01,2025-03-18,2025-01-31,-0.13747221905208407,2025-06-27,2025-03-28,2025-04-01
2025-03-31,8499,all_ridge,6,-0.04540016673547264,2025-01,2025-03-18,2025-01-31,-0.007364163772533905,2025-06-27,2025-03-28,2025-04-01
2025-03-31,1451,all_ridge,7,-0.0468327889805442,2025-01,2025-03-18,2025-01-31,-0.19712014552066925,2025-06-27,2025-03-28,2025-04-01
2025-03-31,4949,all_ridge,8,-0.0470512238436217,2025-01,2025-03-18,2025-01-31,0.43207831114372586,2025-06-27,2025-03-28,2025-04-01
2025-03-31,2468,all_ridge,9,-0.04873933522224533,2025-01,2025-03-18,2025-01-31,0.08316463033224175,2025-06-27,2025-03-28,2025-04-01
2025-03-31,1515,all_ridge,10,-0.04934247697502367,2025-01,2025-03-18,2025-01-31,-0.20762608921962278,2025-06-27,2025-03-28,2025-04-01
2025-03-31,1442,all_ridge,11,-0.04962366556266949,2025-01,2025-03-18,2025-01-31,-0.21284120994014455,2025-06-27,2025-03-28,2025-04-01
2025-03-31,6928,all_ridge,12,-0.05096506348860875,2025-01,2025-03-18,2025-01-31,-0.34780161056516046,2025-06-27,2025-03-28,2025-04-01
2025-03-31,3622,all_ridge,13,-0.05101868975622233,2025-01,2025-03-18,2025-01-31,-0.13211382663066584,2025-06-27,2025-03-28,2025-04-01
2025-03-31,1712,all_ridge,14,-0.05124883036348188,2025-01,2025-03-18,2025-01-31,-0.1307389936618093,2025-06-27,2025-03-28,2025-04-01
2025-03-31,4807,all_ridge,15,-0.05131764009547538,2025-01,2025-03-18,2025-01-31,-0.332550710407875,2025-06-27,2025-03-28,2025-04-01
2025-03-31,3528,price_tree,1,0.03948032463045678,2025-01,2025-03-18,2025-01-31,0.011785609348202053,2025-06-27,2025-03-28,2025-04-01
2025-03-31,2382,price_tree,2,0.009639597486056035,2025-01,2025-03-18,2025-01-31,0.12524789644217083,2025-06-27,2025-03-28,2025-04-01
2025-03-31,2330,price_tree,3,0.004236021338827012,2025-01,2025-03-18,2025-01-31,0.03644258634920505,2025-06-27,2025-03-28,2025-04-01
2025-03-31,2032,price_tree,4,0.00048560894250829646,2025-01,2025-03-18,2025-01-31,-0.3520569708070599,2025-06-27,2025-03-28,2025-04-01
2025-03-31,2317,price_tree,5,-0.0007911750033086677,2025-01,2025-03-18,2025-01-31,-0.019043697993230024,2025-06-27,2025-03-28,2025-04-01
2025-03-31,6669,price_tree,6,-0.0026375560773850074,2025-01,2025-03-18,2025-01-31,0.4093554916643243,2025-06-27,2025-03-28,2025-04-01
2025-03-31,6117,price_tree,7,-0.0032971838758105074,2025-01,2025-03-18,2025-01-31,-0.006545079557534805,2025-06-27,2025-03-28,2025-04-01
2025-03-31,3011,price_tree,8,-0.00634593559730279,2025-01,2025-03-18,2025-01-31,-0.35627531195645545,2025-06-27,2025-03-28,2025-04-01
2025-03-31,8499,price_tree,9,-0.00727655534121361,2025-01,2025-03-18,2025-01-31,-0.007364163772533905,2025-06-27,2025-03-28,2025-04-01
2025-03-31,3550,price_tree,10,-0.008791796646892633,2025-01,2025-03-18,2025-01-31,-0.10018392251257469,2025-06-27,2025-03-28,2025-04-01
2025-03-31,6933,price_tree,11,-0.009216571872506142,2025-01,2025-03-18,2025-01-31,-0.29085831250198657,2025-06-27,2025-03-28,2025-04-01
2025-03-31,2345,price_tree,12,-0.01074193609520662,2025-01,2025-03-18,2025-01-31,0.10641832208407531,2025-06-27,2025-03-28,2025-04-01
2025-03-31,1466,price_tree,13,-0.01081449618073536,2025-01,2025-03-18,2025-01-31,-0.17247823027307596,2025-06-27,2025-03-28,2025-04-01
2025-03-31,3019,price_tree,14,-0.011084112032330291,2025-01,2025-03-18,2025-01-31,-0.12692507754428584,2025-06-27,2025-03-28,2025-04-01
2025-03-31,5484,price_tree,15,-0.011360210505987399,2025-01,2025-03-18,2025-01-31,-0.234782172671671,2025-06-27,2025-03-28,2025-04-01
2025-03-31,1442,all_tree,1,0.10498238141072537,2025-01,2025-03-18,2025-01-31,-0.21284120994014455,2025-06-27,2025-03-28,2025-04-01
2025-03-31,3055,all_tree,2,0.07756260086143558,2025-01,2025-03-18,2025-01-31,-0.13452006396902927,2025-06-27,2025-03-28,2025-04-01
2025-03-31,2014,all_tree,3,0.06942338527828978,2025-01,2025-03-18,2025-01-31,-0.40274975599756624,2025-06-27,2025-03-28,2025-04-01
2025-03-31,3622,all_tree,4,0.06577915419387456,2025-01,2025-03-18,2025-01-31,-0.13211382663066584,2025-06-27,2025-03-28,2025-04-01
2025-03-31,4967,all_tree,5,0.061871650838361214,2025-01,2025-03-18,2025-01-31,-0.16994213955163162,2025-06-27,2025-03-28,2025-04-01
2025-03-31,2528,all_tree,6,0.03602392653118502,2025-01,2025-03-18,2025-01-31,-0.34375286110362424,2025-06-27,2025-03-28,2025-04-01
2025-03-31,1540,all_tree,7,0.03256540239503757,2025-01,2025-03-18,2025-01-31,-0.22258022736976446,2025-06-27,2025-03-28,2025-04-01
2025-03-31,3450,all_tree,8,0.030622088066326478,2025-01,2025-03-18,2025-01-31,-0.22351994037476908,2025-06-27,2025-03-28,2025-04-01
2025-03-31,3535,all_tree,9,0.03050144182376193,2025-01,2025-03-18,2025-01-31,0.19875400938701215,2025-06-27,2025-03-28,2025-04-01
2025-03-31,2455,all_tree,10,0.028643002686262346,2025-01,2025-03-18,2025-01-31,0.030394761767860823,2025-06-27,2025-03-28,2025-04-01
2025-03-31,5484,all_tree,11,0.02750109054377738,2025-01,2025-03-18,2025-01-31,-0.234782172671671,2025-06-27,2025-03-28,2025-04-01
2025-03-31,3528,all_tree,12,0.018661911006811378,2025-01,2025-03-18,2025-01-31,0.011785609348202053,2025-06-27,2025-03-28,2025-04-01
2025-03-31,3040,all_tree,13,0.017251381295474048,2025-01,2025-03-18,2025-01-31,0.18496500141276062,2025-06-27,2025-03-28,2025-04-01
2025-03-31,2881,all_tree,14,0.015224433522899507,2025-01,2025-03-18,2025-01-31,-0.12496511908300256,2025-06-27,2025-03-28,2025-04-01
2025-03-31,2317,all_tree,15,0.013361121797883846,2025-01,2025-03-18,2025-01-31,-0.019043697993230024,2025-06-27,2025-03-28,2025-04-01
2025-03-31,6117,vol20,1,0.061388616776493356,2025-01,2025-03-18,2025-01-31,-0.006545079557534805,2025-06-27,2025-03-28,2025-04-01
2025-03-31,4949,vol20,2,0.060779771557030814,2025-01,2025-03-18,2025-01-31,0.43207831114372586,2025-06-27,2025-03-28,2025-04-01
2025-03-31,2468,vol20,3,0.06046607868794444,2025-01,2025-03-18,2025-01-31,0.08316463033224175,2025-06-27,2025-03-28,2025-04-01
2025-03-31,3528,vol20,4,0.053990300913519355,2025-01,2025-03-18,2025-01-31,0.011785609348202053,2025-06-27,2025-03-28,2025-04-01
2025-03-31,4927,vol20,5,0.0499464572563363,2025-01,2025-03-18,2025-01-31,-0.38428442570614874,2025-06-27,2025-03-28,2025-04-01
2025-03-31,2429,vol20,6,0.049786459673400674,2025-01,2025-03-18,2025-01-31,0.08619569370688529,2025-06-27,2025-03-28,2025-04-01
2025-03-31,1466,vol20,7,0.04971737002485566,2025-01,2025-03-18,2025-01-31,-0.17247823027307596,2025-06-27,2025-03-28,2025-04-01
2025-03-31,3312,vol20,8,0.04940822578450867,2025-01,2025-03-18,2025-01-31,-0.06571449453786848,2025-06-27,2025-03-28,2025-04-01
2025-03-31,6753,vol20,9,0.049011252016163895,2025-01,2025-03-18,2025-01-31,-0.24807950431743153,2025-06-27,2025-03-28,2025-04-01
2025-03-31,4807,vol20,10,0.04753240618146188,2025-01,2025-03-18,2025-01-31,-0.332550710407875,2025-06-27,2025-03-28,2025-04-01
2025-03-31,6658,vol20,11,0.04628184449921947,2025-01,2025-03-18,2025-01-31,0.1441369765216287,2025-06-27,2025-03-28,2025-04-01
2025-03-31,3563,vol20,12,0.04552709822970814,2025-01,2025-03-18,2025-01-31,0.019674017758648077,2025-06-27,2025-03-28,2025-04-01
2025-03-31,1316,vol20,13,0.045465927517743095,2025-01,2025-03-18,2025-01-31,-0.3486814816491435,2025-06-27,2025-03-28,2025-04-01
2025-03-31,6805,vol20,14,0.04532231597512875,2025-01,2025-03-18,2025-01-31,0.24027615440974115,2025-06-27,2025-03-28,2025-04-01
2025-03-31,3447,vol20,15,0.04496441357105556,2025-01,2025-03-18,2025-01-31,-0.24957064423630682,2025-06-27,2025-03-28,2025-04-01
2025-03-31,2468,mom60,1,0.9328358208989276,2025-01,2025-03-18,2025-01-31,0.08316463033224175,2025-06-27,2025-03-28,2025-04-01
2025-03-31,2429,mom60,2,0.8461538461527822,2025-01,2025-03-18,2025-01-31,0.08619569370688529,2025-06-27,2025-03-28,2025-04-01
2025-03-31,2516,mom60,3,0.6944444444444446,2025-01,2025-03-18,2025-01-31,-0.3641726994871912,2025-06-27,2025-03-28,2025-04-01
2025-03-31,2027,mom60,4,0.6471571906345361,2025-01,2025-03-18,2025-01-31,-0.4172565901158036,2025-06-27,2025-03-28,2025-04-01
2025-03-31,4949,mom60,5,0.6106470542560709,2025-01,2025-03-18,2025-01-31,0.43207831114372586,2025-06-27,2025-03-28,2025-04-01
2025-03-31,1466,mom60,6,0.4075630252100839,2025-01,2025-03-18,2025-01-31,-0.17247823027307596,2025-06-27,2025-03-28,2025-04-01
2025-03-31,6558,mom60,7,0.40311173974540315,2025-01,2025-03-18,2025-01-31,0.009401625119811685,2025-06-27,2025-03-28,2025-04-01
2025-03-31,6206,mom60,8,0.3917525773154751,2025-01,2025-03-18,2025-01-31,-0.17603239325181796,2025-06-27,2025-03-28,2025-04-01
2025-03-31,2032,mom60,9,0.3653136531352392,2025-01,2025-03-18,2025-01-31,-0.3520569708070599,2025-06-27,2025-03-28,2025-04-01
2025-03-31,3645,mom60,10,0.36211031175070096,2025-01,2025-03-18,2025-01-31,-0.08944254279115293,2025-06-27,2025-03-28,2025-04-01
2025-03-31,3528,mom60,11,0.3267716535443146,2025-01,2025-03-18,2025-01-31,0.011785609348202053,2025-06-27,2025-03-28,2025-04-01
2025-03-31,4722,mom60,12,0.326621923937249,2025-01,2025-03-18,2025-01-31,0.04685428132049152,2025-06-27,2025-03-28,2025-04-01
2025-03-31,4916,mom60,13,0.322203672790512,2025-01,2025-03-18,2025-01-31,-0.09017070421862683,2025-06-27,2025-03-28,2025-04-01
2025-03-31,8499,mom60,14,0.3175965665187208,2025-01,2025-03-18,2025-01-31,-0.007364163772533905,2025-06-27,2025-03-28,2025-04-01
2025-03-31,3596,mom60,15,0.2968299711809821,2025-01,2025-03-18,2025-01-31,-0.21226189692427233,2025-06-27,2025-03-28,2025-04-01
2025-03-31,1436,rev_yoy,1,5.0,2025-01,2025-03-18,2025-01-31,-0.1867623129570869,2025-06-27,2025-03-28,2025-04-01
2025-03-31,1463,rev_yoy,2,5.0,2025-01,2025-03-18,2025-01-31,-0.37814579481780297,2025-06-27,2025-03-28,2025-04-01
2025-03-31,2363,rev_yoy,3,5.0,2025-01,2025-03-18,2025-01-31,-0.19501108911789633,2025-06-27,2025-03-28,2025-04-01
2025-03-31,2528,rev_yoy,4,5.0,2025-01,2025-03-18,2025-01-31,-0.34375286110362424,2025-06-27,2025-03-28,2025-04-01
2025-03-31,2530,rev_yoy,5,5.0,2025-01,2025-03-18,2025-01-31,-0.30910784799878466,2025-06-27,2025-03-28,2025-04-01
2025-03-31,3056,rev_yoy,6,5.0,2025-01,2025-03-18,2025-01-31,-0.2506440677320695,2025-06-27,2025-03-28,2025-04-01
2025-03-31,4142,rev_yoy,7,5.0,2025-01,2025-03-18,2025-01-31,-0.2851057060960188,2025-06-27,2025-03-28,2025-04-01
2025-03-31,2429,rev_yoy,8,4.216090287844274,2025-01,2025-03-18,2025-01-31,0.08619569370688529,2025-06-27,2025-03-28,2025-04-01
2025-03-31,6442,rev_yoy,9,3.0181013565132027,2025-01,2025-03-18,2025-01-31,-0.007978744612860078,2025-06-27,2025-03-28,2025-04-01
2025-03-31,2537,rev_yoy,10,2.621226859357389,2025-01,2025-03-18,2025-01-31,-0.18607845705808146,2025-06-27,2025-03-28,2025-04-01
2025-03-31,2534,rev_yoy,11,2.3137533072770737,2025-01,2025-03-18,2025-01-31,-0.12056385071825781,2025-06-27,2025-03-28,2025-04-01
2025-03-31,1446,rev_yoy,12,2.020624868059953,2025-01,2025-03-18,2025-01-31,-0.3268221769539462,2025-06-27,2025-03-28,2025-04-01
2025-03-31,1316,rev_yoy,13,1.719845487710971,2025-01,2025-03-18,2025-01-31,-0.3486814816491435,2025-06-27,2025-03-28,2025-04-01
2025-03-31,6873,rev_yoy,14,1.7007566391375302,2025-01,2025-03-18,2025-01-31,0.07246404411753038,2025-06-27,2025-03-28,2025-04-01
2025-03-31,3706,rev_yoy,15,1.6827291811473626,2025-01,2025-03-18,2025-01-31,0.042082357791681346,2025-06-27,2025-03-28,2025-04-01
2025-04-30,2468,price_ridge,1,-0.015341838186847825,2025-02,2025-04-15,2025-02-28,-0.5346692767529759,2025-07-25,2025-04-29,2025-05-02
2025-04-30,4949,price_ridge,2,-0.028449377939414038,2025-02,2025-04-15,2025-02-28,-0.46231951587917286,2025-07-25,2025-04-29,2025-05-02
2025-04-30,1466,price_ridge,3,-0.05551416526723146,2025-02,2025-04-15,2025-02-28,-0.1639756156672716,2025-07-25,2025-04-29,2025-05-02
2025-04-30,8072,price_ridge,4,-0.0566347795975919,2025-02,2025-04-15,2025-02-28,-0.372289653852118,2025-07-25,2025-04-29,2025-05-02
2025-04-30,1616,price_ridge,5,-0.06018337931605148,2025-02,2025-04-15,2025-02-28,0.26154889559455974,2025-07-25,2025-04-29,2025-05-02
2025-04-30,8462,price_ridge,6,-0.061792973181517594,2025-02,2025-04-15,2025-02-28,-0.09936384507793883,2025-07-25,2025-04-29,2025-05-02
2025-04-30,8222,price_ridge,7,-0.0622949488646663,2025-02,2025-04-15,2025-02-28,-0.3388010252297726,2025-07-25,2025-04-29,2025-05-02
2025-04-30,5521,price_ridge,8,-0.0629706131857694,2025-02,2025-04-15,2025-02-28,-0.2801091215245689,2025-07-25,2025-04-29,2025-05-02
2025-04-30,2547,price_ridge,9,-0.06412831659949783,2025-02,2025-04-15,2025-02-28,-0.24820573211769825,2025-07-25,2025-04-29,2025-05-02
2025-04-30,1733,price_ridge,10,-0.06485859571739341,2025-02,2025-04-15,2025-02-28,-0.28856098016180776,2025-07-25,2025-04-29,2025-05-02
2025-04-30,3028,price_ridge,11,-0.06498097911055542,2025-02,2025-04-15,2025-02-28,-0.08175483368034553,2025-07-25,2025-04-29,2025-05-02
2025-04-30,9942,price_ridge,12,-0.06585904429301848,2025-02,2025-04-15,2025-02-28,-0.19082557936247402,2025-07-25,2025-04-29,2025-05-02
2025-04-30,4771,price_ridge,13,-0.065886374972452,2025-02,2025-04-15,2025-02-28,-0.2784807468237035,2025-07-25,2025-04-29,2025-05-02
2025-04-30,5531,price_ridge,14,-0.06648580612938146,2025-02,2025-04-15,2025-02-28,-0.3353344053943508,2025-07-25,2025-04-29,2025-05-02
2025-04-30,6579,price_ridge,15,-0.06657791479262476,2025-02,2025-04-15,2025-02-28,-0.19424662792394698,2025-07-25,2025-04-29,2025-05-02
2025-04-30,2468,all_ridge,1,-0.014649603198372114,2025-02,2025-04-15,2025-02-28,-0.5346692767529759,2025-07-25,2025-04-29,2025-05-02
2025-04-30,4949,all_ridge,2,-0.016239921967638654,2025-02,2025-04-15,2025-02-28,-0.46231951587917286,2025-07-25,2025-04-29,2025-05-02
2025-04-30,3056,all_ridge,3,-0.02797046427872054,2025-02,2025-04-15,2025-02-28,-0.28161565142589606,2025-07-25,2025-04-29,2025-05-02
2025-04-30,8072,all_ridge,4,-0.034833345089363345,2025-02,2025-04-15,2025-02-28,-0.372289653852118,2025-07-25,2025-04-29,2025-05-02
2025-04-30,1618,all_ridge,5,-0.03561396763325702,2025-02,2025-04-15,2025-02-28,0.04205650338367706,2025-07-25,2025-04-29,2025-05-02
2025-04-30,2545,all_ridge,6,-0.039790277435792776,2025-02,2025-04-15,2025-02-28,-0.3328544143331046,2025-07-25,2025-04-29,2025-05-02
2025-04-30,2107,all_ridge,7,-0.040073549763741764,2025-02,2025-04-15,2025-02-28,-0.16263056784207497,2025-07-25,2025-04-29,2025-05-02
2025-04-30,1529,all_ridge,8,-0.044679726116778756,2025-02,2025-04-15,2025-02-28,-0.1017977876398537,2025-07-25,2025-04-29,2025-05-02
2025-04-30,1466,all_ridge,9,-0.04904554919756856,2025-02,2025-04-15,2025-02-28,-0.1639756156672716,2025-07-25,2025-04-29,2025-05-02
2025-04-30,2542,all_ridge,10,-0.050535101185860964,2025-02,2025-04-15,2025-02-28,-0.18859049211368695,2025-07-25,2025-04-29,2025-05-02
2025-04-30,4137,all_ridge,11,-0.05132271279757665,2025-02,2025-04-15,2025-02-28,-0.24488264876114685,2025-07-25,2025-04-29,2025-05-02
2025-04-30,2431,all_ridge,12,-0.051404294949151295,2025-02,2025-04-15,2025-02-28,-0.31623179327003614,2025-07-25,2025-04-29,2025-05-02
2025-04-30,1760,all_ridge,13,-0.05176787568086181,2025-02,2025-04-15,2025-02-28,-0.18320497829824633,2025-07-25,2025-04-29,2025-05-02
2025-04-30,2547,all_ridge,14,-0.051929986392553064,2025-02,2025-04-15,2025-02-28,-0.24820573211769825,2025-07-25,2025-04-29,2025-05-02
2025-04-30,2820,all_ridge,15,-0.0519607697893249,2025-02,2025-04-15,2025-02-28,-0.1317363899406876,2025-07-25,2025-04-29,2025-05-02
2025-04-30,1446,price_tree,1,0.02465025340232031,2025-02,2025-04-15,2025-02-28,-0.3356276524538092,2025-07-25,2025-04-29,2025-05-02
2025-04-30,9934,price_tree,2,-0.005052389249466069,2025-02,2025-04-15,2025-02-28,-0.273464464980655,2025-07-25,2025-04-29,2025-05-02
2025-04-30,2748,price_tree,3,-0.014337842599621608,2025-02,2025-04-15,2025-02-28,-0.21170150455543313,2025-07-25,2025-04-29,2025-05-02
2025-04-30,8473,price_tree,4,-0.01704808481697406,2025-02,2025-04-15,2025-02-28,-0.10079643664068372,2025-07-25,2025-04-29,2025-05-02
2025-04-30,3557,price_tree,5,-0.018528656396761083,2025-02,2025-04-15,2025-02-28,-0.1997842737571499,2025-07-25,2025-04-29,2025-05-02
2025-04-30,2426,price_tree,6,-0.02237401892289534,2025-02,2025-04-15,2025-02-28,-0.2480938431113009,2025-07-25,2025-04-29,2025-05-02
2025-04-30,2330,price_tree,7,-0.023728422971807057,2025-02,2025-04-15,2025-02-28,0.014524025434371035,2025-07-25,2025-04-29,2025-05-02
2025-04-30,2412,price_tree,8,-0.024439939667441186,2025-02,2025-04-15,2025-02-28,-0.17374011386257115,2025-07-25,2025-04-29,2025-05-02
2025-04-30,8222,price_tree,9,-0.025219972038374516,2025-02,2025-04-15,2025-02-28,-0.3388010252297726,2025-07-25,2025-04-29,2025-05-02
2025-04-30,2485,price_tree,10,-0.03339747299043541,2025-02,2025-04-15,2025-02-28,-0.23674469222747074,2025-07-25,2025-04-29,2025-05-02
2025-04-30,4532,price_tree,11,-0.03530539955714219,2025-02,2025-04-15,2025-02-28,-0.4092729960485104,2025-07-25,2025-04-29,2025-05-02
2025-04-30,9907,price_tree,12,-0.035962468271800406,2025-02,2025-04-15,2025-02-28,-0.13198410887400813,2025-07-25,2025-04-29,2025-05-02
2025-04-30,9930,price_tree,13,-0.03719974753042293,2025-02,2025-04-15,2025-02-28,-0.16882932294511876,2025-07-25,2025-04-29,2025-05-02
2025-04-30,1905,price_tree,14,-0.03885997393966965,2025-02,2025-04-15,2025-02-28,-0.22311500461403022,2025-07-25,2025-04-29,2025-05-02
2025-04-30,2308,price_tree,15,-0.03887637004000408,2025-02,2025-04-15,2025-02-28,0.3334694044097277,2025-07-25,2025-04-29,2025-05-02
2025-04-30,2468,all_tree,1,0.05529780327234448,2025-02,2025-04-15,2025-02-28,-0.5346692767529759,2025-07-25,2025-04-29,2025-05-02
2025-04-30,1446,all_tree,2,0.05043133847927681,2025-02,2025-04-15,2025-02-28,-0.3356276524538092,2025-07-25,2025-04-29,2025-05-02
2025-04-30,3450,all_tree,3,0.032140708138727075,2025-02,2025-04-15,2025-02-28,-0.23807128769915087,2025-07-25,2025-04-29,2025-05-02
2025-04-30,3528,all_tree,4,0.03191623135137694,2025-02,2025-04-15,2025-02-28,-0.2898178697738506,2025-07-25,2025-04-29,2025-05-02
2025-04-30,9927,all_tree,5,0.012452785480817314,2025-02,2025-04-15,2025-02-28,-0.2612586136871341,2025-07-25,2025-04-29,2025-05-02
2025-04-30,2330,all_tree,6,0.011631065392069668,2025-02,2025-04-15,2025-02-28,0.014524025434371035,2025-07-25,2025-04-29,2025-05-02
2025-04-30,3557,all_tree,7,0.004329988714144217,2025-02,2025-04-15,2025-02-28,-0.1997842737571499,2025-07-25,2025-04-29,2025-05-02
2025-04-30,1442,all_tree,8,0.0042213603818568425,2025-02,2025-04-15,2025-02-28,-0.2212787849475295,2025-07-25,2025-04-29,2025-05-02
2025-04-30,8478,all_tree,9,0.002775837518811003,2025-02,2025-04-15,2025-02-28,0.1960928585689281,2025-07-25,2025-04-29,2025-05-02
2025-04-30,2485,all_tree,10,-0.004921080793742243,2025-02,2025-04-15,2025-02-28,-0.23674469222747074,2025-07-25,2025-04-29,2025-05-02
2025-04-30,3712,all_tree,11,-0.019042293417667874,2025-02,2025-04-15,2025-02-28,-0.09809687708824555,2025-07-25,2025-04-29,2025-05-02
2025-04-30,8114,all_tree,12,-0.01981985742874037,2025-02,2025-04-15,2025-02-28,-0.21430756893531766,2025-07-25,2025-04-29,2025-05-02
2025-04-30,2455,all_tree,13,-0.024413602205429635,2025-02,2025-04-15,2025-02-28,0.27464267653775987,2025-07-25,2025-04-29,2025-05-02
2025-04-30,2383,all_tree,14,-0.024438854610711734,2025-02,2025-04-15,2025-02-28,0.46617642473515386,2025-07-25,2025-04-29,2025-05-02
2025-04-30,3706,all_tree,15,-0.02536579196414952,2025-02,2025-04-15,2025-02-28,0.21613919461341946,2025-07-25,2025-04-29,2025-05-02
2025-04-30,8072,vol20,1,0.08085528654223098,2025-02,2025-04-15,2025-02-28,-0.372289653852118,2025-07-25,2025-04-29,2025-05-02
2025-04-30,3528,vol20,2,0.08001259057303191,2025-02,2025-04-15,2025-02-28,-0.2898178697738506,2025-07-25,2025-04-29,2025-05-02
2025-04-30,4949,vol20,3,0.07606577334156368,2025-02,2025-04-15,2025-02-28,-0.46231951587917286,2025-07-25,2025-04-29,2025-05-02
2025-04-30,2314,vol20,4,0.07088988526007212,2025-02,2025-04-15,2025-02-28,-0.40644667312989835,2025-07-25,2025-04-29,2025-05-02
2025-04-30,6890,vol20,5,0.07073454571737475,2025-02,2025-04-15,2025-02-28,-0.3374168503457644,2025-07-25,2025-04-29,2025-05-02
2025-04-30,6933,vol20,6,0.0689269915140881,2025-02,2025-04-15,2025-02-28,0.10651715086574254,2025-07-25,2025-04-29,2025-05-02
2025-04-30,2468,vol20,7,0.06885575966553,2025-02,2025-04-15,2025-02-28,-0.5346692767529759,2025-07-25,2025-04-29,2025-05-02
2025-04-30,6215,vol20,8,0.06714360143110266,2025-02,2025-04-15,2025-02-28,-0.019491124511163083,2025-07-25,2025-04-29,2025-05-02
2025-04-30,9955,vol20,9,0.06516514069286998,2025-02,2025-04-15,2025-02-28,-0.2815354994543904,2025-07-25,2025-04-29,2025-05-02
2025-04-30,6112,vol20,10,0.06509934235589918,2025-02,2025-04-15,2025-02-28,-0.13747868449754375,2025-07-25,2025-04-29,2025-05-02
2025-04-30,2466,vol20,11,0.06494142990123095,2025-02,2025-04-15,2025-02-28,-0.3182522267126374,2025-07-25,2025-04-29,2025-05-02
2025-04-30,1597,vol20,12,0.06483022870315414,2025-02,2025-04-15,2025-02-28,-0.2654377953467266,2025-07-25,2025-04-29,2025-05-02
2025-04-30,9958,vol20,13,0.06474975550559128,2025-02,2025-04-15,2025-02-28,-0.1331462833521868,2025-07-25,2025-04-29,2025-05-02
2025-04-30,6658,vol20,14,0.0646752259235925,2025-02,2025-04-15,2025-02-28,-0.10781439936440185,2025-07-25,2025-04-29,2025-05-02
2025-04-30,3653,vol20,15,0.06461450195179215,2025-02,2025-04-15,2025-02-28,0.20434706249991774,2025-07-25,2025-04-29,2025-05-02
2025-04-30,2468,mom60,1,2.196754563899812,2025-02,2025-04-15,2025-02-28,-0.5346692767529759,2025-07-25,2025-04-29,2025-05-02
2025-04-30,4949,mom60,2,1.8872918810939758,2025-02,2025-04-15,2025-02-28,-0.46231951587917286,2025-07-25,2025-04-29,2025-05-02
2025-04-30,8072,mom60,3,0.995893223817365,2025-02,2025-04-15,2025-02-28,-0.372289653852118,2025-07-25,2025-04-29,2025-05-02
2025-04-30,3528,mom60,4,0.7128906249983262,2025-02,2025-04-15,2025-02-28,-0.2898178697738506,2025-07-25,2025-04-29,2025-05-02
2025-04-30,8222,mom60,5,0.5748663101608467,2025-02,2025-04-15,2025-02-28,-0.3388010252297726,2025-07-25,2025-04-29,2025-05-02
2025-04-30,1616,mom60,6,0.33608815426778116,2025-02,2025-04-15,2025-02-28,0.26154889559455974,2025-07-25,2025-04-29,2025-05-02
2025-04-30,3596,mom60,7,0.31476323119242156,2025-02,2025-04-15,2025-02-28,-0.25990589967280875,2025-07-25,2025-04-29,2025-05-02
2025-04-30,4916,mom60,8,0.30303030303228073,2025-02,2025-04-15,2025-02-28,-0.13130414147057912,2025-07-25,2025-04-29,2025-05-02
2025-04-30,2471,mom60,9,0.2817460317472402,2025-02,2025-04-15,2025-02-28,-0.3715080442153066,2025-07-25,2025-04-29,2025-05-02
2025-04-30,4771,mom60,10,0.27301587301262664,2025-02,2025-04-15,2025-02-28,-0.2784807468237035,2025-07-25,2025-04-29,2025-05-02
2025-04-30,6165,mom60,11,0.24503311258247762,2025-02,2025-04-15,2025-02-28,-0.27664658556137145,2025-07-25,2025-04-29,2025-05-02
2025-04-30,3705,mom60,12,0.24478178368149295,2025-02,2025-04-15,2025-02-28,-0.23297106217794394,2025-07-25,2025-04-29,2025-05-02
2025-04-30,2027,mom60,13,0.22907488986902425,2025-02,2025-04-15,2025-02-28,-0.2924958168333023,2025-07-25,2025-04-29,2025-05-02
2025-04-30,1466,mom60,14,0.21940928270042193,2025-02,2025-04-15,2025-02-28,-0.1639756156672716,2025-07-25,2025-04-29,2025-05-02
2025-04-30,2753,mom60,15,0.21666666666441792,2025-02,2025-04-15,2025-02-28,-0.1370166910103079,2025-07-25,2025-04-29,2025-05-02
2025-04-30,1463,rev_yoy,1,5.0,2025-02,2025-04-15,2025-02-28,-0.3164343399124754,2025-07-25,2025-04-29,2025-05-02
2025-04-30,2363,rev_yoy,2,5.0,2025-02,2025-04-15,2025-02-28,-0.08325588117251703,2025-07-25,2025-04-29,2025-05-02
2025-04-30,2524,rev_yoy,3,5.0,2025-02,2025-04-15,2025-02-28,-0.3068413418161602,2025-07-25,2025-04-29,2025-05-02
2025-04-30,2528,rev_yoy,4,5.0,2025-02,2025-04-15,2025-02-28,-0.3898643995539387,2025-07-25,2025-04-29,2025-05-02
2025-04-30,2534,rev_yoy,5,5.0,2025-02,2025-04-15,2025-02-28,-0.11095029135322187,2025-07-25,2025-04-29,2025-05-02
2025-04-30,2537,rev_yoy,6,5.0,2025-02,2025-04-15,2025-02-28,-0.18490577462467273,2025-07-25,2025-04-29,2025-05-02
2025-04-30,2545,rev_yoy,7,5.0,2025-02,2025-04-15,2025-02-28,-0.3328544143331046,2025-07-25,2025-04-29,2025-05-02
2025-04-30,3056,rev_yoy,8,5.0,2025-02,2025-04-15,2025-02-28,-0.28161565142589606,2025-07-25,2025-04-29,2025-05-02
2025-04-30,6541,rev_yoy,9,5.0,2025-02,2025-04-15,2025-02-28,-0.36660242469440685,2025-07-25,2025-04-29,2025-05-02
2025-04-30,1436,rev_yoy,10,4.00236375574524,2025-02,2025-04-15,2025-02-28,-0.28111701791817345,2025-07-25,2025-04-29,2025-05-02
2025-04-30,1529,rev_yoy,11,3.906547471235825,2025-02,2025-04-15,2025-02-28,-0.1017977876398537,2025-07-25,2025-04-29,2025-05-02
2025-04-30,1316,rev_yoy,12,3.512264389855649,2025-02,2025-04-15,2025-02-28,-0.25801334964845113,2025-07-25,2025-04-29,2025-05-02
2025-04-30,2354,rev_yoy,13,3.2280183326450365,2025-02,2025-04-15,2025-02-28,-0.10900796216574449,2025-07-25,2025-04-29,2025-05-02
2025-04-30,3035,rev_yoy,14,2.446372145855226,2025-02,2025-04-15,2025-02-28,-0.20481589337032036,2025-07-25,2025-04-29,2025-05-02
2025-04-30,5534,rev_yoy,15,2.3114770305600105,2025-02,2025-04-15,2025-02-28,-0.2679205447721531,2025-07-25,2025-04-29,2025-05-02
2025-05-29,4949,price_ridge,1,-0.03708309648070242,2025-03,2025-05-16,2025-03-31,-0.4047074054313402,2025-08-22,2025-05-28,2025-06-02
2025-05-29,8072,price_ridge,2,-0.044228927075282226,2025-03,2025-05-16,2025-03-31,-0.31001798129200686,2025-08-22,2025-05-28,2025-06-02
2025-05-29,2468,price_ridge,3,-0.04702461513207187,2025-03,2025-05-16,2025-03-31,-0.18041643000350538,2025-08-22,2025-05-28,2025-06-02
2025-05-29,1419,price_ridge,4,-0.05764203094408385,2025-03,2025-05-16,2025-03-31,-0.3948295515465805,2025-08-22,2025-05-28,2025-06-02
2025-05-29,3528,price_ridge,5,-0.05927667029739671,2025-03,2025-05-16,2025-03-31,-0.31439504046037625,2025-08-22,2025-05-28,2025-06-02
2025-05-29,6165,price_ridge,6,-0.05997225881590024,2025-03,2025-05-16,2025-03-31,-0.22459648605543459,2025-08-22,2025-05-28,2025-06-02
2025-05-29,1466,price_ridge,7,-0.060023434118407964,2025-03,2025-05-16,2025-03-31,-0.37693269779924343,2025-08-22,2025-05-28,2025-06-02
2025-05-29,6834,price_ridge,8,-0.06076274146001575,2025-03,2025-05-16,2025-03-31,-0.34677193236559745,2025-08-22,2025-05-28,2025-06-02
2025-05-29,2414,price_ridge,9,-0.061028117565532836,2025-03,2025-05-16,2025-03-31,-0.08709763913976087,2025-08-22,2025-05-28,2025-06-02
2025-05-29,8462,price_ridge,10,-0.06129963528168257,2025-03,2025-05-16,2025-03-31,-0.0428632276944394,2025-08-22,2025-05-28,2025-06-02
2025-05-29,1616,price_ridge,11,-0.061445289544233735,2025-03,2025-05-16,2025-03-31,0.3887253787981255,2025-08-22,2025-05-28,2025-06-02
2025-05-29,2438,price_ridge,12,-0.06224083487041003,2025-03,2025-05-16,2025-03-31,-0.3180850360010724,2025-08-22,2025-05-28,2025-06-02
2025-05-29,2429,price_ridge,13,-0.06265601278248131,2025-03,2025-05-16,2025-03-31,0.15087115431728826,2025-08-22,2025-05-28,2025-06-02
2025-05-29,3027,price_ridge,14,-0.06405115734192074,2025-03,2025-05-16,2025-03-31,-0.46347337691334045,2025-08-22,2025-05-28,2025-06-02
2025-05-29,5519,price_ridge,15,-0.06424973734694234,2025-03,2025-05-16,2025-03-31,-0.30262593972463603,2025-08-22,2025-05-28,2025-06-02
2025-05-29,5522,all_ridge,1,0.01713308769470548,2025-03,2025-05-16,2025-03-31,-0.1505648240042008,2025-08-22,2025-05-28,2025-06-02
2025-05-29,3535,all_ridge,2,0.01711749948223025,2025-03,2025-05-16,2025-03-31,0.9271874710439005,2025-08-22,2025-05-28,2025-06-02
2025-05-29,2442,all_ridge,3,0.012330397551627986,2025-03,2025-05-16,2025-03-31,-0.07770712086884601,2025-08-22,2025-05-28,2025-06-02
2025-05-29,2539,all_ridge,4,0.0010924747461170392,2025-03,2025-05-16,2025-03-31,-0.1211249263558758,2025-08-22,2025-05-28,2025-06-02
2025-05-29,3149,all_ridge,5,-0.002470225246370722,2025-03,2025-05-16,2025-03-31,-0.07953079769382398,2025-08-22,2025-05-28,2025-06-02
2025-05-29,6541,all_ridge,6,-0.004917516716937478,2025-03,2025-05-16,2025-03-31,-0.11156572530185205,2025-08-22,2025-05-28,2025-06-02
2025-05-29,2348,all_ridge,7,-0.027197912642970556,2025-03,2025-05-16,2025-03-31,-0.4455182390206135,2025-08-22,2025-05-28,2025-06-02
2025-05-29,4949,all_ridge,8,-0.03067304087620485,2025-03,2025-05-16,2025-03-31,-0.4047074054313402,2025-08-22,2025-05-28,2025-06-02
2025-05-29,2528,all_ridge,9,-0.031565041773927244,2025-03,2025-05-16,2025-03-31,-0.3377735021709183,2025-08-22,2025-05-28,2025-06-02
2025-05-29,6862,all_ridge,10,-0.04170256765653505,2025-03,2025-05-16,2025-03-31,-0.18731651110970848,2025-08-22,2025-05-28,2025-06-02
2025-05-29,5519,all_ridge,11,-0.04339958751080032,2025-03,2025-05-16,2025-03-31,-0.30262593972463603,2025-08-22,2025-05-28,2025-06-02
2025-05-29,2535,all_ridge,12,-0.044651107249561756,2025-03,2025-05-16,2025-03-31,-0.22978199388447973,2025-08-22,2025-05-28,2025-06-02
2025-05-29,8033,all_ridge,13,-0.04512149706412409,2025-03,2025-05-16,2025-03-31,1.1022326629760004,2025-08-22,2025-05-28,2025-06-02
2025-05-29,8072,all_ridge,14,-0.04611911424757881,2025-03,2025-05-16,2025-03-31,-0.31001798129200686,2025-08-22,2025-05-28,2025-06-02
2025-05-29,1808,all_ridge,15,-0.046240899263209116,2025-03,2025-05-16,2025-03-31,-0.17538554341046497,2025-08-22,2025-05-28,2025-06-02
2025-05-29,2454,price_tree,1,0.004255031530453161,2025-03,2025-05-16,2025-03-31,-0.07513057379103194,2025-08-22,2025-05-28,2025-06-02
2025-05-29,2412,price_tree,2,-0.00695750511554118,2025-03,2025-05-16,2025-03-31,-0.1016653514025021,2025-08-22,2025-05-28,2025-06-02
2025-05-29,6541,price_tree,3,-0.014279755475850782,2025-03,2025-05-16,2025-03-31,-0.11156572530185205,2025-08-22,2025-05-28,2025-06-02
2025-05-29,6933,price_tree,4,-0.017610549302299872,2025-03,2025-05-16,2025-03-31,0.12246498969393871,2025-08-22,2025-05-28,2025-06-02
2025-05-29,3557,price_tree,5,-0.019776085155577782,2025-03,2025-05-16,2025-03-31,-0.3128015681234958,2025-08-22,2025-05-28,2025-06-02
2025-05-29,4949,price_tree,6,-0.02015986013657379,2025-03,2025-05-16,2025-03-31,-0.4047074054313402,2025-08-22,2025-05-28,2025-06-02
2025-05-29,2317,price_tree,7,-0.022105382437648962,2025-03,2025-05-16,2025-03-31,0.17013495391757583,2025-08-22,2025-05-28,2025-06-02
2025-05-29,1466,price_tree,8,-0.022350146915770055,2025-03,2025-05-16,2025-03-31,-0.37693269779924343,2025-08-22,2025-05-28,2025-06-02
2025-05-29,8072,price_tree,9,-0.02257657976777112,2025-03,2025-05-16,2025-03-31,-0.31001798129200686,2025-08-22,2025-05-28,2025-06-02
2025-05-29,4968,price_tree,10,-0.02310085686822724,2025-03,2025-05-16,2025-03-31,-0.04162993889554745,2025-08-22,2025-05-28,2025-06-02
2025-05-29,2032,price_tree,11,-0.02467193797444175,2025-03,2025-05-16,2025-03-31,-0.1819516556441031,2025-08-22,2025-05-28,2025-06-02
2025-05-29,6669,price_tree,12,-0.025626326178459807,2025-03,2025-05-16,2025-03-31,0.08593567873911256,2025-08-22,2025-05-28,2025-06-02
2025-05-29,3450,price_tree,13,-0.026296496281726936,2025-03,2025-05-16,2025-03-31,-0.18192600959998162,2025-08-22,2025-05-28,2025-06-02
2025-05-29,1616,price_tree,14,-0.029202146822893193,2025-03,2025-05-16,2025-03-31,0.3887253787981255,2025-08-22,2025-05-28,2025-06-02
2025-05-29,4560,price_tree,15,-0.030034408547321475,2025-03,2025-05-16,2025-03-31,-0.2961993416630393,2025-08-22,2025-05-28,2025-06-02
2025-05-29,2539,all_tree,1,0.27056903340518484,2025-03,2025-05-16,2025-03-31,-0.1211249263558758,2025-08-22,2025-05-28,2025-06-02
2025-05-29,9902,all_tree,2,0.20320950843166607,2025-03,2025-05-16,2025-03-31,-0.3583637868167624,2025-08-22,2025-05-28,2025-06-02
2025-05-29,6405,all_tree,3,0.1749125863990523,2025-03,2025-05-16,2025-03-31,-0.22082065931195038,2025-08-22,2025-05-28,2025-06-02
2025-05-29,1808,all_tree,4,0.07700061201661994,2025-03,2025-05-16,2025-03-31,-0.17538554341046497,2025-08-22,2025-05-28,2025-06-02
2025-05-29,3055,all_tree,5,0.07256830011550278,2025-03,2025-05-16,2025-03-31,-0.06162935541506598,2025-08-22,2025-05-28,2025-06-02
2025-05-29,5522,all_tree,6,0.055913334036805186,2025-03,2025-05-16,2025-03-31,-0.1505648240042008,2025-08-22,2025-05-28,2025-06-02
2025-05-29,2530,all_tree,7,0.042323179461675985,2025-03,2025-05-16,2025-03-31,-0.20138772957427165,2025-08-22,2025-05-28,2025-06-02
2025-05-29,6873,all_tree,8,0.03839060837325317,2025-03,2025-05-16,2025-03-31,-0.2810783589255549,2025-08-22,2025-05-28,2025-06-02
2025-05-29,3450,all_tree,9,0.036069802115057455,2025-03,2025-05-16,2025-03-31,-0.18192600959998162,2025-08-22,2025-05-28,2025-06-02
2025-05-29,2330,all_tree,10,0.0267699069985441,2025-03,2025-05-16,2025-03-31,-3.738673574726903e-05,2025-08-22,2025-05-28,2025-06-02
2025-05-29,1795,all_tree,11,0.0200917356115067,2025-03,2025-05-16,2025-03-31,-0.329639809407262,2025-08-22,2025-05-28,2025-06-02
2025-05-29,1442,all_tree,12,0.014061503129815493,2025-03,2025-05-16,2025-03-31,-0.3402793151604191,2025-08-22,2025-05-28,2025-06-02
2025-05-29,2528,all_tree,13,0.009923687214027874,2025-03,2025-05-16,2025-03-31,-0.3377735021709183,2025-08-22,2025-05-28,2025-06-02
2025-05-29,2348,all_tree,14,0.009722792398616174,2025-03,2025-05-16,2025-03-31,-0.4455182390206135,2025-08-22,2025-05-28,2025-06-02
2025-05-29,6024,all_tree,15,0.0054481974819856815,2025-03,2025-05-16,2025-03-31,-0.15605164076883393,2025-08-22,2025-05-28,2025-06-02
2025-05-29,1419,vol20,1,0.05484912920598656,2025-03,2025-05-16,2025-03-31,-0.3948295515465805,2025-08-22,2025-05-28,2025-06-02
2025-05-29,9902,vol20,2,0.05394033796156132,2025-03,2025-05-16,2025-03-31,-0.3583637868167624,2025-08-22,2025-05-28,2025-06-02
2025-05-29,6658,vol20,3,0.05381729701882271,2025-03,2025-05-16,2025-03-31,-0.40746093248241755,2025-08-22,2025-05-28,2025-06-02
2025-05-29,1903,vol20,4,0.053749373070524936,2025-03,2025-05-16,2025-03-31,-0.31226410685089634,2025-08-22,2025-05-28,2025-06-02
2025-05-29,4562,vol20,5,0.0523061912189697,2025-03,2025-05-16,2025-03-31,-0.276809356572552,2025-08-22,2025-05-28,2025-06-02
2025-05-29,4949,vol20,6,0.04954156924128913,2025-03,2025-05-16,2025-03-31,-0.4047074054313402,2025-08-22,2025-05-28,2025-06-02
2025-05-29,6757,vol20,7,0.04762671330123442,2025-03,2025-05-16,2025-03-31,-0.32556477915777515,2025-08-22,2025-05-28,2025-06-02
2025-05-29,6591,vol20,8,0.04655265104379452,2025-03,2025-05-16,2025-03-31,-0.07060172360292061,2025-08-22,2025-05-28,2025-06-02
2025-05-29,6834,vol20,9,0.045158161178136515,2025-03,2025-05-16,2025-03-31,-0.34677193236559745,2025-08-22,2025-05-28,2025-06-02
2025-05-29,4545,vol20,10,0.04509938011755527,2025-03,2025-05-16,2025-03-31,-0.339874413561877,2025-08-22,2025-05-28,2025-06-02
2025-05-29,8072,vol20,11,0.04475769620359439,2025-03,2025-05-16,2025-03-31,-0.31001798129200686,2025-08-22,2025-05-28,2025-06-02
2025-05-29,3004,vol20,12,0.04470532624455651,2025-03,2025-05-16,2025-03-31,-0.3377474967109897,2025-08-22,2025-05-28,2025-06-02
2025-05-29,2408,vol20,13,0.04441618619110877,2025-03,2025-05-16,2025-03-31,-0.18139352135821052,2025-08-22,2025-05-28,2025-06-02
2025-05-29,6890,vol20,14,0.0443922767325922,2025-03,2025-05-16,2025-03-31,-0.38873190510204136,2025-08-22,2025-05-28,2025-06-02
2025-05-29,3661,vol20,15,0.043190354633294306,2025-03,2025-05-16,2025-03-31,0.15441063700810553,2025-08-22,2025-05-28,2025-06-02
2025-05-29,4949,mom60,1,1.0917821791012434,2025-03,2025-05-16,2025-03-31,-0.4047074054313402,2025-08-22,2025-05-28,2025-06-02
2025-05-29,8072,mom60,2,0.8027613412189831,2025-03,2025-05-16,2025-03-31,-0.31001798129200686,2025-08-22,2025-05-28,2025-06-02
2025-05-29,2468,mom60,3,0.7735849056609483,2025-03,2025-05-16,2025-03-31,-0.18041643000350538,2025-08-22,2025-05-28,2025-06-02
2025-05-29,1419,mom60,4,0.6589327146164647,2025-03,2025-05-16,2025-03-31,-0.3948295515465805,2025-08-22,2025-05-28,2025-06-02
2025-05-29,3528,mom60,5,0.4891696750906116,2025-03,2025-05-16,2025-03-31,-0.31439504046037625,2025-08-22,2025-05-28,2025-06-02
2025-05-29,3004,mom60,6,0.4765700396718928,2025-03,2025-05-16,2025-03-31,-0.3377474967109897,2025-08-22,2025-05-28,2025-06-02
2025-05-29,2429,mom60,7,0.44973544973602664,2025-03,2025-05-16,2025-03-31,0.15087115431728826,2025-08-22,2025-05-28,2025-06-02
2025-05-29,6165,mom60,8,0.35862068965672633,2025-03,2025-05-16,2025-03-31,-0.22459648605543459,2025-08-22,2025-05-28,2025-06-02
2025-05-29,9902,mom60,9,0.3510971786825172,2025-03,2025-05-16,2025-03-31,-0.3583637868167624,2025-08-22,2025-05-28,2025-06-02
2025-05-29,1466,mom60,10,0.35074626865671643,2025-03,2025-05-16,2025-03-31,-0.37693269779924343,2025-08-22,2025-05-28,2025-06-02
2025-05-29,1616,mom60,11,0.3299999999977412,2025-03,2025-05-16,2025-03-31,0.3887253787981255,2025-08-22,2025-05-28,2025-06-02
2025-05-29,2404,mom60,12,0.31839622641535836,2025-03,2025-05-16,2025-03-31,0.8211559891765243,2025-08-22,2025-05-28,2025-06-02
2025-05-29,6591,mom60,13,0.3111888111875871,2025-03,2025-05-16,2025-03-31,-0.07060172360292061,2025-08-22,2025-05-28,2025-06-02
2025-05-29,3027,mom60,14,0.2830820770532796,2025-03,2025-05-16,2025-03-31,-0.46347337691334045,2025-08-22,2025-05-28,2025-06-02
2025-05-29,8222,mom60,15,0.27860696517592354,2025-03,2025-05-16,2025-03-31,-0.1548435599358262,2025-08-22,2025-05-28,2025-06-02
2025-05-29,1436,rev_yoy,1,5.0,2025-03,2025-05-16,2025-03-31,-0.32336397237748105,2025-08-22,2025-05-28,2025-06-02
2025-05-29,2236,rev_yoy,2,5.0,2025-02,2025-04-15,2025-02-28,-0.05827909455977487,2025-08-22,2025-05-28,2025-06-02
2025-05-29,2363,rev_yoy,3,5.0,2025-03,2025-05-16,2025-03-31,-0.06500699521536024,2025-08-22,2025-05-28,2025-06-02
2025-05-29,2528,rev_yoy,4,5.0,2025-03,2025-05-16,2025-03-31,-0.3377735021709183,2025-08-22,2025-05-28,2025-06-02
2025-05-29,2539,rev_yoy,5,5.0,2025-03,2025-05-16,2025-03-31,-0.1211249263558758,2025-08-22,2025-05-28,2025-06-02
2025-05-29,3056,rev_yoy,6,5.0,2025-03,2025-05-16,2025-03-31,-0.33286620244339093,2025-08-22,2025-05-28,2025-06-02
2025-05-29,6541,rev_yoy,7,5.0,2025-03,2025-05-16,2025-03-31,-0.11156572530185205,2025-08-22,2025-05-28,2025-06-02
2025-05-29,2534,rev_yoy,8,4.204113619896789,2025-03,2025-05-16,2025-03-31,-0.26546191412490105,2025-08-22,2025-05-28,2025-06-02
2025-05-29,2883,rev_yoy,9,4.1047532876483,2025-03,2025-05-16,2025-03-31,-0.2126833010125907,2025-08-22,2025-05-28,2025-06-02
2025-05-29,3035,rev_yoy,10,3.12155816182823,2025-03,2025-05-16,2025-03-31,-0.31639714880266,2025-08-22,2025-05-28,2025-06-02
2025-05-29,2354,rev_yoy,11,2.807918537666944,2025-03,2025-05-16,2025-03-31,-0.007324124558891754,2025-08-22,2025-05-28,2025-06-02
2025-05-29,2442,rev_yoy,12,2.364743626967075,2025-03,2025-05-16,2025-03-31,-0.07770712086884601,2025-08-22,2025-05-28,2025-06-02
2025-05-29,1316,rev_yoy,13,2.3315379498294027,2025-03,2025-05-16,2025-03-31,-0.29063271336636876,2025-08-22,2025-05-28,2025-06-02
2025-05-29,6669,rev_yoy,14,2.26738757926846,2025-03,2025-05-16,2025-03-31,0.08593567873911256,2025-08-22,2025-05-28,2025-06-02
2025-05-29,3563,rev_yoy,15,2.2617115574016187,2025-03,2025-05-16,2025-03-31,-0.299402506217618,2025-08-22,2025-05-28,2025-06-02
2025-06-30,6674,price_ridge,1,-0.050998445799716116,2025-04,2025-06-16,2025-04-30,-0.4111374243046756,2025-09-22,2025-06-27,2025-07-01
2025-06-30,4737,price_ridge,2,-0.05201196661978257,2025-04,2025-06-16,2025-04-30,-0.21134078501652043,2025-09-22,2025-06-27,2025-07-01
2025-06-30,1419,price_ridge,3,-0.0528207705961071,2025-04,2025-06-16,2025-04-30,-0.3111427494110345,2025-09-22,2025-06-27,2025-07-01
2025-06-30,8210,price_ridge,4,-0.053905043219767204,2025-04,2025-06-16,2025-04-30,0.005277867948126236,2025-09-22,2025-06-27,2025-07-01
2025-06-30,5234,price_ridge,5,-0.0560893631118467,2025-04,2025-06-16,2025-04-30,0.19270295164643403,2025-09-22,2025-06-27,2025-07-01
2025-06-30,4560,price_ridge,6,-0.05661041628926652,2025-04,2025-06-16,2025-04-30,-0.3409360502788996,2025-09-22,2025-06-27,2025-07-01
2025-06-30,3004,price_ridge,7,-0.05687840471126325,2025-04,2025-06-16,2025-04-30,-0.19250774490722367,2025-09-22,2025-06-27,2025-07-01
2025-06-30,9902,price_ridge,8,-0.05733335489132653,2025-04,2025-06-16,2025-04-30,-0.3025664060715214,2025-09-22,2025-06-27,2025-07-01
2025-06-30,6625,price_ridge,9,-0.058235137169123215,2025-04,2025-06-16,2025-04-30,-0.35100173855573613,2025-09-22,2025-06-27,2025-07-01
2025-06-30,1616,price_ridge,10,-0.0589143138073623,2025-04,2025-06-16,2025-04-30,-0.261665039623159,2025-09-22,2025-06-27,2025-07-01
2025-06-30,8072,price_ridge,11,-0.05926385318411424,2025-04,2025-06-16,2025-04-30,-0.5074546058664708,2025-09-22,2025-06-27,2025-07-01
2025-06-30,1325,price_ridge,12,-0.05955718999040651,2025-04,2025-06-16,2025-04-30,-0.263870631082034,2025-09-22,2025-06-27,2025-07-01
2025-06-30,6141,price_ridge,13,-0.06036326168550593,2025-04,2025-06-16,2025-04-30,-0.20253243418070743,2025-09-22,2025-06-27,2025-07-01
2025-06-30,6591,price_ridge,14,-0.06036578754427582,2025-04,2025-06-16,2025-04-30,0.09899194477562534,2025-09-22,2025-06-27,2025-07-01
2025-06-30,1732,price_ridge,15,-0.06041572745837981,2025-04,2025-06-16,2025-04-30,-0.08942706142317713,2025-09-22,2025-06-27,2025-07-01
2025-06-30,1808,all_ridge,1,0.018870180280839366,2025-04,2025-06-16,2025-04-30,-0.18613130416502477,2025-09-22,2025-06-27,2025-07-01
2025-06-30,9902,all_ridge,2,-0.018392194870113968,2025-04,2025-06-16,2025-04-30,-0.3025664060715214,2025-09-22,2025-06-27,2025-07-01
2025-06-30,3149,all_ridge,3,-0.01849733563092605,2025-04,2025-06-16,2025-04-30,0.1868978111191466,2025-09-22,2025-06-27,2025-07-01
2025-06-30,6869,all_ridge,4,-0.0431087436177954,2025-04,2025-06-16,2025-04-30,-0.45464651373273257,2025-09-22,2025-06-27,2025-07-01
2025-06-30,6674,all_ridge,5,-0.0435527499357309,2025-04,2025-06-16,2025-04-30,-0.4111374243046756,2025-09-22,2025-06-27,2025-07-01
2025-06-30,1232,all_ridge,6,-0.04579799013423971,2025-04,2025-06-16,2025-04-30,-0.24291177611081305,2025-09-22,2025-06-27,2025-07-01
2025-06-30,8442,all_ridge,7,-0.04650724288881912,2025-04,2025-06-16,2025-04-30,-0.26762149364619736,2025-09-22,2025-06-27,2025-07-01
2025-06-30,6625,all_ridge,8,-0.0475788643817323,2025-04,2025-06-16,2025-04-30,-0.35100173855573613,2025-09-22,2025-06-27,2025-07-01
2025-06-30,2015,all_ridge,9,-0.048339702205869445,2025-04,2025-06-16,2025-04-30,-0.23300642951394313,2025-09-22,2025-06-27,2025-07-01
2025-06-30,9930,all_ridge,10,-0.04839168136377091,2025-04,2025-06-16,2025-04-30,-0.22800565796362604,2025-09-22,2025-06-27,2025-07-01
2025-06-30,3027,all_ridge,11,-0.04855159123656881,2025-04,2025-06-16,2025-04-30,-0.33680559141199695,2025-09-22,2025-06-27,2025-07-01
2025-06-30,6141,all_ridge,12,-0.04878609279778019,2025-04,2025-06-16,2025-04-30,-0.20253243418070743,2025-09-22,2025-06-27,2025-07-01
2025-06-30,9940,all_ridge,13,-0.04926727823020699,2025-04,2025-06-16,2025-04-30,-0.2477877016751433,2025-09-22,2025-06-27,2025-07-01
2025-06-30,1712,all_ridge,14,-0.04985527598269626,2025-04,2025-06-16,2025-04-30,-0.18103021587561718,2025-09-22,2025-06-27,2025-07-01
2025-06-30,2535,all_ridge,15,-0.05202568596871633,2025-04,2025-06-16,2025-04-30,-0.16399311427686492,2025-09-22,2025-06-27,2025-07-01
2025-06-30,2382,price_tree,1,0.03055110325291174,2025-04,2025-06-16,2025-04-30,-0.19632136807117995,2025-09-22,2025-06-27,2025-07-01
2025-06-30,1806,price_tree,2,-0.0004234799062697237,2025-04,2025-06-16,2025-04-30,-0.3314900210199301,2025-09-22,2025-06-27,2025-07-01
2025-06-30,8499,price_tree,3,-0.0009302606270982832,2025-04,2025-06-16,2025-04-30,0.3605942865347447,2025-09-22,2025-06-27,2025-07-01
2025-06-30,1598,price_tree,4,-0.007581298646465676,2025-04,2025-06-16,2025-04-30,-0.15396757533080252,2025-09-22,2025-06-27,2025-07-01
2025-06-30,2383,price_tree,5,-0.013331626651065537,2025-04,2025-06-16,2025-04-30,0.25524135460237485,2025-09-22,2025-06-27,2025-07-01
2025-06-30,2317,price_tree,6,-0.014943151503012002,2025-04,2025-06-16,2025-04-30,0.16942694807358838,2025-09-22,2025-06-27,2025-07-01
2025-06-30,2454,price_tree,7,-0.015220336996398746,2025-04,2025-06-16,2025-04-30,-0.08007555122165777,2025-09-22,2025-06-27,2025-07-01
2025-06-30,5234,price_tree,8,-0.016966340356606838,2025-04,2025-06-16,2025-04-30,0.19270295164643403,2025-09-22,2025-06-27,2025-07-01
2025-06-30,1616,price_tree,9,-0.02185068496186035,2025-04,2025-06-16,2025-04-30,-0.261665039623159,2025-09-22,2025-06-27,2025-07-01
2025-06-30,2480,price_tree,10,-0.023164071402915175,2025-04,2025-06-16,2025-04-30,-0.11497477301394454,2025-09-22,2025-06-27,2025-07-01
2025-06-30,6625,price_tree,11,-0.02346510541163868,2025-04,2025-06-16,2025-04-30,-0.35100173855573613,2025-09-22,2025-06-27,2025-07-01
2025-06-30,2330,price_tree,12,-0.02392600912947692,2025-04,2025-06-16,2025-04-30,-0.009862403816109033,2025-09-22,2025-06-27,2025-07-01
2025-06-30,3665,price_tree,13,-0.028129866175321327,2025-04,2025-06-16,2025-04-30,0.14015248299070526,2025-09-22,2025-06-27,2025-07-01
2025-06-30,9902,price_tree,14,-0.030189934064240705,2025-04,2025-06-16,2025-04-30,-0.3025664060715214,2025-09-22,2025-06-27,2025-07-01
2025-06-30,8210,price_tree,15,-0.03133325361883208,2025-04,2025-06-16,2025-04-30,0.005277867948126236,2025-09-22,2025-06-27,2025-07-01
2025-06-30,6550,all_tree,1,0.08935072595775037,2025-04,2025-06-16,2025-04-30,-0.26153284721694925,2025-09-22,2025-06-27,2025-07-01
2025-06-30,8478,all_tree,2,0.07930105019271026,2025-04,2025-06-16,2025-04-30,-0.04453792211734653,2025-09-22,2025-06-27,2025-07-01
2025-06-30,2539,all_tree,3,0.06972187304223675,2025-04,2025-06-16,2025-04-30,-0.3277442986148933,2025-09-22,2025-06-27,2025-07-01
2025-06-30,3055,all_tree,4,0.05806450270621682,2025-04,2025-06-16,2025-04-30,-0.2787213245425858,2025-09-22,2025-06-27,2025-07-01
2025-06-30,6674,all_tree,5,0.04895490099949552,2025-04,2025-06-16,2025-04-30,-0.4111374243046756,2025-09-22,2025-06-27,2025-07-01
2025-06-30,2382,all_tree,6,0.04357929108335394,2025-04,2025-06-16,2025-04-30,-0.19632136807117995,2025-09-22,2025-06-27,2025-07-01
2025-06-30,2535,all_tree,7,0.023651281226830034,2025-04,2025-06-16,2025-04-30,-0.16399311427686492,2025-09-22,2025-06-27,2025-07-01
2025-06-30,9902,all_tree,8,0.015713407453154294,2025-04,2025-06-16,2025-04-30,-0.3025664060715214,2025-09-22,2025-06-27,2025-07-01
2025-06-30,3040,all_tree,9,0.007688933967817619,2025-04,2025-06-16,2025-04-30,-0.2982414876881365,2025-09-22,2025-06-27,2025-07-01
2025-06-30,8210,all_tree,10,0.005078026839447203,2025-04,2025-06-16,2025-04-30,0.005277867948126236,2025-09-22,2025-06-27,2025-07-01
2025-06-30,6625,all_tree,11,-0.0007600609549374301,2025-04,2025-06-16,2025-04-30,-0.35100173855573613,2025-09-22,2025-06-27,2025-07-01
2025-06-30,4142,all_tree,12,-0.0014807306440965142,2025-04,2025-06-16,2025-04-30,-0.11918054975656323,2025-09-22,2025-06-27,2025-07-01
2025-06-30,2882,all_tree,13,-0.009716481329771993,2025-04,2025-06-16,2025-04-30,-0.16038090661318938,2025-09-22,2025-06-27,2025-07-01
2025-06-30,3149,all_tree,14,-0.014933755898155427,2025-04,2025-06-16,2025-04-30,0.1868978111191466,2025-09-22,2025-06-27,2025-07-01
2025-06-30,1808,all_tree,15,-0.015907511184358243,2025-04,2025-06-16,2025-04-30,-0.18613130416502477,2025-09-22,2025-06-27,2025-07-01
2025-06-30,6854,vol20,1,0.04720669661629108,2025-04,2025-06-16,2025-04-30,-0.3797867230601726,2025-09-22,2025-06-27,2025-07-01
2025-06-30,2429,vol20,2,0.04686473251887663,2025-04,2025-06-16,2025-04-30,0.6437863463603839,2025-09-22,2025-06-27,2025-07-01
2025-06-30,3167,vol20,3,0.04597052251601082,2025-04,2025-06-16,2025-04-30,0.3018068772903695,2025-09-22,2025-06-27,2025-07-01
2025-06-30,1616,vol20,4,0.045697188250848536,2025-04,2025-06-16,2025-04-30,-0.261665039623159,2025-09-22,2025-06-27,2025-07-01
2025-06-30,6141,vol20,5,0.04554249281604926,2025-04,2025-06-16,2025-04-30,-0.20253243418070743,2025-09-22,2025-06-27,2025-07-01
2025-06-30,3013,vol20,6,0.04389953579637853,2025-04,2025-06-16,2025-04-30,-0.26590103773874774,2025-09-22,2025-06-27,2025-07-01
2025-06-30,3535,vol20,7,0.042676639077914635,2025-04,2025-06-16,2025-04-30,0.3114316291903798,2025-09-22,2025-06-27,2025-07-01
2025-06-30,6890,vol20,8,0.04210174056566553,2025-04,2025-06-16,2025-04-30,-0.4164626335444712,2025-09-22,2025-06-27,2025-07-01
2025-06-30,4551,vol20,9,0.041959280596116096,2025-04,2025-06-16,2025-04-30,0.004385950925340776,2025-09-22,2025-06-27,2025-07-01
2025-06-30,8478,vol20,10,0.04136876814680131,2025-04,2025-06-16,2025-04-30,-0.04453792211734653,2025-09-22,2025-06-27,2025-07-01
2025-06-30,4949,vol20,11,0.04064223823940864,2025-04,2025-06-16,2025-04-30,-0.41842633823312014,2025-09-22,2025-06-27,2025-07-01
2025-06-30,4770,vol20,12,0.03968950537699244,2025-04,2025-06-16,2025-04-30,-0.011360887656910679,2025-09-22,2025-06-27,2025-07-01
2025-06-30,6591,vol20,13,0.039353342129526576,2025-04,2025-06-16,2025-04-30,0.09899194477562534,2025-09-22,2025-06-27,2025-07-01
2025-06-30,6153,vol20,14,0.039259026530112776,2025-04,2025-06-16,2025-04-30,-0.0632538894010286,2025-09-22,2025-06-27,2025-07-01
2025-06-30,4739,vol20,15,0.03915856510297376,2025-04,2025-06-16,2025-04-30,0.00465668143002862,2025-09-22,2025-06-27,2025-07-01
2025-06-30,8210,mom60,1,0.9310222989951513,2025-04,2025-06-16,2025-04-30,0.005277867948126236,2025-09-22,2025-06-27,2025-07-01
2025-06-30,8072,mom60,2,0.7206896551731303,2025-04,2025-06-16,2025-04-30,-0.5074546058664708,2025-09-22,2025-06-27,2025-07-01
2025-06-30,3167,mom60,3,0.6268844221140735,2025-04,2025-06-16,2025-04-30,0.3018068772903695,2025-09-22,2025-06-27,2025-07-01
2025-06-30,1616,mom60,4,0.620833333335618,2025-04,2025-06-16,2025-04-30,-0.261665039623159,2025-09-22,2025-06-27,2025-07-01
2025-06-30,3017,mom60,5,0.6205016357686672,2025-04,2025-06-16,2025-04-30,0.1506984631971906,2025-09-22,2025-06-27,2025-07-01
2025-06-30,2383,mom60,6,0.618348623852675,2025-04,2025-06-16,2025-04-30,0.25524135460237485,2025-09-22,2025-06-27,2025-07-01
2025-06-30,3665,mom60,7,0.6152380952384842,2025-04,2025-06-16,2025-04-30,0.14015248299070526,2025-09-22,2025-06-27,2025-07-01
2025-06-30,5234,mom60,8,0.6058537147446443,2025-04,2025-06-16,2025-04-30,0.19270295164643403,2025-09-22,2025-06-27,2025-07-01
2025-06-30,8021,mom60,9,0.5758620689657679,2025-04,2025-06-16,2025-04-30,0.8567874627158039,2025-09-22,2025-06-27,2025-07-01
2025-06-30,2360,mom60,10,0.5513910074812989,2025-04,2025-06-16,2025-04-30,0.12867578749403452,2025-09-22,2025-06-27,2025-07-01
2025-06-30,2368,mom60,11,0.5161671736290856,2025-04,2025-06-16,2025-04-30,0.29988723255269933,2025-09-22,2025-06-27,2025-07-01
2025-06-30,6669,mom60,12,0.5105008077535604,2025-04,2025-06-16,2025-04-30,0.013777541860145348,2025-09-22,2025-06-27,2025-07-01
2025-06-30,3515,mom60,13,0.47031769757338493,2025-04,2025-06-16,2025-04-30,-0.2016029631959061,2025-09-22,2025-06-27,2025-07-01
2025-06-30,3653,mom60,14,0.4660194174741694,2025-04,2025-06-16,2025-04-30,0.32092340850340206,2025-09-22,2025-06-27,2025-07-01
2025-06-30,1419,mom60,15,0.45707656612563974,2025-04,2025-06-16,2025-04-30,-0.3111427494110345,2025-09-22,2025-06-27,2025-07-01
2025-06-30,2363,rev_yoy,1,5.0,2025-04,2025-06-16,2025-04-30,0.03389755484926882,2025-09-22,2025-06-27,2025-07-01
2025-06-30,2528,rev_yoy,2,5.0,2025-04,2025-06-16,2025-04-30,-0.2275877628811519,2025-09-22,2025-06-27,2025-07-01
2025-06-30,2534,rev_yoy,3,5.0,2025-04,2025-06-16,2025-04-30,-0.30439497215489164,2025-09-22,2025-06-27,2025-07-01
2025-06-30,6869,rev_yoy,4,5.0,2025-04,2025-06-16,2025-04-30,-0.45464651373273257,2025-09-22,2025-06-27,2025-07-01
2025-06-30,6541,rev_yoy,5,4.036513545347468,2025-04,2025-06-16,2025-04-30,-0.2887720530846747,2025-09-22,2025-06-27,2025-07-01
2025-06-30,6873,rev_yoy,6,3.452044847410882,2025-04,2025-06-16,2025-04-30,-0.5898667533336647,2025-09-22,2025-06-27,2025-07-01
2025-06-30,3056,rev_yoy,7,3.320319504442089,2025-04,2025-06-16,2025-04-30,-0.34537901861933595,2025-09-22,2025-06-27,2025-07-01
2025-06-30,9902,rev_yoy,8,2.9655606887862245,2025-04,2025-06-16,2025-04-30,-0.3025664060715214,2025-09-22,2025-06-27,2025-07-01
2025-06-30,2354,rev_yoy,9,2.902540755114466,2025-04,2025-06-16,2025-04-30,-0.07990550682777897,2025-09-22,2025-06-27,2025-07-01
2025-06-30,1618,rev_yoy,10,2.2513061820541944,2025-04,2025-06-16,2025-04-30,-0.1968791049150862,2025-09-22,2025-06-27,2025-07-01
2025-06-30,3563,rev_yoy,11,2.194905270476448,2025-04,2025-06-16,2025-04-30,-0.1977991762187543,2025-09-22,2025-06-27,2025-07-01
2025-06-30,3515,rev_yoy,12,2.0735081074633737,2025-04,2025-06-16,2025-04-30,-0.2016029631959061,2025-09-22,2025-06-27,2025-07-01
2025-06-30,6442,rev_yoy,13,1.9458929610724496,2025-04,2025-06-16,2025-04-30,0.6042954324381473,2025-09-22,2025-06-27,2025-07-01
2025-06-30,8114,rev_yoy,14,1.931130965942328,2025-04,2025-06-16,2025-04-30,-0.4148805226615707,2025-09-22,2025-06-27,2025-07-01
2025-06-30,6669,rev_yoy,15,1.9049821218902256,2025-04,2025-06-16,2025-04-30,0.013777541860145348,2025-09-22,2025-06-27,2025-07-01
2025-07-31,8021,price_ridge,1,-0.03684005363276209,2025-05,2025-07-16,2025-05-31,0.544986970220207,2025-10-29,2025-07-30,2025-08-01
2025-07-31,3167,price_ridge,2,-0.03697652681824963,2025-05,2025-07-16,2025-05-31,-0.2906316175419019,2025-10-29,2025-07-30,2025-08-01
2025-07-31,3535,price_ridge,3,-0.039918597254360456,2025-05,2025-07-16,2025-05-31,-0.16653599489414606,2025-10-29,2025-07-30,2025-08-01
2025-07-31,8499,price_ridge,4,-0.043038540260386754,2025-05,2025-07-16,2025-05-31,-0.20745919310183547,2025-10-29,2025-07-30,2025-08-01
2025-07-31,8210,price_ridge,5,-0.04402754143608176,2025-05,2025-07-16,2025-05-31,0.49704200599919646,2025-10-29,2025-07-30,2025-08-01
2025-07-31,3040,price_ridge,6,-0.04643123034518301,2025-05,2025-07-16,2025-05-31,-0.3405729257428147,2025-10-29,2025-07-30,2025-08-01
2025-07-31,2316,price_ridge,7,-0.04948006615213179,2025-05,2025-07-16,2025-05-31,0.11150998931826206,2025-10-29,2025-07-30,2025-08-01
2025-07-31,6805,price_ridge,8,-0.05256146487927777,2025-05,2025-07-16,2025-05-31,0.295721186849081,2025-10-29,2025-07-30,2025-08-01
2025-07-31,4989,price_ridge,9,-0.05472886665292041,2025-05,2025-07-16,2025-05-31,0.5488965195529385,2025-10-29,2025-07-30,2025-08-01
2025-07-31,3515,price_ridge,10,-0.05520293797407139,2025-05,2025-07-16,2025-05-31,0.005041484079690628,2025-10-29,2025-07-30,2025-08-01
2025-07-31,6949,price_ridge,11,-0.055343083300867554,2025-05,2025-07-16,2025-05-31,0.6697337774991399,2025-10-29,2025-07-30,2025-08-01
2025-07-31,8478,price_ridge,12,-0.05546066156410677,2025-05,2025-07-16,2025-05-31,-0.28974899410125743,2025-10-29,2025-07-30,2025-08-01
2025-07-31,6141,price_ridge,13,-0.05562821661716262,2025-05,2025-07-16,2025-05-31,-0.47483542846217086,2025-10-29,2025-07-30,2025-08-01
2025-07-31,2404,price_ridge,14,-0.056036355317388646,2025-05,2025-07-16,2025-05-31,-0.19054765646553773,2025-10-29,2025-07-30,2025-08-01
2025-07-31,6668,price_ridge,15,-0.056227684347776336,2025-05,2025-07-16,2025-05-31,-0.29815775967934877,2025-10-29,2025-07-30,2025-08-01
2025-07-31,2537,all_ridge,1,0.021779759174972754,2025-05,2025-07-16,2025-05-31,-0.24224849267230053,2025-10-29,2025-07-30,2025-08-01
2025-07-31,5522,all_ridge,2,0.021437598444806014,2025-05,2025-07-16,2025-05-31,-0.3962140556448539,2025-10-29,2025-07-30,2025-08-01
2025-07-31,9906,all_ridge,3,0.02024944351388254,2025-05,2025-07-16,2025-05-31,-0.3674764682294398,2025-10-29,2025-07-30,2025-08-01
2025-07-31,2889,all_ridge,4,0.011499546309380701,2025-05,2025-07-16,2025-05-31,-0.2289580872086905,2025-10-29,2025-07-30,2025-08-01
2025-07-31,2530,all_ridge,5,-0.003151249933960404,2025-05,2025-07-16,2025-05-31,-0.20192655190025555,2025-10-29,2025-07-30,2025-08-01
2025-07-31,3149,all_ridge,6,-0.01620328351251256,2025-05,2025-07-16,2025-05-31,-0.024260233882585247,2025-10-29,2025-07-30,2025-08-01
2025-07-31,3055,all_ridge,7,-0.01764038303314556,2025-05,2025-07-16,2025-05-31,-0.14512102964395734,2025-10-29,2025-07-30,2025-08-01
2025-07-31,8045,all_ridge,8,-0.034154292566277736,2025-05,2025-07-16,2025-05-31,-0.48874014147387457,2025-10-29,2025-07-30,2025-08-01
2025-07-31,2442,all_ridge,9,-0.03424527621115831,2025-05,2025-07-16,2025-05-31,-0.2723507884119408,2025-10-29,2025-07-30,2025-08-01
2025-07-31,2545,all_ridge,10,-0.03576114207917301,2025-05,2025-07-16,2025-05-31,-0.21909446663875554,2025-10-29,2025-07-30,2025-08-01
2025-07-31,6949,all_ridge,11,-0.038762145998737375,2025-05,2025-07-16,2025-05-31,0.6697337774991399,2025-10-29,2025-07-30,2025-08-01
2025-07-31,2208,all_ridge,12,-0.04014791525893327,2025-05,2025-07-16,2025-05-31,-0.04502560156848445,2025-10-29,2025-07-30,2025-08-01
2025-07-31,8021,all_ridge,13,-0.04178070553931275,2025-05,2025-07-16,2025-05-31,0.544986970220207,2025-10-29,2025-07-30,2025-08-01
2025-07-31,8499,all_ridge,14,-0.04394184584666476,2025-05,2025-07-16,2025-05-31,-0.20745919310183547,2025-10-29,2025-07-30,2025-08-01
2025-07-31,6443,all_ridge,15,-0.04394319123612197,2025-05,2025-07-16,2025-05-31,-0.35796891046058144,2025-10-29,2025-07-30,2025-08-01
2025-07-31,2330,price_tree,1,0.032068611056935425,2025-05,2025-07-16,2025-05-31,0.031198586171458764,2025-10-29,2025-07-30,2025-08-01
2025-07-31,2308,price_tree,2,0.006796651738616964,2025-05,2025-07-16,2025-05-31,0.6020364643254761,2025-10-29,2025-07-30,2025-08-01
2025-07-31,5607,price_tree,3,0.0011090340743738973,2025-05,2025-07-16,2025-05-31,-0.20217043239977328,2025-10-29,2025-07-30,2025-08-01
2025-07-31,3296,price_tree,4,-0.00976096025016952,2025-05,2025-07-16,2025-05-31,-0.3519751958237237,2025-10-29,2025-07-30,2025-08-01
2025-07-31,2891,price_tree,5,-0.0116364569585938,2025-05,2025-07-16,2025-05-31,-0.25574149323406536,2025-10-29,2025-07-30,2025-08-01
2025-07-31,3017,price_tree,6,-0.0118276014891099,2025-05,2025-07-16,2025-05-31,0.197919349378755,2025-10-29,2025-07-30,2025-08-01
2025-07-31,8499,price_tree,7,-0.012437971047198335,2025-05,2025-07-16,2025-05-31,-0.20745919310183547,2025-10-29,2025-07-30,2025-08-01
2025-07-31,5292,price_tree,8,-0.01642600280052483,2025-05,2025-07-16,2025-05-31,-0.27679988637053643,2025-10-29,2025-07-30,2025-08-01
2025-07-31,5243,price_tree,9,-0.01666990080237902,2025-05,2025-07-16,2025-05-31,0.08623990637197254,2025-10-29,2025-07-30,2025-08-01
2025-07-31,2607,price_tree,10,-0.01702506013554634,2025-05,2025-07-16,2025-05-31,-0.29014602212415375,2025-10-29,2025-07-30,2025-08-01
2025-07-31,8046,price_tree,11,-0.018000898494085694,2025-05,2025-07-16,2025-05-31,0.3708469694994363,2025-10-29,2025-07-30,2025-08-01
2025-07-31,6191,price_tree,12,-0.021141354205233217,2025-05,2025-07-16,2025-05-31,-0.292160654046685,2025-10-29,2025-07-30,2025-08-01
2025-07-31,6668,price_tree,13,-0.02135421792221579,2025-05,2025-07-16,2025-05-31,-0.29815775967934877,2025-10-29,2025-07-30,2025-08-01
2025-07-31,6949,price_tree,14,-0.02312949984841611,2025-05,2025-07-16,2025-05-31,0.6697337774991399,2025-10-29,2025-07-30,2025-08-01
2025-07-31,3592,price_tree,15,-0.023453619798255537,2025-05,2025-07-16,2025-05-31,-0.5828254194339605,2025-10-29,2025-07-30,2025-08-01
2025-07-31,3535,all_tree,1,0.3075354519311628,2025-05,2025-07-16,2025-05-31,-0.16653599489414606,2025-10-29,2025-07-30,2025-08-01
2025-07-31,3708,all_tree,2,0.15693846894700217,2025-05,2025-07-16,2025-05-31,-0.2622377000116747,2025-10-29,2025-07-30,2025-08-01
2025-07-31,3055,all_tree,3,0.1142776877168803,2025-05,2025-07-16,2025-05-31,-0.14512102964395734,2025-10-29,2025-07-30,2025-08-01
2025-07-31,6443,all_tree,4,0.08838184118438189,2025-05,2025-07-16,2025-05-31,-0.35796891046058144,2025-10-29,2025-07-30,2025-08-01
2025-07-31,2530,all_tree,5,0.0579662258849917,2025-05,2025-07-16,2025-05-31,-0.20192655190025555,2025-10-29,2025-07-30,2025-08-01
2025-07-31,2208,all_tree,6,0.046554361189085174,2025-05,2025-07-16,2025-05-31,-0.04502560156848445,2025-10-29,2025-07-30,2025-08-01
2025-07-31,3167,all_tree,7,0.027802827658126528,2025-05,2025-07-16,2025-05-31,-0.2906316175419019,2025-10-29,2025-07-30,2025-08-01
2025-07-31,6625,all_tree,8,0.027147808544554813,2025-05,2025-07-16,2025-05-31,-0.37446124959105964,2025-10-29,2025-07-30,2025-08-01
2025-07-31,2539,all_tree,9,0.02248668677367404,2025-05,2025-07-16,2025-05-31,-0.3675921630726705,2025-10-29,2025-07-30,2025-08-01
2025-07-31,5522,all_tree,10,0.01282600120488224,2025-05,2025-07-16,2025-05-31,-0.3962140556448539,2025-10-29,2025-07-30,2025-08-01
2025-07-31,9906,all_tree,11,0.011691802065474691,2025-05,2025-07-16,2025-05-31,-0.3674764682294398,2025-10-29,2025-07-30,2025-08-01
2025-07-31,2427,all_tree,12,0.011690514022036674,2025-05,2025-07-16,2025-05-31,-0.36387668766259096,2025-10-29,2025-07-30,2025-08-01
2025-07-31,1808,all_tree,13,0.011350591694470879,2025-05,2025-07-16,2025-05-31,-0.009477965372693076,2025-10-29,2025-07-30,2025-08-01
2025-07-31,6923,all_tree,14,0.0066551853383688435,2025-05,2025-07-16,2025-05-31,-0.28829893565353826,2025-10-29,2025-07-30,2025-08-01
2025-07-31,3706,all_tree,15,0.003216269023812885,2025-05,2025-07-16,2025-05-31,0.12046335207599812,2025-10-29,2025-07-30,2025-08-01
2025-07-31,3543,vol20,1,0.056127809839187595,2025-05,2025-07-16,2025-05-31,-0.10566403021700488,2025-10-29,2025-07-30,2025-08-01
2025-07-31,6933,vol20,2,0.05279368691508888,2025-05,2025-07-16,2025-05-31,-0.41203617951025817,2025-10-29,2025-07-30,2025-08-01
2025-07-31,6928,vol20,3,0.049855113532716655,2025-05,2025-07-16,2025-05-31,-0.5020214704173386,2025-10-29,2025-07-30,2025-08-01
2025-07-31,4989,vol20,4,0.04769967798144556,2025-05,2025-07-16,2025-05-31,0.5488965195529385,2025-10-29,2025-07-30,2025-08-01
2025-07-31,6781,vol20,5,0.0474455896184043,2025-05,2025-07-16,2025-05-31,-0.34496697129268794,2025-10-29,2025-07-30,2025-08-01
2025-07-31,8499,vol20,6,0.04535957494708884,2025-05,2025-07-16,2025-05-31,-0.20745919310183547,2025-10-29,2025-07-30,2025-08-01
2025-07-31,8045,vol20,7,0.045181876140782826,2025-05,2025-07-16,2025-05-31,-0.48874014147387457,2025-10-29,2025-07-30,2025-08-01
2025-07-31,2429,vol20,8,0.042857729067712146,2025-05,2025-07-16,2025-05-31,-0.2746029970321374,2025-10-29,2025-07-30,2025-08-01
2025-07-31,8021,vol20,9,0.04176050944477393,2025-05,2025-07-16,2025-05-31,0.544986970220207,2025-10-29,2025-07-30,2025-08-01
2025-07-31,6215,vol20,10,0.04165332624932187,2025-05,2025-07-16,2025-05-31,-0.24476738251645624,2025-10-29,2025-07-30,2025-08-01
2025-07-31,3305,vol20,11,0.041456242159752944,2025-05,2025-07-16,2025-05-31,0.06486907284858434,2025-10-29,2025-07-30,2025-08-01
2025-07-31,8033,vol20,12,0.04116837273517193,2025-05,2025-07-16,2025-05-31,0.05766338216819955,2025-10-29,2025-07-30,2025-08-01
2025-07-31,6141,vol20,13,0.04082538458661418,2025-05,2025-07-16,2025-05-31,-0.47483542846217086,2025-10-29,2025-07-30,2025-08-01
2025-07-31,1727,vol20,14,0.04079307396560479,2025-05,2025-07-16,2025-05-31,-0.14514517842939068,2025-10-29,2025-07-30,2025-08-01
2025-07-31,1802,vol20,15,0.040721987723361344,2025-05,2025-07-16,2025-05-31,-0.09616923820434464,2025-10-29,2025-07-30,2025-08-01
2025-07-31,3167,mom60,1,1.478134110791765,2025-05,2025-07-16,2025-05-31,-0.2906316175419019,2025-10-29,2025-07-30,2025-08-01
2025-07-31,8021,mom60,2,1.4253916655394914,2025-05,2025-07-16,2025-05-31,0.544986970220207,2025-10-29,2025-07-30,2025-08-01
2025-07-31,3543,mom60,3,1.1932795698989676,2025-05,2025-07-16,2025-05-31,-0.10566403021700488,2025-10-29,2025-07-30,2025-08-01
2025-07-31,2316,mom60,4,1.1578173032061776,2025-05,2025-07-16,2025-05-31,0.11150998931826206,2025-10-29,2025-07-30,2025-08-01
2025-07-31,3535,mom60,5,1.116743471583749,2025-05,2025-07-16,2025-05-31,-0.16653599489414606,2025-10-29,2025-07-30,2025-08-01
2025-07-31,6805,mom60,6,1.0380313199104796,2025-05,2025-07-16,2025-05-31,0.295721186849081,2025-10-29,2025-07-30,2025-08-01
2025-07-31,8210,mom60,7,0.9989776135957511,2025-05,2025-07-16,2025-05-31,0.49704200599919646,2025-10-29,2025-07-30,2025-08-01
2025-07-31,8499,mom60,8,0.987913000064379,2025-05,2025-07-16,2025-05-31,-0.20745919310183547,2025-10-29,2025-07-30,2025-08-01
2025-07-31,3715,mom60,9,0.941340017732831,2025-05,2025-07-16,2025-05-31,-0.05552840597174913,2025-10-29,2025-07-30,2025-08-01
2025-07-31,2404,mom60,10,0.8934009481050957,2025-05,2025-07-16,2025-05-31,-0.19054765646553773,2025-10-29,2025-07-30,2025-08-01
2025-07-31,6191,mom60,11,0.8835506138778961,2025-05,2025-07-16,2025-05-31,-0.292160654046685,2025-10-29,2025-07-30,2025-08-01
2025-07-31,8046,mom60,12,0.8253903818664197,2025-05,2025-07-16,2025-05-31,0.3708469694994363,2025-10-29,2025-07-30,2025-08-01
2025-07-31,2383,mom60,13,0.8055555555542495,2025-05,2025-07-16,2025-05-31,-0.13968165345123773,2025-10-29,2025-07-30,2025-08-01
2025-07-31,2368,mom60,14,0.7856760570221422,2025-05,2025-07-16,2025-05-31,-0.15657748541854977,2025-10-29,2025-07-30,2025-08-01
2025-07-31,3017,mom60,15,0.7852998065763772,2025-05,2025-07-16,2025-05-31,0.197919349378755,2025-10-29,2025-07-30,2025-08-01
2025-07-31,2208,rev_yoy,1,5.0,2025-05,2025-07-16,2025-05-31,-0.04502560156848445,2025-10-29,2025-07-30,2025-08-01
2025-07-31,2363,rev_yoy,2,5.0,2025-05,2025-07-16,2025-05-31,-0.241759500085849,2025-10-29,2025-07-30,2025-08-01
2025-07-31,2528,rev_yoy,3,5.0,2025-05,2025-07-16,2025-05-31,-0.10550390172075041,2025-10-29,2025-07-30,2025-08-01
2025-07-31,2530,rev_yoy,4,5.0,2025-05,2025-07-16,2025-05-31,-0.20192655190025555,2025-10-29,2025-07-30,2025-08-01
2025-07-31,2534,rev_yoy,5,5.0,2025-05,2025-07-16,2025-05-31,-0.34388773203080847,2025-10-29,2025-07-30,2025-08-01
2025-07-31,2427,rev_yoy,6,3.859042863880031,2025-05,2025-07-16,2025-05-31,-0.36387668766259096,2025-10-29,2025-07-30,2025-08-01
2025-07-31,3056,rev_yoy,7,2.882651033386328,2025-05,2025-07-16,2025-05-31,-0.42597433727144995,2025-10-29,2025-07-30,2025-08-01
2025-07-31,2354,rev_yoy,8,2.4965066501853674,2025-05,2025-07-16,2025-05-31,-0.14020032309091368,2025-10-29,2025-07-30,2025-08-01
2025-07-31,4142,rev_yoy,9,2.2295438088341784,2025-05,2025-07-16,2025-05-31,-0.1833069701252228,2025-10-29,2025-07-30,2025-08-01
2025-07-31,3563,rev_yoy,10,2.1578131242984075,2025-05,2025-07-16,2025-05-31,-0.18398764381432064,2025-10-29,2025-07-30,2025-08-01
2025-07-31,6869,rev_yoy,11,1.9296544161394311,2025-05,2025-07-16,2025-05-31,-0.36986301378045505,2025-10-29,2025-07-30,2025-08-01
2025-07-31,6669,rev_yoy,12,1.8729344108905228,2025-05,2025-07-16,2025-05-31,0.21953864442546323,2025-10-29,2025-07-30,2025-08-01
2025-07-31,1316,rev_yoy,13,1.825841916215197,2025-05,2025-07-16,2025-05-31,-0.12539298740714133,2025-10-29,2025-07-30,2025-08-01
2025-07-31,6873,rev_yoy,14,1.7189823511676985,2025-05,2025-07-16,2025-05-31,-0.5771426680688189,2025-10-29,2025-07-30,2025-08-01
2025-07-31,3167,rev_yoy,15,1.649552917033128,2025-05,2025-07-16,2025-05-31,-0.2906316175419019,2025-10-29,2025-07-30,2025-08-01
2025-08-29,8021,price_ridge,1,-0.01001135875691013,2025-06,2025-08-15,2025-06-30,0.3062158771176555,2025-11-27,2025-08-28,2025-09-01
2025-08-29,6949,price_ridge,2,-0.018452702404862062,2025-06,2025-08-15,2025-06-30,-0.2610213745904806,2025-11-27,2025-08-28,2025-09-01
2025-08-29,3715,price_ridge,3,-0.026253717603775963,2025-06,2025-08-15,2025-06-30,-0.16367071844478986,2025-11-27,2025-08-28,2025-09-01
2025-08-29,8033,price_ridge,4,-0.029471285259721522,2025-06,2025-08-15,2025-06-30,-0.3819105888789215,2025-11-27,2025-08-28,2025-09-01
2025-08-29,2316,price_ridge,5,-0.03237309445876317,2025-06,2025-08-15,2025-06-30,-0.16349804690233838,2025-11-27,2025-08-28,2025-09-01
2025-08-29,8499,price_ridge,6,-0.03284388408613147,2025-06,2025-08-15,2025-06-30,-0.37923747395646723,2025-11-27,2025-08-28,2025-09-01
2025-08-29,4989,price_ridge,7,-0.034133235094373465,2025-06,2025-08-15,2025-06-30,0.014864351768123285,2025-11-27,2025-08-28,2025-09-01
2025-08-29,1802,price_ridge,8,-0.038933422745130224,2025-06,2025-08-15,2025-06-30,-0.24400233204951371,2025-11-27,2025-08-28,2025-09-01
2025-08-29,8045,price_ridge,9,-0.04001995779199416,2025-06,2025-08-15,2025-06-30,-0.5607567611355512,2025-11-27,2025-08-28,2025-09-01
2025-08-29,2404,price_ridge,10,-0.045442530412310674,2025-06,2025-08-15,2025-06-30,-0.5514059428991686,2025-11-27,2025-08-28,2025-09-01
2025-08-29,3543,price_ridge,11,-0.04563593811286468,2025-06,2025-08-15,2025-06-30,0.24875986329908395,2025-11-27,2025-08-28,2025-09-01
2025-08-29,4722,price_ridge,12,-0.04565458630409627,2025-06,2025-08-15,2025-06-30,-0.009971036470639127,2025-11-27,2025-08-28,2025-09-01
2025-08-29,1727,price_ridge,13,-0.04949219382419476,2025-06,2025-08-15,2025-06-30,-0.20269448856043448,2025-11-27,2025-08-28,2025-09-01
2025-08-29,3296,price_ridge,14,-0.049654744528756664,2025-06,2025-08-15,2025-06-30,-0.3811052664756588,2025-11-27,2025-08-28,2025-09-01
2025-08-29,2406,price_ridge,15,-0.05050248242899051,2025-06,2025-08-15,2025-06-30,-0.22059023768328978,2025-11-27,2025-08-28,2025-09-01
2025-08-29,3535,all_ridge,1,0.0362651841622392,2025-06,2025-08-15,2025-06-30,-0.0944252063666462,2025-11-27,2025-08-28,2025-09-01
2025-08-29,2542,all_ridge,2,0.0161204023742358,2025-06,2025-08-15,2025-06-30,-0.1992678033694676,2025-11-27,2025-08-28,2025-09-01
2025-08-29,4142,all_ridge,3,0.01509763649700864,2025-06,2025-08-15,2025-06-30,-0.12739543487410487,2025-11-27,2025-08-28,2025-09-01
2025-08-29,1436,all_ridge,4,0.012726715246962547,2025-06,2025-08-15,2025-06-30,-0.2919236421342605,2025-11-27,2025-08-28,2025-09-01
2025-08-29,2548,all_ridge,5,0.008723504024241768,2025-06,2025-08-15,2025-06-30,-0.17833146377016296,2025-11-27,2025-08-28,2025-09-01
2025-08-29,6141,all_ridge,6,0.002179446141585384,2025-06,2025-08-15,2025-06-30,-0.37276989842286157,2025-11-27,2025-08-28,2025-09-01
2025-08-29,1721,all_ridge,7,-0.006057935448940094,2025-06,2025-08-15,2025-06-30,-0.33950369034794814,2025-11-27,2025-08-28,2025-09-01
2025-08-29,2501,all_ridge,8,-0.01028202092352029,2025-06,2025-08-15,2025-06-30,-0.14645070560277107,2025-11-27,2025-08-28,2025-09-01
2025-08-29,2429,all_ridge,9,-0.012405191122415005,2025-06,2025-08-15,2025-06-30,-0.3089911500192475,2025-11-27,2025-08-28,2025-09-01
2025-08-29,8021,all_ridge,10,-0.014461598134512782,2025-06,2025-08-15,2025-06-30,0.3062158771176555,2025-11-27,2025-08-28,2025-09-01
2025-08-29,6933,all_ridge,11,-0.01544015245423349,2025-06,2025-08-15,2025-06-30,-0.386159725159296,2025-11-27,2025-08-28,2025-09-01
2025-08-29,2014,all_ridge,12,-0.017968084029033923,2025-06,2025-08-15,2025-06-30,-0.26609813959348083,2025-11-27,2025-08-28,2025-09-01
2025-08-29,2466,all_ridge,13,-0.018370656975790434,2025-06,2025-08-15,2025-06-30,-0.46106436652170346,2025-11-27,2025-08-28,2025-09-01
2025-08-29,3712,all_ridge,14,-0.01939919992875709,2025-06,2025-08-15,2025-06-30,-0.4586858372803584,2025-11-27,2025-08-28,2025-09-01
2025-08-29,4989,all_ridge,15,-0.01969338682778634,2025-06,2025-08-15,2025-06-30,0.014864351768123285,2025-11-27,2025-08-28,2025-09-01
2025-08-29,2449,price_tree,1,0.021298256321793375,2025-06,2025-08-15,2025-06-30,0.16184854912854751,2025-11-27,2025-08-28,2025-09-01
2025-08-29,3002,price_tree,2,0.013014481601452691,2025-06,2025-08-15,2025-06-30,0.17853466798294515,2025-11-27,2025-08-28,2025-09-01
2025-08-29,2889,price_tree,3,0.009989351831726414,2025-06,2025-08-15,2025-06-30,-0.12649323422903525,2025-11-27,2025-08-28,2025-09-01
2025-08-29,3296,price_tree,4,0.003587626143598061,2025-06,2025-08-15,2025-06-30,-0.3811052664756588,2025-11-27,2025-08-28,2025-09-01
2025-08-29,2412,price_tree,5,0.0020279139905861627,2025-06,2025-08-15,2025-06-30,-0.2211264398995768,2025-11-27,2025-08-28,2025-09-01
2025-08-29,5292,price_tree,6,0.0013120092177536396,2025-06,2025-08-15,2025-06-30,-0.3341246935425686,2025-11-27,2025-08-28,2025-09-01
2025-08-29,3011,price_tree,7,-0.002850093809699706,2025-06,2025-08-15,2025-06-30,-0.4248486156027722,2025-11-27,2025-08-28,2025-09-01
2025-08-29,5607,price_tree,8,-0.0051221074923741595,2025-06,2025-08-15,2025-06-30,-0.24874203016202956,2025-11-27,2025-08-28,2025-09-01
2025-08-29,1313,price_tree,9,-0.006677141625452884,2025-06,2025-08-15,2025-06-30,-0.2401446172055739,2025-11-27,2025-08-28,2025-09-01
2025-08-29,2414,price_tree,10,-0.00797605179678236,2025-06,2025-08-15,2025-06-30,-0.3073128050165481,2025-11-27,2025-08-28,2025-09-01
2025-08-29,2423,price_tree,11,-0.008775457908929018,2025-06,2025-08-15,2025-06-30,-0.2685432837480688,2025-11-27,2025-08-28,2025-09-01
2025-08-29,2477,price_tree,12,-0.014952196717576407,2025-06,2025-08-15,2025-06-30,-0.3073645883742392,2025-11-27,2025-08-28,2025-09-01
2025-08-29,5521,price_tree,13,-0.015880696353263064,2025-06,2025-08-15,2025-06-30,-0.150524901894868,2025-11-27,2025-08-28,2025-09-01
2025-08-29,2426,price_tree,14,-0.016539422608974196,2025-06,2025-08-15,2025-06-30,-0.3572912741755533,2025-11-27,2025-08-28,2025-09-01
2025-08-29,8045,price_tree,15,-0.018522170251406997,2025-06,2025-08-15,2025-06-30,-0.5607567611355512,2025-11-27,2025-08-28,2025-09-01
2025-08-29,3167,all_tree,1,0.12436843098028673,2025-06,2025-08-15,2025-06-30,-0.26815637371387036,2025-11-27,2025-08-28,2025-09-01
2025-08-29,4916,all_tree,2,0.11533360819469012,2025-06,2025-08-15,2025-06-30,-0.4885442537412723,2025-11-27,2025-08-28,2025-09-01
2025-08-29,1229,all_tree,3,0.10900622232386771,2025-06,2025-08-15,2025-06-30,-0.23152652881449887,2025-11-27,2025-08-28,2025-09-01
2025-08-29,3041,all_tree,4,0.07899987279336736,2025-06,2025-08-15,2025-06-30,-0.31909466546091736,2025-11-27,2025-08-28,2025-09-01
2025-08-29,4142,all_tree,5,0.07782143846635643,2025-06,2025-08-15,2025-06-30,-0.12739543487410487,2025-11-27,2025-08-28,2025-09-01
2025-08-29,6669,all_tree,6,0.06873264704182343,2025-06,2025-08-15,2025-06-30,0.305367963114868,2025-11-27,2025-08-28,2025-09-01
2025-08-29,3450,all_tree,7,0.06714851776240871,2025-06,2025-08-15,2025-06-30,-0.001971897043482773,2025-11-27,2025-08-28,2025-09-01
2025-08-29,2014,all_tree,8,0.06246985497082863,2025-06,2025-08-15,2025-06-30,-0.26609813959348083,2025-11-27,2025-08-28,2025-09-01
2025-08-29,6141,all_tree,9,0.05569254887425404,2025-06,2025-08-15,2025-06-30,-0.37276989842286157,2025-11-27,2025-08-28,2025-09-01
2025-08-29,3305,all_tree,10,0.05006878569813431,2025-06,2025-08-15,2025-06-30,-0.47503280603931064,2025-11-27,2025-08-28,2025-09-01
2025-08-29,2501,all_tree,11,0.049800323527141255,2025-06,2025-08-15,2025-06-30,-0.14645070560277107,2025-11-27,2025-08-28,2025-09-01
2025-08-29,2542,all_tree,12,0.04215817513298507,2025-06,2025-08-15,2025-06-30,-0.1992678033694676,2025-11-27,2025-08-28,2025-09-01
2025-08-29,2345,all_tree,13,0.034416407729111725,2025-06,2025-08-15,2025-06-30,-0.20744939774845172,2025-11-27,2025-08-28,2025-09-01
2025-08-29,8021,all_tree,14,0.03404835470164956,2025-06,2025-08-15,2025-06-30,0.3062158771176555,2025-11-27,2025-08-28,2025-09-01
2025-08-29,6928,all_tree,15,0.030579855318502654,2025-06,2025-08-15,2025-06-30,-0.46149455279850593,2025-11-27,2025-08-28,2025-09-01
2025-08-29,4989,vol20,1,0.07397887257016178,2025-06,2025-08-15,2025-06-30,0.014864351768123285,2025-11-27,2025-08-28,2025-09-01
2025-08-29,2406,vol20,2,0.06941478283409873,2025-06,2025-08-15,2025-06-30,-0.22059023768328978,2025-11-27,2025-08-28,2025-09-01
2025-08-29,6949,vol20,3,0.05958534040938884,2025-06,2025-08-15,2025-06-30,-0.2610213745904806,2025-11-27,2025-08-28,2025-09-01
2025-08-29,3305,vol20,4,0.05910464396692327,2025-06,2025-08-15,2025-06-30,-0.47503280603931064,2025-11-27,2025-08-28,2025-09-01
2025-08-29,8499,vol20,5,0.054882884049639306,2025-06,2025-08-15,2025-06-30,-0.37923747395646723,2025-11-27,2025-08-28,2025-09-01
2025-08-29,2228,vol20,6,0.05480868811966543,2025-06,2025-08-15,2025-06-30,-0.3674084243643482,2025-11-27,2025-08-28,2025-09-01
2025-08-29,6213,vol20,7,0.0538638649690753,2025-06,2025-08-15,2025-06-30,-0.39738450648607115,2025-11-27,2025-08-28,2025-09-01
2025-08-29,3058,vol20,8,0.05281285006718052,2025-06,2025-08-15,2025-06-30,-0.3687640946201983,2025-11-27,2025-08-28,2025-09-01
2025-08-29,8021,vol20,9,0.052703849762622434,2025-06,2025-08-15,2025-06-30,0.3062158771176555,2025-11-27,2025-08-28,2025-09-01
2025-08-29,3653,vol20,10,0.05237990646862438,2025-06,2025-08-15,2025-06-30,0.044506009112757816,2025-11-27,2025-08-28,2025-09-01
2025-08-29,1802,vol20,11,0.051913076510378776,2025-06,2025-08-15,2025-06-30,-0.24400233204951371,2025-11-27,2025-08-28,2025-09-01
2025-08-29,8033,vol20,12,0.05172365687587484,2025-06,2025-08-15,2025-06-30,-0.3819105888789215,2025-11-27,2025-08-28,2025-09-01
2025-08-29,3535,vol20,13,0.0515559917621539,2025-06,2025-08-15,2025-06-30,-0.0944252063666462,2025-11-27,2025-08-28,2025-09-01
2025-08-29,5484,vol20,14,0.0515284882753262,2025-06,2025-08-15,2025-06-30,-0.4126712782685996,2025-11-27,2025-08-28,2025-09-01
2025-08-29,3694,vol20,15,0.05041158212742522,2025-06,2025-08-15,2025-06-30,-0.5397310970420464,2025-11-27,2025-08-28,2025-09-01
2025-08-29,8021,mom60,1,2.2202630631620117,2025-06,2025-08-15,2025-06-30,0.3062158771176555,2025-11-27,2025-08-28,2025-09-01
2025-08-29,6949,mom60,2,1.89247311827957,2025-06,2025-08-15,2025-06-30,-0.2610213745904806,2025-11-27,2025-08-28,2025-09-01
2025-08-29,8033,mom60,3,1.8333333333261481,2025-06,2025-08-15,2025-06-30,-0.3819105888789215,2025-11-27,2025-08-28,2025-09-01
2025-08-29,3715,mom60,4,1.707838479805,2025-06,2025-08-15,2025-06-30,-0.16367071844478986,2025-11-27,2025-08-28,2025-09-01
2025-08-29,2316,mom60,5,1.5823989126713962,2025-06,2025-08-15,2025-06-30,-0.16349804690233838,2025-11-27,2025-08-28,2025-09-01
2025-08-29,2404,mom60,6,1.2969690569288859,2025-06,2025-08-15,2025-06-30,-0.5514059428991686,2025-11-27,2025-08-28,2025-09-01
2025-08-29,1802,mom60,7,1.2700964630225076,2025-06,2025-08-15,2025-06-30,-0.24400233204951371,2025-11-27,2025-08-28,2025-09-01
2025-08-29,4722,mom60,8,1.2282870589352917,2025-06,2025-08-15,2025-06-30,-0.009971036470639127,2025-11-27,2025-08-28,2025-09-01
2025-08-29,8499,mom60,9,1.2237941952132672,2025-06,2025-08-15,2025-06-30,-0.37923747395646723,2025-11-27,2025-08-28,2025-09-01
2025-08-29,3305,mom60,10,1.1030177267452248,2025-06,2025-08-15,2025-06-30,-0.47503280603931064,2025-11-27,2025-08-28,2025-09-01
2025-08-29,8046,mom60,11,1.0742701182732688,2025-06,2025-08-15,2025-06-30,-0.021500028693116624,2025-11-27,2025-08-28,2025-09-01
2025-08-29,4989,mom60,12,1.068965517240314,2025-06,2025-08-15,2025-06-30,0.014864351768123285,2025-11-27,2025-08-28,2025-09-01
2025-08-29,6442,mom60,13,0.9604271578354835,2025-06,2025-08-15,2025-06-30,0.16452080115074597,2025-11-27,2025-08-28,2025-09-01
2025-08-29,3167,mom60,14,0.9456064222191698,2025-06,2025-08-15,2025-06-30,-0.26815637371387036,2025-11-27,2025-08-28,2025-09-01
2025-08-29,4958,mom60,15,0.9317273504048182,2025-06,2025-08-15,2025-06-30,-0.47249334589495884,2025-11-27,2025-08-28,2025-09-01
2025-08-29,2363,rev_yoy,1,5.0,2025-06,2025-08-15,2025-06-30,-0.33164915135671236,2025-11-27,2025-08-28,2025-09-01
2025-08-29,2528,rev_yoy,2,5.0,2025-06,2025-08-15,2025-06-30,-0.12765291644115284,2025-11-27,2025-08-28,2025-09-01
2025-08-29,2539,rev_yoy,3,5.0,2025-06,2025-08-15,2025-06-30,-0.27371369620715313,2025-11-27,2025-08-28,2025-09-01
2025-08-29,6541,rev_yoy,4,5.0,2025-06,2025-08-15,2025-06-30,-0.1934438663629825,2025-11-27,2025-08-28,2025-09-01
2025-08-29,2534,rev_yoy,5,3.2385246063186117,2025-06,2025-08-15,2025-06-30,-0.2616597448856832,2025-11-27,2025-08-28,2025-09-01
2025-08-29,6625,rev_yoy,6,2.1453581827004733,2025-06,2025-08-15,2025-06-30,-0.2038016496488556,2025-11-27,2025-08-28,2025-09-01
2025-08-29,3563,rev_yoy,7,1.9174653533060404,2025-06,2025-08-15,2025-06-30,-0.3519089220844118,2025-11-27,2025-08-28,2025-09-01
2025-08-29,2345,rev_yoy,8,1.8475612890141373,2025-06,2025-08-15,2025-06-30,-0.20744939774845172,2025-11-27,2025-08-28,2025-09-01
2025-08-29,2501,rev_yoy,9,1.846816898172268,2025-06,2025-08-15,2025-06-30,-0.14645070560277107,2025-11-27,2025-08-28,2025-09-01
2025-08-29,2548,rev_yoy,10,1.8313626764680608,2025-06,2025-08-15,2025-06-30,-0.17833146377016296,2025-11-27,2025-08-28,2025-09-01
2025-08-29,8104,rev_yoy,11,1.811675593911036,2025-06,2025-08-15,2025-06-30,-0.4635467047863475,2025-11-27,2025-08-28,2025-09-01
2025-08-29,6669,rev_yoy,12,1.789774084083474,2025-06,2025-08-15,2025-06-30,0.305367963114868,2025-11-27,2025-08-28,2025-09-01
2025-08-29,6657,rev_yoy,13,1.744807121661721,2025-06,2025-08-15,2025-06-30,-0.3775775011949537,2025-11-27,2025-08-28,2025-09-01
2025-08-29,2540,rev_yoy,14,1.7236469695130243,2025-06,2025-08-15,2025-06-30,-0.32142669453818284,2025-11-27,2025-08-28,2025-09-01
2025-08-29,6933,rev_yoy,15,1.587589476727378,2025-06,2025-08-15,2025-06-30,-0.386159725159296,2025-11-27,2025-08-28,2025-09-01
2025-09-30,4722,price_ridge,1,-0.012979806459092039,2025-07,2025-09-15,2025-07-31,-0.142676803423461,2025-12-29,2025-09-26,2025-10-01
2025-09-30,6949,price_ridge,2,-0.013789086359112149,2025-07,2025-09-15,2025-07-31,-0.2588644657119358,2025-12-29,2025-09-26,2025-10-01
2025-09-30,8033,price_ridge,3,-0.028281639162301933,2025-07,2025-09-15,2025-07-31,-0.11616458250158956,2025-12-29,2025-09-26,2025-10-01
2025-09-30,2429,price_ridge,4,-0.038385000396011414,2025-07,2025-09-15,2025-07-31,-0.4568385053726979,2025-12-29,2025-09-26,2025-10-01
2025-09-30,3305,price_ridge,5,-0.042381088267846194,2025-07,2025-09-15,2025-07-31,-0.1381410144718772,2025-12-29,2025-09-26,2025-10-01
2025-09-30,2406,price_ridge,6,-0.042701262276037696,2025-07,2025-09-15,2025-07-31,0.1022123950998175,2025-12-29,2025-09-26,2025-10-01
2025-09-30,2231,price_ridge,7,-0.046875746152202365,2025-07,2025-09-15,2025-07-31,-0.3354117751476421,2025-12-29,2025-09-26,2025-10-01
2025-09-30,3518,price_ridge,8,-0.04690646961113925,2025-07,2025-09-15,2025-07-31,-0.16258331087656563,2025-12-29,2025-09-26,2025-10-01
2025-09-30,2316,price_ridge,9,-0.04708433052754732,2025-07,2025-09-15,2025-07-31,-0.07346263411393239,2025-12-29,2025-09-26,2025-10-01
2025-09-30,6449,price_ridge,10,-0.04875348007754152,2025-07,2025-09-15,2025-07-31,-0.3046126309613927,2025-12-29,2025-09-26,2025-10-01
2025-09-30,4989,price_ridge,11,-0.0495714979534286,2025-07,2025-09-15,2025-07-31,0.8759242658361903,2025-12-29,2025-09-26,2025-10-01
2025-09-30,1717,price_ridge,12,-0.052087452022181256,2025-07,2025-09-15,2025-07-31,-0.1498264368510741,2025-12-29,2025-09-26,2025-10-01
2025-09-30,6456,price_ridge,13,-0.0526567071679241,2025-07,2025-09-15,2025-07-31,-0.45748575525444324,2025-12-29,2025-09-26,2025-10-01
2025-09-30,6477,price_ridge,14,-0.05276719698655126,2025-07,2025-09-15,2025-07-31,-0.2861184418314425,2025-12-29,2025-09-26,2025-10-01
2025-09-30,3048,price_ridge,15,-0.052796303615755685,2025-07,2025-09-15,2025-07-31,-0.12922720315119196,2025-12-29,2025-09-26,2025-10-01
2025-09-30,2530,all_ridge,1,0.028519749345774087,2025-07,2025-09-15,2025-07-31,-0.1828436608514572,2025-12-29,2025-09-26,2025-10-01
2025-09-30,2429,all_ridge,2,0.024577886637999466,2025-07,2025-09-15,2025-07-31,-0.4568385053726979,2025-12-29,2025-09-26,2025-10-01
2025-09-30,5522,all_ridge,3,0.024351751124059504,2025-07,2025-09-15,2025-07-31,0.0795768550374023,2025-12-29,2025-09-26,2025-10-01
2025-09-30,1808,all_ridge,4,0.021576101202490067,2025-07,2025-09-15,2025-07-31,-0.00779671350660327,2025-12-29,2025-09-26,2025-10-01
2025-09-30,5519,all_ridge,5,0.01019321049954286,2025-07,2025-09-15,2025-07-31,-0.000861433016407398,2025-12-29,2025-09-26,2025-10-01
2025-09-30,2466,all_ridge,6,0.005263329771580602,2025-07,2025-09-15,2025-07-31,-0.18338500674670277,2025-12-29,2025-09-26,2025-10-01
2025-09-30,1721,all_ridge,7,0.0017898035531083156,2025-07,2025-09-15,2025-07-31,0.005333151733276864,2025-12-29,2025-09-26,2025-10-01
2025-09-30,4722,all_ridge,8,-0.00802072893716349,2025-07,2025-09-15,2025-07-31,-0.142676803423461,2025-12-29,2025-09-26,2025-10-01
2025-09-30,2014,all_ridge,9,-0.012203469331720992,2025-07,2025-09-15,2025-07-31,-0.13021773757851274,2025-12-29,2025-09-26,2025-10-01
2025-09-30,6949,all_ridge,10,-0.01688537985855984,2025-07,2025-09-15,2025-07-31,-0.2588644657119358,2025-12-29,2025-09-26,2025-10-01
2025-09-30,2406,all_ridge,11,-0.03420731804609198,2025-07,2025-09-15,2025-07-31,0.1022123950998175,2025-12-29,2025-09-26,2025-10-01
2025-09-30,6283,all_ridge,12,-0.03754567501198073,2025-07,2025-09-15,2025-07-31,-0.10681285275215235,2025-12-29,2025-09-26,2025-10-01
2025-09-30,2231,all_ridge,13,-0.03980744579765089,2025-07,2025-09-15,2025-07-31,-0.3354117751476421,2025-12-29,2025-09-26,2025-10-01
2025-09-30,4142,all_ridge,14,-0.03983011720734615,2025-07,2025-09-15,2025-07-31,-0.13234329999294103,2025-12-29,2025-09-26,2025-10-01
2025-09-30,3048,all_ridge,15,-0.04202337972868613,2025-07,2025-09-15,2025-07-31,-0.12922720315119196,2025-12-29,2025-09-26,2025-10-01
2025-09-30,2832,price_tree,1,0.02156966261303333,2025-07,2025-09-15,2025-07-31,-0.11670253199857883,2025-12-29,2025-09-26,2025-10-01
2025-09-30,2423,price_tree,2,0.019374945633829858,2025-07,2025-09-15,2025-07-31,-0.09407106506562357,2025-12-29,2025-09-26,2025-10-01
2025-09-30,5607,price_tree,3,0.01510041247867827,2025-07,2025-09-15,2025-07-31,-0.1985149821772142,2025-12-29,2025-09-26,2025-10-01
2025-09-30,1587,price_tree,4,0.012947333783264129,2025-07,2025-09-15,2025-07-31,0.09387017355095151,2025-12-29,2025-09-26,2025-10-01
2025-09-30,8462,price_tree,5,0.01182542239887956,2025-07,2025-09-15,2025-07-31,-0.23242752091027286,2025-12-29,2025-09-26,2025-10-01
2025-09-30,8045,price_tree,6,0.009756580486112545,2025-07,2025-09-15,2025-07-31,-0.32183051997133116,2025-12-29,2025-09-26,2025-10-01
2025-09-30,2406,price_tree,7,0.008419764454730923,2025-07,2025-09-15,2025-07-31,0.1022123950998175,2025-12-29,2025-09-26,2025-10-01
2025-09-30,2405,price_tree,8,0.003213633711186892,2025-07,2025-09-15,2025-07-31,-0.19650386132820485,2025-12-29,2025-09-26,2025-10-01
2025-09-30,3673,price_tree,9,0.002344575938897757,2025-07,2025-09-15,2025-07-31,-0.08646870814559571,2025-12-29,2025-09-26,2025-10-01
2025-09-30,2497,price_tree,10,0.0021913915391224043,2025-07,2025-09-15,2025-07-31,-0.028645962977501327,2025-12-29,2025-09-26,2025-10-01
2025-09-30,5225,price_tree,11,0.0020080310723724942,2025-07,2025-09-15,2025-07-31,-0.267321868272103,2025-12-29,2025-09-26,2025-10-01
2025-09-30,6133,price_tree,12,7.338677242106106e-06,2025-07,2025-09-15,2025-07-31,0.14440083876054266,2025-12-29,2025-09-26,2025-10-01
2025-09-30,6698,price_tree,13,-0.0001282958229438899,2025-07,2025-09-15,2025-07-31,-0.2427955717970265,2025-12-29,2025-09-26,2025-10-01
2025-09-30,6525,price_tree,14,-0.0010612308406537996,2025-07,2025-09-15,2025-07-31,-0.22769249724895857,2025-12-29,2025-09-26,2025-10-01
2025-09-30,2231,price_tree,15,-0.003493351834698118,2025-07,2025-09-15,2025-07-31,-0.3354117751476421,2025-12-29,2025-09-26,2025-10-01
2025-09-30,3535,all_tree,1,0.3090597292388033,2025-07,2025-09-15,2025-07-31,-0.020700255721268546,2025-12-29,2025-09-26,2025-10-01
2025-09-30,2014,all_tree,2,0.09158275578570839,2025-07,2025-09-15,2025-07-31,-0.13021773757851274,2025-12-29,2025-09-26,2025-10-01
2025-09-30,2466,all_tree,3,0.07737216889912028,2025-07,2025-09-15,2025-07-31,-0.18338500674670277,2025-12-29,2025-09-26,2025-10-01
2025-09-30,2501,all_tree,4,0.06396621297757797,2025-07,2025-09-15,2025-07-31,-0.14059149367381074,2025-12-29,2025-09-26,2025-10-01
2025-09-30,3708,all_tree,5,0.06331099534437971,2025-07,2025-09-15,2025-07-31,-0.25869297169525207,2025-12-29,2025-09-26,2025-10-01
2025-09-30,1442,all_tree,6,0.06276864804211589,2025-07,2025-09-15,2025-07-31,-0.41068745764744474,2025-12-29,2025-09-26,2025-10-01
2025-09-30,1721,all_tree,7,0.06182998417023064,2025-07,2025-09-15,2025-07-31,0.005333151733276864,2025-12-29,2025-09-26,2025-10-01
2025-09-30,4916,all_tree,8,0.05228313352883933,2025-07,2025-09-15,2025-07-31,-0.11202491478804699,2025-12-29,2025-09-26,2025-10-01
2025-09-30,6283,all_tree,9,0.0425098232086961,2025-07,2025-09-15,2025-07-31,-0.10681285275215235,2025-12-29,2025-09-26,2025-10-01
2025-09-30,6550,all_tree,10,0.04016523779176609,2025-07,2025-09-15,2025-07-31,-0.3056172378999259,2025-12-29,2025-09-26,2025-10-01
2025-09-30,4142,all_tree,11,0.03974980499158417,2025-07,2025-09-15,2025-07-31,-0.13234329999294103,2025-12-29,2025-09-26,2025-10-01
2025-09-30,2540,all_tree,12,0.03910368688898996,2025-07,2025-09-15,2025-07-31,-0.2293199549843804,2025-12-29,2025-09-26,2025-10-01
2025-09-30,6669,all_tree,13,0.03799793836903096,2025-07,2025-09-15,2025-07-31,0.16462802879950456,2025-12-29,2025-09-26,2025-10-01
2025-09-30,5519,all_tree,14,0.02713601650104757,2025-07,2025-09-15,2025-07-31,-0.000861433016407398,2025-12-29,2025-09-26,2025-10-01
2025-09-30,2382,all_tree,15,0.0241173058868498,2025-07,2025-09-15,2025-07-31,-0.24345491281784437,2025-12-29,2025-09-26,2025-10-01
2025-09-30,3016,vol20,1,0.0634046755975279,2025-07,2025-09-15,2025-07-31,-0.24058810097963346,2025-12-29,2025-09-26,2025-10-01
2025-09-30,4934,vol20,2,0.06153367718629432,2025-07,2025-09-15,2025-07-31,-0.3320691337907017,2025-12-29,2025-09-26,2025-10-01
2025-09-30,2429,vol20,3,0.06144948924630576,2025-07,2025-09-15,2025-07-31,-0.4568385053726979,2025-12-29,2025-09-26,2025-10-01
2025-09-30,6753,vol20,4,0.05775232428947434,2025-07,2025-09-15,2025-07-31,-0.20564332811678843,2025-12-29,2025-09-26,2025-10-01
2025-09-30,8021,vol20,5,0.05773653819137003,2025-07,2025-09-15,2025-07-31,0.6072403026707518,2025-12-29,2025-09-26,2025-10-01
2025-09-30,4722,vol20,6,0.05730521561075378,2025-07,2025-09-15,2025-07-31,-0.142676803423461,2025-12-29,2025-09-26,2025-10-01
2025-09-30,2231,vol20,7,0.05681315498693741,2025-07,2025-09-15,2025-07-31,-0.3354117751476421,2025-12-29,2025-09-26,2025-10-01
2025-09-30,2208,vol20,8,0.056645988712071514,2025-07,2025-09-15,2025-07-31,-0.2894896192330513,2025-12-29,2025-09-26,2025-10-01
2025-09-30,3048,vol20,9,0.054957764741681576,2025-07,2025-09-15,2025-07-31,-0.12922720315119196,2025-12-29,2025-09-26,2025-10-01
2025-09-30,2342,vol20,10,0.054510783545281584,2025-07,2025-09-15,2025-07-31,-0.2378788385391467,2025-12-29,2025-09-26,2025-10-01
2025-09-30,4976,vol20,11,0.05340247985074046,2025-07,2025-09-15,2025-07-31,-0.3490760069373847,2025-12-29,2025-09-26,2025-10-01
2025-09-30,3532,vol20,12,0.0525060135149261,2025-07,2025-09-15,2025-07-31,-0.205708629155112,2025-12-29,2025-09-26,2025-10-01
2025-09-30,3305,vol20,13,0.05215494157522187,2025-07,2025-09-15,2025-07-31,-0.1381410144718772,2025-12-29,2025-09-26,2025-10-01
2025-09-30,1587,vol20,14,0.050379387595670476,2025-07,2025-09-15,2025-07-31,0.09387017355095151,2025-12-29,2025-09-26,2025-10-01
2025-09-30,8033,vol20,15,0.04992058597680943,2025-07,2025-09-15,2025-07-31,-0.11616458250158956,2025-12-29,2025-09-26,2025-10-01
2025-09-30,4722,mom60,1,2.0555555555531555,2025-07,2025-09-15,2025-07-31,-0.142676803423461,2025-12-29,2025-09-26,2025-10-01
2025-09-30,6949,mom60,2,1.6334405144694535,2025-07,2025-09-15,2025-07-31,-0.2588644657119358,2025-12-29,2025-09-26,2025-10-01
2025-09-30,8033,mom60,3,1.352941176467004,2025-07,2025-09-15,2025-07-31,-0.11616458250158956,2025-12-29,2025-09-26,2025-10-01
2025-09-30,8021,mom60,4,1.067553735923667,2025-07,2025-09-15,2025-07-31,0.6072403026707518,2025-12-29,2025-09-26,2025-10-01
2025-09-30,2429,mom60,5,1.020202020198325,2025-07,2025-09-15,2025-07-31,-0.4568385053726979,2025-12-29,2025-09-26,2025-10-01
2025-09-30,3305,mom60,6,0.9839534158487422,2025-07,2025-09-15,2025-07-31,-0.1381410144718772,2025-12-29,2025-09-26,2025-10-01
2025-09-30,2308,mom60,7,0.8977777777778055,2025-07,2025-09-15,2025-07-31,-0.03859348093558945,2025-12-29,2025-09-26,2025-10-01
2025-09-30,3708,mom60,8,0.8928571428604621,2025-07,2025-09-15,2025-07-31,-0.25869297169525207,2025-12-29,2025-09-26,2025-10-01
2025-09-30,2374,mom60,9,0.8726555302329337,2025-07,2025-09-15,2025-07-31,-0.24234933018262483,2025-12-29,2025-09-26,2025-10-01
2025-09-30,3715,mom60,10,0.8432989690726025,2025-07,2025-09-15,2025-07-31,0.17839114388126154,2025-12-29,2025-09-26,2025-10-01
2025-09-30,3016,mom60,11,0.8411366164428722,2025-07,2025-09-15,2025-07-31,-0.24058810097963346,2025-12-29,2025-09-26,2025-10-01
2025-09-30,6449,mom60,12,0.8396226415097592,2025-07,2025-09-15,2025-07-31,-0.3046126309613927,2025-12-29,2025-09-26,2025-10-01
2025-09-30,2316,mom60,13,0.8339985141477835,2025-07,2025-09-15,2025-07-31,-0.07346263411393239,2025-12-29,2025-09-26,2025-10-01
2025-09-30,6515,mom60,14,0.8192771084394015,2025-07,2025-09-15,2025-07-31,0.06318279432924512,2025-12-29,2025-09-26,2025-10-01
2025-09-30,6442,mom60,15,0.818752289228744,2025-07,2025-09-15,2025-07-31,0.4538107441947512,2025-12-29,2025-09-26,2025-10-01
2025-09-30,2363,rev_yoy,1,5.0,2025-07,2025-09-15,2025-07-31,-0.3184386251651259,2025-12-29,2025-09-26,2025-10-01
2025-09-30,2528,rev_yoy,2,5.0,2025-07,2025-09-15,2025-07-31,-0.0930355515085961,2025-12-29,2025-09-26,2025-10-01
2025-09-30,5519,rev_yoy,3,5.0,2025-07,2025-09-15,2025-07-31,-0.000861433016407398,2025-12-29,2025-09-26,2025-10-01
2025-09-30,8478,rev_yoy,4,5.0,2025-07,2025-09-15,2025-07-31,-0.28548328358936315,2025-12-29,2025-09-26,2025-10-01
2025-09-30,2236,rev_yoy,5,4.922169606908452,2025-07,2025-09-15,2025-07-31,-0.08196114532235454,2025-12-29,2025-09-26,2025-10-01
2025-09-30,1529,rev_yoy,6,2.7125713093084736,2025-07,2025-09-15,2025-07-31,-0.31164954192491623,2025-12-29,2025-09-26,2025-10-01
2025-09-30,6869,rev_yoy,7,2.4886194825461243,2025-07,2025-09-15,2025-07-31,-0.3535321571111989,2025-12-29,2025-09-26,2025-10-01
2025-09-30,6669,rev_yoy,8,1.716097734207596,2025-07,2025-09-15,2025-07-31,0.16462802879950456,2025-12-29,2025-09-26,2025-10-01
2025-09-30,8104,rev_yoy,9,1.7144122379033315,2025-07,2025-09-15,2025-07-31,-0.2643727604328121,2025-12-29,2025-09-26,2025-10-01
2025-09-30,2345,rev_yoy,10,1.6339302295554652,2025-07,2025-09-15,2025-07-31,0.001248914756036168,2025-12-29,2025-09-26,2025-10-01
2025-09-30,3056,rev_yoy,11,1.5374955783516095,2025-07,2025-09-15,2025-07-31,-0.2334943831363403,2025-12-29,2025-09-26,2025-10-01
2025-09-30,2429,rev_yoy,12,1.4836105675146771,2025-07,2025-09-15,2025-07-31,-0.4568385053726979,2025-12-29,2025-09-26,2025-10-01
2025-09-30,3563,rev_yoy,13,1.457997314855696,2025-07,2025-09-15,2025-07-31,-0.07110709768414902,2025-12-29,2025-09-26,2025-10-01
2025-09-30,3231,rev_yoy,14,1.224442307601052,2025-07,2025-09-15,2025-07-31,-0.142676803423461,2025-12-29,2025-09-26,2025-10-01
2025-09-30,6215,rev_yoy,15,1.1941885921267366,2025-07,2025-09-15,2025-07-31,-0.2980872563355247,2025-12-29,2025-09-26,2025-10-01
2025-10-31,2344,price_ridge,1,-0.01981829471364558,2025-08,2025-10-16,2025-08-31,0.8989033023756456,2026-01-27,2025-10-30,2025-11-03
2025-10-31,4722,price_ridge,2,-0.0257805249505757,2025-08,2025-10-16,2025-08-31,-0.26086081448672993,2026-01-27,2025-10-30,2025-11-03
2025-10-31,2408,price_ridge,3,-0.031023276201619092,2025-08,2025-10-16,2025-08-31,0.8552841920756125,2026-01-27,2025-10-30,2025-11-03
2025-10-31,6515,price_ridge,4,-0.03317765054328569,2025-08,2025-10-16,2025-08-31,0.4474300520276502,2026-01-27,2025-10-30,2025-11-03
2025-10-31,4934,price_ridge,5,-0.04438268344313764,2025-08,2025-10-16,2025-08-31,-0.014001103000483184,2026-01-27,2025-10-30,2025-11-03
2025-10-31,2342,price_ridge,6,-0.047515075781032264,2025-08,2025-10-16,2025-08-31,-0.1521412144227855,2026-01-27,2025-10-30,2025-11-03
2025-10-31,3016,price_ridge,7,-0.04770180935619385,2025-08,2025-10-16,2025-08-31,0.1058108825926114,2026-01-27,2025-10-30,2025-11-03
2025-10-31,6770,price_ridge,8,-0.049013162766729734,2025-08,2025-10-16,2025-08-31,0.6893045893762109,2026-01-27,2025-10-30,2025-11-03
2025-10-31,3002,price_ridge,9,-0.04910118271432433,2025-08,2025-10-16,2025-08-31,-0.19274469085056078,2026-01-27,2025-10-30,2025-11-03
2025-10-31,6949,price_ridge,10,-0.050144004272767204,2025-08,2025-10-16,2025-08-31,0.257097075780913,2026-01-27,2025-10-30,2025-11-03
2025-10-31,2241,price_ridge,11,-0.05149623796534842,2025-08,2025-10-16,2025-08-31,-0.24471854915070212,2026-01-27,2025-10-30,2025-11-03
2025-10-31,8110,price_ridge,12,-0.05228572644165248,2025-08,2025-10-16,2025-08-31,2.189595177616679,2026-01-27,2025-10-30,2025-11-03
2025-10-31,8271,price_ridge,13,-0.05329685389307086,2025-08,2025-10-16,2025-08-31,-0.042723667833320045,2026-01-27,2025-10-30,2025-11-03
2025-10-31,8103,price_ridge,14,-0.0534184290575952,2025-08,2025-10-16,2025-08-31,-0.1668986777130692,2026-01-27,2025-10-30,2025-11-03
2025-10-31,2375,price_ridge,15,-0.05376901884026308,2025-08,2025-10-16,2025-08-31,-0.11336478278832152,2026-01-27,2025-10-30,2025-11-03
2025-10-31,6177,all_ridge,1,0.005920237412371784,2025-08,2025-10-16,2025-08-31,-0.20173237298183655,2026-01-27,2025-10-30,2025-11-03
2025-10-31,5522,all_ridge,2,0.005644558268389652,2025-08,2025-10-16,2025-08-31,0.04991212514309895,2026-01-27,2025-10-30,2025-11-03
2025-10-31,3535,all_ridge,3,-0.0041784743341486685,2025-08,2025-10-16,2025-08-31,0.17185673584879435,2026-01-27,2025-10-30,2025-11-03
2025-10-31,2014,all_ridge,4,-0.00853839059317306,2025-08,2025-10-16,2025-08-31,-0.03548454456492167,2026-01-27,2025-10-30,2025-11-03
2025-10-31,2429,all_ridge,5,-0.023420365865329987,2025-08,2025-10-16,2025-08-31,-0.435358989143413,2026-01-27,2025-10-30,2025-11-03
2025-10-31,2344,all_ridge,6,-0.024179723499532027,2025-08,2025-10-16,2025-08-31,0.8989033023756456,2026-01-27,2025-10-30,2025-11-03
2025-10-31,2466,all_ridge,7,-0.02601898246022412,2025-08,2025-10-16,2025-08-31,0.017679604380104408,2026-01-27,2025-10-30,2025-11-03
2025-10-31,4722,all_ridge,8,-0.028004157514390893,2025-08,2025-10-16,2025-08-31,-0.26086081448672993,2026-01-27,2025-10-30,2025-11-03
2025-10-31,1532,all_ridge,9,-0.029631106056144073,2025-08,2025-10-16,2025-08-31,-0.2101632934594918,2026-01-27,2025-10-30,2025-11-03
2025-10-31,2408,all_ridge,10,-0.02969134746452999,2025-08,2025-10-16,2025-08-31,0.8552841920756125,2026-01-27,2025-10-30,2025-11-03
2025-10-31,6405,all_ridge,11,-0.03556154414898818,2025-08,2025-10-16,2025-08-31,-0.0669170954397611,2026-01-27,2025-10-30,2025-11-03
2025-10-31,2342,all_ridge,12,-0.04018705683853027,2025-08,2025-10-16,2025-08-31,-0.1521412144227855,2026-01-27,2025-10-30,2025-11-03
2025-10-31,2542,all_ridge,13,-0.04026696352362033,2025-08,2025-10-16,2025-08-31,-0.20041053518575536,2026-01-27,2025-10-30,2025-11-03
2025-10-31,9902,all_ridge,14,-0.04214675824140454,2025-08,2025-10-16,2025-08-31,-0.10272237513923166,2026-01-27,2025-10-30,2025-11-03
2025-10-31,3002,all_ridge,15,-0.04220450904898932,2025-08,2025-10-16,2025-08-31,-0.19274469085056078,2026-01-27,2025-10-30,2025-11-03
2025-10-31,3002,price_tree,1,0.012275214970236169,2025-08,2025-10-16,2025-08-31,-0.19274469085056078,2026-01-27,2025-10-30,2025-11-03
2025-10-31,2330,price_tree,2,0.006792020503274774,2025-08,2025-10-16,2025-08-31,0.0147016487412992,2026-01-27,2025-10-30,2025-11-03
2025-10-31,2855,price_tree,3,0.004701190311504013,2025-08,2025-10-16,2025-08-31,0.04898170149216341,2026-01-27,2025-10-30,2025-11-03
2025-10-31,3031,price_tree,4,7.338677242106106e-06,2025-08,2025-10-16,2025-08-31,-0.14382273500602216,2026-01-27,2025-10-30,2025-11-03
2025-10-31,1256,price_tree,5,-0.003086924401068276,2025-08,2025-10-16,2025-08-31,-0.09866379400092518,2026-01-27,2025-10-30,2025-11-03
2025-10-31,6177,price_tree,6,-0.003216825493732695,2025-08,2025-10-16,2025-08-31,-0.20173237298183655,2026-01-27,2025-10-30,2025-11-03
2025-10-31,2614,price_tree,7,-0.003468444925763298,2025-08,2025-10-16,2025-08-31,-0.1388893151071091,2026-01-27,2025-10-30,2025-11-03
2025-10-31,2501,price_tree,8,-0.010374033899359012,2025-08,2025-10-16,2025-08-31,-0.18236068983230902,2026-01-27,2025-10-30,2025-11-03
2025-10-31,3711,price_tree,9,-0.010757964876798901,2025-08,2025-10-16,2025-08-31,0.06455986048183893,2026-01-27,2025-10-30,2025-11-03
2025-10-31,1808,price_tree,10,-0.014290275164553858,2025-08,2025-10-16,2025-08-31,-0.40513236292661503,2026-01-27,2025-10-30,2025-11-03
2025-10-31,6591,price_tree,11,-0.014734964388175252,2025-08,2025-10-16,2025-08-31,-0.3340660176892607,2026-01-27,2025-10-30,2025-11-03
2025-10-31,2546,price_tree,12,-0.01485040982151031,2025-08,2025-10-16,2025-08-31,-0.18072100617144637,2026-01-27,2025-10-30,2025-11-03
2025-10-31,6830,price_tree,13,-0.015062838330125786,2025-08,2025-10-16,2025-08-31,-0.1251109216736257,2026-01-27,2025-10-30,2025-11-03
2025-10-31,8045,price_tree,14,-0.015517703136410353,2025-08,2025-10-16,2025-08-31,-0.06795679037594149,2026-01-27,2025-10-30,2025-11-03
2025-10-31,4562,price_tree,15,-0.016288281909480628,2025-08,2025-10-16,2025-08-31,-0.15053233844219693,2026-01-27,2025-10-30,2025-11-03
2025-10-31,6405,all_tree,1,0.24661222584814504,2025-08,2025-10-16,2025-08-31,-0.0669170954397611,2026-01-27,2025-10-30,2025-11-03
2025-10-31,6177,all_tree,2,0.1410549924573651,2025-08,2025-10-16,2025-08-31,-0.20173237298183655,2026-01-27,2025-10-30,2025-11-03
2025-10-31,1808,all_tree,3,0.12694395579315207,2025-08,2025-10-16,2025-08-31,-0.40513236292661503,2026-01-27,2025-10-30,2025-11-03
2025-10-31,4967,all_tree,4,0.09452724823447696,2025-08,2025-10-16,2025-08-31,0.6258238441345996,2026-01-27,2025-10-30,2025-11-03
2025-10-31,8021,all_tree,5,0.07684165091311183,2025-08,2025-10-16,2025-08-31,0.7698452636709556,2026-01-27,2025-10-30,2025-11-03
2025-10-31,2345,all_tree,6,0.06499518776759175,2025-08,2025-10-16,2025-08-31,-0.0919205497492035,2026-01-27,2025-10-30,2025-11-03
2025-10-31,3450,all_tree,7,0.04757813979017533,2025-08,2025-10-16,2025-08-31,-0.24584582461329008,2026-01-27,2025-10-30,2025-11-03
2025-10-31,3041,all_tree,8,0.0338906446727874,2025-08,2025-10-16,2025-08-31,-0.17734117065039035,2026-01-27,2025-10-30,2025-11-03
2025-10-31,6949,all_tree,9,0.030723463460518956,2025-08,2025-10-16,2025-08-31,0.257097075780913,2026-01-27,2025-10-30,2025-11-03
2025-10-31,3047,all_tree,10,0.030677879231197826,2025-08,2025-10-16,2025-08-31,-0.19731766564150643,2026-01-27,2025-10-30,2025-11-03
2025-10-31,2546,all_tree,11,0.016458284034178046,2025-08,2025-10-16,2025-08-31,-0.18072100617144637,2026-01-27,2025-10-30,2025-11-03
2025-10-31,3535,all_tree,12,0.014507328974286726,2025-08,2025-10-16,2025-08-31,0.17185673584879435,2026-01-27,2025-10-30,2025-11-03
2025-10-31,1532,all_tree,13,0.011274427136137855,2025-08,2025-10-16,2025-08-31,-0.2101632934594918,2026-01-27,2025-10-30,2025-11-03
2025-10-31,2330,all_tree,14,0.008995798032460277,2025-08,2025-10-16,2025-08-31,0.0147016487412992,2026-01-27,2025-10-30,2025-11-03
2025-10-31,4770,all_tree,15,0.007944350112826256,2025-08,2025-10-16,2025-08-31,-0.19883532027141948,2026-01-27,2025-10-30,2025-11-03
2025-10-31,4989,vol20,1,0.06768336243368024,2025-08,2025-10-16,2025-08-31,0.3854360932951153,2026-01-27,2025-10-30,2025-11-03
2025-10-31,2337,vol20,2,0.05962327228468199,2025-08,2025-10-16,2025-08-31,1.2506002375134768,2026-01-27,2025-10-30,2025-11-03
2025-10-31,2429,vol20,3,0.054970975374790794,2025-08,2025-10-16,2025-08-31,-0.435358989143413,2026-01-27,2025-10-30,2025-11-03
2025-10-31,2342,vol20,4,0.05396627069680756,2025-08,2025-10-16,2025-08-31,-0.1521412144227855,2026-01-27,2025-10-30,2025-11-03
2025-10-31,2465,vol20,5,0.052004524278156196,2025-08,2025-10-16,2025-08-31,-0.34399570200504725,2026-01-27,2025-10-30,2025-11-03
2025-10-31,8110,vol20,6,0.05111361758842455,2025-08,2025-10-16,2025-08-31,2.189595177616679,2026-01-27,2025-10-30,2025-11-03
2025-10-31,1605,vol20,7,0.050969806789446036,2025-08,2025-10-16,2025-08-31,0.1803894177149259,2026-01-27,2025-10-30,2025-11-03
2025-10-31,3189,vol20,8,0.050859373047878756,2025-08,2025-10-16,2025-08-31,0.5594641033418339,2026-01-27,2025-10-30,2025-11-03
2025-10-31,3002,vol20,9,0.05063435856312225,2025-08,2025-10-16,2025-08-31,-0.19274469085056078,2026-01-27,2025-10-30,2025-11-03
2025-10-31,6770,vol20,10,0.05021114189608409,2025-08,2025-10-16,2025-08-31,0.6893045893762109,2026-01-27,2025-10-30,2025-11-03
2025-10-31,3006,vol20,11,0.04952952564978222,2025-08,2025-10-16,2025-08-31,0.4784318670243761,2026-01-27,2025-10-30,2025-11-03
2025-10-31,8271,vol20,12,0.04948616824600772,2025-08,2025-10-16,2025-08-31,-0.042723667833320045,2026-01-27,2025-10-30,2025-11-03
2025-10-31,2399,vol20,13,0.049485717737471624,2025-08,2025-10-16,2025-08-31,-0.01623324972173057,2026-01-27,2025-10-30,2025-11-03
2025-10-31,2408,vol20,14,0.04918867064163917,2025-08,2025-10-16,2025-08-31,0.8552841920756125,2026-01-27,2025-10-30,2025-11-03
2025-10-31,6442,vol20,15,0.048082437303643324,2025-08,2025-10-16,2025-08-31,0.33840978962680146,2026-01-27,2025-10-30,2025-11-03
2025-10-31,2344,mom60,1,2.123919308365558,2025-08,2025-10-16,2025-08-31,0.8989033023756456,2026-01-27,2025-10-30,2025-11-03
2025-10-31,2408,mom60,2,2.0285714285777616,2025-08,2025-10-16,2025-08-31,0.8552841920756125,2026-01-27,2025-10-30,2025-11-03
2025-10-31,4722,mom60,3,1.5492957746425424,2025-08,2025-10-16,2025-08-31,-0.26086081448672993,2026-01-27,2025-10-30,2025-11-03
2025-10-31,6515,mom60,4,1.4465116279157213,2025-08,2025-10-16,2025-08-31,0.4474300520276502,2026-01-27,2025-10-30,2025-11-03
2025-10-31,6770,mom60,5,1.1070234113784667,2025-08,2025-10-16,2025-08-31,0.6893045893762109,2026-01-27,2025-10-30,2025-11-03
2025-10-31,8996,mom60,6,1.0425531914886879,2025-08,2025-10-16,2025-08-31,-0.02143415508967994,2026-01-27,2025-10-30,2025-11-03
2025-10-31,8210,mom60,7,0.9454354669485461,2025-08,2025-10-16,2025-08-31,-0.13467283989761336,2026-01-27,2025-10-30,2025-11-03
2025-10-31,4967,mom60,8,0.8982242163831697,2025-08,2025-10-16,2025-08-31,0.6258238441345996,2026-01-27,2025-10-30,2025-11-03
2025-10-31,8271,mom60,9,0.8482142857150012,2025-08,2025-10-16,2025-08-31,-0.042723667833320045,2026-01-27,2025-10-30,2025-11-03
2025-10-31,2449,mom60,10,0.8468085106339687,2025-08,2025-10-16,2025-08-31,0.1746904662456943,2026-01-27,2025-10-30,2025-11-03
2025-10-31,8110,mom60,11,0.8467432950222145,2025-08,2025-10-16,2025-08-31,2.189595177616679,2026-01-27,2025-10-30,2025-11-03
2025-10-31,8103,mom60,12,0.8447694038244535,2025-08,2025-10-16,2025-08-31,-0.1668986777130692,2026-01-27,2025-10-30,2025-11-03
2025-10-31,3006,mom60,13,0.8205645161289121,2025-08,2025-10-16,2025-08-31,0.4784318670243761,2026-01-27,2025-10-30,2025-11-03
2025-10-31,2481,mom60,14,0.7562499999998096,2025-08,2025-10-16,2025-08-31,-0.043837339077006154,2026-01-27,2025-10-30,2025-11-03
2025-10-31,8021,mom60,15,0.7149059334273717,2025-08,2025-10-16,2025-08-31,0.7698452636709556,2026-01-27,2025-10-30,2025-11-03
2025-10-31,2236,rev_yoy,1,5.0,2025-08,2025-10-16,2025-08-31,0.12384398998433221,2026-01-27,2025-10-30,2025-11-03
2025-10-31,2363,rev_yoy,2,5.0,2025-08,2025-10-16,2025-08-31,-0.07455892360982919,2026-01-27,2025-10-30,2025-11-03
2025-10-31,2528,rev_yoy,3,5.0,2025-08,2025-10-16,2025-08-31,-0.24161612742317395,2026-01-27,2025-10-30,2025-11-03
2025-10-31,2539,rev_yoy,4,5.0,2025-08,2025-10-16,2025-08-31,-0.17233028727185795,2026-01-27,2025-10-30,2025-11-03
2025-10-31,2881,rev_yoy,5,5.0,2025-08,2025-10-16,2025-08-31,-0.15221739601654127,2026-01-27,2025-10-30,2025-11-03
2025-10-31,6177,rev_yoy,6,5.0,2025-08,2025-10-16,2025-08-31,-0.20173237298183655,2026-01-27,2025-10-30,2025-11-03
2025-10-31,6541,rev_yoy,7,5.0,2025-08,2025-10-16,2025-08-31,-0.20025797125216083,2026-01-27,2025-10-30,2025-11-03
2025-10-31,9902,rev_yoy,8,3.9711297071129694,2025-08,2025-10-16,2025-08-31,-0.10272237513923166,2026-01-27,2025-10-30,2025-11-03
2025-10-31,6669,rev_yoy,9,1.981404583994073,2025-08,2025-10-16,2025-08-31,-0.3093456691956854,2026-01-27,2025-10-30,2025-11-03
2025-10-31,2345,rev_yoy,10,1.7225324860195457,2025-08,2025-10-16,2025-08-31,-0.0919205497492035,2026-01-27,2025-10-30,2025-11-03
2025-10-31,3563,rev_yoy,11,1.4986670671723052,2025-08,2025-10-16,2025-08-31,-0.20859835884264877,2026-01-27,2025-10-30,2025-11-03
2025-10-31,1532,rev_yoy,12,1.4690039904778596,2025-08,2025-10-16,2025-08-31,-0.2101632934594918,2026-01-27,2025-10-30,2025-11-03
2025-10-31,2408,rev_yoy,13,1.4132397180836829,2025-08,2025-10-16,2025-08-31,0.8552841920756125,2026-01-27,2025-10-30,2025-11-03
2025-10-31,8478,rev_yoy,14,1.3182545344488403,2025-08,2025-10-16,2025-08-31,-0.19537592545844695,2026-01-27,2025-10-30,2025-11-03
2025-10-31,2891,rev_yoy,15,1.175157333711546,2025-08,2025-10-16,2025-08-31,0.04532593853941669,2026-01-27,2025-10-30,2025-11-03
2025-11-28,2408,price_ridge,1,-0.019459373508056016,2025-09,2025-11-17,2025-09-30,0.29901634744358185,2026-03-06,2025-11-27,2025-12-01
2025-11-28,2344,price_ridge,2,-0.02823108153059252,2025-09,2025-11-17,2025-09-30,0.5493587714686434,2026-03-06,2025-11-27,2025-12-01
2025-11-28,8110,price_ridge,3,-0.03319364039466597,2025-09,2025-11-17,2025-09-30,0.1920750886424878,2026-03-06,2025-11-27,2025-12-01
2025-11-28,6573,price_ridge,4,-0.035175258752489724,2025-09,2025-11-17,2025-09-30,-0.4692048361395651,2026-03-06,2025-11-27,2025-12-01
2025-11-28,6770,price_ridge,5,-0.04888032658715151,2025-09,2025-11-17,2025-09-30,0.5733649036511017,2026-03-06,2025-11-27,2025-12-01
2025-11-28,2241,price_ridge,6,-0.0507447064882296,2025-09,2025-11-17,2025-09-30,-0.4545462908064144,2026-03-06,2025-11-27,2025-12-01
2025-11-28,4967,price_ridge,7,-0.050928601272280175,2025-09,2025-11-17,2025-09-30,0.09502103941352735,2026-03-06,2025-11-27,2025-12-01
2025-11-28,6155,price_ridge,8,-0.052633162197359584,2025-09,2025-11-17,2025-09-30,-0.061828399167130454,2026-03-06,2025-11-27,2025-12-01
2025-11-28,2451,price_ridge,9,-0.0537398448794826,2025-09,2025-11-17,2025-09-30,-0.09394372864269473,2026-03-06,2025-11-27,2025-12-01
2025-11-28,3543,price_ridge,10,-0.05492096656869669,2025-09,2025-11-17,2025-09-30,-0.15073704135776866,2026-03-06,2025-11-27,2025-12-01
2025-11-28,5515,price_ridge,11,-0.05528667341395636,2025-09,2025-11-17,2025-09-30,-0.2753032482862148,2026-03-06,2025-11-27,2025-12-01
2025-11-28,8150,price_ridge,12,-0.0568285818712007,2025-09,2025-11-17,2025-09-30,0.16242743194654952,2026-03-06,2025-11-27,2025-12-01
2025-11-28,2375,price_ridge,13,-0.05685093633604378,2025-09,2025-11-17,2025-09-30,-0.36771642543439154,2026-03-06,2025-11-27,2025-12-01
2025-11-28,6515,price_ridge,14,-0.05709184798953912,2025-09,2025-11-17,2025-09-30,0.5648564725136733,2026-03-06,2025-11-27,2025-12-01
2025-11-28,3002,price_ridge,15,-0.057286927675767776,2025-09,2025-11-17,2025-09-30,-0.4765716822630057,2026-03-06,2025-11-27,2025-12-01
2025-11-28,2548,all_ridge,1,-0.006119965000206062,2025-09,2025-11-17,2025-09-30,-0.17743982904113165,2026-03-06,2025-11-27,2025-12-01
2025-11-28,2014,all_ridge,2,-0.014265345175671823,2025-09,2025-11-17,2025-09-30,-0.08061361615171081,2026-03-06,2025-11-27,2025-12-01
2025-11-28,2344,all_ridge,3,-0.02258559479995364,2025-09,2025-11-17,2025-09-30,0.5493587714686434,2026-03-06,2025-11-27,2025-12-01
2025-11-28,2408,all_ridge,4,-0.023243461582172005,2025-09,2025-11-17,2025-09-30,0.29901634744358185,2026-03-06,2025-11-27,2025-12-01
2025-11-28,8110,all_ridge,5,-0.02556294274685645,2025-09,2025-11-17,2025-09-30,0.1920750886424878,2026-03-06,2025-11-27,2025-12-01
2025-11-28,2429,all_ridge,6,-0.027375829003667612,2025-09,2025-11-17,2025-09-30,-0.6459126846833398,2026-03-06,2025-11-27,2025-12-01
2025-11-28,4967,all_ridge,7,-0.0279958713723343,2025-09,2025-11-17,2025-09-30,0.09502103941352735,2026-03-06,2025-11-27,2025-12-01
2025-11-28,3708,all_ridge,8,-0.030744445037062064,2025-09,2025-11-17,2025-09-30,-0.1852532123580013,2026-03-06,2025-11-27,2025-12-01
2025-11-28,6931,all_ridge,9,-0.03153370525385287,2025-09,2025-11-17,2025-09-30,-0.460637646567849,2026-03-06,2025-11-27,2025-12-01
2025-11-28,2348,all_ridge,10,-0.03172853202166684,2025-09,2025-11-17,2025-09-30,-0.4108706212735235,2026-03-06,2025-11-27,2025-12-01
2025-11-28,3535,all_ridge,11,-0.034016671531695714,2025-09,2025-11-17,2025-09-30,0.4686668677517136,2026-03-06,2025-11-27,2025-12-01
2025-11-28,5534,all_ridge,12,-0.0345559381779322,2025-09,2025-11-17,2025-09-30,-0.289339483383112,2026-03-06,2025-11-27,2025-12-01
2025-11-28,3025,all_ridge,13,-0.036063592779731125,2025-09,2025-11-17,2025-09-30,-0.24869096754833064,2026-03-06,2025-11-27,2025-12-01
2025-11-28,3055,all_ridge,14,-0.040805952985457014,2025-09,2025-11-17,2025-09-30,-0.2875782706071214,2026-03-06,2025-11-27,2025-12-01
2025-11-28,3041,all_ridge,15,-0.041481673684060076,2025-09,2025-11-17,2025-09-30,-0.35771145095275547,2026-03-06,2025-11-27,2025-12-01
2025-11-28,8045,price_tree,1,0.04092691422077343,2025-09,2025-11-17,2025-09-30,-0.2730845779578951,2026-03-06,2025-11-27,2025-12-01
2025-11-28,8104,price_tree,2,0.029344748944708645,2025-09,2025-11-17,2025-09-30,-0.09297470894339255,2026-03-06,2025-11-27,2025-12-01
2025-11-28,6742,price_tree,3,0.022396626033928366,2025-09,2025-11-17,2025-09-30,-0.36796871453545,2026-03-06,2025-11-27,2025-12-01
2025-11-28,4976,price_tree,4,0.013645115899063238,2025-09,2025-11-17,2025-09-30,-0.340065075752918,2026-03-06,2025-11-27,2025-12-01
2025-11-28,3701,price_tree,5,0.011563533981885418,2025-09,2025-11-17,2025-09-30,0.5462506892150869,2026-03-06,2025-11-27,2025-12-01
2025-11-28,6928,price_tree,6,0.006666508459467879,2025-09,2025-11-17,2025-09-30,-0.31250190069194894,2026-03-06,2025-11-27,2025-12-01
2025-11-28,8021,price_tree,7,0.0035108410996621793,2025-09,2025-11-17,2025-09-30,0.4572160503072884,2026-03-06,2025-11-27,2025-12-01
2025-11-28,8374,price_tree,8,-0.007286285040007931,2025-09,2025-11-17,2025-09-30,-0.2970548374679788,2026-03-06,2025-11-27,2025-12-01
2025-11-28,4438,price_tree,9,-0.007958213815025228,2025-09,2025-11-17,2025-09-30,-0.4802909680427696,2026-03-06,2025-11-27,2025-12-01
2025-11-28,8404,price_tree,10,-0.009635742665343243,2025-09,2025-11-17,2025-09-30,-0.396177149895372,2026-03-06,2025-11-27,2025-12-01
2025-11-28,5515,price_tree,11,-0.010587381383271312,2025-09,2025-11-17,2025-09-30,-0.2753032482862148,2026-03-06,2025-11-27,2025-12-01
2025-11-28,2838,price_tree,12,-0.012181695233197775,2025-09,2025-11-17,2025-09-30,-0.2743147214566908,2026-03-06,2025-11-27,2025-12-01
2025-11-28,6442,price_tree,13,-0.013869117775724558,2025-09,2025-11-17,2025-09-30,0.29324131616461435,2026-03-06,2025-11-27,2025-12-01
2025-11-28,1529,price_tree,14,-0.01917477428301336,2025-09,2025-11-17,2025-09-30,0.1292290727666987,2026-03-06,2025-11-27,2025-12-01
2025-11-28,2527,price_tree,15,-0.019346839123912708,2025-09,2025-11-17,2025-09-30,-0.188931948155173,2026-03-06,2025-11-27,2025-12-01
2025-11-28,4967,all_tree,1,0.18379750060488628,2025-09,2025-11-17,2025-09-30,0.09502103941352735,2026-03-06,2025-11-27,2025-12-01
2025-11-28,2548,all_tree,2,0.1464167736245857,2025-09,2025-11-17,2025-09-30,-0.17743982904113165,2026-03-06,2025-11-27,2025-12-01
2025-11-28,2915,all_tree,3,0.10453459572763307,2025-09,2025-11-17,2025-09-30,-0.32171551421486233,2026-03-06,2025-11-27,2025-12-01
2025-11-28,6873,all_tree,4,0.08930898995193745,2025-09,2025-11-17,2025-09-30,-0.27681285902558594,2026-03-06,2025-11-27,2025-12-01
2025-11-28,6177,all_tree,5,0.08700060856702269,2025-09,2025-11-17,2025-09-30,-0.31466925139981716,2026-03-06,2025-11-27,2025-12-01
2025-11-28,5519,all_tree,6,0.058742294970483964,2025-09,2025-11-17,2025-09-30,-0.26640521036636244,2026-03-06,2025-11-27,2025-12-01
2025-11-28,2527,all_tree,7,0.046483467693193385,2025-09,2025-11-17,2025-09-30,-0.188931948155173,2026-03-06,2025-11-27,2025-12-01
2025-11-28,3450,all_tree,8,0.0439077965825903,2025-09,2025-11-17,2025-09-30,-0.15987034000601352,2026-03-06,2025-11-27,2025-12-01
2025-11-28,2345,all_tree,9,0.04343840420068527,2025-09,2025-11-17,2025-09-30,0.13210933107165546,2026-03-06,2025-11-27,2025-12-01
2025-11-28,6782,all_tree,10,0.040979561530232626,2025-09,2025-11-17,2025-09-30,-0.19383692922701812,2026-03-06,2025-11-27,2025-12-01
2025-11-28,3025,all_tree,11,0.038168046084105636,2025-09,2025-11-17,2025-09-30,-0.24869096754833064,2026-03-06,2025-11-27,2025-12-01
2025-11-28,6442,all_tree,12,0.03214288108336697,2025-09,2025-11-17,2025-09-30,0.29324131616461435,2026-03-06,2025-11-27,2025-12-01
2025-11-28,2348,all_tree,13,0.028622947685346452,2025-09,2025-11-17,2025-09-30,-0.4108706212735235,2026-03-06,2025-11-27,2025-12-01
2025-11-28,6742,all_tree,14,0.025449338227546445,2025-09,2025-11-17,2025-09-30,-0.36796871453545,2026-03-06,2025-11-27,2025-12-01
2025-11-28,2855,all_tree,15,0.022749977038457384,2025-09,2025-11-17,2025-09-30,-0.061192676896363096,2026-03-06,2025-11-27,2025-12-01
2025-11-28,8110,vol20,1,0.07514825700989236,2025-09,2025-11-17,2025-09-30,0.1920750886424878,2026-03-06,2025-11-27,2025-12-01
2025-11-28,6573,vol20,2,0.0705581196396821,2025-09,2025-11-17,2025-09-30,-0.4692048361395651,2026-03-06,2025-11-27,2025-12-01
2025-11-28,8996,vol20,3,0.06705101088118597,2025-09,2025-11-17,2025-09-30,0.20964178299756497,2026-03-06,2025-11-27,2025-12-01
2025-11-28,3002,vol20,4,0.06209431364546567,2025-09,2025-11-17,2025-09-30,-0.4765716822630057,2026-03-06,2025-11-27,2025-12-01
2025-11-28,2451,vol20,5,0.05854618462262136,2025-09,2025-11-17,2025-09-30,-0.09394372864269473,2026-03-06,2025-11-27,2025-12-01
2025-11-28,2344,vol20,6,0.0582866621641231,2025-09,2025-11-17,2025-09-30,0.5493587714686434,2026-03-06,2025-11-27,2025-12-01
2025-11-28,3715,vol20,7,0.05702064011439367,2025-09,2025-11-17,2025-09-30,0.022042838861051184,2026-03-06,2025-11-27,2025-12-01
2025-11-28,8021,vol20,8,0.05610381992688191,2025-09,2025-11-17,2025-09-30,0.4572160503072884,2026-03-06,2025-11-27,2025-12-01
2025-11-28,4989,vol20,9,0.05567222063110738,2025-09,2025-11-17,2025-09-30,0.4191951559855569,2026-03-06,2025-11-27,2025-12-01
2025-11-28,6155,vol20,10,0.05558602326662253,2025-09,2025-11-17,2025-09-30,-0.061828399167130454,2026-03-06,2025-11-27,2025-12-01
2025-11-28,6442,vol20,11,0.054871492471763386,2025-09,2025-11-17,2025-09-30,0.29324131616461435,2026-03-06,2025-11-27,2025-12-01
2025-11-28,3060,vol20,12,0.05357289343656887,2025-09,2025-11-17,2025-09-30,-0.17892019881307442,2026-03-06,2025-11-27,2025-12-01
2025-11-28,1802,vol20,13,0.05294606839313839,2025-09,2025-11-17,2025-09-30,0.3348093486505892,2026-03-06,2025-11-27,2025-12-01
2025-11-28,6706,vol20,14,0.05245743462342336,2025-09,2025-11-17,2025-09-30,0.06453198535674698,2026-03-06,2025-11-27,2025-12-01
2025-11-28,8033,vol20,15,0.052449152621256726,2025-09,2025-11-17,2025-09-30,-0.21789551596402168,2026-03-06,2025-11-27,2025-12-01
2025-11-28,2408,mom60,1,2.122994652398452,2025-09,2025-11-17,2025-09-30,0.29901634744358185,2026-03-06,2025-11-27,2025-12-01
2025-11-28,2344,mom60,2,1.8571428571461888,2025-09,2025-11-17,2025-09-30,0.5493587714686434,2026-03-06,2025-11-27,2025-12-01
2025-11-28,8110,mom60,3,1.6872727272719876,2025-09,2025-11-17,2025-09-30,0.1920750886424878,2026-03-06,2025-11-27,2025-12-01
2025-11-28,6770,mom60,4,1.1650793650757887,2025-09,2025-11-17,2025-09-30,0.5733649036511017,2026-03-06,2025-11-27,2025-12-01
2025-11-28,6515,mom60,5,0.8741721854300906,2025-09,2025-11-17,2025-09-30,0.5648564725136733,2026-03-06,2025-11-27,2025-12-01
2025-11-28,2451,mom60,6,0.8484848484781542,2025-09,2025-11-17,2025-09-30,-0.09394372864269473,2026-03-06,2025-11-27,2025-12-01
2025-11-28,2485,mom60,7,0.8404669260700388,2025-09,2025-11-17,2025-09-30,1.0631125584923788,2026-03-06,2025-11-27,2025-12-01
2025-11-28,4967,mom60,8,0.8311615437387576,2025-09,2025-11-17,2025-09-30,0.09502103941352735,2026-03-06,2025-11-27,2025-12-01
2025-11-28,8150,mom60,9,0.7812499999991007,2025-09,2025-11-17,2025-09-30,0.16242743194654952,2026-03-06,2025-11-27,2025-12-01
2025-11-28,6573,mom60,10,0.7738693467336684,2025-09,2025-11-17,2025-09-30,-0.4692048361395651,2026-03-06,2025-11-27,2025-12-01
2025-11-28,2337,mom60,11,0.7092731829550072,2025-09,2025-11-17,2025-09-30,1.6974923667858408,2026-03-06,2025-11-27,2025-12-01
2025-11-28,3443,mom60,12,0.6928838951359968,2025-09,2025-11-17,2025-09-30,-0.21775688691838768,2026-03-06,2025-11-27,2025-12-01
2025-11-28,8210,mom60,13,0.6660899653998904,2025-09,2025-11-17,2025-09-30,-0.3013428578243733,2026-03-06,2025-11-27,2025-12-01
2025-11-28,8021,mom60,14,0.6625766871144003,2025-09,2025-11-17,2025-09-30,0.4572160503072884,2026-03-06,2025-11-27,2025-12-01
2025-11-28,1795,mom60,15,0.6595744680867113,2025-09,2025-11-17,2025-09-30,-0.42632164916723525,2026-03-06,2025-11-27,2025-12-01
2025-11-28,2528,rev_yoy,1,5.0,2025-09,2025-11-17,2025-09-30,-0.35992142903917534,2026-03-06,2025-11-27,2025-12-01
2025-11-28,3535,rev_yoy,2,5.0,2025-09,2025-11-17,2025-09-30,0.4686668677517136,2026-03-06,2025-11-27,2025-12-01
2025-11-28,6541,rev_yoy,3,5.0,2025-09,2025-11-17,2025-09-30,-0.4490141282084781,2026-03-06,2025-11-27,2025-12-01
2025-11-28,2236,rev_yoy,4,4.218143085389668,2025-09,2025-11-17,2025-09-30,-0.13383677761615265,2026-03-06,2025-11-27,2025-12-01
2025-11-28,2548,rev_yoy,5,3.644831566964357,2025-09,2025-11-17,2025-09-30,-0.17743982904113165,2026-03-06,2025-11-27,2025-12-01
2025-11-28,8473,rev_yoy,6,3.573359648058921,2025-09,2025-11-17,2025-09-30,-0.24861423659995108,2026-03-06,2025-11-27,2025-12-01
2025-11-28,2465,rev_yoy,7,3.3768922713393588,2025-09,2025-11-17,2025-09-30,-0.3726263830908568,2026-03-06,2025-11-27,2025-12-01
2025-11-28,6550,rev_yoy,8,3.101431238332296,2025-09,2025-11-17,2025-09-30,-0.27681285902558617,2026-03-06,2025-11-27,2025-12-01
2025-11-28,6869,rev_yoy,9,2.7645920772079453,2025-09,2025-11-17,2025-09-30,-0.17026857945017082,2026-03-06,2025-11-27,2025-12-01
2025-11-28,2442,rev_yoy,10,2.706329272887103,2025-09,2025-11-17,2025-09-30,-0.4762097119718267,2026-03-06,2025-11-27,2025-12-01
2025-11-28,5519,rev_yoy,11,2.2365241355552685,2025-09,2025-11-17,2025-09-30,-0.26640521036636244,2026-03-06,2025-11-27,2025-12-01
2025-11-28,2485,rev_yoy,12,2.165914544213793,2025-09,2025-11-17,2025-09-30,1.0631125584923788,2026-03-06,2025-11-27,2025-12-01
2025-11-28,9902,rev_yoy,13,1.7852965747702592,2025-09,2025-11-17,2025-09-30,-0.3566953333721534,2026-03-06,2025-11-27,2025-12-01
2025-11-28,2887,rev_yoy,14,1.7662420383061388,2025-09,2025-11-17,2025-09-30,0.06577703440306149,2026-03-06,2025-11-27,2025-12-01
2025-11-28,8045,rev_yoy,15,1.7323661574014635,2025-09,2025-11-17,2025-09-30,-0.2730845779578951,2026-03-06,2025-11-27,2025-12-01
