date,model,symbol,action,status,planned_shares,whole_shares,odd_shares,gross,fee,settles_at_market_index
2024-01-02,price_ridge,2820,buy,hypothetical_quote_buy,1243.0,1000.0,243.0,18738.225,41.481875,
2024-01-02,price_ridge,2832,buy,hypothetical_quote_buy,706.0,0.0,706.0,18838.0215,26.8441806375,
2024-01-02,price_ridge,8131,buy,hypothetical_quote_buy,481.0,0.0,481.0,18852.795,26.865232875,
2024-01-02,price_ridge,2527,buy,hypothetical_quote_buy,676.0,0.0,676.0,18750.888,26.7200154,
2024-01-02,price_ridge,9925,buy,hypothetical_quote_buy,465.0,0.0,465.0,18879.93,26.903900250000003,
2024-01-02,price_ridge,2597,buy,hypothetical_quote_buy,163.0,0.0,163.0,18920.632499999996,26.961901312499997,
2024-01-02,price_ridge,9935,buy,hypothetical_quote_buy,844.0,0.0,844.0,18872.894999999997,26.893875374999997,
2024-01-02,price_ridge,1806,buy,buy_limit_not_met,1639.0,,,,,
2024-01-02,price_ridge,2855,buy,hypothetical_quote_buy,955.0,0.0,955.0,18859.578749999997,26.874899718749997,
2024-01-02,price_ridge,6790,buy,hypothetical_quote_buy,443.0,0.0,443.0,18832.594499999996,26.836447162499994,
2024-01-02,price_ridge,8039,buy,hypothetical_quote_buy,382.0,0.0,382.0,18811.59,26.806515750000003,
2024-01-02,price_ridge,9934,buy,hypothetical_quote_buy,1214.0,1000.0,214.0,18850.081499999997,42.12633124999999,
2024-01-02,price_ridge,1108,buy,buy_limit_not_met,1187.0,,,,,
2024-01-02,price_ridge,8070,buy,hypothetical_quote_buy,538.0,0.0,538.0,18924.149999999998,26.966913749999996,
2024-01-02,price_ridge,5533,buy,hypothetical_quote_buy,776.0,0.0,776.0,18951.084,27.0052947,
2024-02-01,price_ridge,2527,sell,hypothetical_quote_sale,,,,19976.814000005597,28.466959950000003,24.0
2024-02-01,price_ridge,2597,sell,hypothetical_quote_sale,,,,19300.015000085532,27.502521375,24.0
2024-02-01,price_ridge,2820,sell,hypothetical_quote_sale,,,,18180.739500009575,40.8427625,24.0
2024-02-01,price_ridge,2855,sell,hypothetical_quote_sale,,,,18006.76375004682,25.65963834375,24.0
2024-02-01,price_ridge,5533,sell,hypothetical_quote_sale,,,,17642.942000066763,25.141192350000004,24.0
2024-02-01,price_ridge,6790,sell,hypothetical_quote_sale,,,,18535.009250012627,26.412388181249998,24.0
2024-02-01,price_ridge,8039,sell,hypothetical_quote_sale,,,,18472.373999978052,26.32313295,24.0
2024-02-01,price_ridge,8070,sell,hypothetical_quote_sale,,,,19271.159999994274,27.461403,24.0
2024-02-01,price_ridge,8131,sell,hypothetical_quote_sale,,,,18210.53975000091,25.95001914375,24.0
2024-02-01,price_ridge,9925,sell,hypothetical_quote_sale,,,,18576.401250009054,26.47137178125,24.0
2024-02-01,price_ridge,9934,sell,hypothetical_quote_sale,,,,18541.7254999553,41.76438125,24.0
2024-02-01,price_ridge,9935,sell,hypothetical_quote_sale,,,,17173.500999962438,24.44324338125,24.0
2024-02-01,price_ridge,2431,buy,hypothetical_quote_buy,1483.0,1000.0,483.0,18928.2705,40.0,
2024-02-01,price_ridge,3535,buy,buy_limit_not_met,792.0,,,,,
2024-02-01,price_ridge,2836,buy,hypothetical_quote_buy,1570.0,1000.0,570.0,18776.414999999997,40.0,
2024-02-01,price_ridge,1712,buy,hypothetical_quote_buy,44.0,0.0,44.0,1711.3139999999999,20.0,
2024-02-01,price_ridge,3052,buy,cash_or_one_share_gate,0.0,,,,,
2024-02-01,price_ridge,4137,buy,cash_or_one_share_gate,0.0,,,,,
2024-02-01,price_ridge,1615,buy,cash_or_one_share_gate,0.0,,,,,
2024-02-01,price_ridge,4104,buy,cash_or_one_share_gate,0.0,,,,,
2024-02-01,price_ridge,4552,buy,cash_or_one_share_gate,0.0,,,,,
2024-02-01,price_ridge,1702,buy,cash_or_one_share_gate,0.0,,,,,
2024-02-01,price_ridge,2506,buy,cash_or_one_share_gate,0.0,,,,,
2024-02-01,price_ridge,1215,buy,cash_or_one_share_gate,0.0,,,,,
2024-02-01,price_ridge,6024,buy,cash_or_one_share_gate,0.0,,,,,
2024-02-01,price_ridge,2493,buy,cash_or_one_share_gate,0.0,,,,,
2024-03-01,price_ridge,1712,sell,hypothetical_quote_sale,,,,1847.5160000010424,20.0,37.0
2024-03-01,price_ridge,2431,sell,hypothetical_quote_sale,,,,21395.98249986753,40.5591875,37.0
2024-03-01,price_ridge,2832,sell,hypothetical_quote_sale,,,,18650.578500000003,26.5770743625,37.0
2024-03-01,price_ridge,2836,sell,hypothetical_quote_sale,,,,17730.40250011923,40.0,37.0
2024-03-01,price_ridge,6776,buy,hypothetical_quote_buy,289.0,0.0,289.0,18878.924999999996,26.902468124999995,
2024-03-01,price_ridge,6115,buy,hypothetical_quote_buy,378.0,0.0,378.0,18842.543999999998,26.8506252,
2024-03-01,price_ridge,1537,buy,hypothetical_quote_buy,141.0,0.0,141.0,18846.765,26.856640125,
2024-03-01,price_ridge,9925,buy,hypothetical_quote_buy,469.0,0.0,469.0,18877.367249999996,26.900248331249994,
2024-03-01,price_ridge,4104,buy,hypothetical_quote_buy,212.0,0.0,212.0,18877.115999999995,26.899890299999992,
2024-03-01,price_ridge,4583,buy,hypothetical_quote_buy,80.0,0.0,80.0,18733.199999999997,26.694809999999997,
2024-03-01,price_ridge,8131,buy,hypothetical_quote_buy,514.0,0.0,514.0,18854.805,26.868097125000002,
2024-03-01,price_ridge,1231,buy,hypothetical_quote_buy,216.0,0.0,216.0,18864.251999999997,26.881559099999997,
2024-03-01,price_ridge,2527,buy,hypothetical_quote_buy,598.0,0.0,598.0,18961.2345,27.019759162499998,
2024-03-01,price_ridge,6215,buy,buy_limit_not_met,626.0,,,,,
2024-03-01,price_ridge,2546,buy,hypothetical_quote_buy,210.0,0.0,210.0,18825.659999999996,26.826565499999994,
2024-03-01,price_ridge,3026,buy,hypothetical_quote_buy,193.0,0.0,193.0,18717.622499999998,26.672612062499997,
2024-03-01,price_ridge,3028,buy,hypothetical_quote_buy,358.0,0.0,358.0,13240.271999999997,20.0,
2024-03-01,price_ridge,2420,buy,cash_or_one_share_gate,0.0,,,,,
2024-03-01,price_ridge,6192,buy,cash_or_one_share_gate,0.0,,,,,
2024-04-01,price_ridge,1231,sell,hypothetical_quote_sale,,,,20804.25600004575,29.6460648,58.0
2024-04-01,price_ridge,1537,sell,hypothetical_quote_sale,,,,19571.152500007353,27.8888923125,58.0
2024-04-01,price_ridge,2527,sell,hypothetical_quote_sale,,,,25198.673500002078,35.908109737500006,58.0
2024-04-01,price_ridge,2546,sell,hypothetical_quote_sale,,,,17969.69999999264,25.606822499999996,58.0
2024-04-01,price_ridge,3026,sell,hypothetical_quote_sale,,,,18531.3775,26.4072129375,58.0
2024-04-01,price_ridge,3028,sell,hypothetical_quote_sale,,,,12609.83399999876,20.0,58.0
2024-04-01,price_ridge,4104,sell,hypothetical_quote_sale,,,,20397.89799994403,29.06700465,58.0
2024-04-01,price_ridge,4583,sell,hypothetical_quote_sale,,,,20280.52295411926,28.832488125,58.0
2024-04-01,price_ridge,6115,sell,hypothetical_quote_sale,,,,19632.94200000085,27.976942349999998,58.0
2024-04-01,price_ridge,6776,sell,hypothetical_quote_sale,,,,18748.58599999122,26.716735050000004,58.0
2024-04-01,price_ridge,8131,sell,hypothetical_quote_sale,,,,18820.624000002204,26.8193892,58.0
2024-04-01,price_ridge,9940,buy,hypothetical_quote_buy,616.0,0.0,616.0,18943.847999999998,26.9949834,
2024-04-01,price_ridge,1540,buy,buy_limit_not_met,996.0,,,,,
2024-04-01,price_ridge,1436,buy,hypothetical_quote_buy,168.0,0.0,168.0,18825.66,26.8265655,
2024-04-01,price_ridge,9930,buy,hypothetical_quote_buy,308.0,0.0,308.0,18850.985999999997,26.862655049999997,
2024-04-01,price_ridge,1617,buy,buy_limit_not_met,142.0,,,,,
2024-04-01,price_ridge,2704,buy,hypothetical_quote_buy,43.0,0.0,43.0,2640.4365,20.0,
2024-04-01,price_ridge,1527,buy,cash_or_one_share_gate,0.0,,,,,
2024-04-01,price_ridge,2545,buy,cash_or_one_share_gate,0.0,,,,,
2024-04-01,price_ridge,3501,buy,cash_or_one_share_gate,0.0,,,,,
2024-04-01,price_ridge,2359,buy,cash_or_one_share_gate,0.0,,,,,
2024-04-01,price_ridge,6281,buy,cash_or_one_share_gate,0.0,,,,,
2024-04-01,price_ridge,1604,buy,cash_or_one_share_gate,0.0,,,,,
2024-04-01,price_ridge,1786,buy,cash_or_one_share_gate,0.0,,,,,
2024-04-01,price_ridge,5283,buy,cash_or_one_share_gate,0.0,,,,,
2024-05-02,price_ridge,1436,sell,hypothetical_quote_sale,,,,24488.939999900143,34.8967395,78.0
2024-05-02,price_ridge,2704,sell,hypothetical_quote_sale,,,,2947.886500001172,20.0,78.0
2024-05-02,price_ridge,9925,sell,hypothetical_quote_sale,,,,19296.18425001403,27.497062556250004,78.0
2024-05-02,price_ridge,9930,sell,hypothetical_quote_sale,,,,19766.67000001382,28.16750475,78.0
2024-05-02,price_ridge,9940,sell,hypothetical_quote_sale,,,,20318.298000000003,28.95357465,78.0
2024-05-02,price_ridge,6281,buy,hypothetical_quote_buy,222.0,0.0,222.0,18830.484,26.833439700000003,
2024-05-02,price_ridge,2359,buy,hypothetical_quote_buy,184.0,0.0,184.0,18584.459999999995,26.482855499999996,
2024-05-02,price_ridge,1109,buy,hypothetical_quote_buy,939.0,0.0,939.0,18826.715249999997,26.828069231249998,
2024-05-02,price_ridge,1103,buy,hypothetical_quote_buy,1019.0,1000.0,19.0,18843.347999999998,46.351099999999995,
2024-05-02,price_ridge,2247,buy,hypothetical_quote_buy,56.0,0.0,56.0,18487.98,26.3453715,
2024-05-02,price_ridge,5525,buy,hypothetical_quote_buy,479.0,0.0,479.0,18774.404999999995,26.753527124999994,
2024-05-02,price_ridge,4935,buy,hypothetical_quote_buy,300.0,0.0,300.0,18753.3,26.7234525,
2024-05-02,price_ridge,1227,buy,hypothetical_quote_buy,489.0,0.0,489.0,18846.91575,26.85685494375,
2024-05-02,price_ridge,2536,buy,buy_limit_not_met,503.0,,,,,
2024-05-02,price_ridge,2108,buy,buy_limit_not_met,563.0,,,,,
2024-05-02,price_ridge,1231,buy,hypothetical_quote_buy,191.0,0.0,191.0,18811.59,26.806515750000003,
2024-05-02,price_ridge,3705,buy,hypothetical_quote_buy,384.0,0.0,384.0,18852.192,26.8643736,
2024-05-02,price_ridge,2903,buy,hypothetical_quote_buy,553.0,0.0,553.0,18896.01,26.92681425,
2024-05-02,price_ridge,1419,buy,buy_limit_not_met,94.0,,,,,
2024-05-02,price_ridge,2459,buy,hypothetical_quote_buy,66.0,0.0,66.0,4722.696,20.0,
2024-06-03,price_ridge,1103,sell,hypothetical_quote_sale,,,,18858.63299997018,46.372475,100.0
2024-06-03,price_ridge,1109,sell,hypothetical_quote_sale,,,,18265.662750033563,26.02856941875,100.0
2024-06-03,price_ridge,1227,sell,hypothetical_quote_sale,,,,20459.637750035137,29.15498379375,100.0
2024-06-03,price_ridge,1231,sell,hypothetical_quote_sale,,,,18928.482000064527,26.973086849999994,100.0
2024-06-03,price_ridge,2247,sell,hypothetical_quote_sale,,,,17941.83999999407,25.567122,100.0
2024-06-03,price_ridge,2359,sell,hypothetical_quote_sale,,,,33778.25999985313,48.13402049999999,100.0
2024-06-03,price_ridge,2459,sell,hypothetical_quote_sale,,,,4820.177999998034,20.0,100.0
2024-06-03,price_ridge,2903,sell,hypothetical_quote_sale,,,,17442.44949999614,24.8554905375,100.0
2024-06-03,price_ridge,3705,sell,hypothetical_quote_sale,,,,21281.855999995878,30.3266448,100.0
2024-06-03,price_ridge,4935,sell,hypothetical_quote_sale,,,,18566.7,26.4575475,100.0
2024-06-03,price_ridge,5525,sell,hypothetical_quote_sale,,,,17491.403500028486,24.925249987500003,100.0
2024-06-03,price_ridge,6281,sell,hypothetical_quote_sale,,,,18731.472000004596,26.692347599999998,100.0
2024-06-03,price_ridge,3040,buy,hypothetical_quote_buy,481.0,0.0,481.0,18852.795,26.865232875,
2024-06-03,price_ridge,8114,buy,hypothetical_quote_buy,141.0,0.0,141.0,18846.765,26.856640125,
2024-06-03,price_ridge,1525,buy,hypothetical_quote_buy,240.0,0.0,240.0,18934.2,26.981235,
2024-06-03,price_ridge,1445,buy,hypothetical_quote_buy,814.0,0.0,814.0,18897.416999999998,26.928819224999998,
2024-06-03,price_ridge,5285,buy,buy_limit_not_met,155.0,,,,,
2024-06-03,price_ridge,2478,buy,buy_limit_not_met,198.0,,,,,
2024-06-03,price_ridge,1709,buy,hypothetical_quote_buy,519.0,0.0,519.0,10718.77725,20.0,
2024-06-03,price_ridge,2114,buy,cash_or_one_share_gate,0.0,,,,,
2024-06-03,price_ridge,3026,buy,cash_or_one_share_gate,0.0,,,,,
2024-06-03,price_ridge,2706,buy,buy_limit_not_met,6.0,,,,,
2024-06-03,price_ridge,3048,buy,buy_limit_not_met,3.0,,,,,
2024-06-03,price_ridge,1201,buy,buy_limit_not_met,5.0,,,,,
2024-06-03,price_ridge,1437,buy,hypothetical_quote_buy,2.0,0.0,2.0,72.66149999999999,20.0,
2024-06-03,price_ridge,2614,buy,cash_or_one_share_gate,0.0,,,,,
2024-06-03,price_ridge,6168,buy,cash_or_one_share_gate,0.0,,,,,
2024-07-01,price_ridge,1437,sell,hypothetical_quote_sale,,,,78.7643840086507,20.0,119.0
2024-07-01,price_ridge,1445,sell,hypothetical_quote_sale,,,,17537.877107124612,24.9666519375,119.0
2024-07-01,price_ridge,1525,sell,hypothetical_quote_sale,,,,18459.23999998269,26.230687500000002,119.0
2024-07-01,price_ridge,3040,sell,hypothetical_quote_sale,,,,16596.148644924255,23.604499425000004,119.0
2024-07-01,price_ridge,8114,sell,hypothetical_quote_sale,,,,24621.77249997763,35.0860258125,119.0
2024-07-01,price_ridge,2438,buy,buy_limit_not_met,329.0,,,,,
2024-07-01,price_ridge,1731,buy,hypothetical_quote_buy,752.0,0.0,752.0,18893.999999999996,26.923949999999994,
2024-07-01,price_ridge,2414,buy,buy_limit_not_met,460.0,,,,,
2024-07-01,price_ridge,6861,buy,hypothetical_quote_buy,224.0,0.0,224.0,18910.079999999998,26.946863999999998,
2024-07-01,price_ridge,1217,buy,buy_limit_not_met,1460.0,,,,,
2024-07-01,price_ridge,9943,buy,hypothetical_quote_buy,209.0,0.0,209.0,18799.027499999997,26.788614187499995,
2024-07-01,price_ridge,6277,buy,hypothetical_quote_buy,225.0,0.0,225.0,18790.9875,26.7771571875,
2024-07-01,price_ridge,1762,buy,hypothetical_quote_buy,357.0,0.0,357.0,18836.212499999998,26.841602812499996,
2024-07-01,price_ridge,2820,buy,hypothetical_quote_buy,1203.0,1000.0,203.0,18860.634,42.34115,
2024-07-01,price_ridge,1752,buy,hypothetical_quote_buy,345.0,0.0,345.0,18827.167499999996,26.828713687499995,
2024-07-01,price_ridge,4722,buy,buy_limit_not_met,380.0,,,,,
2024-07-01,price_ridge,4104,buy,hypothetical_quote_buy,208.0,0.0,208.0,18855.408,26.868956400000002,
2024-07-01,price_ridge,1423,buy,hypothetical_quote_buy,417.0,0.0,417.0,18921.687749999997,26.963405043749997,
2024-07-01,price_ridge,6598,buy,buy_limit_not_met,613.0,,,,,
2024-08-01,price_ridge,1423,sell,hypothetical_quote_sale,,,,18627.180102222028,26.506605975000003,140.0
2024-08-01,price_ridge,1709,sell,hypothetical_quote_sale,,,,12651.922499994305,20.0,140.0
2024-08-01,price_ridge,1731,sell,hypothetical_quote_sale,,,,17920.347999982914,25.5364959,140.0
2024-08-01,price_ridge,1752,sell,hypothetical_quote_sale,,,,16721.203581074107,23.806404825,140.0
2024-08-01,price_ridge,1762,sell,hypothetical_quote_sale,,,,18578.297363806723,26.433443625000002,140.0
2024-08-01,price_ridge,6277,sell,hypothetical_quote_sale,,,,18390.84456521118,26.169577087500002,140.0
2024-08-01,price_ridge,6861,sell,hypothetical_quote_sale,,,,16114.223999993032,22.962769199999997,140.0
2024-08-01,price_ridge,9943,sell,hypothetical_quote_sale,,,,18096.73888104169,25.69473075,140.0
2024-08-01,price_ridge,9906,buy,hypothetical_quote_buy,96.0,0.0,96.0,18717.119999999995,26.671895999999993,
2024-08-01,price_ridge,9925,buy,hypothetical_quote_buy,462.0,0.0,462.0,18850.985999999997,26.862655049999997,
2024-08-01,price_ridge,1232,buy,hypothetical_quote_buy,131.0,0.0,131.0,18826.664999999997,26.827997625,
2024-08-01,price_ridge,2535,buy,buy_limit_not_met,317.0,,,,,
2024-08-01,price_ridge,4942,buy,buy_limit_not_met,433.0,,,,,
2024-08-01,price_ridge,6873,buy,hypothetical_quote_buy,71.0,0.0,71.0,18730.6875,26.6912296875,
2024-08-01,price_ridge,1201,buy,hypothetical_quote_buy,1031.0,1000.0,31.0,18909.828749999997,46.136281249999996,
2024-08-01,price_ridge,2034,buy,hypothetical_quote_buy,781.0,0.0,781.0,18955.455749999997,27.011524443749998,
2024-08-01,price_ridge,8341,buy,hypothetical_quote_buy,189.0,0.0,189.0,18937.516499999998,26.9859610125,
2024-08-01,price_ridge,6869,buy,buy_limit_not_met,1.0,,,,,
2024-08-01,price_ridge,1103,buy,hypothetical_quote_buy,21.0,0.0,21.0,379.88999999999993,20.0,
2024-08-01,price_ridge,1109,buy,cash_or_one_share_gate,0.0,,,,,
2024-08-01,price_ridge,5525,buy,cash_or_one_share_gate,0.0,,,,,
2024-09-02,price_ridge,1103,sell,hypothetical_quote_sale,,,,382.3784999999017,20.0,162.0
2024-09-02,price_ridge,1201,sell,hypothetical_quote_sale,,,,19029.424749948295,46.301581250000005,162.0
2024-09-02,price_ridge,2034,sell,hypothetical_quote_sale,,,,18456.006249987982,26.299808906250004,162.0
2024-09-02,price_ridge,6873,sell,hypothetical_quote_sale,,,,18191.087500004942,25.922299687499997,162.0
2024-09-02,price_ridge,8341,sell,hypothetical_quote_sale,,,,17695.975500062294,25.2167650875,162.0
2024-09-02,price_ridge,9906,sell,hypothetical_quote_sale,,,,19624.735557389242,27.79035,162.0
2024-09-02,price_ridge,9925,sell,hypothetical_quote_sale,,,,19261.01100000853,27.446940675,162.0
2024-09-02,price_ridge,5283,buy,hypothetical_quote_buy,180.0,0.0,180.0,18813.6,26.809379999999997,
2024-09-02,price_ridge,3550,buy,buy_limit_not_met,762.0,,,,,
2024-09-02,price_ridge,3040,buy,hypothetical_quote_buy,479.0,0.0,479.0,18678.125999999997,26.616329549999996,
2024-09-02,price_ridge,1737,buy,hypothetical_quote_buy,530.0,0.0,530.0,18909.074999999997,26.945431874999997,
2024-09-02,price_ridge,1225,buy,hypothetical_quote_buy,117.0,0.0,117.0,18460.845,26.306704125000003,
2024-09-02,price_ridge,1558,buy,buy_limit_not_met,172.0,,,,,
2024-09-02,price_ridge,1108,buy,hypothetical_quote_buy,1234.0,1000.0,234.0,18850.584,41.768299999999996,
2024-09-02,price_ridge,2832,buy,hypothetical_quote_buy,631.0,0.0,631.0,18897.819,26.929392075,
2024-09-02,price_ridge,2488,buy,buy_limit_not_met,384.0,,,,,
2024-09-02,price_ridge,2852,buy,hypothetical_quote_buy,782.0,0.0,782.0,18940.430999999997,26.990114174999995,
2024-09-02,price_ridge,2480,buy,hypothetical_quote_buy,38.0,0.0,38.0,4563.704999999999,20.0,
2024-09-02,price_ridge,8442,buy,buy_limit_not_met,1.0,,,,,
2024-10-01,price_ridge,1108,sell,hypothetical_quote_sale,,,,18724.407499978734,41.62259375,182.0
2024-10-01,price_ridge,1225,sell,hypothetical_quote_sale,,,,15948.855000008178,22.727118375,182.0
2024-10-01,price_ridge,2820,sell,hypothetical_quote_sale,,,,18836.213180981933,41.268125,182.0
2024-10-01,price_ridge,2832,sell,hypothetical_quote_sale,,,,17673.836750046252,25.18521736875,182.0
2024-10-01,price_ridge,2852,sell,hypothetical_quote_sale,,,,17623.73849998836,25.1138273625,182.0
2024-10-01,price_ridge,3040,sell,hypothetical_quote_sale,,,,22686.39799997173,32.328117150000004,182.0
2024-10-01,price_ridge,4104,sell,hypothetical_quote_sale,,,,19103.145871846627,27.169604325000005,182.0
2024-10-01,price_ridge,2762,buy,hypothetical_quote_buy,204.0,0.0,204.0,18800.334,26.79047595,
2024-10-01,price_ridge,2415,buy,hypothetical_quote_buy,624.0,0.0,624.0,18844.956,26.8540623,
2024-10-01,price_ridge,6024,buy,hypothetical_quote_buy,331.0,0.0,331.0,18861.5385,26.8776923625,
2024-10-01,price_ridge,2612,buy,hypothetical_quote_buy,386.0,0.0,386.0,18543.053999999996,26.423851949999996,
2024-10-01,price_ridge,2030,buy,hypothetical_quote_buy,975.0,0.0,975.0,18911.5875,26.949012187500003,
2024-10-01,price_ridge,3026,buy,hypothetical_quote_buy,196.0,0.0,196.0,17984.273999999998,25.627590449999996,
2024-10-01,price_ridge,8213,buy,hypothetical_quote_buy,3.0,0.0,3.0,116.22824999999997,20.0,
2024-10-01,price_ridge,2020,buy,cash_or_one_share_gate,0.0,,,,,
2024-10-01,price_ridge,3257,buy,cash_or_one_share_gate,0.0,,,,,
2024-10-01,price_ridge,2247,buy,cash_or_one_share_gate,0.0,,,,,
2024-10-01,price_ridge,6854,buy,cash_or_one_share_gate,0.0,,,,,
2024-11-01,price_ridge,1232,sell,hypothetical_quote_sale,,,,19942.78499998662,28.418468625,201.0
2024-11-01,price_ridge,1737,sell,hypothetical_quote_sale,,,,17587.12250003814,25.0616495625,201.0
2024-11-01,price_ridge,2030,sell,hypothetical_quote_sale,,,,17656.27499995839,25.13438655,201.0
2024-11-01,price_ridge,2415,sell,hypothetical_quote_sale,,,,16236.01199998703,23.1363171,201.0
2024-11-01,price_ridge,2480,sell,hypothetical_quote_sale,,,,4915.300000007832,20.0,201.0
2024-11-01,price_ridge,2612,sell,hypothetical_quote_sale,,,,16226.95749997552,23.123414437500003,201.0
2024-11-01,price_ridge,3026,sell,hypothetical_quote_sale,,,,17337.27799999595,24.70562115,201.0
2024-11-01,price_ridge,5283,sell,hypothetical_quote_sale,,,,18715.950000013414,26.670228750000003,201.0
2024-11-01,price_ridge,6024,sell,hypothetical_quote_sale,,,,18575.05800002147,26.469457649999995,201.0
2024-11-01,price_ridge,8213,sell,hypothetical_quote_sale,,,,111.34049999987727,20.0,201.0
2024-11-01,price_ridge,2423,buy,hypothetical_quote_buy,437.0,0.0,437.0,18841.0365,26.8484770125,
2024-11-01,price_ridge,8404,buy,hypothetical_quote_buy,623.0,0.0,623.0,18877.367249999996,26.900248331249994,
2024-11-01,price_ridge,2608,buy,hypothetical_quote_buy,469.0,0.0,469.0,18877.367249999996,26.900248331249994,
2024-11-01,price_ridge,2413,buy,buy_limit_not_met,691.0,,,,,
2024-11-01,price_ridge,2642,buy,buy_limit_not_met,447.0,,,,,
2024-11-01,price_ridge,3021,buy,hypothetical_quote_buy,539.0,0.0,539.0,18607.22325,26.51529313125,
2024-11-01,price_ridge,2838,buy,hypothetical_quote_buy,1234.0,1000.0,234.0,18912.5925,41.83990625,
2024-11-01,price_ridge,5706,buy,buy_limit_not_met,308.0,,,,,
2024-11-01,price_ridge,2302,buy,hypothetical_quote_buy,1042.0,1000.0,42.0,18535.617,45.3486125,
2024-11-01,price_ridge,6854,buy,hypothetical_quote_buy,111.0,0.0,111.0,16677.472499999996,23.765398312499997,
2024-11-01,price_ridge,2375,buy,hypothetical_quote_buy,6.0,0.0,6.0,381.096,20.0,
2024-11-01,price_ridge,1533,buy,cash_or_one_share_gate,0.0,,,,,
2024-11-01,price_ridge,4119,buy,cash_or_one_share_gate,0.0,,,,,
2024-11-01,price_ridge,1231,buy,cash_or_one_share_gate,0.0,,,,,
2024-12-02,price_ridge,2302,sell,hypothetical_quote_sale,,,,20476.602500024084,48.00303125,222.0
2024-12-02,price_ridge,2375,sell,hypothetical_quote_sale,,,,422.6760000005752,20.0,222.0
2024-12-02,price_ridge,2423,sell,hypothetical_quote_sale,,,,18544.859750015603,26.426425143750002,222.0
2024-12-02,price_ridge,2608,sell,hypothetical_quote_sale,,,,18479.53800000662,26.33334165,222.0
2024-12-02,price_ridge,2762,sell,hypothetical_quote_sale,,,,19825.735482926913,28.1351772,222.0
2024-12-02,price_ridge,3021,sell,hypothetical_quote_sale,,,,18100.293750002016,25.792918593749995,222.0
2024-12-02,price_ridge,6854,sell,hypothetical_quote_sale,,,,15793.635,22.505929875,222.0
2024-12-02,price_ridge,8404,sell,hypothetical_quote_sale,,,,18410.584500035424,26.2350829125,222.0
2024-12-02,price_ridge,2852,buy,hypothetical_quote_buy,755.0,0.0,755.0,18855.55875,26.86917121875,
2024-12-02,price_ridge,2247,buy,hypothetical_quote_buy,65.0,0.0,65.0,18748.274999999998,26.716291875,
2024-12-02,price_ridge,3026,buy,hypothetical_quote_buy,209.0,0.0,209.0,18820.031999999996,26.818545599999993,
2024-12-02,price_ridge,2516,buy,buy_limit_not_met,1406.0,,,,,
2024-12-02,price_ridge,1432,buy,hypothetical_quote_buy,965.0,0.0,965.0,18717.6225,26.672612062500004,
2024-12-02,price_ridge,2547,buy,hypothetical_quote_buy,1770.0,1000.0,770.0,18855.809999999998,40.0,
2024-12-02,price_ridge,2836,buy,hypothetical_quote_buy,1618.0,1000.0,618.0,18943.9485,40.0,
2024-12-02,price_ridge,8422,buy,hypothetical_quote_buy,103.0,0.0,103.0,18787.972499999996,26.772860812499996,
2024-12-02,price_ridge,1231,buy,hypothetical_quote_buy,121.0,0.0,121.0,14592.599999999999,20.794455,
2024-12-02,price_ridge,2020,buy,hypothetical_quote_buy,3.0,0.0,3.0,88.49025,20.0,
2024-12-02,price_ridge,1215,buy,cash_or_one_share_gate,0.0,,,,,
2024-12-02,price_ridge,1227,buy,cash_or_one_share_gate,0.0,,,,,
2024-12-02,price_ridge,4912,buy,cash_or_one_share_gate,0.0,,,,,
2024-12-02,price_ridge,2535,buy,cash_or_one_share_gate,0.0,,,,,
2025-01-02,price_ridge,1231,sell,hypothetical_quote_sale,,,,16734.90500001851,23.847239625000004,244.0
2025-01-02,price_ridge,1432,sell,hypothetical_quote_sale,,,,20067.6575,28.596411937499997,244.0
2025-01-02,price_ridge,2020,sell,hypothetical_quote_sale,,,,83.57999999989077,20.0,244.0
2025-01-02,price_ridge,2247,sell,hypothetical_quote_sale,,,,19273.14999997962,27.464238749999996,244.0
2025-01-02,price_ridge,2547,sell,hypothetical_quote_sale,,,,19196.534999919524,40.0,244.0
2025-01-02,price_ridge,2836,sell,hypothetical_quote_sale,,,,18513.965000021955,40.0,244.0
2025-01-02,price_ridge,2838,sell,hypothetical_quote_sale,,,,18601.624499988404,41.48080625,244.0
2025-01-02,price_ridge,2852,sell,hypothetical_quote_sale,,,,18780.62499995863,26.72694375,244.0
2025-01-02,price_ridge,3026,sell,hypothetical_quote_sale,,,,17717.765999949257,25.24781655,244.0
2025-01-02,price_ridge,8422,sell,hypothetical_quote_sale,,,,18447.29999997249,26.2874025,244.0
2025-01-02,price_ridge,6781,buy,hypothetical_quote_buy,16.0,0.0,16.0,18250.8,26.00739,
2025-01-02,price_ridge,8114,buy,hypothetical_quote_buy,51.0,0.0,51.0,18759.329999999998,26.73204525,
2025-01-02,price_ridge,2466,buy,buy_limit_not_met,268.0,,,,,
2025-01-02,price_ridge,6854,buy,hypothetical_quote_buy,93.0,0.0,93.0,18739.7325,26.7041188125,
2025-01-02,price_ridge,6558,buy,hypothetical_quote_buy,478.0,0.0,478.0,18879.326999999994,26.903040974999993,
2025-01-02,price_ridge,4912,buy,hypothetical_quote_buy,117.0,0.0,117.0,18813.6,26.809379999999997,
2025-01-02,price_ridge,3043,buy,buy_limit_not_met,496.0,,,,,
2025-01-02,price_ridge,2444,buy,buy_limit_not_met,991.0,,,,,
2025-01-02,price_ridge,2929,buy,hypothetical_quote_buy,1285.0,1000.0,285.0,18661.091249999998,40.69420624999999,
2025-01-02,price_ridge,3447,buy,hypothetical_quote_buy,268.0,0.0,268.0,17130.023999999998,24.410284199999996,
2025-01-02,price_ridge,1783,buy,cash_or_one_share_gate,0.0,,,,,
2025-01-02,price_ridge,2527,buy,cash_or_one_share_gate,0.0,,,,,
2025-01-02,price_ridge,6757,buy,cash_or_one_share_gate,0.0,,,,,
2025-01-02,price_ridge,2488,buy,cash_or_one_share_gate,0.0,,,,,
2025-01-02,price_ridge,1471,buy,cash_or_one_share_gate,0.0,,,,,
2025-02-03,price_ridge,2929,sell,hypothetical_quote_sale,,,,16429.68875,40.0,259.0
2025-02-03,price_ridge,3447,sell,hypothetical_quote_sale,,,,13386.331999984795,20.0,259.0
2025-02-03,price_ridge,2466,buy,hypothetical_quote_buy,234.0,0.0,234.0,18460.845,26.306704125000003,
2025-02-03,price_ridge,6215,buy,hypothetical_quote_buy,164.0,0.0,164.0,17882.969999999998,25.483232249999997,
2025-02-03,price_ridge,6691,buy,hypothetical_quote_buy,39.0,0.0,39.0,18304.065,26.083292625,
2025-02-03,price_ridge,1783,buy,hypothetical_quote_buy,373.0,0.0,373.0,18855.709499999997,26.869386037499996,
2025-02-03,price_ridge,2516,buy,hypothetical_quote_buy,1097.0,1000.0,97.0,18521.748,44.0597,
2025-02-03,price_ridge,1231,buy,hypothetical_quote_buy,127.0,0.0,127.0,18762.344999999998,26.736341624999998,
2025-02-03,price_ridge,2250,buy,hypothetical_quote_buy,145.0,0.0,145.0,18215.624999999996,25.957265624999994,
2025-02-03,price_ridge,4571,buy,hypothetical_quote_buy,89.0,0.0,89.0,17799.554999999997,25.364365874999997,
2025-02-03,price_ridge,2488,buy,hypothetical_quote_buy,333.0,0.0,333.0,18540.441,26.420128424999998,
2025-02-03,price_ridge,2547,buy,hypothetical_quote_buy,96.0,0.0,96.0,1003.392,20.0,
2025-03-03,price_ridge,1231,sell,hypothetical_quote_sale,,,,17627.91749991933,25.1197824375,278.0
2025-03-03,price_ridge,1783,sell,hypothetical_quote_sale,,,,19744.38199998923,28.135744350000003,278.0
2025-03-03,price_ridge,2488,sell,hypothetical_quote_sale,,,,18488.493000004233,26.346102525,278.0
2025-03-03,price_ridge,2547,sell,hypothetical_quote_sale,,,,1066.060564151903,20.0,278.0
2025-03-03,price_ridge,4571,sell,hypothetical_quote_sale,,,,18507.994999975916,26.373892875000006,278.0
2025-03-03,price_ridge,4912,sell,hypothetical_quote_sale,,,,16007.062499947555,22.8100640625,278.0
2025-03-03,price_ridge,6781,sell,hypothetical_quote_sale,,,,14725.999999973134,20.984550000000002,278.0
2025-03-03,price_ridge,8114,sell,hypothetical_quote_sale,,,,14919.029999990058,21.25961775,278.0
2025-03-03,price_ridge,3645,buy,hypothetical_quote_buy,246.0,0.0,246.0,18542.249999999996,26.422706249999997,
2025-03-03,price_ridge,6206,buy,hypothetical_quote_buy,72.0,0.0,72.0,10817.819999999998,20.0,
2025-03-03,price_ridge,6928,buy,hypothetical_quote_buy,3.0,0.0,3.0,204.41699999999997,20.0,
2025-03-03,price_ridge,6183,buy,cash_or_one_share_gate,0.0,,,,,
2025-03-03,price_ridge,5203,buy,cash_or_one_share_gate,0.0,,,,,
2025-03-03,price_ridge,6477,buy,cash_or_one_share_gate,0.0,,,,,
2025-03-03,price_ridge,1786,buy,cash_or_one_share_gate,0.0,,,,,
2025-03-03,price_ridge,2468,buy,cash_or_one_share_gate,0.0,,,,,
2025-04-01,price_ridge,2250,sell,hypothetical_quote_sale,,,,15581.700000015775,22.2039225,299.0
2025-04-01,price_ridge,2466,sell,hypothetical_quote_sale,,,,17997.759000006306,25.646806575,299.0
2025-04-01,price_ridge,3645,sell,hypothetical_quote_sale,,,,14221.136999995773,20.265120225,299.0
2025-04-01,price_ridge,6215,sell,hypothetical_quote_sale,,,,13527.622000056093,20.0,299.0
2025-04-01,price_ridge,6558,sell,hypothetical_quote_sale,,,,24065.865999999998,34.29385905,299.0
2025-04-01,price_ridge,6691,sell,hypothetical_quote_sale,,,,15502.597499990938,22.0912014375,299.0
2025-04-01,price_ridge,6854,sell,hypothetical_quote_sale,,,,13333.766923567726,20.0,299.0
2025-04-01,price_ridge,6928,sell,hypothetical_quote_sale,,,,170.74199999982005,20.0,299.0
2025-04-01,price_ridge,8499,buy,buy_limit_not_met,122.0,,,,,
2025-04-01,price_ridge,2429,buy,buy_limit_not_met,313.0,,,,,
2025-04-01,price_ridge,2032,buy,hypothetical_quote_buy,1014.0,1000.0,14.0,18903.748499999998,46.56591875,
2025-04-01,price_ridge,2468,buy,buy_limit_not_met,362.0,,,,,
2025-04-01,price_ridge,4949,buy,buy_limit_not_met,529.0,,,,,
2025-04-01,price_ridge,1466,buy,hypothetical_quote_buy,1120.0,1000.0,120.0,18853.8,43.988093750000004,
2025-04-01,price_ridge,6835,buy,hypothetical_quote_buy,413.0,0.0,413.0,18781.691249999996,26.763910031249996,
2025-04-01,price_ridge,6657,buy,buy_limit_not_met,284.0,,,,,
2025-04-01,price_ridge,2027,buy,buy_limit_not_met,381.0,,,,,
2025-04-01,price_ridge,6914,buy,buy_limit_not_met,138.0,,,,,
2025-04-01,price_ridge,3528,buy,hypothetical_quote_buy,278.0,0.0,278.0,18830.886,26.83401255,
2025-04-01,price_ridge,4916,buy,buy_limit_not_met,474.0,,,,,
2025-04-01,price_ridge,1515,buy,hypothetical_quote_buy,605.0,0.0,605.0,18848.774999999998,26.859504374999997,
2025-05-02,price_ridge,1515,sell,hypothetical_quote_sale,,,,18962.21249998392,27.021152812500002,319.0
2025-05-02,price_ridge,2032,sell,hypothetical_quote_sale,,,,15436.629000033334,41.6934875,319.0
2025-05-02,price_ridge,2516,sell,hypothetical_quote_sale,,,,20247.603250000004,46.301581250000005,319.0
2025-05-02,price_ridge,3528,sell,hypothetical_quote_sale,,,,24894.9000000043,35.4752325,319.0
2025-05-02,price_ridge,6206,sell,hypothetical_quote_sale,,,,8166.959999999576,20.0,319.0
2025-05-02,price_ridge,6835,sell,hypothetical_quote_sale,,,,17259.26999997893,24.594459750000002,319.0
2025-05-02,price_ridge,2468,buy,buy_limit_not_met,238.0,,,,,
2025-05-02,price_ridge,4949,buy,buy_limit_not_met,322.0,,,,,
2025-05-02,price_ridge,8072,buy,buy_limit_not_met,386.0,,,,,
2025-05-02,price_ridge,1616,buy,buy_limit_not_met,774.0,,,,,
2025-05-02,price_ridge,8462,buy,buy_limit_not_met,141.0,,,,,
2025-05-02,price_ridge,8222,buy,buy_limit_not_met,318.0,,,,,
2025-05-02,price_ridge,5521,buy,hypothetical_quote_buy,1532.0,1000.0,532.0,18860.835,40.0,
2025-05-02,price_ridge,2547,buy,buy_limit_not_met,1489.0,,,,,
2025-05-02,price_ridge,1733,buy,hypothetical_quote_buy,597.0,0.0,597.0,18869.52825,26.88907775625,
2025-05-02,price_ridge,3028,buy,hypothetical_quote_buy,590.0,0.0,590.0,18855.809999999998,26.86952925,
2025-05-02,price_ridge,9942,buy,hypothetical_quote_buy,161.0,0.0,161.0,18769.379999999997,26.746366499999997,
2025-05-02,price_ridge,4771,buy,buy_limit_not_met,93.0,,,,,
2025-05-02,price_ridge,5531,buy,hypothetical_quote_buy,1770.0,1000.0,770.0,18944.7525,40.0,
2025-05-02,price_ridge,6579,buy,buy_limit_not_met,148.0,,,,,
2025-06-02,price_ridge,1733,sell,hypothetical_quote_sale,,,,18058.055999982756,25.732729799999998,339.0
2025-06-02,price_ridge,3028,sell,hypothetical_quote_sale,,,,19871.642500037186,28.317090562500002,339.0
2025-06-02,price_ridge,5521,sell,hypothetical_quote_sale,,,,19282.900999999998,40.0,339.0
2025-06-02,price_ridge,5531,sell,hypothetical_quote_sale,,,,17470.608,40.0,339.0
2025-06-02,price_ridge,9942,sell,hypothetical_quote_sale,,,,18582.619999999995,26.4802335,339.0
2025-06-02,price_ridge,4949,buy,hypothetical_quote_buy,327.0,0.0,327.0,18633.6045,26.5528864125,
2025-06-02,price_ridge,8072,buy,buy_limit_not_met,411.0,,,,,
2025-06-02,price_ridge,2468,buy,hypothetical_quote_buy,307.0,0.0,307.0,18882.341999999997,26.907337349999995,
2025-06-02,price_ridge,1419,buy,hypothetical_quote_buy,262.0,0.0,262.0,18852.995999999996,26.865519299999995,
2025-06-02,price_ridge,3528,buy,hypothetical_quote_buy,227.0,0.0,227.0,18661.443,26.592556275,
2025-06-02,price_ridge,6165,buy,hypothetical_quote_buy,317.0,0.0,317.0,18732.798,26.69423715,
2025-06-02,price_ridge,6834,buy,hypothetical_quote_buy,533.0,0.0,533.0,18775.05825,26.754458006249997,
2025-06-02,price_ridge,2414,buy,hypothetical_quote_buy,456.0,0.0,456.0,18674.909999999996,26.611746749999995,
2025-06-02,price_ridge,8462,buy,hypothetical_quote_buy,139.0,0.0,139.0,18579.434999999998,26.475694875,
2025-06-02,price_ridge,1616,buy,hypothetical_quote_buy,1.0,0.0,1.0,26.833499999999997,20.0,
2025-06-02,price_ridge,2438,buy,cash_or_one_share_gate,0.0,,,,,
2025-06-02,price_ridge,2429,buy,cash_or_one_share_gate,0.0,,,,,
2025-06-02,price_ridge,3027,buy,cash_or_one_share_gate,0.0,,,,,
2025-06-02,price_ridge,5519,buy,cash_or_one_share_gate,0.0,,,,,
2025-07-01,price_ridge,1466,sell,hypothetical_quote_sale,,,,16938.88,41.5517,360.0
2025-07-01,price_ridge,2414,sell,hypothetical_quote_sale,,,,18375.659999998523,26.1853155,360.0
2025-07-01,price_ridge,2468,sell,hypothetical_quote_sale,,,,19305.388000017032,27.5101779,360.0
2025-07-01,price_ridge,3528,sell,hypothetical_quote_sale,,,,16985.048000009123,24.2036934,360.0
2025-07-01,price_ridge,4949,sell,hypothetical_quote_sale,,,,17407.027500016866,24.8050141875,360.0
2025-07-01,price_ridge,6165,sell,hypothetical_quote_sale,,,,17694.781500010835,25.215063637500002,360.0
2025-07-01,price_ridge,6834,sell,hypothetical_quote_sale,,,,16456.87967128818,23.433999956250002,360.0
2025-07-01,price_ridge,8462,sell,hypothetical_quote_sale,,,,18083.4698199698,25.648649812499997,360.0
2025-07-01,price_ridge,6674,buy,hypothetical_quote_buy,715.0,0.0,715.0,18862.59375,26.87919609375,
2025-07-01,price_ridge,4737,buy,hypothetical_quote_buy,259.0,0.0,259.0,18480.944999999996,26.335346624999996,
2025-07-01,price_ridge,8210,buy,hypothetical_quote_buy,38.0,0.0,38.0,18636.719999999998,26.557325999999996,
2025-07-01,price_ridge,5234,buy,hypothetical_quote_buy,70.0,0.0,70.0,18888.975,26.916789375,
2025-07-01,price_ridge,4560,buy,hypothetical_quote_buy,443.0,0.0,443.0,17719.556999999997,25.250368724999998,
2025-07-01,price_ridge,3004,buy,cash_or_one_share_gate,0.0,,,,,
2025-07-01,price_ridge,9902,buy,hypothetical_quote_buy,5.0,0.0,5.0,92.45999999999998,20.0,
2025-07-01,price_ridge,6625,buy,cash_or_one_share_gate,0.0,,,,,
2025-07-01,price_ridge,8072,buy,cash_or_one_share_gate,0.0,,,,,
2025-07-01,price_ridge,1325,buy,cash_or_one_share_gate,0.0,,,,,
2025-07-01,price_ridge,6141,buy,cash_or_one_share_gate,0.0,,,,,
2025-07-01,price_ridge,6591,buy,cash_or_one_share_gate,0.0,,,,,
2025-07-01,price_ridge,1732,buy,cash_or_one_share_gate,0.0,,,,,
2025-08-01,price_ridge,1419,sell,hypothetical_quote_sale,,,,13838.038588238687,20.0,383.0
2025-08-01,price_ridge,1616,sell,hypothetical_quote_sale,,,,34.64748398901173,20.0,383.0
2025-08-01,price_ridge,4560,sell,hypothetical_quote_sale,,,,15424.363576470352,21.94927215,383.0
2025-08-01,price_ridge,4737,sell,hypothetical_quote_sale,,,,18683.612499984753,26.6241478125,383.0
2025-08-01,price_ridge,5234,sell,hypothetical_quote_sale,,,,17516.97499999761,24.961689375000002,383.0
2025-08-01,price_ridge,6674,sell,hypothetical_quote_sale,,,,19172.903750031684,27.32138784375,383.0
2025-08-01,price_ridge,9902,sell,hypothetical_quote_sale,,,,81.7157883523599,20.0,383.0
2025-08-01,price_ridge,8021,buy,hypothetical_quote_buy,297.0,0.0,297.0,18476.221499999996,26.328615637499997,
2025-08-01,price_ridge,3167,buy,hypothetical_quote_buy,110.0,0.0,110.0,18406.574999999997,26.229369374999997,
2025-08-01,price_ridge,3535,buy,hypothetical_quote_buy,272.0,0.0,272.0,18369.792,26.176953600000004,
2025-08-01,price_ridge,8499,buy,hypothetical_quote_buy,67.0,0.0,67.0,18315.119999999995,26.099045999999994,
2025-08-01,price_ridge,3040,buy,hypothetical_quote_buy,275.0,0.0,275.0,18572.4,26.465670000000003,
2025-08-01,price_ridge,2316,buy,hypothetical_quote_buy,229.0,0.0,229.0,18066.3825,25.7445950625,
2025-08-01,price_ridge,6805,buy,hypothetical_quote_buy,20.0,0.0,20.0,18170.399999999998,25.892819999999997,
2025-08-01,price_ridge,4989,buy,hypothetical_quote_buy,502.0,0.0,502.0,11603.73,20.0,
2025-08-01,price_ridge,3515,buy,hypothetical_quote_buy,1.0,0.0,1.0,262.30499999999995,20.0,
2025-08-01,price_ridge,6949,buy,cash_or_one_share_gate,0.0,,,,,
2025-08-01,price_ridge,8478,buy,cash_or_one_share_gate,0.0,,,,,
2025-08-01,price_ridge,6141,buy,hypothetical_quote_buy,8.0,0.0,8.0,115.776,20.0,
2025-08-01,price_ridge,2404,buy,cash_or_one_share_gate,0.0,,,,,
2025-08-01,price_ridge,6668,buy,cash_or_one_share_gate,0.0,,,,,
2025-09-01,price_ridge,3040,sell,hypothetical_quote_sale,,,,16444.86250000399,23.4339290625,404.0
2025-09-01,price_ridge,3167,sell,hypothetical_quote_sale,,,,23149.19743429286,32.830895625,404.0
2025-09-01,price_ridge,3515,sell,hypothetical_quote_sale,,,,274.6199999997904,20.0,404.0
2025-09-01,price_ridge,3535,sell,hypothetical_quote_sale,,,,19118.287179489587,27.194842500000004,404.0
2025-09-01,price_ridge,6141,sell,hypothetical_quote_sale,,,,108.256,20.0,404.0
2025-09-01,price_ridge,6805,sell,hypothetical_quote_sale,,,,22659.644913598873,32.043975,404.0
2025-09-01,price_ridge,8210,sell,hypothetical_quote_sale,,,,23101.910000004747,32.92022175,404.0
2025-09-01,price_ridge,6949,buy,hypothetical_quote_buy,46.0,0.0,46.0,18723.149999999998,26.68048875,
2025-09-01,price_ridge,3715,buy,hypothetical_quote_buy,164.0,0.0,164.0,18707.069999999996,26.657574749999995,
2025-09-01,price_ridge,8033,buy,buy_limit_not_met,110.0,,,,,
2025-09-01,price_ridge,1802,buy,hypothetical_quote_buy,532.0,0.0,532.0,18472.502999999993,26.32331677499999,
2025-09-01,price_ridge,8045,buy,hypothetical_quote_buy,153.0,0.0,153.0,18682.4475,26.622487687499998,
2025-09-01,price_ridge,2404,buy,hypothetical_quote_buy,7.0,0.0,7.0,8617.874999999998,20.0,
2025-09-01,price_ridge,3543,buy,hypothetical_quote_buy,31.0,0.0,31.0,961.13175,20.0,
2025-09-01,price_ridge,4722,buy,cash_or_one_share_gate,0.0,,,,,
2025-09-01,price_ridge,1727,buy,cash_or_one_share_gate,0.0,,,,,
2025-09-01,price_ridge,3296,buy,cash_or_one_share_gate,0.0,,,,,
2025-09-01,price_ridge,2406,buy,cash_or_one_share_gate,0.0,,,,,
2025-10-01,price_ridge,1802,sell,hypothetical_quote_sale,,,,14636.250999999998,20.856657675,425.0
2025-10-01,price_ridge,2404,sell,hypothetical_quote_sale,,,,6317.254999991973,20.0,425.0
2025-10-01,price_ridge,3543,sell,hypothetical_quote_sale,,,,1116.5889999999242,20.0,425.0
2025-10-01,price_ridge,3715,sell,hypothetical_quote_sale,,,,14735.153999974307,20.99759445,425.0
2025-10-01,price_ridge,8021,sell,hypothetical_quote_sale,,,,31029.075000066914,44.216431875,425.0
2025-10-01,price_ridge,8045,sell,hypothetical_quote_sale,,,,13883.831999956952,20.0,425.0
2025-10-01,price_ridge,8499,sell,hypothetical_quote_sale,,,,16799.57999995271,23.939401500000002,425.0
2025-10-01,price_ridge,4722,buy,hypothetical_quote_buy,97.0,0.0,97.0,18132.21,25.83839925,
2025-10-01,price_ridge,8033,buy,hypothetical_quote_buy,126.0,0.0,126.0,18804.554999999997,26.796490874999996,
2025-10-01,price_ridge,2429,buy,buy_limit_not_met,156.0,,,,,
2025-10-01,price_ridge,3305,buy,buy_limit_not_met,175.0,,,,,
2025-10-01,price_ridge,2406,buy,buy_limit_not_met,911.0,,,,,
2025-10-01,price_ridge,2231,buy,hypothetical_quote_buy,157.0,0.0,157.0,18855.3075,26.8688131875,
2025-10-01,price_ridge,3518,buy,hypothetical_quote_buy,848.0,0.0,848.0,18962.34,27.021334500000002,
2025-10-01,price_ridge,6449,buy,hypothetical_quote_buy,96.0,0.0,96.0,18765.359999999997,26.740637999999997,
2025-10-01,price_ridge,1717,buy,buy_limit_not_met,261.0,,,,,
2025-10-01,price_ridge,6456,buy,hypothetical_quote_buy,169.0,0.0,169.0,10700.234999999999,20.0,
2025-10-01,price_ridge,6477,buy,cash_or_one_share_gate,0.0,,,,,
2025-10-01,price_ridge,3048,buy,cash_or_one_share_gate,0.0,,,,,
2025-11-03,price_ridge,2231,sell,hypothetical_quote_sale,,,,15933.930000001741,22.705850249999997,445.0
2025-11-03,price_ridge,2316,sell,hypothetical_quote_sale,,,,23241.21000007753,33.11872425,445.0
2025-11-03,price_ridge,3518,sell,hypothetical_quote_sale,,,,17845.524000031084,25.429871699999996,445.0
2025-11-03,price_ridge,4989,sell,hypothetical_quote_sale,,,,20179.396000035948,28.755639300000002,445.0
2025-11-03,price_ridge,6449,sell,hypothetical_quote_sale,,,,17766.719999999772,25.317576000000003,445.0
2025-11-03,price_ridge,6456,sell,hypothetical_quote_sale,,,,8323.6725,20.0,445.0
2025-11-03,price_ridge,8033,sell,hypothetical_quote_sale,,,,14668.290000025476,20.902313250000002,445.0
2025-11-03,price_ridge,2344,buy,buy_limit_not_met,346.0,,,,,
2025-11-03,price_ridge,2408,buy,buy_limit_not_met,141.0,,,,,
2025-11-03,price_ridge,6515,buy,hypothetical_quote_buy,7.0,0.0,7.0,18537.225,26.415545625,
2025-11-03,price_ridge,4934,buy,hypothetical_quote_buy,1272.0,1000.0,272.0,18727.974,40.98063125,
2025-11-03,price_ridge,2342,buy,hypothetical_quote_buy,550.0,0.0,550.0,18793.499999999996,26.780737499999997,
2025-11-03,price_ridge,3016,buy,hypothetical_quote_buy,334.0,0.0,334.0,18898.220999999998,26.929964924999997,
2025-11-03,price_ridge,6770,buy,buy_limit_not_met,596.0,,,,,
2025-11-03,price_ridge,3002,buy,buy_limit_not_met,836.0,,,,,
2025-11-03,price_ridge,2241,buy,hypothetical_quote_buy,514.0,0.0,514.0,18854.805,26.868097125000002,
2025-11-03,price_ridge,8110,buy,hypothetical_quote_buy,168.0,0.0,168.0,4001.5079999999994,20.0,
2025-11-03,price_ridge,8271,buy,cash_or_one_share_gate,0.0,,,,,
2025-11-03,price_ridge,8103,buy,cash_or_one_share_gate,0.0,,,,,
2025-11-03,price_ridge,2375,buy,cash_or_one_share_gate,0.0,,,,,
2025-12-01,price_ridge,2342,sell,hypothetical_quote_sale,,,,16198.599999975833,23.083005,465.0
2025-12-01,price_ridge,3016,sell,hypothetical_quote_sale,,,,17114.995000013416,24.388867875,465.0
2025-12-01,price_ridge,4722,sell,hypothetical_quote_sale,,,,17276.185000029185,24.618563624999997,465.0
2025-12-01,price_ridge,4934,sell,hypothetical_quote_sale,,,,16073.627999999999,40.0,465.0
2025-12-01,price_ridge,6949,sell,hypothetical_quote_sale,,,,17461.255,24.882288374999998,465.0
2025-12-01,price_ridge,2408,buy,buy_limit_not_met,128.0,,,,,
2025-12-01,price_ridge,2344,buy,hypothetical_quote_buy,323.0,0.0,323.0,18795.208499999997,26.783172112499997,
2025-12-01,price_ridge,6573,buy,hypothetical_quote_buy,1063.0,1000.0,63.0,18855.759749999997,45.27700625,
2025-12-01,price_ridge,6770,buy,buy_limit_not_met,550.0,,,,,
2025-12-01,price_ridge,4967,buy,buy_limit_not_met,142.0,,,,,
2025-12-01,price_ridge,6155,buy,buy_limit_not_met,502.0,,,,,
2025-12-01,price_ridge,2451,buy,hypothetical_quote_buy,102.0,0.0,102.0,18759.329999999998,26.73204525,
2025-12-01,price_ridge,3543,buy,buy_limit_not_met,425.0,,,,,
2025-12-01,price_ridge,5515,buy,hypothetical_quote_buy,576.0,0.0,576.0,18871.487999999998,26.8918704,
2025-12-01,price_ridge,8150,buy,hypothetical_quote_buy,439.0,0.0,439.0,18883.145999999997,26.908483049999997,
2025-12-01,price_ridge,2375,buy,buy_limit_not_met,200.0,,,,,
2025-12-01,price_ridge,3002,buy,buy_limit_not_met,719.0,,,,,
2026-01-02,price_ridge,2241,sell,hypothetical_quote_sale,,,,18820.624000004642,26.8193892,487.0
2026-01-02,price_ridge,2451,sell,hypothetical_quote_sale,,,,20095.019999987402,28.635403500000002,487.0
2026-01-02,price_ridge,5515,sell,hypothetical_quote_sale,,,,20632.319999977346,29.401056,487.0
2026-01-02,price_ridge,6515,sell,hypothetical_quote_sale,,,,20059.200000011107,28.584360000000004,487.0
2026-01-02,price_ridge,6573,sell,hypothetical_quote_sale,,,,16076.811999999998,41.5517,487.0
2026-01-02,price_ridge,8150,sell,hypothetical_quote_sale,,,,20901.119250027183,29.78409493125,487.0
2026-01-02,price_ridge,2408,buy,hypothetical_quote_buy,97.0,0.0,97.0,18765.8625,26.7413540625,
2026-01-02,price_ridge,6282,buy,buy_limit_not_met,444.0,,,,,
2026-01-02,price_ridge,2330,buy,hypothetical_quote_buy,12.0,0.0,12.0,18753.3,26.7234525,
2026-01-02,price_ridge,3711,buy,buy_limit_not_met,74.0,,,,,
2026-01-02,price_ridge,6669,buy,buy_limit_not_met,4.0,,,,,
2026-01-02,price_ridge,3665,buy,hypothetical_quote_buy,12.0,0.0,12.0,18391.499999999996,26.207887499999995,
2026-01-02,price_ridge,8210,buy,hypothetical_quote_buy,18.0,0.0,18.0,18089.999999999996,25.778249999999996,
2026-01-02,price_ridge,6805,buy,buy_limit_not_met,11.0,,,,,
2026-01-02,price_ridge,2303,buy,hypothetical_quote_buy,381.0,0.0,381.0,18896.361749999996,26.927315493749997,
2026-01-02,price_ridge,2454,buy,buy_limit_not_met,9.0,,,,,
2026-01-02,price_ridge,2308,buy,buy_limit_not_met,14.0,,,,,
2026-01-02,price_ridge,2337,buy,buy_limit_not_met,348.0,,,,,
2026-01-02,price_ridge,3017,buy,buy_limit_not_met,9.0,,,,,
2026-02-02,price_ridge,2303,sell,hypothetical_quote_sale,,,,23617.61850001449,33.6551063625,508.0
2026-02-02,price_ridge,2344,sell,hypothetical_quote_sale,,,,39048.27749995507,55.643795437499996,508.0
2026-02-02,price_ridge,2408,sell,hypothetical_quote_sale,,,,29919.649999986632,42.63550125,508.0
2026-02-02,price_ridge,3665,sell,hypothetical_quote_sale,,,,15163.800000021427,21.608415,508.0
2026-02-02,price_ridge,8210,sell,hypothetical_quote_sale,,,,15957.80999995914,22.73987925,508.0
2026-02-02,price_ridge,2485,buy,hypothetical_quote_buy,458.0,0.0,458.0,18457.629,26.302121325,
2026-02-02,price_ridge,6443,buy,buy_limit_not_met,481.0,,,,,
2026-02-02,price_ridge,3037,buy,hypothetical_quote_buy,49.0,0.0,49.0,18466.874999999996,26.315296874999994,
2026-02-02,price_ridge,3443,buy,hypothetical_quote_buy,7.0,0.0,7.0,18150.299999999996,25.864177499999993,
2026-02-02,price_ridge,2337,buy,hypothetical_quote_buy,202.0,0.0,202.0,17661.87,25.16816475,
2026-02-02,price_ridge,2451,buy,hypothetical_quote_buy,70.0,0.0,70.0,17728.199999999997,25.262684999999998,
2026-02-02,price_ridge,8150,buy,hypothetical_quote_buy,312.0,0.0,312.0,18500.039999999997,26.362556999999995,
2026-02-02,price_ridge,2881,buy,buy_limit_not_met,206.0,,,,,
2026-02-02,price_ridge,2412,buy,hypothetical_quote_buy,140.0,0.0,140.0,18853.8,26.866665,
2026-02-02,price_ridge,2891,buy,hypothetical_quote_buy,37.0,0.0,37.0,1896.435,20.0,
2026-02-02,price_ridge,2882,buy,cash_or_one_share_gate,0.0,,,,,
2026-02-02,price_ridge,1216,buy,cash_or_one_share_gate,0.0,,,,,
2026-02-02,price_ridge,3045,buy,cash_or_one_share_gate,0.0,,,,,
2026-03-02,price_ridge,2412,sell,hypothetical_quote_sale,,,,18805.499999914846,26.7978375,520.0
2026-03-02,price_ridge,2451,sell,hypothetical_quote_sale,,,,14069.299999986517,20.048752500000003,520.0
2026-03-02,price_ridge,2891,sell,hypothetical_quote_sale,,,,2032.1879999980413,20.0,520.0
2026-03-02,price_ridge,3443,sell,hypothetical_quote_sale,,,,18805.500000048552,26.7978375,520.0
2026-03-02,price_ridge,8150,sell,hypothetical_quote_sale,,,,21575.579999986592,30.745201500000004,520.0
2026-03-02,price_ridge,6443,buy,hypothetical_quote_buy,416.0,0.0,416.0,18729.983999999997,26.690227199999995,
2026-03-02,price_ridge,2367,buy,hypothetical_quote_buy,291.0,0.0,291.0,17839.754999999997,25.421650874999997,
2026-03-02,price_ridge,3576,buy,hypothetical_quote_buy,850.0,0.0,850.0,18366.375,26.172084375,
2026-03-02,price_ridge,6515,buy,hypothetical_quote_buy,3.0,0.0,3.0,14758.425,21.030755625,
2026-03-02,price_ridge,2881,buy,hypothetical_quote_buy,199.0,0.0,199.0,18839.529,26.846328825,
2026-03-02,price_ridge,2882,buy,hypothetical_quote_buy,235.0,0.0,235.0,18752.295,26.722020375,
2026-03-02,price_ridge,2454,buy,hypothetical_quote_buy,8.0,0.0,8.0,15637.799999999997,22.283865,
2026-03-02,price_ridge,2313,buy,cash_or_one_share_gate,0.0,,,,,
2026-03-02,price_ridge,6431,buy,hypothetical_quote_buy,3.0,0.0,3.0,76.27949999999998,20.0,
2026-03-02,price_ridge,2618,buy,cash_or_one_share_gate,0.0,,,,,
2026-04-01,price_ridge,2485,sell,hypothetical_quote_sale,,,,38279.64,54.548487,542.0
2026-04-01,price_ridge,2881,sell,hypothetical_quote_sale,,,,17345.238000018144,24.71696415,542.0
2026-04-01,price_ridge,2882,sell,hypothetical_quote_sale,,,,16741.8700000147,23.85716475,542.0
2026-04-01,price_ridge,3037,sell,hypothetical_quote_sale,,,,23597.4199999944,33.6263235,542.0
2026-04-01,price_ridge,3576,sell,hypothetical_quote_sale,,,,19198.52500001213,27.357898125000002,542.0
2026-04-01,price_ridge,6431,sell,hypothetical_quote_sale,,,,67.16249999999998,20.0,542.0
2026-04-01,price_ridge,6443,sell,hypothetical_quote_sale,,,,17715.77599999964,25.244980799999997,542.0
2026-04-01,price_ridge,8110,sell,hypothetical_quote_sale,,,,8491.727999996261,20.0,542.0
2026-04-01,price_ridge,3481,buy,buy_limit_not_met,787.0,,,,,
2026-04-01,price_ridge,2313,buy,buy_limit_not_met,75.0,,,,,
2026-04-01,price_ridge,2412,buy,buy_limit_not_met,141.0,,,,,
2026-04-01,price_ridge,3045,buy,hypothetical_quote_buy,172.0,0.0,172.0,18841.739999999998,26.849479499999998,
2026-04-01,price_ridge,3189,buy,buy_limit_not_met,60.0,,,,,
2026-04-01,price_ridge,2344,buy,buy_limit_not_met,208.0,,,,,
2026-04-01,price_ridge,2027,buy,buy_limit_not_met,509.0,,,,,
2026-04-01,price_ridge,2409,buy,buy_limit_not_met,1294.0,,,,,
2026-04-01,price_ridge,2382,buy,buy_limit_not_met,67.0,,,,,
2026-04-01,price_ridge,8438,buy,buy_limit_not_met,273.0,,,,,
2026-05-04,price_ridge,2330,sell,hypothetical_quote_sale,,,,26353.846404822187,37.4319,562.0
2026-05-04,price_ridge,2337,sell,hypothetical_quote_sale,,,,32359.39000007056,46.11213075,562.0
2026-05-04,price_ridge,2367,sell,hypothetical_quote_sale,,,,16851.518999997832,24.013414575000002,562.0
2026-05-04,price_ridge,2454,sell,hypothetical_quote_sale,,,,22845.200000041492,32.554410000000004,562.0
2026-05-04,price_ridge,3045,sell,hypothetical_quote_sale,,,,19082.109999947894,27.19200675,562.0
2026-05-04,price_ridge,6861,buy,buy_limit_not_met,57.0,,,,,
2026-05-04,price_ridge,6830,buy,buy_limit_not_met,22.0,,,,,
2026-05-04,price_ridge,6715,buy,buy_limit_not_met,46.0,,,,,
2026-05-04,price_ridge,3189,buy,buy_limit_not_met,35.0,,,,,
2026-05-04,price_ridge,3167,buy,buy_limit_not_met,21.0,,,,,
2026-05-04,price_ridge,2486,buy,buy_limit_not_met,69.0,,,,,
2026-05-04,price_ridge,2383,buy,buy_limit_not_met,4.0,,,,,
2026-05-04,price_ridge,3037,buy,buy_limit_not_met,21.0,,,,,
2026-05-04,price_ridge,8046,buy,buy_limit_not_met,18.0,,,,,
2026-05-04,price_ridge,3563,buy,buy_limit_not_met,21.0,,,,,
2026-05-04,price_ridge,4958,buy,buy_limit_not_met,44.0,,,,,
2026-05-04,price_ridge,3017,buy,buy_limit_not_met,6.0,,,,,
2026-05-04,price_ridge,3665,buy,buy_limit_not_met,6.0,,,,,
2026-05-04,price_ridge,6426,buy,hypothetical_quote_buy,84.0,0.0,84.0,18952.289999999997,27.007013249999996,
2026-06-01,price_ridge,6426,sell,hypothetical_quote_sale,,,,22566.59999997944,32.157405,582.0
2026-06-01,price_ridge,6515,sell,hypothetical_quote_sale,,,,26327.70000002056,37.516972499999994,582.0
2026-06-01,price_ridge,3026,buy,buy_limit_not_met,29.0,,,,,
2026-06-01,price_ridge,2426,buy,buy_limit_not_met,231.0,,,,,
2026-06-01,price_ridge,3583,buy,hypothetical_quote_buy,21.0,0.0,21.0,18298.035,26.074699875,
2026-06-01,price_ridge,8271,buy,buy_limit_not_met,76.0,,,,,
2026-06-01,price_ridge,2472,buy,buy_limit_not_met,50.0,,,,,
2026-06-01,price_ridge,2383,buy,hypothetical_quote_buy,3.0,0.0,3.0,15466.949999999999,22.04040375,
2026-06-01,price_ridge,2327,buy,buy_limit_not_met,25.0,,,,,
2026-06-01,price_ridge,2330,buy,hypothetical_quote_buy,7.0,0.0,7.0,16567.424999999996,23.608580624999995,
2026-06-01,price_ridge,4958,buy,buy_limit_not_met,36.0,,,,,
2026-06-01,price_ridge,3167,buy,buy_limit_not_met,23.0,,,,,
2026-06-01,price_ridge,6213,buy,buy_limit_not_met,69.0,,,,,
2026-06-01,price_ridge,4960,buy,hypothetical_quote_buy,587.0,0.0,587.0,18936.9135,26.9851017375,
2026-06-01,price_ridge,6715,buy,buy_limit_not_met,43.0,,,,,
2026-06-01,price_ridge,6257,buy,buy_limit_not_met,82.0,,,,,
2026-06-01,price_ridge,2351,buy,buy_limit_not_met,90.0,,,,,
2026-07-01,price_ridge,3583,sell,hypothetical_quote_sale,,,,18993.555000001932,27.065815875000002,603.0
2026-07-01,price_ridge,4960,sell,hypothetical_quote_sale,,,,15331.706250030598,21.84768140625,603.0
2026-07-01,price_ridge,3026,buy,buy_limit_not_met,22.0,,,,,
2026-07-01,price_ridge,2327,buy,buy_limit_not_met,16.0,,,,,
2026-07-01,price_ridge,2492,buy,buy_limit_not_met,33.0,,,,,
2026-07-01,price_ridge,2454,buy,buy_limit_not_met,4.0,,,,,
2026-07-01,price_ridge,4958,buy,buy_limit_not_met,29.0,,,,,
2026-07-01,price_ridge,2478,buy,buy_limit_not_met,83.0,,,,,
2026-07-01,price_ridge,6658,buy,buy_limit_not_met,80.0,,,,,
2026-07-01,price_ridge,4764,buy,buy_limit_not_met,62.0,,,,,
2026-07-01,price_ridge,2303,buy,buy_limit_not_met,114.0,,,,,
2026-07-01,price_ridge,6861,buy,buy_limit_not_met,56.0,,,,,
2026-07-01,price_ridge,3443,buy,hypothetical_quote_buy,3.0,0.0,3.0,14667.974999999999,20.901864375,
2026-07-01,price_ridge,3090,buy,hypothetical_quote_buy,58.0,0.0,58.0,18827.67,26.82942975,
2026-07-01,price_ridge,6278,buy,buy_limit_not_met,88.0,,,,,
2026-08-03,price_ridge,2330,sell,hypothetical_quote_sale,,,,16690.834218904707,23.721048750000005,625.0
2026-08-03,price_ridge,2383,sell,hypothetical_quote_sale,,,,15327.97499999215,21.842364375,625.0
2026-08-03,price_ridge,3443,sell,hypothetical_quote_sale,,,,12387.749999986325,20.0,625.0
2026-08-03,price_ridge,2327,buy,buy_limit_not_met,37.0,,,,,
2026-08-03,price_ridge,3481,buy,hypothetical_quote_buy,412.0,0.0,412.0,18632.699999999997,26.551597499999996,
2026-08-03,price_ridge,2492,buy,buy_limit_not_met,86.0,,,,,
2026-08-03,price_ridge,6116,buy,hypothetical_quote_buy,1507.0,1000.0,507.0,18704.507249999995,40.0,
2026-08-03,price_ridge,6834,buy,buy_limit_not_met,235.0,,,,,
2026-08-03,price_ridge,2412,buy,hypothetical_quote_buy,134.0,0.0,134.0,18651.795,26.578807875,
2026-08-03,price_ridge,2377,buy,hypothetical_quote_buy,132.0,0.0,132.0,18638.73,26.56019025,
2026-08-03,price_ridge,3149,buy,hypothetical_quote_buy,285.0,0.0,285.0,18732.195,26.693377875,
2026-08-03,price_ridge,3026,buy,hypothetical_quote_buy,41.0,0.0,41.0,17718.149999999998,25.24836375,
2026-08-03,price_ridge,1216,buy,hypothetical_quote_buy,254.0,0.0,254.0,18787.871999999996,26.772717599999996,
2026-08-03,price_ridge,2886,buy,hypothetical_quote_buy,353.0,0.0,353.0,18554.209499999997,26.439748537499998,
2026-08-03,price_ridge,2880,buy,hypothetical_quote_buy,429.0,0.0,429.0,18517.67775,26.38769079375,
2026-08-03,price_ridge,2375,buy,hypothetical_quote_buy,161.0,0.0,161.0,18769.379999999997,26.746366499999997,
2026-08-03,price_ridge,6446,buy,buy_limit_not_met,17.0,,,,,
2026-09-01,price_ridge,2375,sell,hypothetical_quote_sale,,,,20544.386569915347,29.171360249999996,646.0
2026-09-01,price_ridge,2377,sell,hypothetical_quote_sale,,,,20958.559732957576,29.669034375000003,646.0
2026-09-01,price_ridge,2880,sell,hypothetical_quote_sale,,,,18159.728428681246,25.858637100000003,646.0
2026-09-01,price_ridge,2886,sell,hypothetical_quote_sale,,,,17560.553033012846,25.013016450000006,646.0
2026-09-01,price_ridge,3026,sell,hypothetical_quote_sale,,,,31371.3550000312,44.704180875,646.0
2026-09-01,price_ridge,3090,sell,hypothetical_quote_sale,,,,10079.222107967642,20.0,646.0
2026-09-01,price_ridge,3149,sell,hypothetical_quote_sale,,,,18290.587499989717,26.064087187499997,646.0
2026-09-01,price_ridge,3481,sell,hypothetical_quote_sale,,,,20456.006000017424,29.149808550000003,646.0
2026-09-01,price_ridge,6116,sell,hypothetical_quote_sale,,,,21517.322749999996,40.346506250000004,646.0
2026-09-01,price_ridge,2059,buy,hypothetical_quote_buy,1.0,0.0,1.0,14080.05,20.06407125,
2026-09-01,price_ridge,2330,buy,hypothetical_quote_buy,7.0,0.0,7.0,16848.825,24.009575625000004,
2026-09-01,price_ridge,2466,buy,buy_limit_not_met,189.0,,,,,
2026-09-01,price_ridge,2890,buy,hypothetical_quote_buy,457.0,0.0,457.0,18738.827999999994,26.702829899999994,
2026-09-01,price_ridge,1303,buy,buy_limit_not_met,77.0,,,,,
2026-09-01,price_ridge,2884,buy,hypothetical_quote_buy,472.0,0.0,472.0,18713.502,26.66674035,
2026-09-01,price_ridge,2887,buy,buy_limit_not_met,487.0,,,,,
2026-09-01,price_ridge,2892,buy,hypothetical_quote_buy,532.0,0.0,532.0,18739.833,26.704262025,
2026-09-01,price_ridge,1101,buy,buy_limit_not_met,769.0,,,,,
2026-09-01,price_ridge,2382,buy,hypothetical_quote_buy,55.0,0.0,55.0,18627.674999999996,26.544436874999995,
2026-09-01,price_ridge,2834,buy,hypothetical_quote_buy,1107.0,1000.0,107.0,18690.588,44.0597,
2026-09-01,price_ridge,2891,buy,buy_limit_not_met,127.0,,,,,
2026-09-01,price_ridge,3045,buy,hypothetical_quote_buy,71.0,0.0,71.0,8205.824999999999,20.0,
2026-10-01,price_ridge,1216,sell,hypothetical_quote_sale,,,,18676.74699998635,26.614364475,666.0
2026-10-01,price_ridge,2382,sell,hypothetical_quote_sale,,,,18223.425000027928,25.968380624999998,666.0
2026-10-01,price_ridge,2834,sell,hypothetical_quote_sale,,,,19551.00375003374,45.16728125,666.0
2026-10-01,price_ridge,2884,sell,hypothetical_quote_sale,,,,21039.87199997841,29.9818176,666.0
2026-10-01,price_ridge,6214,buy,hypothetical_quote_buy,99.0,0.0,99.0,18705.059999999998,26.654710499999997,
2026-10-01,price_ridge,2317,buy,buy_limit_not_met,74.0,,,,,
2026-10-01,price_ridge,2887,buy,hypothetical_quote_buy,447.0,0.0,447.0,18822.9465,26.8226987625,
2026-10-01,price_ridge,3231,buy,buy_limit_not_met,101.0,,,,,
2026-10-01,price_ridge,2603,buy,hypothetical_quote_buy,78.0,0.0,78.0,18656.819999999996,26.585968499999996,
2026-10-01,price_ridge,2880,buy,hypothetical_quote_buy,414.0,0.0,414.0,18785.5605,26.7694237125,
2026-10-01,price_ridge,2609,buy,hypothetical_quote_buy,316.0,0.0,316.0,18705.461999999996,26.655283349999994,
2026-10-01,price_ridge,2615,buy,hypothetical_quote_buy,164.0,0.0,164.0,18624.659999999996,26.540140499999996,
2026-10-01,price_ridge,2886,buy,hypothetical_quote_buy,382.0,0.0,382.0,18811.59,26.806515750000003,
2024-01-02,all_ridge,2465,buy,buy_limit_not_met,296.0,,,,,
2024-01-02,all_ridge,1442,buy,buy_limit_not_met,486.0,,,,,
2024-01-02,all_ridge,5533,buy,hypothetical_quote_buy,776.0,0.0,776.0,18951.084,27.0052947,
2024-01-02,all_ridge,2548,buy,hypothetical_quote_buy,195.0,0.0,195.0,18872.392499999994,26.893159312499993,
2024-01-02,all_ridge,5534,buy,hypothetical_quote_buy,239.0,0.0,239.0,18783.249,26.766129825,
2024-01-02,all_ridge,2211,buy,hypothetical_quote_buy,180.0,0.0,180.0,18904.05,26.93827125,
2024-01-02,all_ridge,2505,buy,buy_limit_not_met,799.0,,,,,
2024-01-02,all_ridge,6550,buy,hypothetical_quote_buy,248.0,0.0,248.0,18792.696,26.779591800000002,
2024-01-02,all_ridge,4958,buy,hypothetical_quote_buy,172.0,0.0,172.0,18928.17,26.97264225,
2024-01-02,all_ridge,1471,buy,buy_limit_not_met,1110.0,,,,,
2024-01-02,all_ridge,2474,buy,hypothetical_quote_buy,96.0,0.0,96.0,18717.119999999995,26.671895999999993,
2024-01-02,all_ridge,2347,buy,hypothetical_quote_buy,267.0,0.0,267.0,18890.784,26.9193672,
2024-01-02,all_ridge,2504,buy,hypothetical_quote_buy,667.0,0.0,667.0,18869.930249999998,26.889650606249997,
2024-01-02,all_ridge,1722,buy,hypothetical_quote_buy,277.0,0.0,277.0,18790.9875,26.7771571875,
2024-01-02,all_ridge,6024,buy,buy_limit_not_met,367.0,,,,,
2024-02-01,all_ridge,1722,sell,hypothetical_quote_sale,,,,18714.258500004984,26.6678183625,24.0
2024-02-01,all_ridge,2211,sell,hypothetical_quote_sale,,,,20238.299999996845,28.8395775,24.0
2024-02-01,all_ridge,2474,sell,hypothetical_quote_sale,,,,18674.1599999507,26.610678,24.0
2024-02-01,all_ridge,2504,sell,hypothetical_quote_sale,,,,19777.216999962482,28.14028155,24.0
2024-02-01,all_ridge,2548,sell,hypothetical_quote_sale,,,,18451.777499999997,26.2937829375,24.0
2024-02-01,all_ridge,4958,sell,hypothetical_quote_sale,,,,17199.570000084415,24.50938725,24.0
2024-02-01,all_ridge,5533,sell,hypothetical_quote_sale,,,,17642.942000066763,25.141192350000004,24.0
2024-02-01,all_ridge,5534,sell,hypothetical_quote_sale,,,,18096.960500011548,25.788168712499996,24.0
2024-02-01,all_ridge,6550,sell,hypothetical_quote_sale,,,,17643.34,25.141759500000003,24.0
2024-02-01,all_ridge,2465,buy,hypothetical_quote_buy,240.0,0.0,240.0,18451.8,26.293815,
2024-02-01,all_ridge,2545,buy,hypothetical_quote_buy,436.0,0.0,436.0,18841.739999999998,26.849479499999998,
2024-02-01,all_ridge,6541,buy,hypothetical_quote_buy,295.0,0.0,295.0,18826.1625,26.827281562499998,
2024-02-01,all_ridge,2404,buy,hypothetical_quote_buy,67.0,0.0,67.0,18618.1275,26.530831687499997,
2024-02-01,all_ridge,2855,buy,buy_limit_not_met,996.0,,,,,
2024-02-01,all_ridge,6176,buy,hypothetical_quote_buy,135.0,0.0,135.0,18723.15,26.680488750000002,
2024-02-01,all_ridge,4915,buy,hypothetical_quote_buy,39.0,0.0,39.0,2586.87,20.0,
2024-02-01,all_ridge,2015,buy,cash_or_one_share_gate,0.0,,,,,
2024-02-01,all_ridge,9906,buy,cash_or_one_share_gate,0.0,,,,,
2024-02-01,all_ridge,2528,buy,cash_or_one_share_gate,0.0,,,,,
2024-02-01,all_ridge,3535,buy,cash_or_one_share_gate,0.0,,,,,
2024-02-01,all_ridge,2431,buy,cash_or_one_share_gate,0.0,,,,,
2024-02-01,all_ridge,1215,buy,cash_or_one_share_gate,0.0,,,,,
2024-02-01,all_ridge,1316,buy,cash_or_one_share_gate,0.0,,,,,
2024-03-01,all_ridge,2347,sell,hypothetical_quote_sale,,,,20403.071999993157,29.074377600000002,37.0
2024-03-01,all_ridge,2404,sell,hypothetical_quote_sale,,,,19632.842500029536,27.9768005625,37.0
2024-03-01,all_ridge,4915,sell,hypothetical_quote_sale,,,,2828.8844999992707,20.0,37.0
2024-03-01,all_ridge,6176,sell,hypothetical_quote_sale,,,,19678.612499949475,28.042022812500004,37.0
2024-03-01,all_ridge,6177,buy,buy_limit_not_met,538.0,,,,,
2024-03-01,all_ridge,2527,buy,hypothetical_quote_buy,598.0,0.0,598.0,18961.2345,27.019759162499998,
2024-03-01,all_ridge,2442,buy,hypothetical_quote_buy,688.0,0.0,688.0,18772.595999999998,26.7509493,
2024-03-01,all_ridge,3535,buy,buy_limit_not_met,784.0,,,,,
2024-03-01,all_ridge,3056,buy,hypothetical_quote_buy,661.0,0.0,661.0,18899.477249999996,26.931755081249996,
2024-03-01,all_ridge,2348,buy,hypothetical_quote_buy,182.0,0.0,182.0,18839.729999999996,26.846615249999996,
2024-03-01,all_ridge,6215,buy,buy_limit_not_met,626.0,,,,,
2024-03-01,all_ridge,2855,buy,hypothetical_quote_buy,916.0,0.0,916.0,18963.948,27.023625900000003,
2024-03-01,all_ridge,6405,buy,buy_limit_not_met,688.0,,,,,
2024-03-01,all_ridge,1471,buy,buy_limit_not_met,1151.0,,,,,
2024-03-01,all_ridge,3031,buy,hypothetical_quote_buy,939.0,0.0,939.0,18873.899999999998,26.895307499999998,
2024-03-01,all_ridge,3052,buy,hypothetical_quote_buy,1507.0,1000.0,507.0,18931.687499999996,40.0,
2024-04-01,all_ridge,2348,sell,hypothetical_quote_sale,,,,23270.06500005067,33.159842624999996,58.0
2024-04-01,all_ridge,2442,sell,hypothetical_quote_sale,,,,18483.120000026458,26.338446,58.0
2024-04-01,all_ridge,2527,sell,hypothetical_quote_sale,,,,25198.673500002078,35.908109737500006,58.0
2024-04-01,all_ridge,2545,sell,hypothetical_quote_sale,,,,19391.753999974513,27.63324945,58.0
2024-04-01,all_ridge,2855,sell,hypothetical_quote_sale,,,,22603.21599999741,32.2095828,58.0
2024-04-01,all_ridge,3031,sell,hypothetical_quote_sale,,,,18872.96099996595,26.865328350000002,58.0
2024-04-01,all_ridge,3052,sell,hypothetical_quote_sale,,,,20167.804250044366,40.0,58.0
2024-04-01,all_ridge,3056,sell,hypothetical_quote_sale,,,,18678.538000011693,26.61691665,58.0
2024-04-01,all_ridge,6541,sell,hypothetical_quote_sale,,,,14520.70088912074,20.661558075,58.0
2024-04-01,all_ridge,5876,buy,hypothetical_quote_buy,388.0,0.0,388.0,18697.623,26.644112775,
2024-04-01,all_ridge,2474,buy,hypothetical_quote_buy,85.0,0.0,85.0,18708.074999999997,26.659006874999996,
2024-04-01,all_ridge,1471,buy,hypothetical_quote_buy,1165.0,1000.0,165.0,18908.823749999996,43.12881874999999,
2024-04-01,all_ridge,2534,buy,hypothetical_quote_buy,861.0,0.0,861.0,18906.91425,26.942352806250003,
2024-04-01,all_ridge,9904,buy,hypothetical_quote_buy,519.0,0.0,519.0,18777.419999999995,26.757823499999994,
2024-04-01,all_ridge,9921,buy,hypothetical_quote_buy,6.0,0.0,6.0,1314.54,20.0,
2024-04-01,all_ridge,1617,buy,buy_limit_not_met,1.0,,,,,
2024-04-01,all_ridge,2548,buy,cash_or_one_share_gate,0.0,,,,,
2024-04-01,all_ridge,4915,buy,cash_or_one_share_gate,0.0,,,,,
2024-04-01,all_ridge,6691,buy,cash_or_one_share_gate,0.0,,,,,
2024-04-01,all_ridge,5519,buy,cash_or_one_share_gate,0.0,,,,,
2024-04-01,all_ridge,3501,buy,cash_or_one_share_gate,0.0,,,,,
2024-04-01,all_ridge,1526,buy,buy_limit_not_met,1.0,,,,,
2024-04-01,all_ridge,1527,buy,cash_or_one_share_gate,0.0,,,,,
2024-05-02,all_ridge,1471,sell,hypothetical_quote_sale,,,,17271.7075,41.126337500000005,78.0
2024-05-02,all_ridge,2465,sell,hypothetical_quote_sale,,,,29372.4,41.85567,78.0
2024-05-02,all_ridge,2474,sell,hypothetical_quote_sale,,,,18437.349999976832,26.27322375,78.0
2024-05-02,all_ridge,2534,sell,hypothetical_quote_sale,,,,23387.77349995436,33.288869250000005,78.0
2024-05-02,all_ridge,5876,sell,hypothetical_quote_sale,,,,17951.789999980774,25.58130075,78.0
2024-05-02,all_ridge,9904,sell,hypothetical_quote_sale,,,,18642.220499996285,26.5651642125,78.0
2024-05-02,all_ridge,9921,sell,hypothetical_quote_sale,,,,1301.46,20.0,78.0
2024-05-02,all_ridge,4934,buy,hypothetical_quote_buy,829.0,0.0,829.0,18912.391499999998,26.950157887499998,
2024-05-02,all_ridge,2530,buy,hypothetical_quote_buy,366.0,0.0,366.0,18906.462,26.94170835,
2024-05-02,all_ridge,9902,buy,buy_limit_not_met,1134.0,,,,,
2024-05-02,all_ridge,2845,buy,buy_limit_not_met,1222.0,,,,,
2024-05-02,all_ridge,2015,buy,hypothetical_quote_buy,266.0,0.0,266.0,18846.765,26.856640125,
2024-05-02,all_ridge,6790,buy,hypothetical_quote_buy,343.0,0.0,343.0,18786.9675,26.7714286875,
2024-05-02,all_ridge,2359,buy,hypothetical_quote_buy,184.0,0.0,184.0,18584.459999999995,26.482855499999996,
2024-05-02,all_ridge,1109,buy,hypothetical_quote_buy,939.0,0.0,939.0,18826.715249999997,26.828069231249998,
2024-05-02,all_ridge,6670,buy,hypothetical_quote_buy,67.0,0.0,67.0,18853.8,26.866665,
2024-05-02,all_ridge,2903,buy,hypothetical_quote_buy,553.0,0.0,553.0,18896.01,26.92681425,
2024-05-02,all_ridge,2107,buy,hypothetical_quote_buy,703.0,0.0,703.0,18934.602,26.98180785,
2024-05-02,all_ridge,2102,buy,hypothetical_quote_buy,535.0,0.0,535.0,10565.313749999998,20.0,
2024-05-02,all_ridge,9906,buy,cash_or_one_share_gate,0.0,,,,,
2024-05-02,all_ridge,2505,buy,hypothetical_quote_buy,1.0,0.0,1.0,28.391249999999996,20.0,
2024-05-02,all_ridge,4915,buy,cash_or_one_share_gate,0.0,,,,,
2024-06-03,all_ridge,1109,sell,hypothetical_quote_sale,,,,18265.662750033563,26.02856941875,100.0
2024-06-03,all_ridge,2015,sell,hypothetical_quote_sale,,,,19320.909999976706,27.53229675,100.0
2024-06-03,all_ridge,2102,sell,hypothetical_quote_sale,,,,11444.9875,20.0,100.0
2024-06-03,all_ridge,2107,sell,hypothetical_quote_sale,,,,18431.42974998796,26.26478739375,100.0
2024-06-03,all_ridge,2359,sell,hypothetical_quote_sale,,,,33778.25999985313,48.13402049999999,100.0
2024-06-03,all_ridge,2505,sell,hypothetical_quote_sale,,,,27.51175,20.0,100.0
2024-06-03,all_ridge,2530,sell,hypothetical_quote_sale,,,,18135.666000017267,25.843324049999996,100.0
2024-06-03,all_ridge,2903,sell,hypothetical_quote_sale,,,,17442.44949999614,24.8554905375,100.0
2024-06-03,all_ridge,4934,sell,hypothetical_quote_sale,,,,18353.02375,26.153058843749996,100.0
2024-06-03,all_ridge,6670,sell,hypothetical_quote_sale,,,,19399.515000030256,27.644308875,100.0
2024-06-03,all_ridge,6790,sell,hypothetical_quote_sale,,,,17780.948499990547,25.3378516125,100.0
2024-06-03,all_ridge,4142,buy,hypothetical_quote_buy,683.0,0.0,683.0,18945.054,26.996701950000002,
2024-06-03,all_ridge,9906,buy,hypothetical_quote_buy,208.0,0.0,208.0,18855.408,26.868956400000002,
2024-06-03,all_ridge,6625,buy,hypothetical_quote_buy,197.0,0.0,197.0,18828.373499999998,26.8304322375,
2024-06-03,all_ridge,6278,buy,buy_limit_not_met,164.0,,,,,
2024-06-03,all_ridge,2397,buy,buy_limit_not_met,241.0,,,,,
2024-06-03,all_ridge,3040,buy,hypothetical_quote_buy,481.0,0.0,481.0,18852.795,26.865232875,
2024-06-03,all_ridge,3535,buy,buy_limit_not_met,627.0,,,,,
2024-06-03,all_ridge,6456,buy,buy_limit_not_met,282.0,,,,,
2024-06-03,all_ridge,6024,buy,buy_limit_not_met,313.0,,,,,
2024-06-03,all_ridge,6164,buy,buy_limit_not_met,1218.0,,,,,
2024-06-03,all_ridge,8114,buy,hypothetical_quote_buy,141.0,0.0,141.0,18846.765,26.856640125,
2024-06-03,all_ridge,2105,buy,hypothetical_quote_buy,308.0,0.0,308.0,18727.17,26.68621725,
2024-06-03,all_ridge,8422,buy,buy_limit_not_met,64.0,,,,,
2024-06-03,all_ridge,1423,buy,hypothetical_quote_buy,339.0,0.0,339.0,12452.40225,20.0,
2024-06-03,all_ridge,2008,buy,hypothetical_quote_buy,2.0,0.0,2.0,49.948499999999996,20.0,
2024-07-01,all_ridge,1423,sell,hypothetical_quote_sale,,,,15229.320749983137,21.701782068750003,119.0
2024-07-01,all_ridge,2008,sell,hypothetical_quote_sale,,,,52.43649999985622,20.0,119.0
2024-07-01,all_ridge,2105,sell,hypothetical_quote_sale,,,,15663.84017645293,22.296226162500002,119.0
2024-07-01,all_ridge,3040,sell,hypothetical_quote_sale,,,,16596.148644924255,23.604499425000004,119.0
2024-07-01,all_ridge,4142,sell,hypothetical_quote_sale,,,,19402.15175,27.64806624375,119.0
2024-07-01,all_ridge,6625,sell,hypothetical_quote_sale,,,,19601.5,27.9321375,119.0
2024-07-01,all_ridge,8114,sell,hypothetical_quote_sale,,,,24621.77249997763,35.0860258125,119.0
2024-07-01,all_ridge,9906,sell,hypothetical_quote_sale,,,,18398.744000008563,26.218210199999998,119.0
2024-07-01,all_ridge,1402,buy,hypothetical_quote_buy,532.0,0.0,532.0,18846.765,26.856640125,
2024-07-01,all_ridge,2015,buy,hypothetical_quote_buy,243.0,0.0,243.0,18828.976499999997,26.831291512499998,
2024-07-01,all_ridge,2006,buy,hypothetical_quote_buy,269.0,0.0,269.0,18843.046499999997,26.851341262499997,
2024-07-01,all_ridge,2850,buy,hypothetical_quote_buy,195.0,0.0,195.0,18852.795,26.865232875,
2024-07-01,all_ridge,9917,buy,hypothetical_quote_buy,142.0,0.0,142.0,18766.365,26.742070125000005,
2024-07-01,all_ridge,3532,buy,hypothetical_quote_buy,107.0,0.0,107.0,18764.8575,26.7399219375,
2024-07-01,all_ridge,9941,buy,hypothetical_quote_buy,125.0,0.0,125.0,18843.749999999996,26.852343749999996,
2024-07-01,all_ridge,9933,buy,hypothetical_quote_buy,354.0,0.0,354.0,18855.809999999998,26.86952925,
2024-07-01,all_ridge,1436,buy,buy_limit_not_met,121.0,,,,,
2024-07-01,all_ridge,1215,buy,hypothetical_quote_buy,178.0,0.0,178.0,18783.449999999997,26.766416249999995,
2024-07-01,all_ridge,6691,buy,hypothetical_quote_buy,42.0,0.0,42.0,18635.714999999997,26.555893874999995,
2024-07-01,all_ridge,2538,buy,hypothetical_quote_buy,173.0,0.0,173.0,3181.7294999999995,20.0,
2024-07-01,all_ridge,4919,buy,cash_or_one_share_gate,0.0,,,,,
2024-07-01,all_ridge,2889,buy,cash_or_one_share_gate,0.0,,,,,
2024-07-01,all_ridge,2474,buy,cash_or_one_share_gate,0.0,,,,,
2024-08-01,all_ridge,1402,sell,hypothetical_quote_sale,,,,18728.32896243307,26.640595162500006,140.0
2024-08-01,all_ridge,2538,sell,hypothetical_quote_sale,,,,3830.00375000877,20.0,140.0
2024-08-01,all_ridge,2850,sell,hypothetical_quote_sale,,,,18529.387500004188,26.404377187499996,140.0
2024-08-01,all_ridge,3532,sell,hypothetical_quote_sale,,,,16906.37666663564,24.0188025,140.0
2024-08-01,all_ridge,6691,sell,hypothetical_quote_sale,,,,16483.190134884815,23.298522000000002,140.0
2024-08-01,all_ridge,9933,sell,hypothetical_quote_sale,,,,19642.149328093055,27.9673008,140.0
2024-08-01,all_ridge,9941,sell,hypothetical_quote_sale,,,,19278.12499998532,27.471328125,140.0
2024-08-01,all_ridge,9906,buy,hypothetical_quote_buy,96.0,0.0,96.0,18717.119999999995,26.671895999999993,
2024-08-01,all_ridge,6790,buy,hypothetical_quote_buy,368.0,0.0,368.0,18898.824,26.9308242,
2024-08-01,all_ridge,2548,buy,hypothetical_quote_buy,112.0,0.0,112.0,18797.519999999997,26.786465999999997,
2024-08-01,all_ridge,2633,buy,hypothetical_quote_buy,631.0,0.0,631.0,18866.111249999998,26.88420853125,
2024-08-01,all_ridge,2889,buy,buy_limit_not_met,1234.0,,,,,
2024-08-01,all_ridge,6177,buy,hypothetical_quote_buy,279.0,0.0,279.0,18506.07,26.37114975,
2024-08-01,all_ridge,2892,buy,hypothetical_quote_buy,640.0,0.0,640.0,18877.92,26.901035999999998,
2024-08-01,all_ridge,2474,buy,buy_limit_not_met,75.0,,,,,
2024-08-01,all_ridge,1418,buy,buy_limit_not_met,428.0,,,,,
2024-08-01,all_ridge,5533,buy,buy_limit_not_met,662.0,,,,,
2024-08-01,all_ridge,2880,buy,buy_limit_not_met,576.0,,,,,
2024-09-02,all_ridge,1215,sell,hypothetical_quote_sale,,,,17533.889999981406,24.98579325,162.0
2024-09-02,all_ridge,2548,sell,hypothetical_quote_sale,,,,16604.559999977413,23.661497999999998,162.0
2024-09-02,all_ridge,2633,sell,hypothetical_quote_sale,,,,18646.996499991714,26.571970012500003,162.0
2024-09-02,all_ridge,2892,sell,hypothetical_quote_sale,,,,18429.195488720274,26.23458665625,162.0
2024-09-02,all_ridge,6177,sell,hypothetical_quote_sale,,,,17461.354500010195,24.882430162499997,162.0
2024-09-02,all_ridge,6790,sell,hypothetical_quote_sale,,,,17960.147999989418,25.593210900000003,162.0
2024-09-02,all_ridge,9906,sell,hypothetical_quote_sale,,,,19624.735557389242,27.79035,162.0
2024-09-02,all_ridge,9917,sell,hypothetical_quote_sale,,,,20910.920000018312,29.798060999999997,162.0
2024-09-02,all_ridge,5531,buy,hypothetical_quote_buy,1805.0,1000.0,805.0,18865.86,40.0,
2024-09-02,all_ridge,4142,buy,buy_limit_not_met,646.0,,,,,
2024-09-02,all_ridge,5525,buy,buy_limit_not_met,486.0,,,,,
2024-09-02,all_ridge,2465,buy,hypothetical_quote_buy,191.0,0.0,191.0,18581.244,26.478272699999998,
2024-09-02,all_ridge,2211,buy,hypothetical_quote_buy,151.0,0.0,151.0,18893.497499999998,26.923233937499997,
2024-09-02,all_ridge,2889,buy,hypothetical_quote_buy,1191.0,1000.0,191.0,18792.193499999998,42.4843625,
2024-09-02,all_ridge,2509,buy,buy_limit_not_met,779.0,,,,,
2024-09-02,all_ridge,1504,buy,hypothetical_quote_buy,382.0,0.0,382.0,18811.59,26.806515750000003,
2024-09-02,all_ridge,2883,buy,hypothetical_quote_buy,1165.0,1000.0,165.0,18908.823749999996,43.12881874999999,
2024-09-02,all_ridge,2505,buy,buy_limit_not_met,585.0,,,,,
2024-09-02,all_ridge,2404,buy,hypothetical_quote_buy,45.0,0.0,45.0,15602.624999999998,22.233740625,
2024-09-02,all_ridge,2504,buy,buy_limit_not_met,6.0,,,,,
2024-09-02,all_ridge,2107,buy,hypothetical_quote_buy,13.0,0.0,13.0,348.18224999999995,20.0,
2024-10-01,all_ridge,1504,sell,hypothetical_quote_sale,,,,18681.42350001425,26.621028487500002,182.0
2024-10-01,all_ridge,2006,sell,hypothetical_quote_sale,,,,21198.276000006605,30.207543300000005,182.0
2024-10-01,all_ridge,2107,sell,hypothetical_quote_sale,,,,333.72299999988644,20.0,182.0
2024-10-01,all_ridge,2211,sell,hypothetical_quote_sale,,,,17804.03250011937,25.370746312500003,182.0
2024-10-01,all_ridge,2404,sell,hypothetical_quote_sale,,,,14507.099999984252,20.6726175,182.0
2024-10-01,all_ridge,2883,sell,hypothetical_quote_sale,,,,19184.346250029124,43.46583125,182.0
2024-10-01,all_ridge,5531,sell,hypothetical_quote_sale,,,,18678.14,40.0,182.0
2024-10-01,all_ridge,4142,buy,hypothetical_quote_buy,690.0,0.0,690.0,18861.839999999997,26.878121999999998,
2024-10-01,all_ridge,9802,buy,hypothetical_quote_buy,151.0,0.0,151.0,18817.62,26.8151085,
2024-10-01,all_ridge,3045,buy,hypothetical_quote_buy,163.0,0.0,163.0,18838.725,26.845183125,
2024-10-01,all_ridge,2451,buy,hypothetical_quote_buy,182.0,0.0,182.0,18931.184999999998,26.976938625,
2024-10-01,all_ridge,2886,buy,hypothetical_quote_buy,477.0,0.0,477.0,18887.768999999997,26.915070824999997,
2024-10-01,all_ridge,1232,buy,hypothetical_quote_buy,126.0,0.0,126.0,18804.554999999997,26.796490874999996,
2024-10-01,all_ridge,2850,buy,buy_limit_not_met,200.0,,,,,
2024-10-01,all_ridge,4938,buy,hypothetical_quote_buy,182.0,0.0,182.0,18931.184999999998,26.976938625,
2024-10-01,all_ridge,2030,buy,hypothetical_quote_buy,732.0,0.0,732.0,14198.238,20.23248915,
2024-10-01,all_ridge,2548,buy,cash_or_one_share_gate,0.0,,,,,
2024-10-01,all_ridge,2415,buy,hypothetical_quote_buy,1.0,0.0,1.0,30.200249999999997,20.0,
2024-10-01,all_ridge,6672,buy,cash_or_one_share_gate,0.0,,,,,
2024-11-01,all_ridge,1232,sell,hypothetical_quote_sale,,,,19181.61000004183,27.333794249999997,201.0
2024-11-01,all_ridge,2415,sell,hypothetical_quote_sale,,,,26.019249999979213,20.0,201.0
2024-11-01,all_ridge,2451,sell,hypothetical_quote_sale,,,,17438.966999868262,24.7139866125,201.0
2024-11-01,all_ridge,2886,sell,hypothetical_quote_sale,,,,18415.062000009708,26.241463349999997,201.0
2024-11-01,all_ridge,2889,sell,hypothetical_quote_sale,,,,17360.909249968638,40.771868749999996,201.0
2024-11-01,all_ridge,3045,sell,hypothetical_quote_sale,,,,18326.904999984403,26.115839625,201.0
2024-11-01,all_ridge,4142,sell,hypothetical_quote_sale,,,,16580.1825,23.6267600625,201.0
2024-11-01,all_ridge,4938,sell,hypothetical_quote_sale,,,,17927.910000007192,25.54727175,201.0
2024-11-01,all_ridge,9802,sell,hypothetical_quote_sale,,,,16076.21500006388,22.908606375,201.0
2024-11-01,all_ridge,2504,buy,hypothetical_quote_buy,350.0,0.0,350.0,18572.399999999998,26.46567,
2024-11-01,all_ridge,8213,buy,hypothetical_quote_buy,500.0,0.0,500.0,18743.249999999996,26.709131249999995,
2024-11-01,all_ridge,3028,buy,hypothetical_quote_buy,588.0,0.0,588.0,18791.891999999996,26.778446099999996,
2024-11-01,all_ridge,8215,buy,hypothetical_quote_buy,581.0,0.0,581.0,18509.7885,26.3764486125,
2024-11-01,all_ridge,6243,buy,hypothetical_quote_buy,360.0,0.0,360.0,18813.6,26.809379999999997,
2024-11-01,all_ridge,1533,buy,hypothetical_quote_buy,367.0,0.0,367.0,16154.972999999996,23.020836524999996,
2024-11-01,all_ridge,2850,buy,cash_or_one_share_gate,0.0,,,,,
2024-11-01,all_ridge,1568,buy,hypothetical_quote_buy,2.0,0.0,2.0,59.093999999999994,20.0,
2024-11-01,all_ridge,3596,buy,cash_or_one_share_gate,0.0,,,,,
2024-11-01,all_ridge,2642,buy,cash_or_one_share_gate,0.0,,,,,
2024-11-01,all_ridge,5471,buy,cash_or_one_share_gate,0.0,,,,,
2024-11-01,all_ridge,4119,buy,cash_or_one_share_gate,0.0,,,,,
2024-12-02,all_ridge,1533,sell,hypothetical_quote_sale,,,,15355.18825,21.88114325625,222.0
2024-12-02,all_ridge,1568,sell,hypothetical_quote_sale,,,,56.21750000001552,20.0,222.0
2024-12-02,all_ridge,2015,sell,hypothetical_quote_sale,,,,18158.053500007834,25.875226237499998,222.0
2024-12-02,all_ridge,2030,sell,hypothetical_quote_sale,,,,12782.36699995331,20.0,222.0
2024-12-02,all_ridge,3028,sell,hypothetical_quote_sale,,,,18166.113000022135,25.886711025000004,222.0
2024-12-02,all_ridge,6243,sell,hypothetical_quote_sale,,,,17211.510000001836,24.526401749999998,222.0
2024-12-02,all_ridge,3049,buy,buy_limit_not_met,1787.0,,,,,
2024-12-02,all_ridge,2528,buy,buy_limit_not_met,442.0,,,,,
2024-12-02,all_ridge,5531,buy,buy_limit_not_met,1653.0,,,,,
2024-12-02,all_ridge,1712,buy,hypothetical_quote_buy,415.0,0.0,415.0,18893.497499999998,26.923233937499997,
2024-12-02,all_ridge,9924,buy,buy_limit_not_met,351.0,,,,,
2024-12-02,all_ridge,2429,buy,buy_limit_not_met,664.0,,,,,
2024-12-02,all_ridge,2101,buy,buy_limit_not_met,382.0,,,,,
2024-12-02,all_ridge,6024,buy,hypothetical_quote_buy,322.0,0.0,322.0,18834.102,26.83859535,
2024-12-02,all_ridge,3033,buy,buy_limit_not_met,532.0,,,,,
2024-12-02,all_ridge,2451,buy,hypothetical_quote_buy,205.0,0.0,205.0,18913.094999999998,26.951160374999997,
2024-12-02,all_ridge,6672,buy,hypothetical_quote_buy,269.0,0.0,269.0,18951.1845,27.0054379125,
2025-01-02,all_ridge,1712,sell,hypothetical_quote_sale,,,,17797.067500008474,25.3608211875,244.0
2025-01-02,all_ridge,2451,sell,hypothetical_quote_sale,,,,17684.63249995159,25.200601312500005,244.0
2025-01-02,all_ridge,2504,sell,hypothetical_quote_sale,,,,17203.549999999297,24.51505875,244.0
2025-01-02,all_ridge,6024,sell,hypothetical_quote_sale,,,,18422.425000001844,26.251955625,244.0
2025-01-02,all_ridge,6672,sell,hypothetical_quote_sale,,,,17103.15450000478,24.371995162500003,244.0
2025-01-02,all_ridge,8213,sell,hypothetical_quote_sale,,,,16964.750000016986,24.174768750000005,244.0
2025-01-02,all_ridge,8215,sell,hypothetical_quote_sale,,,,17342.850000007897,24.713561250000005,244.0
2025-01-02,all_ridge,6177,buy,hypothetical_quote_buy,424.0,0.0,424.0,18813.197999999997,26.808807149999996,
2025-01-02,all_ridge,2527,buy,hypothetical_quote_buy,495.0,0.0,495.0,18854.302499999998,26.867381062499998,
2025-01-02,all_ridge,3056,buy,hypothetical_quote_buy,564.0,0.0,564.0,18761.742,26.735482349999998,
2025-01-02,all_ridge,2348,buy,buy_limit_not_met,93.0,,,,,
2025-01-02,all_ridge,5519,buy,hypothetical_quote_buy,556.0,0.0,556.0,18858.824999999997,26.873825625,
2025-01-02,all_ridge,2466,buy,buy_limit_not_met,268.0,,,,,
2025-01-02,all_ridge,3024,buy,buy_limit_not_met,988.0,,,,,
2025-01-02,all_ridge,2929,buy,hypothetical_quote_buy,1285.0,1000.0,285.0,18661.091249999998,40.69420624999999,
2025-01-02,all_ridge,6781,buy,hypothetical_quote_buy,16.0,0.0,16.0,18250.8,26.00739,
2025-01-02,all_ridge,3712,buy,buy_limit_not_met,305.0,,,,,
2025-01-02,all_ridge,6928,buy,buy_limit_not_met,261.0,,,,,
2025-01-02,all_ridge,2905,buy,hypothetical_quote_buy,1226.0,1000.0,226.0,18728.375999999997,41.768299999999996,
2025-01-02,all_ridge,6854,buy,hypothetical_quote_buy,75.0,0.0,75.0,15112.687499999998,21.535579687499997,
2025-01-02,all_ridge,3043,buy,buy_limit_not_met,1.0,,,,,
2025-02-03,all_ridge,2527,sell,hypothetical_quote_sale,,,,17139.869999996652,24.42431475,259.0
2025-02-03,all_ridge,2905,sell,hypothetical_quote_sale,,,,19639.907000093102,42.8277875,259.0
2025-02-03,all_ridge,2929,sell,hypothetical_quote_sale,,,,16429.68875,40.0,259.0
2025-02-03,all_ridge,3056,sell,hypothetical_quote_sale,,,,18041.937000017508,25.709760224999997,259.0
2025-02-03,all_ridge,6177,sell,hypothetical_quote_sale,,,,17761.14800000539,25.309635900000004,259.0
2025-02-03,all_ridge,6854,sell,hypothetical_quote_sale,,,,15036.9375,21.4276359375,259.0
2025-02-03,all_ridge,2537,buy,hypothetical_quote_buy,1570.0,1000.0,570.0,18776.414999999997,40.0,
2025-02-03,all_ridge,3535,buy,hypothetical_quote_buy,372.0,0.0,372.0,18244.367999999995,25.998224399999994,
2025-02-03,all_ridge,2466,buy,hypothetical_quote_buy,234.0,0.0,234.0,18460.845,26.306704125000003,
2025-02-03,all_ridge,6928,buy,hypothetical_quote_buy,289.0,0.0,289.0,18559.4355,26.4471955875,
2025-02-03,all_ridge,6625,buy,hypothetical_quote_buy,237.0,0.0,237.0,18721.340999999997,26.677910924999996,
2025-02-03,all_ridge,6558,buy,hypothetical_quote_buy,315.0,0.0,315.0,17886.487499999996,25.488244687499996,
2025-02-03,all_ridge,4755,buy,hypothetical_quote_buy,89.0,0.0,89.0,10688.677499999998,20.0,
2025-02-03,all_ridge,6691,buy,hypothetical_quote_buy,1.0,0.0,1.0,469.3349999999999,20.0,
2025-02-03,all_ridge,2485,buy,cash_or_one_share_gate,0.0,,,,,
2025-02-03,all_ridge,1210,buy,cash_or_one_share_gate,0.0,,,,,
2025-02-03,all_ridge,2597,buy,cash_or_one_share_gate,0.0,,,,,
2025-02-03,all_ridge,1760,buy,cash_or_one_share_gate,0.0,,,,,
2025-03-03,all_ridge,2537,sell,hypothetical_quote_sale,,,,21245.24,40.0,278.0
2025-03-03,all_ridge,3535,sell,hypothetical_quote_sale,,,,17174.496000030525,24.4736568,278.0
2025-03-03,all_ridge,4755,sell,hypothetical_quote_sale,,,,10715.155000043103,20.0,278.0
2025-03-03,all_ridge,5519,sell,hypothetical_quote_sale,,,,19279.716999982713,27.473596725,278.0
2025-03-03,all_ridge,6558,sell,hypothetical_quote_sale,,,,19118.924999999996,27.244468125,278.0
2025-03-03,all_ridge,6625,sell,hypothetical_quote_sale,,,,18868.182734617065,26.87440275,278.0
2025-03-03,all_ridge,6691,sell,hypothetical_quote_sale,,,,436.80499999965355,20.0,278.0
2025-03-03,all_ridge,6781,sell,hypothetical_quote_sale,,,,14725.999999973134,20.984550000000002,278.0
2025-03-03,all_ridge,6928,sell,hypothetical_quote_sale,,,,19496.229000000803,27.782126325,278.0
2025-03-03,all_ridge,1808,buy,hypothetical_quote_buy,500.0,0.0,500.0,18743.249999999996,26.709131249999995,
2025-03-03,all_ridge,2442,buy,hypothetical_quote_buy,683.0,0.0,683.0,18876.4125,26.8988878125,
2025-03-03,all_ridge,2530,buy,hypothetical_quote_buy,447.0,0.0,447.0,18800.48475,26.79069076875,
2025-03-03,all_ridge,1446,buy,hypothetical_quote_buy,428.0,0.0,428.0,18496.019999999997,26.356828499999995,
2025-03-03,all_ridge,2534,buy,hypothetical_quote_buy,742.0,0.0,742.0,18866.463,26.884709775,
2025-03-03,all_ridge,6937,buy,hypothetical_quote_buy,31.0,0.0,31.0,9221.88,20.0,
2025-03-03,all_ridge,2427,buy,hypothetical_quote_buy,14.0,0.0,14.0,386.2215,20.0,
2025-03-03,all_ridge,2501,buy,cash_or_one_share_gate,0.0,,,,,
2025-03-03,all_ridge,2539,buy,cash_or_one_share_gate,0.0,,,,,
2025-03-03,all_ridge,1789,buy,cash_or_one_share_gate,0.0,,,,,
2025-03-03,all_ridge,3055,buy,cash_or_one_share_gate,0.0,,,,,
2025-03-03,all_ridge,2528,buy,cash_or_one_share_gate,0.0,,,,,
2025-03-03,all_ridge,6957,buy,cash_or_one_share_gate,0.0,,,,,
2025-04-01,all_ridge,1446,sell,hypothetical_quote_sale,,,,13414.58999998979,20.0,299.0
2025-04-01,all_ridge,1808,sell,hypothetical_quote_sale,,,,17487.12500000314,24.919153125,299.0
2025-04-01,all_ridge,2427,sell,hypothetical_quote_sale,,,,360.7870000006818,20.0,299.0
2025-04-01,all_ridge,2442,sell,hypothetical_quote_sale,,,,16989.625000011867,24.210215625,299.0
2025-04-01,all_ridge,2465,sell,hypothetical_quote_sale,,,,10414.465999999999,20.0,299.0
2025-04-01,all_ridge,2466,sell,hypothetical_quote_sale,,,,17997.759000006306,25.646806575,299.0
2025-04-01,all_ridge,2530,sell,hypothetical_quote_sale,,,,17457.026249962746,24.87626240625,299.0
2025-04-01,all_ridge,2534,sell,hypothetical_quote_sale,,,,18531.078999983456,26.406787575000003,299.0
2025-04-01,all_ridge,6937,sell,hypothetical_quote_sale,,,,6909.279999999999,20.0,299.0
2025-04-01,all_ridge,8478,buy,hypothetical_quote_buy,113.0,0.0,113.0,18738.225,26.701970624999998,
2025-04-01,all_ridge,2014,buy,hypothetical_quote_buy,911.0,0.0,911.0,18723.099749999998,26.68041714375,
2025-04-01,all_ridge,3528,buy,hypothetical_quote_buy,278.0,0.0,278.0,18830.886,26.83401255,
2025-04-01,all_ridge,1540,buy,buy_limit_not_met,587.0,,,,,
2025-04-01,all_ridge,3209,buy,hypothetical_quote_buy,496.0,0.0,496.0,18942.239999999998,26.992691999999998,
2025-04-01,all_ridge,8499,buy,buy_limit_not_met,122.0,,,,,
2025-04-01,all_ridge,1451,buy,buy_limit_not_met,875.0,,,,,
2025-04-01,all_ridge,4949,buy,buy_limit_not_met,529.0,,,,,
2025-04-01,all_ridge,2468,buy,buy_limit_not_met,362.0,,,,,
2025-04-01,all_ridge,1515,buy,hypothetical_quote_buy,605.0,0.0,605.0,18848.774999999998,26.859504374999997,
2025-04-01,all_ridge,1442,buy,hypothetical_quote_buy,230.0,0.0,230.0,18861.839999999997,26.878121999999998,
2025-04-01,all_ridge,6928,buy,hypothetical_quote_buy,328.0,0.0,328.0,18855.408,26.868956400000002,
2025-04-01,all_ridge,3622,buy,hypothetical_quote_buy,156.0,0.0,156.0,8325.018,20.0,
2025-04-01,all_ridge,1712,buy,buy_limit_not_met,1.0,,,,,
2025-04-01,all_ridge,4807,buy,buy_limit_not_met,3.0,,,,,
2025-05-02,all_ridge,1442,sell,hypothetical_quote_sale,,,,16706.04999999675,23.806121250000004,319.0
2025-05-02,all_ridge,1515,sell,hypothetical_quote_sale,,,,18962.21249998392,27.021152812500002,319.0
2025-05-02,all_ridge,2014,sell,hypothetical_quote_sale,,,,14639.0867500187,20.86069861875,319.0
2025-05-02,all_ridge,3209,sell,hypothetical_quote_sale,,,,19247.279999985538,27.427374,319.0
2025-05-02,all_ridge,3528,sell,hypothetical_quote_sale,,,,24894.9000000043,35.4752325,319.0
2025-05-02,all_ridge,3622,sell,hypothetical_quote_sale,,,,7885.176000002926,20.0,319.0
2025-05-02,all_ridge,6928,sell,hypothetical_quote_sale,,,,15387.874000016649,21.92772045,319.0
2025-05-02,all_ridge,8478,sell,hypothetical_quote_sale,,,,16303.074999983895,23.231881875000003,319.0
2025-05-02,all_ridge,2468,buy,buy_limit_not_met,238.0,,,,,
2025-05-02,all_ridge,4949,buy,buy_limit_not_met,322.0,,,,,
2025-05-02,all_ridge,3056,buy,buy_limit_not_met,500.0,,,,,
2025-05-02,all_ridge,8072,buy,buy_limit_not_met,386.0,,,,,
2025-05-02,all_ridge,1618,buy,buy_limit_not_met,491.0,,,,,
2025-05-02,all_ridge,2545,buy,hypothetical_quote_buy,364.0,0.0,364.0,18839.729999999996,26.846615249999996,
2025-05-02,all_ridge,2107,buy,hypothetical_quote_buy,752.0,0.0,752.0,18893.999999999996,26.923949999999994,
2025-05-02,all_ridge,1529,buy,buy_limit_not_met,842.0,,,,,
2025-05-02,all_ridge,1466,buy,buy_limit_not_met,1299.0,,,,,
2025-05-02,all_ridge,2542,buy,hypothetical_quote_buy,460.0,0.0,460.0,18954.3,27.009877499999998,
2025-05-02,all_ridge,4137,buy,buy_limit_not_met,164.0,,,,,
2025-05-02,all_ridge,2431,buy,buy_limit_not_met,1618.0,,,,,
2025-05-02,all_ridge,1760,buy,buy_limit_not_met,267.0,,,,,
2025-05-02,all_ridge,2547,buy,buy_limit_not_met,1489.0,,,,,
2025-05-02,all_ridge,2820,buy,hypothetical_quote_buy,1259.0,1000.0,259.0,18916.160249999997,41.41026875,
2025-06-02,all_ridge,2107,sell,hypothetical_quote_sale,,,,19678.712000021995,28.0421646,339.0
2025-06-02,all_ridge,2542,sell,hypothetical_quote_sale,,,,18307.99999998375,26.088900000000002,339.0
2025-06-02,all_ridge,2545,sell,hypothetical_quote_sale,,,,18905.796000016224,26.9407593,339.0
2025-06-02,all_ridge,2820,sell,hypothetical_quote_sale,,,,19416.92750005566,41.9770625,339.0
2025-06-02,all_ridge,5522,buy,hypothetical_quote_buy,306.0,0.0,306.0,18851.588999999996,26.863514324999997,
2025-06-02,all_ridge,3535,buy,hypothetical_quote_buy,588.0,0.0,588.0,18910.079999999998,26.946863999999998,
2025-06-02,all_ridge,2442,buy,hypothetical_quote_buy,752.0,0.0,752.0,18742.847999999998,26.708558399999998,
2025-06-02,all_ridge,2539,buy,buy_limit_not_met,308.0,,,,,
2025-06-02,all_ridge,3149,buy,hypothetical_quote_buy,578.0,0.0,578.0,18646.569,26.571360825,
2025-06-02,all_ridge,6541,buy,hypothetical_quote_buy,349.0,0.0,349.0,18764.8575,26.7399219375,
2025-06-02,all_ridge,2348,buy,buy_limit_not_met,152.0,,,,,
2025-06-02,all_ridge,4949,buy,hypothetical_quote_buy,327.0,0.0,327.0,18633.6045,26.5528864125,
2025-06-02,all_ridge,2528,buy,hypothetical_quote_buy,516.0,0.0,516.0,18720.737999999998,26.67705165,
2025-06-02,all_ridge,6862,buy,hypothetical_quote_buy,134.0,0.0,134.0,18853.8,26.866665,
2025-06-02,all_ridge,5519,buy,hypothetical_quote_buy,530.0,0.0,530.0,18855.809999999998,26.86952925,
2025-06-02,all_ridge,2535,buy,hypothetical_quote_buy,121.0,0.0,121.0,7527.349499999999,20.0,
2025-06-02,all_ridge,8033,buy,cash_or_one_share_gate,0.0,,,,,
2025-06-02,all_ridge,8072,buy,cash_or_one_share_gate,0.0,,,,,
2025-06-02,all_ridge,1808,buy,cash_or_one_share_gate,0.0,,,,,
2025-07-01,all_ridge,2442,sell,hypothetical_quote_sale,,,,18331.879999952773,26.088191062500005,360.0
2025-07-01,all_ridge,2528,sell,hypothetical_quote_sale,,,,15941.690999996112,22.716909675,360.0
2025-07-01,all_ridge,3535,sell,hypothetical_quote_sale,,,,32061.288000010416,45.687335399999995,360.0
2025-07-01,all_ridge,4949,sell,hypothetical_quote_sale,,,,17407.027500016866,24.8050141875,360.0
2025-07-01,all_ridge,5519,sell,hypothetical_quote_sale,,,,17339.267999985605,24.671025,360.0
2025-07-01,all_ridge,5522,sell,hypothetical_quote_sale,,,,20296.05760767367,28.89912825,360.0
2025-07-01,all_ridge,6541,sell,hypothetical_quote_sale,,,,18543.416999973164,26.424369224999996,360.0
2025-07-01,all_ridge,6862,sell,hypothetical_quote_sale,,,,18866.195,26.884327875,360.0
2025-07-01,all_ridge,1808,buy,hypothetical_quote_buy,623.0,0.0,623.0,18939.97875,26.989469718749998,
2025-07-01,all_ridge,9902,buy,hypothetical_quote_buy,1019.0,1000.0,19.0,18843.347999999998,46.351099999999995,
2025-07-01,all_ridge,6869,buy,buy_limit_not_met,114.0,,,,,
2025-07-01,all_ridge,6674,buy,hypothetical_quote_buy,715.0,0.0,715.0,18862.59375,26.87919609375,
2025-07-01,all_ridge,1232,buy,hypothetical_quote_buy,123.0,0.0,123.0,18789.48,26.775009,
2025-07-01,all_ridge,8442,buy,hypothetical_quote_buy,4.0,0.0,4.0,336.474,20.0,
2025-07-01,all_ridge,6625,buy,cash_or_one_share_gate,0.0,,,,,
2025-07-01,all_ridge,2015,buy,cash_or_one_share_gate,0.0,,,,,
2025-07-01,all_ridge,9930,buy,cash_or_one_share_gate,0.0,,,,,
2025-07-01,all_ridge,3027,buy,hypothetical_quote_buy,1.0,0.0,1.0,30.551999999999996,20.0,
2025-07-01,all_ridge,6141,buy,cash_or_one_share_gate,0.0,,,,,
2025-07-01,all_ridge,9940,buy,cash_or_one_share_gate,0.0,,,,,
2025-07-01,all_ridge,1712,buy,cash_or_one_share_gate,0.0,,,,,
2025-08-01,all_ridge,1232,sell,hypothetical_quote_sale,,,,18174.172500048084,25.898195812500003,383.0
2025-08-01,all_ridge,1808,sell,hypothetical_quote_sale,,,,19185.44074997799,27.339253068749997,383.0
2025-08-01,all_ridge,2535,sell,hypothetical_quote_sale,,,,7223.699999991508,20.0,383.0
2025-08-01,all_ridge,3027,sell,hypothetical_quote_sale,,,,28.357499999975513,20.0,383.0
2025-08-01,all_ridge,6674,sell,hypothetical_quote_sale,,,,19172.903750031684,27.32138784375,383.0
2025-08-01,all_ridge,8442,sell,hypothetical_quote_sale,,,,301.3044073066515,20.0,383.0
2025-08-01,all_ridge,9902,sell,hypothetical_quote_sale,,,,16653.677666210948,42.898681249999996,383.0
2025-08-01,all_ridge,2537,buy,hypothetical_quote_buy,1754.0,1000.0,754.0,18949.7775,40.0,
2025-08-01,all_ridge,5522,buy,hypothetical_quote_buy,302.0,0.0,302.0,18544.461,26.425856925,
2025-08-01,all_ridge,9906,buy,hypothetical_quote_buy,279.0,0.0,279.0,18506.07,26.37114975,
2025-08-01,all_ridge,2889,buy,hypothetical_quote_buy,1290.0,1000.0,290.0,18733.702499999996,40.69420624999999,
2025-08-01,all_ridge,2530,buy,hypothetical_quote_buy,659.0,0.0,659.0,18577.37475,26.47275901875,
2025-08-01,all_ridge,3055,buy,hypothetical_quote_buy,332.0,0.0,332.0,18518.129999999997,26.388335249999997,
2025-08-01,all_ridge,8045,buy,hypothetical_quote_buy,176.0,0.0,176.0,18572.399999999998,26.46567,
2025-08-01,all_ridge,2442,buy,hypothetical_quote_buy,711.0,0.0,711.0,18828.52425,26.830647056249997,
2025-08-01,all_ridge,2545,buy,hypothetical_quote_buy,217.0,0.0,217.0,8505.314999999999,20.0,
2025-08-01,all_ridge,6949,buy,cash_or_one_share_gate,0.0,,,,,
2025-08-01,all_ridge,2208,buy,hypothetical_quote_buy,4.0,0.0,4.0,64.722,20.0,
2025-08-01,all_ridge,8021,buy,cash_or_one_share_gate,0.0,,,,,
2025-08-01,all_ridge,8499,buy,cash_or_one_share_gate,0.0,,,,,
2025-08-01,all_ridge,6443,buy,cash_or_one_share_gate,0.0,,,,,
2025-09-01,all_ridge,2208,sell,hypothetical_quote_sale,,,,83.58000000003327,20.0,404.0
2025-09-01,all_ridge,2442,sell,hypothetical_quote_sale,,,,19914.57674999588,28.37827186875,404.0
2025-09-01,all_ridge,2530,sell,hypothetical_quote_sale,,,,20359.640249983004,29.012487356250002,404.0
2025-09-01,all_ridge,2537,sell,hypothetical_quote_sale,,,,18412.176500000005,40.0,404.0
2025-09-01,all_ridge,2545,sell,hypothetical_quote_sale,,,,8733.761750007949,20.0,404.0
2025-09-01,all_ridge,2889,sell,hypothetical_quote_sale,,,,19895.025000003952,41.9770625,404.0
2025-09-01,all_ridge,3055,sell,hypothetical_quote_sale,,,,19423.992000005077,27.6791886,404.0
2025-09-01,all_ridge,3149,sell,hypothetical_quote_sale,,,,22659.33400001019,32.28955095,404.0
2025-09-01,all_ridge,5522,sell,hypothetical_quote_sale,,,,18510.18399999612,26.377012200000003,404.0
2025-09-01,all_ridge,8045,sell,hypothetical_quote_sale,,,,21277.079999980575,30.319838999999998,404.0
2025-09-01,all_ridge,9906,sell,hypothetical_quote_sale,,,,20015.320499983776,28.5218317125,404.0
2025-09-01,all_ridge,3535,buy,hypothetical_quote_buy,266.0,0.0,266.0,18713.1,26.6661675,
2025-09-01,all_ridge,2542,buy,hypothetical_quote_buy,449.0,0.0,449.0,18907.1655,26.942710837499998,
2025-09-01,all_ridge,4142,buy,buy_limit_not_met,1031.0,,,,,
2025-09-01,all_ridge,1436,buy,buy_limit_not_met,263.0,,,,,
2025-09-01,all_ridge,2548,buy,buy_limit_not_met,187.0,,,,,
2025-09-01,all_ridge,6141,buy,hypothetical_quote_buy,1385.0,1000.0,385.0,18930.179999999997,40.0,
2025-09-01,all_ridge,1721,buy,hypothetical_quote_buy,1449.0,1000.0,449.0,18858.372749999995,40.0,
2025-09-01,all_ridge,2501,buy,hypothetical_quote_buy,223.0,0.0,223.0,4706.414999999999,20.0,
2025-09-01,all_ridge,2429,buy,cash_or_one_share_gate,0.0,,,,,
2025-09-01,all_ridge,8021,buy,cash_or_one_share_gate,0.0,,,,,
2025-09-01,all_ridge,6933,buy,cash_or_one_share_gate,0.0,,,,,
2025-09-01,all_ridge,2014,buy,buy_limit_not_met,2.0,,,,,
2025-09-01,all_ridge,2466,buy,cash_or_one_share_gate,0.0,,,,,
2025-09-01,all_ridge,3712,buy,cash_or_one_share_gate,0.0,,,,,
2025-09-01,all_ridge,4989,buy,hypothetical_quote_buy,1.0,0.0,1.0,32.96399999999999,20.0,
2025-10-01,all_ridge,2501,sell,hypothetical_quote_sale,,,,5236.4859999847695,20.0,425.0
2025-10-01,all_ridge,2542,sell,hypothetical_quote_sale,,,,19643.61213458669,27.960494999999998,425.0
2025-10-01,all_ridge,3535,sell,hypothetical_quote_sale,,,,21570.60499999413,30.738112125,425.0
2025-10-01,all_ridge,4989,sell,hypothetical_quote_sale,,,,25.67100000000657,20.0,425.0
2025-10-01,all_ridge,6141,sell,hypothetical_quote_sale,,,,16536.9,40.0,425.0
2025-10-01,all_ridge,2530,buy,buy_limit_not_met,624.0,,,,,
2025-10-01,all_ridge,2429,buy,buy_limit_not_met,156.0,,,,,
2025-10-01,all_ridge,5522,buy,hypothetical_quote_buy,302.0,0.0,302.0,18817.62,26.8151085,
2025-10-01,all_ridge,1808,buy,hypothetical_quote_buy,654.0,0.0,654.0,18863.648999999998,26.880699824999997,
2025-10-01,all_ridge,5519,buy,hypothetical_quote_buy,641.0,0.0,641.0,18778.575749999996,26.759470443749997,
2025-10-01,all_ridge,2466,buy,buy_limit_not_met,280.0,,,,,
2025-10-01,all_ridge,4722,buy,hypothetical_quote_buy,97.0,0.0,97.0,18132.21,25.83839925,
2025-10-01,all_ridge,2014,buy,hypothetical_quote_buy,1184.0,1000.0,184.0,18800.736,42.627575,
2025-10-01,all_ridge,6949,buy,hypothetical_quote_buy,45.0,0.0,45.0,18225.674999999996,25.971586874999996,
2025-10-01,all_ridge,2406,buy,buy_limit_not_met,911.0,,,,,
2025-10-01,all_ridge,6283,buy,hypothetical_quote_buy,760.0,0.0,760.0,18865.859999999997,26.883850499999998,
2025-10-01,all_ridge,2231,buy,hypothetical_quote_buy,157.0,0.0,157.0,18855.3075,26.8688131875,
2025-10-01,all_ridge,4142,buy,buy_limit_not_met,991.0,,,,,
2025-10-01,all_ridge,3048,buy,hypothetical_quote_buy,466.0,0.0,466.0,18850.282499999998,26.861652562499998,
2025-11-03,all_ridge,1721,sell,hypothetical_quote_sale,,,,17084.79675002875,40.0,445.0
2025-11-03,all_ridge,1808,sell,hypothetical_quote_sale,,,,24890.422500016382,35.4688520625,445.0
2025-11-03,all_ridge,2231,sell,hypothetical_quote_sale,,,,15933.930000001741,22.705850249999997,445.0
2025-11-03,all_ridge,3048,sell,hypothetical_quote_sale,,,,17665.827000017693,25.173803475000003,445.0
2025-11-03,all_ridge,5519,sell,hypothetical_quote_sale,,,,18336.606249988727,26.129663906250002,445.0
2025-11-03,all_ridge,6283,sell,hypothetical_quote_sale,,,,19472.15,27.747813750000002,445.0
2025-11-03,all_ridge,6949,sell,hypothetical_quote_sale,,,,16253.325,23.160988125000003,445.0
2025-11-03,all_ridge,6177,buy,buy_limit_not_met,380.0,,,,,
2025-11-03,all_ridge,3535,buy,hypothetical_quote_buy,243.0,0.0,243.0,18828.976499999997,26.831291512499998,
2025-11-03,all_ridge,2429,buy,hypothetical_quote_buy,205.0,0.0,205.0,18913.094999999998,26.951160374999997,
2025-11-03,all_ridge,2344,buy,buy_limit_not_met,346.0,,,,,
2025-11-03,all_ridge,2466,buy,hypothetical_quote_buy,369.0,0.0,369.0,18764.756999999998,26.739778724999997,
2025-11-03,all_ridge,1532,buy,hypothetical_quote_buy,715.0,0.0,715.0,18862.59375,26.87919609375,
2025-11-03,all_ridge,2408,buy,buy_limit_not_met,53.0,,,,,
2025-11-03,all_ridge,6405,buy,buy_limit_not_met,253.0,,,,,
2025-11-03,all_ridge,2342,buy,hypothetical_quote_buy,206.0,0.0,206.0,7039.019999999999,20.0,
2025-11-03,all_ridge,2542,buy,hypothetical_quote_buy,1.0,0.0,1.0,39.2955,20.0,
2025-11-03,all_ridge,9902,buy,hypothetical_quote_buy,1.0,0.0,1.0,16.632749999999998,20.0,
2025-11-03,all_ridge,3002,buy,cash_or_one_share_gate,0.0,,,,,
2025-12-01,all_ridge,1532,sell,hypothetical_quote_sale,,,,20062.18500001842,28.588613624999997,465.0
2025-12-01,all_ridge,2342,sell,hypothetical_quote_sale,,,,6067.111999990948,20.0,465.0
2025-12-01,all_ridge,2466,sell,hypothetical_quote_sale,,,,19459.21500001599,27.729381375000003,465.0
2025-12-01,all_ridge,2542,sell,hypothetical_quote_sale,,,,37.810000000027145,20.0,465.0
2025-12-01,all_ridge,4722,sell,hypothetical_quote_sale,,,,17276.185000029185,24.618563624999997,465.0
2025-12-01,all_ridge,5522,sell,hypothetical_quote_sale,,,,18089.497999998737,25.77753465,465.0
2025-12-01,all_ridge,9902,sell,hypothetical_quote_sale,,,,17.163749999959666,20.0,465.0
2025-12-01,all_ridge,2548,buy,hypothetical_quote_buy,178.0,0.0,178.0,18604.559999999998,26.511497999999996,
2025-12-01,all_ridge,2344,buy,hypothetical_quote_buy,323.0,0.0,323.0,18795.208499999997,26.783172112499997,
2025-12-01,all_ridge,2408,buy,buy_limit_not_met,128.0,,,,,
2025-12-01,all_ridge,8110,buy,hypothetical_quote_buy,508.0,0.0,508.0,18915.506999999998,26.954597474999996,
2025-12-01,all_ridge,4967,buy,buy_limit_not_met,142.0,,,,,
2025-12-01,all_ridge,3708,buy,hypothetical_quote_buy,173.0,0.0,173.0,18690.4875,26.6339446875,
2025-12-01,all_ridge,6931,buy,hypothetical_quote_buy,288.0,0.0,288.0,18755.712,26.7268896,
2025-12-01,all_ridge,2348,buy,hypothetical_quote_buy,222.0,0.0,222.0,18674.307,26.610887475000002,
2025-12-01,all_ridge,5534,buy,hypothetical_quote_buy,209.0,0.0,209.0,16320.4965,23.2567075125,
2025-12-01,all_ridge,3025,buy,buy_limit_not_met,1.0,,,,,
2025-12-01,all_ridge,3055,buy,hypothetical_quote_buy,1.0,0.0,1.0,64.32,20.0,
2025-12-01,all_ridge,3041,buy,cash_or_one_share_gate,0.0,,,,,
2026-01-02,all_ridge,2014,sell,hypothetical_quote_sale,,,,18554.76000000037,42.33153125,487.0
2026-01-02,all_ridge,2348,sell,hypothetical_quote_sale,,,,17914.179000033542,25.527705074999997,487.0
2026-01-02,all_ridge,2429,sell,hypothetical_quote_sale,,,,16379.192499995837,23.3403493125,487.0
2026-01-02,all_ridge,2548,sell,hypothetical_quote_sale,,,,20544.760000004968,29.276283000000003,487.0
2026-01-02,all_ridge,3055,sell,hypothetical_quote_sale,,,,77.70949999996462,20.0,487.0
2026-01-02,all_ridge,3535,sell,hypothetical_quote_sale,,,,22606.897500006635,32.2148289375,487.0
2026-01-02,all_ridge,3708,sell,hypothetical_quote_sale,,,,19537.322499915543,27.840684562500005,487.0
2026-01-02,all_ridge,5534,sell,hypothetical_quote_sale,,,,17696.97050004667,25.2181829625,487.0
2026-01-02,all_ridge,6931,sell,hypothetical_quote_sale,,,,18000.69814804489,25.603419600000002,487.0
2026-01-02,all_ridge,6944,buy,hypothetical_quote_buy,27.0,0.0,27.0,18804.554999999997,26.796490874999996,
2026-01-02,all_ridge,2408,buy,hypothetical_quote_buy,97.0,0.0,97.0,18765.8625,26.7413540625,
2026-01-02,all_ridge,5522,buy,buy_limit_not_met,245.0,,,,,
2026-01-02,all_ridge,2885,buy,buy_limit_not_met,477.0,,,,,
2026-01-02,all_ridge,2427,buy,hypothetical_quote_buy,706.0,0.0,706.0,18944.450999999997,26.995842675,
2026-01-02,all_ridge,1795,buy,hypothetical_quote_buy,66.0,0.0,66.0,18771.39,26.74923075,
2026-01-02,all_ridge,4142,buy,hypothetical_quote_buy,272.0,0.0,272.0,5180.172,20.0,
2026-01-02,all_ridge,2441,buy,cash_or_one_share_gate,0.0,,,,,
2026-01-02,all_ridge,6282,buy,cash_or_one_share_gate,0.0,,,,,
2026-01-02,all_ridge,2451,buy,cash_or_one_share_gate,0.0,,,,,
2026-01-02,all_ridge,2892,buy,cash_or_one_share_gate,0.0,,,,,
2026-01-02,all_ridge,2347,buy,cash_or_one_share_gate,0.0,,,,,
2026-01-02,all_ridge,3711,buy,cash_or_one_share_gate,0.0,,,,,
2026-02-02,all_ridge,1795,sell,hypothetical_quote_sale,,,,23641.1999999886,33.68871,508.0
2026-02-02,all_ridge,2344,sell,hypothetical_quote_sale,,,,39048.27749995507,55.643795437499996,508.0
2026-02-02,all_ridge,2408,sell,hypothetical_quote_sale,,,,29919.649999986632,42.63550125,508.0
2026-02-02,all_ridge,2427,sell,hypothetical_quote_sale,,,,17772.491000002927,25.325799675000003,508.0
2026-02-02,all_ridge,4142,sell,hypothetical_quote_sale,,,,5196.288,20.0,508.0
2026-02-02,all_ridge,6944,sell,hypothetical_quote_sale,,,,18886.094999987083,26.912685375000002,508.0
2026-02-02,all_ridge,2548,buy,hypothetical_quote_buy,176.0,0.0,176.0,18749.28,26.717724,
2026-02-02,all_ridge,2015,buy,hypothetical_quote_buy,290.0,0.0,290.0,18827.669999999995,26.829429749999992,
2026-02-02,all_ridge,6443,buy,buy_limit_not_met,481.0,,,,,
2026-02-02,all_ridge,4588,buy,buy_limit_not_met,285.0,,,,,
2026-02-02,all_ridge,2527,buy,hypothetical_quote_buy,650.0,0.0,650.0,18846.262499999997,26.855924062499998,
2026-02-02,all_ridge,2451,buy,hypothetical_quote_buy,70.0,0.0,70.0,17728.199999999997,25.262684999999998,
2026-02-02,all_ridge,3045,buy,hypothetical_quote_buy,178.0,0.0,178.0,18962.339999999997,27.021334499999995,
2026-02-02,all_ridge,3037,buy,hypothetical_quote_buy,49.0,0.0,49.0,18466.874999999996,26.315296874999994,
2026-02-02,all_ridge,2337,buy,hypothetical_quote_buy,202.0,0.0,202.0,17661.87,25.16816475,
2026-02-02,all_ridge,8150,buy,hypothetical_quote_buy,312.0,0.0,312.0,18500.039999999997,26.362556999999995,
2026-02-02,all_ridge,3231,buy,hypothetical_quote_buy,20.0,0.0,20.0,2592.8999999999996,20.0,
2026-02-02,all_ridge,2317,buy,cash_or_one_share_gate,0.0,,,,,
2026-02-02,all_ridge,5522,buy,cash_or_one_share_gate,0.0,,,,,
2026-02-02,all_ridge,2801,buy,hypothetical_quote_buy,2.0,0.0,2.0,41.00399999999999,20.0,
2026-03-02,all_ridge,2015,sell,hypothetical_quote_sale,,,,19390.5600000081,27.631548000000002,520.0
2026-03-02,all_ridge,2337,sell,hypothetical_quote_sale,,,,21204.444999942778,30.216334125,520.0
2026-03-02,all_ridge,2451,sell,hypothetical_quote_sale,,,,14069.299999986517,20.048752500000003,520.0
2026-03-02,all_ridge,2527,sell,hypothetical_quote_sale,,,,20695.99999998929,29.4918,520.0
2026-03-02,all_ridge,2548,sell,hypothetical_quote_sale,,,,19000.52000002708,27.075741,520.0
2026-03-02,all_ridge,2801,sell,hypothetical_quote_sale,,,,42.58599999993715,20.0,520.0
2026-03-02,all_ridge,3045,sell,hypothetical_quote_sale,,,,18950.769999977816,27.00484725,520.0
2026-03-02,all_ridge,3231,sell,hypothetical_quote_sale,,,,2616.8499999943892,20.0,520.0
2026-03-02,all_ridge,8110,sell,hypothetical_quote_sale,,,,31338.520000021508,44.657391000000004,520.0
2026-03-02,all_ridge,8150,sell,hypothetical_quote_sale,,,,21575.579999986592,30.745201500000004,520.0
2026-03-02,all_ridge,6177,buy,hypothetical_quote_buy,396.0,0.0,396.0,18844.353,26.853203025,
2026-03-02,all_ridge,6443,buy,hypothetical_quote_buy,416.0,0.0,416.0,18729.983999999997,26.690227199999995,
2026-03-02,all_ridge,5007,buy,hypothetical_quote_buy,308.0,0.0,308.0,18789.077999999998,26.774436149999996,
2026-03-02,all_ridge,9906,buy,hypothetical_quote_buy,459.0,0.0,459.0,18820.835999999996,26.819691299999995,
2026-03-02,all_ridge,2442,buy,hypothetical_quote_buy,941.0,0.0,941.0,18535.818,26.41354065,
2026-03-02,all_ridge,2537,buy,hypothetical_quote_buy,1796.0,1000.0,796.0,18681.542999999998,40.0,
2026-03-02,all_ridge,1436,buy,hypothetical_quote_buy,330.0,0.0,330.0,18870.885,26.891011125,
2026-03-02,all_ridge,1402,buy,buy_limit_not_met,81.0,,,,,
2026-03-02,all_ridge,3703,buy,hypothetical_quote_buy,105.0,0.0,105.0,2358.48375,20.0,
2026-03-02,all_ridge,2330,buy,cash_or_one_share_gate,0.0,,,,,
2026-03-02,all_ridge,4938,buy,cash_or_one_share_gate,0.0,,,,,
2026-03-02,all_ridge,2317,buy,cash_or_one_share_gate,0.0,,,,,
2026-03-02,all_ridge,2367,buy,cash_or_one_share_gate,0.0,,,,,
2026-03-02,all_ridge,2530,buy,cash_or_one_share_gate,0.0,,,,,
2026-04-01,all_ridge,1436,sell,hypothetical_quote_sale,,,,17435.38499999977,24.845423625,542.0
2026-04-01,all_ridge,2442,sell,hypothetical_quote_sale,,,,19194.047499976357,27.322451250000004,542.0
2026-04-01,all_ridge,2537,sell,hypothetical_quote_sale,,,,18406.306000000004,40.0,542.0
2026-04-01,all_ridge,3037,sell,hypothetical_quote_sale,,,,23597.4199999944,33.6263235,542.0
2026-04-01,all_ridge,3703,sell,hypothetical_quote_sale,,,,2345.4637499988185,20.0,542.0
2026-04-01,all_ridge,5007,sell,hypothetical_quote_sale,,,,17835.971999985944,25.3584108,542.0
2026-04-01,all_ridge,6177,sell,hypothetical_quote_sale,,,,18597.7440000087,26.501785200000004,542.0
2026-04-01,all_ridge,6443,sell,hypothetical_quote_sale,,,,17715.77599999964,25.244980799999997,542.0
2026-04-01,all_ridge,9906,sell,hypothetical_quote_sale,,,,18884.75175001919,26.910771243750002,542.0
2026-04-01,all_ridge,8926,buy,buy_limit_not_met,434.0,,,,,
2026-04-01,all_ridge,9908,buy,buy_limit_not_met,631.0,,,,,
2026-04-01,all_ridge,6515,buy,buy_limit_not_met,2.0,,,,,
2026-04-01,all_ridge,2367,buy,buy_limit_not_met,255.0,,,,,
2026-04-01,all_ridge,2337,buy,buy_limit_not_met,162.0,,,,,
2026-04-01,all_ridge,9925,buy,hypothetical_quote_buy,460.0,0.0,460.0,18884.954999999998,26.911060874999997,
2026-04-01,all_ridge,4904,buy,buy_limit_not_met,204.0,,,,,
2026-04-01,all_ridge,3481,buy,buy_limit_not_met,787.0,,,,,
2026-04-01,all_ridge,2027,buy,buy_limit_not_met,509.0,,,,,
2026-04-01,all_ridge,9907,buy,buy_limit_not_met,1031.0,,,,,
2026-04-01,all_ridge,6550,buy,buy_limit_not_met,980.0,,,,,
2026-04-01,all_ridge,2454,buy,buy_limit_not_met,12.0,,,,,
2026-04-01,all_ridge,3189,buy,buy_limit_not_met,60.0,,,,,
2026-04-01,all_ridge,6770,buy,buy_limit_not_met,353.0,,,,,
2026-04-01,all_ridge,8464,buy,buy_limit_not_met,56.0,,,,,
2026-05-04,all_ridge,9925,sell,hypothetical_quote_sale,,,,18445.31000000368,26.284566749999996,562.0
2026-05-04,all_ridge,6861,buy,buy_limit_not_met,57.0,,,,,
2026-05-04,all_ridge,2440,buy,buy_limit_not_met,1028.0,,,,,
2026-05-04,all_ridge,2465,buy,buy_limit_not_met,253.0,,,,,
2026-05-04,all_ridge,6830,buy,buy_limit_not_met,22.0,,,,,
2026-05-04,all_ridge,2545,buy,hypothetical_quote_buy,500.0,0.0,500.0,18919.124999999996,26.959753124999995,
2026-05-04,all_ridge,3167,buy,buy_limit_not_met,21.0,,,,,
2026-05-04,all_ridge,6715,buy,buy_limit_not_met,46.0,,,,,
2026-05-04,all_ridge,2442,buy,hypothetical_quote_buy,1028.0,1000.0,28.0,18906.461999999996,46.2078875,
2026-05-04,all_ridge,2383,buy,buy_limit_not_met,4.0,,,,,
2026-05-04,all_ridge,4919,buy,buy_limit_not_met,127.0,,,,,
2026-05-04,all_ridge,2348,buy,hypothetical_quote_buy,264.0,0.0,264.0,18811.188,26.805942899999998,
2026-05-04,all_ridge,8046,buy,buy_limit_not_met,18.0,,,,,
2026-05-04,all_ridge,6278,buy,buy_limit_not_met,111.0,,,,,
2026-05-04,all_ridge,4958,buy,buy_limit_not_met,44.0,,,,,
2026-05-04,all_ridge,6515,buy,buy_limit_not_met,1.0,,,,,
2026-06-01,all_ridge,2348,sell,hypothetical_quote_sale,,,,17914.775999885846,25.431856725000003,582.0
2026-06-01,all_ridge,2442,sell,hypothetical_quote_sale,,,,19127.481999987704,46.5142625,582.0
2026-06-01,all_ridge,2545,sell,hypothetical_quote_sale,,,,18084.124999981177,25.769878125,582.0
2026-06-01,all_ridge,3026,buy,buy_limit_not_met,29.0,,,,,
2026-06-01,all_ridge,6226,buy,hypothetical_quote_buy,1444.0,1000.0,444.0,18938.421,40.0,
2026-06-01,all_ridge,2527,buy,hypothetical_quote_buy,511.0,0.0,511.0,18873.146249999998,26.89423340625,
2026-06-01,all_ridge,4142,buy,hypothetical_quote_buy,1094.0,1000.0,94.0,18855.910499999994,44.56094374999999,
2026-06-01,all_ridge,2426,buy,buy_limit_not_met,231.0,,,,,
2026-06-01,all_ridge,4904,buy,buy_limit_not_met,198.0,,,,,
2026-06-01,all_ridge,2530,buy,buy_limit_not_met,1003.0,,,,,
2026-06-01,all_ridge,3702,buy,hypothetical_quote_buy,159.0,0.0,159.0,18775.9125,26.7556753125,
2026-06-01,all_ridge,8271,buy,buy_limit_not_met,76.0,,,,,
2026-06-01,all_ridge,2347,buy,hypothetical_quote_buy,218.0,0.0,218.0,18710.286,26.66215755,
2026-06-01,all_ridge,2505,buy,hypothetical_quote_buy,1078.0,1000.0,78.0,18850.985999999997,44.918975,
2026-06-01,all_ridge,4967,buy,buy_limit_not_met,68.0,,,,,
2026-06-01,all_ridge,3036,buy,hypothetical_quote_buy,65.0,0.0,65.0,18715.612499999996,26.669747812499995,
2026-06-01,all_ridge,5534,buy,hypothetical_quote_buy,253.0,0.0,253.0,18891.889499999997,26.920942537499997,
2026-06-01,all_ridge,2101,buy,buy_limit_not_met,625.0,,,,,
2026-07-01,all_ridge,2347,sell,hypothetical_quote_sale,,,,20064.174999958614,28.591449375,603.0
2026-07-01,all_ridge,2505,sell,hypothetical_quote_sale,,,,19414.240999996353,45.663537500000004,603.0
2026-07-01,all_ridge,2527,sell,hypothetical_quote_sale,,,,20820.8227500062,29.669672418750004,603.0
2026-07-01,all_ridge,3036,sell,hypothetical_quote_sale,,,,14435.166453144386,20.30680575,603.0
2026-07-01,all_ridge,3702,sell,hypothetical_quote_sale,,,,17007.03750000577,24.235028437500002,603.0
2026-07-01,all_ridge,4142,sell,hypothetical_quote_sale,,,,19266.981,45.096387500000006,603.0
2026-07-01,all_ridge,5534,sell,hypothetical_quote_sale,,,,19836.718000004643,28.267323149999996,603.0
2026-07-01,all_ridge,6226,sell,hypothetical_quote_sale,,,,34841.915,54.38346875,603.0
2026-07-01,all_ridge,3026,buy,buy_limit_not_met,22.0,,,,,
2026-07-01,all_ridge,2327,buy,buy_limit_not_met,16.0,,,,,
2026-07-01,all_ridge,2492,buy,buy_limit_not_met,33.0,,,,,
2026-07-01,all_ridge,2851,buy,hypothetical_quote_buy,519.0,0.0,519.0,18933.898499999996,26.980805362499996,
2026-07-01,all_ridge,2905,buy,buy_limit_not_met,1268.0,,,,,
2026-07-01,all_ridge,2454,buy,buy_limit_not_met,4.0,,,,,
2026-07-01,all_ridge,2478,buy,buy_limit_not_met,83.0,,,,,
2026-07-01,all_ridge,4904,buy,hypothetical_quote_buy,178.0,0.0,178.0,18694.004999999997,26.638957124999997,
2026-07-01,all_ridge,2303,buy,buy_limit_not_met,114.0,,,,,
2026-07-01,all_ridge,4958,buy,buy_limit_not_met,29.0,,,,,
2026-07-01,all_ridge,2886,buy,hypothetical_quote_buy,407.0,0.0,407.0,18876.965249999997,26.899675481249997,
2026-07-01,all_ridge,3661,buy,hypothetical_quote_buy,4.0,0.0,4.0,16884.0,24.0597,
2026-07-01,all_ridge,4764,buy,buy_limit_not_met,62.0,,,,,
2026-07-01,all_ridge,6658,buy,buy_limit_not_met,80.0,,,,,
2026-07-01,all_ridge,2885,buy,buy_limit_not_met,285.0,,,,,
2026-08-03,all_ridge,2851,sell,hypothetical_quote_sale,,,,17815.97250000352,25.3877608125,625.0
2026-08-03,all_ridge,2886,sell,hypothetical_quote_sale,,,,21179.669500016567,30.1810290375,625.0
2026-08-03,all_ridge,3661,sell,hypothetical_quote_sale,,,,12218.60000001498,20.0,625.0
2026-08-03,all_ridge,2536,buy,hypothetical_quote_buy,1031.0,1000.0,31.0,18858.020999999997,46.064674999999994,
2026-08-03,all_ridge,2528,buy,hypothetical_quote_buy,968.0,0.0,968.0,18727.17,26.68621725,
2026-08-03,all_ridge,1232,buy,hypothetical_quote_buy,121.0,0.0,121.0,18727.17,26.68621725,
2026-08-03,all_ridge,3045,buy,hypothetical_quote_buy,166.0,0.0,166.0,18851.789999999997,26.863800749999996,
2026-08-03,all_ridge,9925,buy,buy_limit_not_met,466.0,,,,,
2026-08-03,all_ridge,2412,buy,hypothetical_quote_buy,134.0,0.0,134.0,18651.795,26.578807875,
2026-08-03,all_ridge,2530,buy,hypothetical_quote_buy,943.0,0.0,943.0,18859.528499999997,26.874828112499998,
2026-08-03,all_ridge,3481,buy,hypothetical_quote_buy,412.0,0.0,412.0,18632.699999999997,26.551597499999996,
2026-08-03,all_ridge,2327,buy,buy_limit_not_met,37.0,,,,,
2026-08-03,all_ridge,6834,buy,buy_limit_not_met,235.0,,,,,
2026-08-03,all_ridge,3026,buy,hypothetical_quote_buy,41.0,0.0,41.0,17718.149999999998,25.24836375,
2026-08-03,all_ridge,8422,buy,hypothetical_quote_buy,758.0,0.0,758.0,18854.302499999998,26.867381062499998,
2026-08-03,all_ridge,6116,buy,hypothetical_quote_buy,1507.0,1000.0,507.0,18704.507249999995,40.0,
2026-08-03,all_ridge,8454,buy,hypothetical_quote_buy,76.0,0.0,76.0,18483.96,26.339643,
2026-09-01,all_ridge,1232,sell,hypothetical_quote_sale,,,,18721.42249994966,26.678027062500004,646.0
2026-09-01,all_ridge,2412,sell,hypothetical_quote_sale,,,,18132.879999933986,25.839353999999997,646.0
2026-09-01,all_ridge,2528,sell,hypothetical_quote_sale,,,,19263.199999965564,27.4217025,646.0
2026-09-01,all_ridge,2530,sell,hypothetical_quote_sale,,,,17686.672250035914,25.203507956250007,646.0
2026-09-01,all_ridge,2536,sell,hypothetical_quote_sale,,,,21132.40699995919,49.208225,646.0
2026-09-01,all_ridge,3026,sell,hypothetical_quote_sale,,,,31371.3550000312,44.704180875,646.0
2026-09-01,all_ridge,3045,sell,hypothetical_quote_sale,,,,18994.549999921925,27.06723375,646.0
2026-09-01,all_ridge,3481,sell,hypothetical_quote_sale,,,,20456.006000017424,29.149808550000003,646.0
2026-09-01,all_ridge,6116,sell,hypothetical_quote_sale,,,,21517.322749999996,40.346506250000004,646.0
2026-09-01,all_ridge,8422,sell,hypothetical_quote_sale,,,,20212.828000000496,28.803279900000003,646.0
2026-09-01,all_ridge,8454,sell,hypothetical_quote_sale,,,,18678.140000012987,26.616349500000002,646.0
2026-09-01,all_ridge,8478,buy,hypothetical_quote_buy,133.0,0.0,133.0,18779.9325,26.7614038125,
2026-09-01,all_ridge,2348,buy,hypothetical_quote_buy,266.0,0.0,266.0,18793.298999999995,26.780451074999995,
2026-09-01,all_ridge,3049,buy,hypothetical_quote_buy,1385.0,1000.0,385.0,18790.9875,40.0,
2026-09-01,all_ridge,6177,buy,hypothetical_quote_buy,398.0,0.0,398.0,18819.529499999997,26.817829537499996,
2026-09-01,all_ridge,3229,buy,hypothetical_quote_buy,351.0,0.0,351.0,18907.667999999998,26.9434269,
2026-09-01,all_ridge,2059,buy,cash_or_one_share_gate,0.0,,,,,
2026-09-01,all_ridge,2466,buy,buy_limit_not_met,108.0,,,,,
2026-09-01,all_ridge,9925,buy,buy_limit_not_met,273.0,,,,,
2026-09-01,all_ridge,1623,buy,buy_limit_not_met,53.0,,,,,
2026-09-01,all_ridge,1303,buy,buy_limit_not_met,44.0,,,,,
2026-09-01,all_ridge,2330,buy,hypothetical_quote_buy,4.0,0.0,4.0,9627.9,20.0,
2026-09-01,all_ridge,7795,buy,hypothetical_quote_buy,2.0,0.0,2.0,1019.0699999999999,20.0,
2026-09-01,all_ridge,5522,buy,hypothetical_quote_buy,3.0,0.0,3.0,185.12099999999998,20.0,
2026-09-01,all_ridge,6533,buy,cash_or_one_share_gate,0.0,,,,,
2026-10-01,all_ridge,2348,sell,hypothetical_quote_sale,,,,18632.768000059463,26.551694400000002,666.0
2026-10-01,all_ridge,3049,sell,hypothetical_quote_sale,,,,17432.64875,40.0,666.0
2026-10-01,all_ridge,3229,sell,hypothetical_quote_sale,,,,20605.454999999998,29.362773375,666.0
2026-10-01,all_ridge,4904,sell,hypothetical_quote_sale,,,,19034.99500962075,27.0020115,666.0
2026-10-01,all_ridge,5522,sell,hypothetical_quote_sale,,,,182.08499999982487,20.0,666.0
2026-10-01,all_ridge,6177,sell,hypothetical_quote_sale,,,,18553.06849998836,26.4381226125,666.0
2026-10-01,all_ridge,7795,sell,hypothetical_quote_sale,,,,976.0949999999003,20.0,666.0
2026-10-01,all_ridge,8478,sell,hypothetical_quote_sale,,,,18725.402499984197,26.683698562500002,666.0
2026-10-01,all_ridge,2892,buy,hypothetical_quote_buy,486.0,0.0,486.0,18731.2905,26.6920889625,
2026-10-01,all_ridge,3045,buy,hypothetical_quote_buy,157.0,0.0,157.0,18934.2,26.981235,
2026-10-01,all_ridge,9925,buy,hypothetical_quote_buy,474.0,0.0,474.0,18840.4335,26.8476177375,
2026-10-01,all_ridge,4142,buy,hypothetical_quote_buy,1028.0,1000.0,28.0,18906.461999999996,46.2078875,
2026-10-01,all_ridge,2317,buy,buy_limit_not_met,74.0,,,,,
2026-10-01,all_ridge,2615,buy,hypothetical_quote_buy,164.0,0.0,164.0,18624.659999999996,26.540140499999996,
2026-10-01,all_ridge,8112,buy,hypothetical_quote_buy,226.0,0.0,226.0,18874.502999999997,26.896166774999998,
2026-10-01,all_ridge,2727,buy,hypothetical_quote_buy,79.0,0.0,79.0,18737.219999999998,26.700538499999997,
2026-10-01,all_ridge,2354,buy,buy_limit_not_met,285.0,,,,,
2026-10-01,all_ridge,1590,buy,hypothetical_quote_buy,15.0,0.0,15.0,18014.625,25.670840625,
2026-10-01,all_ridge,6669,buy,hypothetical_quote_buy,8.0,0.0,8.0,16843.8,24.002415,
2026-10-01,all_ridge,2912,buy,hypothetical_quote_buy,88.0,0.0,88.0,18749.28,26.717724,
2026-10-01,all_ridge,2609,buy,hypothetical_quote_buy,316.0,0.0,316.0,18705.461999999996,26.655283349999994,
2026-10-01,all_ridge,2002,buy,hypothetical_quote_buy,978.0,0.0,978.0,18871.487999999998,26.8918704,
2024-01-02,price_tree,4720,buy,buy_limit_not_met,1120.0,,,,,
2024-01-02,price_tree,2211,buy,hypothetical_quote_buy,180.0,0.0,180.0,18904.05,26.93827125,
2024-01-02,price_tree,2516,buy,hypothetical_quote_buy,1331.0,1000.0,331.0,18794.05275,40.12135625,
2024-01-02,price_tree,9935,buy,hypothetical_quote_buy,844.0,0.0,844.0,18872.894999999997,26.893875374999997,
2024-01-02,price_tree,2376,buy,hypothetical_quote_buy,70.0,0.0,70.0,18713.1,26.6661675,
2024-01-02,price_tree,2454,buy,hypothetical_quote_buy,18.0,0.0,18.0,18270.899999999998,26.036032499999997,
2024-01-02,price_tree,2545,buy,hypothetical_quote_buy,436.0,0.0,436.0,18863.648999999998,26.880699824999997,
2024-01-02,price_tree,6754,buy,buy_limit_not_met,324.0,,,,,
2024-01-02,price_tree,2356,buy,hypothetical_quote_buy,355.0,0.0,355.0,18909.074999999997,26.945431874999997,
2024-01-02,price_tree,6239,buy,hypothetical_quote_buy,133.0,0.0,133.0,18779.9325,26.7614038125,
2024-01-02,price_tree,1733,buy,hypothetical_quote_buy,466.0,0.0,466.0,18920.532,26.9617581,
2024-01-02,price_tree,3437,buy,buy_limit_not_met,634.0,,,,,
2024-01-02,price_tree,2603,buy,buy_limit_not_met,130.0,,,,,
2024-01-02,price_tree,2832,buy,hypothetical_quote_buy,706.0,0.0,706.0,18838.0215,26.8441806375,
2024-01-02,price_tree,4958,buy,hypothetical_quote_buy,172.0,0.0,172.0,18928.17,26.97264225,
2024-02-01,price_tree,1733,sell,hypothetical_quote_sale,,,,15579.312000012673,22.200519600000003,24.0
2024-02-01,price_tree,2356,sell,hypothetical_quote_sale,,,,19286.085000002582,27.482671125,24.0
2024-02-01,price_tree,2376,sell,hypothetical_quote_sale,,,,21382.550000030507,30.47013375,24.0
2024-02-01,price_tree,2516,sell,hypothetical_quote_sale,,,,15693.48825,40.0,24.0
2024-02-01,price_tree,2545,sell,hypothetical_quote_sale,,,,18654.260000006474,26.582320499999998,24.0
2024-02-01,price_tree,2832,sell,hypothetical_quote_sale,,,,18334.467000036446,26.126615475,24.0
2024-02-01,price_tree,4958,sell,hypothetical_quote_sale,,,,17199.570000084415,24.50938725,24.0
2024-02-01,price_tree,6239,sell,hypothetical_quote_sale,,,,19122.407500003967,27.249430687500002,24.0
2024-02-01,price_tree,9935,sell,hypothetical_quote_sale,,,,17173.500999962438,24.44324338125,24.0
2024-02-01,price_tree,1535,buy,hypothetical_quote_buy,302.0,0.0,302.0,18847.970999999998,26.858358674999998,
2024-02-01,price_tree,3002,buy,buy_limit_not_met,1340.0,,,,,
2024-02-01,price_tree,6669,buy,hypothetical_quote_buy,8.0,0.0,8.0,17527.199999999997,24.976259999999996,
2024-02-01,price_tree,2527,buy,buy_limit_not_met,635.0,,,,,
2024-02-01,price_tree,3017,buy,hypothetical_quote_buy,44.0,0.0,44.0,18859.829999999998,26.87525775,
2024-02-01,price_tree,3622,buy,hypothetical_quote_buy,310.0,0.0,310.0,18817.62,26.8151085,
2024-02-01,price_tree,4912,buy,buy_limit_not_met,43.0,,,,,
2024-02-01,price_tree,3052,buy,buy_limit_not_met,301.0,,,,,
2024-02-01,price_tree,6257,buy,hypothetical_quote_buy,54.0,0.0,54.0,3663.2249999999995,20.0,
2024-02-01,price_tree,6196,buy,cash_or_one_share_gate,0.0,,,,,
2024-02-01,price_tree,6230,buy,cash_or_one_share_gate,0.0,,,,,
2024-02-01,price_tree,3711,buy,cash_or_one_share_gate,0.0,,,,,
2024-02-01,price_tree,6152,buy,hypothetical_quote_buy,3.0,0.0,3.0,31.80825,20.0,
2024-03-01,price_tree,2211,sell,hypothetical_quote_sale,,,,19253.25000014457,27.43588125,37.0
2024-03-01,price_tree,2454,sell,hypothetical_quote_sale,,,,21418.018041828742,29.73283875,37.0
2024-03-01,price_tree,3017,sell,hypothetical_quote_sale,,,,23597.419999963524,33.6263235,37.0
2024-03-01,price_tree,3622,sell,hypothetical_quote_sale,,,,17334.890000012045,24.702218250000005,37.0
2024-03-01,price_tree,6152,sell,hypothetical_quote_sale,,,,33.1335,20.0,37.0
2024-03-01,price_tree,6257,sell,hypothetical_quote_sale,,,,3707.3699999991145,20.0,37.0
2024-03-01,price_tree,6669,sell,hypothetical_quote_sale,,,,19740.799999979725,28.13064,37.0
2024-03-01,price_tree,6226,buy,hypothetical_quote_buy,1604.0,1000.0,604.0,18538.23,40.0,
2024-03-01,price_tree,6201,buy,buy_limit_not_met,286.0,,,,,
2024-03-01,price_tree,6215,buy,buy_limit_not_met,626.0,,,,,
2024-03-01,price_tree,5269,buy,hypothetical_quote_buy,7.0,0.0,7.0,16637.774999999998,23.708829374999997,
2024-03-01,price_tree,2059,buy,hypothetical_quote_buy,13.0,0.0,13.0,17637.749999999996,25.133793749999995,
2024-03-01,price_tree,6115,buy,hypothetical_quote_buy,378.0,0.0,378.0,18842.543999999998,26.8506252,
2024-03-01,price_tree,2546,buy,hypothetical_quote_buy,210.0,0.0,210.0,18825.659999999996,26.826565499999994,
2024-03-01,price_tree,2250,buy,hypothetical_quote_buy,198.0,0.0,198.0,18864.251999999997,26.881559099999997,
2024-03-01,price_tree,1445,buy,hypothetical_quote_buy,728.0,0.0,728.0,18912.894,26.950873950000002,
2024-03-01,price_tree,9946,buy,hypothetical_quote_buy,814.0,0.0,814.0,18856.513499999997,26.8705317375,
2024-03-01,price_tree,4915,buy,hypothetical_quote_buy,194.0,0.0,194.0,14213.313,20.253971025000002,
2024-03-01,price_tree,1731,buy,hypothetical_quote_buy,4.0,0.0,4.0,97.28399999999999,20.0,
2024-03-01,price_tree,6869,buy,cash_or_one_share_gate,0.0,,,,,
2024-03-01,price_tree,1477,buy,cash_or_one_share_gate,0.0,,,,,
2024-04-01,price_tree,1445,sell,hypothetical_quote_sale,,,,15791.047999987455,22.502243399999998,58.0
2024-04-01,price_tree,1535,sell,hypothetical_quote_sale,,,,23197.828000011792,33.056904900000006,58.0
2024-04-01,price_tree,1731,sell,hypothetical_quote_sale,,,,105.66899999992303,20.0,58.0
2024-04-01,price_tree,2059,sell,hypothetical_quote_sale,,,,16362.775000053858,23.316954375,58.0
2024-04-01,price_tree,2250,sell,hypothetical_quote_sale,,,,21277.080000051617,30.319838999999998,58.0
2024-04-01,price_tree,2546,sell,hypothetical_quote_sale,,,,17969.69999999264,25.606822499999996,58.0
2024-04-01,price_tree,4915,sell,hypothetical_quote_sale,,,,16272.428999996935,23.188211325,58.0
2024-04-01,price_tree,5269,sell,hypothetical_quote_sale,,,,16820.475000008653,23.969176875000002,58.0
2024-04-01,price_tree,6115,sell,hypothetical_quote_sale,,,,19632.94200000085,27.976942349999998,58.0
2024-04-01,price_tree,6226,sell,hypothetical_quote_sale,,,,16757.79,40.0,58.0
2024-04-01,price_tree,9946,sell,hypothetical_quote_sale,,,,20653.21499997411,29.394675562499998,58.0
2024-04-01,price_tree,5225,buy,buy_limit_not_met,156.0,,,,,
2024-04-01,price_tree,2348,buy,hypothetical_quote_buy,146.0,0.0,146.0,18854.804999999997,26.868097124999995,
2024-04-01,price_tree,2496,buy,buy_limit_not_met,257.0,,,,,
2024-04-01,price_tree,2597,buy,hypothetical_quote_buy,121.0,0.0,121.0,18787.972499999996,26.772860812499996,
2024-04-01,price_tree,2527,buy,buy_limit_not_met,464.0,,,,,
2024-04-01,price_tree,2611,buy,hypothetical_quote_buy,801.0,0.0,801.0,18756.6165,26.7281785125,
2024-04-01,price_tree,1809,buy,hypothetical_quote_buy,698.0,0.0,698.0,18940.23,26.98982775,
2024-04-01,price_tree,6189,buy,buy_limit_not_met,214.0,,,,,
2024-04-01,price_tree,2903,buy,hypothetical_quote_buy,634.0,0.0,634.0,18892.0905,26.9212289625,
2024-04-01,price_tree,5525,buy,hypothetical_quote_buy,313.0,0.0,313.0,10128.992999999999,20.0,
2024-04-01,price_tree,1773,buy,cash_or_one_share_gate,0.0,,,,,
2024-04-01,price_tree,2504,buy,hypothetical_quote_buy,1.0,0.0,1.0,38.089499999999994,20.0,
2024-04-01,price_tree,2303,buy,cash_or_one_share_gate,0.0,,,,,
2024-04-01,price_tree,6869,buy,cash_or_one_share_gate,0.0,,,,,
2024-04-01,price_tree,3443,buy,cash_or_one_share_gate,0.0,,,,,
2024-05-02,price_tree,1809,sell,hypothetical_quote_sale,,,,18057.259999987346,25.731595500000005,78.0
2024-05-02,price_tree,2348,sell,hypothetical_quote_sale,,,,28255.01499991749,40.263396375,78.0
2024-05-02,price_tree,2504,sell,hypothetical_quote_sale,,,,48.05849999990985,20.0,78.0
2024-05-02,price_tree,2597,sell,hypothetical_quote_sale,,,,21189.519999969663,30.195066,78.0
2024-05-02,price_tree,1419,buy,buy_limit_not_met,374.0,,,,,
2024-05-02,price_tree,6005,buy,hypothetical_quote_buy,754.0,0.0,754.0,18868.472999999998,26.887574025,
2024-05-02,price_tree,8404,buy,hypothetical_quote_buy,923.0,0.0,923.0,18876.96525,26.899675481250004,
2024-05-02,price_tree,2855,buy,hypothetical_quote_buy,679.0,0.0,679.0,18834.102,26.83859535,
2024-05-02,price_tree,8112,buy,hypothetical_quote_buy,212.0,0.0,212.0,18791.892,26.7784461,
2024-05-02,price_tree,1436,buy,buy_limit_not_met,129.0,,,,,
2024-05-02,price_tree,3011,buy,hypothetical_quote_buy,685.0,0.0,685.0,18862.844999999998,26.879554125,
2024-05-02,price_tree,2850,buy,hypothetical_quote_buy,194.0,0.0,194.0,18814.604999999996,26.810812124999995,
2024-05-02,price_tree,3035,buy,hypothetical_quote_buy,63.0,0.0,63.0,18424.664999999997,26.255147624999996,
2024-05-02,price_tree,2527,buy,hypothetical_quote_buy,330.0,0.0,330.0,17477.954999999998,24.906085875,
2024-05-02,price_tree,1616,buy,hypothetical_quote_buy,716.0,0.0,716.0,18745.058999999997,26.711709074999998,
2024-05-02,price_tree,4934,buy,hypothetical_quote_buy,701.0,0.0,701.0,15992.2635,22.7889754875,
2024-06-03,price_tree,1616,sell,hypothetical_quote_sale,,,,16919.975,24.110964375000005,100.0
2024-06-03,price_tree,2527,sell,hypothetical_quote_sale,,,,16647.3449999972,23.722466625000003,100.0
2024-06-03,price_tree,2850,sell,hypothetical_quote_sale,,,,18337.85000000438,26.131436250000004,100.0
2024-06-03,price_tree,2855,sell,hypothetical_quote_sale,,,,18139.99425002621,25.84949180625,100.0
2024-06-03,price_tree,2903,sell,hypothetical_quote_sale,,,,19997.310999969563,28.496168174999998,100.0
2024-06-03,price_tree,3011,sell,hypothetical_quote_sale,,,,20924.3525,29.817202312499997,100.0
2024-06-03,price_tree,3035,sell,hypothetical_quote_sale,,,,18930.869999960647,26.97648975,100.0
2024-06-03,price_tree,4934,sell,hypothetical_quote_sale,,,,15519.26375,22.114950843749998,100.0
2024-06-03,price_tree,5525,sell,hypothetical_quote_sale,,,,11429.664499999826,20.0,100.0
2024-06-03,price_tree,6005,sell,hypothetical_quote_sale,,,,18305.612000018475,26.085497099999998,100.0
2024-06-03,price_tree,8112,sell,hypothetical_quote_sale,,,,17402.550000067047,24.798633750000004,100.0
2024-06-03,price_tree,8404,sell,hypothetical_quote_sale,,,,19010.569500015023,27.0900615375,100.0
2024-06-03,price_tree,6541,buy,hypothetical_quote_buy,479.0,0.0,479.0,18774.404999999995,26.753527124999994,
2024-06-03,price_tree,1531,buy,hypothetical_quote_buy,1251.0,1000.0,251.0,18858.825,41.481875,
2024-06-03,price_tree,9946,buy,buy_limit_not_met,417.0,,,,,
2024-06-03,price_tree,1453,buy,buy_limit_not_met,659.0,,,,,
2024-06-03,price_tree,3021,buy,hypothetical_quote_buy,763.0,0.0,763.0,18825.30825,26.82606425625,
2024-06-03,price_tree,1725,buy,hypothetical_quote_buy,214.0,0.0,214.0,10635.2115,20.0,
2024-06-03,price_tree,2905,buy,buy_limit_not_met,2.0,,,,,
2024-06-03,price_tree,6152,buy,hypothetical_quote_buy,4.0,0.0,4.0,44.82299999999999,20.0,
2024-06-03,price_tree,3518,buy,cash_or_one_share_gate,0.0,,,,,
2024-06-03,price_tree,3661,buy,cash_or_one_share_gate,0.0,,,,,
2024-06-03,price_tree,8438,buy,cash_or_one_share_gate,0.0,,,,,
2024-06-03,price_tree,6807,buy,cash_or_one_share_gate,0.0,,,,,
2024-06-03,price_tree,2393,buy,cash_or_one_share_gate,0.0,,,,,
2024-06-03,price_tree,3167,buy,cash_or_one_share_gate,0.0,,,,,
2024-07-01,price_tree,1531,sell,hypothetical_quote_sale,,,,18484.463249935416,41.05544375,119.0
2024-07-01,price_tree,1725,sell,hypothetical_quote_sale,,,,9709.608000001315,20.0,119.0
2024-07-01,price_tree,2611,sell,hypothetical_quote_sale,,,,26300.835,37.478689875,119.0
2024-07-01,price_tree,3021,sell,hypothetical_quote_sale,,,,20573.913500069077,29.317826737500006,119.0
2024-07-01,price_tree,6152,sell,hypothetical_quote_sale,,,,66.665,20.0,119.0
2024-07-01,price_tree,6541,sell,hypothetical_quote_sale,,,,23925.570999981628,34.093938675000004,119.0
2024-07-01,price_tree,6807,buy,hypothetical_quote_buy,302.0,0.0,302.0,18514.109999999997,26.382606749999997,
2024-07-01,price_tree,9935,buy,buy_limit_not_met,700.0,,,,,
2024-07-01,price_tree,8072,buy,hypothetical_quote_buy,604.0,0.0,604.0,18817.62,26.8151085,
2024-07-01,price_tree,4722,buy,buy_limit_not_met,380.0,,,,,
2024-07-01,price_tree,3661,buy,buy_limit_not_met,7.0,,,,,
2024-07-01,price_tree,3665,buy,buy_limit_not_met,50.0,,,,,
2024-07-01,price_tree,4545,buy,hypothetical_quote_buy,323.0,0.0,323.0,18762.746999999996,26.736914474999995,
2024-07-01,price_tree,3406,buy,buy_limit_not_met,28.0,,,,,
2024-07-01,price_tree,8114,buy,buy_limit_not_met,107.0,,,,,
2024-07-01,price_tree,3652,buy,hypothetical_quote_buy,390.0,0.0,390.0,18480.442499999997,26.334630562499996,
2024-07-01,price_tree,6657,buy,buy_limit_not_met,335.0,,,,,
2024-07-01,price_tree,2890,buy,hypothetical_quote_buy,739.0,0.0,739.0,18864.452999999998,26.881845525,
2024-07-01,price_tree,4133,buy,buy_limit_not_met,553.0,,,,,
2024-07-01,price_tree,2414,buy,buy_limit_not_met,460.0,,,,,
2024-07-01,price_tree,6257,buy,hypothetical_quote_buy,244.0,0.0,244.0,18906.461999999996,26.941708349999995,
2024-08-01,price_tree,2890,sell,hypothetical_quote_sale,,,,19595.878249995643,27.924126506249998,140.0
2024-08-01,price_tree,6257,sell,hypothetical_quote_sale,,,,18791.171999989674,26.777420100000004,140.0
2024-08-01,price_tree,8072,sell,hypothetical_quote_sale,,,,18577.882927470502,26.46158844375,140.0
2024-08-01,price_tree,2438,buy,hypothetical_quote_buy,286.0,0.0,286.0,18912.893999999997,26.950873949999995,
2024-08-01,price_tree,3686,buy,hypothetical_quote_buy,598.0,0.0,598.0,18570.590999999997,26.463092174999996,
2024-08-01,price_tree,6834,buy,buy_limit_not_met,463.0,,,,,
2024-08-01,price_tree,6152,buy,buy_limit_not_met,1176.0,,,,,
2024-08-01,price_tree,6283,buy,buy_limit_not_met,661.0,,,,,
2024-08-01,price_tree,6133,buy,buy_limit_not_met,951.0,,,,,
2024-08-01,price_tree,4927,buy,buy_limit_not_met,347.0,,,,,
2024-08-01,price_tree,1519,buy,buy_limit_not_met,27.0,,,,,
2024-08-01,price_tree,4720,buy,buy_limit_not_met,766.0,,,,,
2024-08-01,price_tree,3037,buy,buy_limit_not_met,104.0,,,,,
2024-08-01,price_tree,1517,buy,buy_limit_not_met,1060.0,,,,,
2024-08-01,price_tree,6446,buy,buy_limit_not_met,28.0,,,,,
2024-09-02,price_tree,3652,sell,hypothetical_quote_sale,,,,18801.163829306097,26.734316700000004,162.0
2024-09-02,price_tree,3686,sell,hypothetical_quote_sale,,,,16541.278000000002,23.571321150000003,162.0
2024-09-02,price_tree,4545,sell,hypothetical_quote_sale,,,,18415.360499978244,26.2418887125,162.0
2024-09-02,price_tree,6807,sell,hypothetical_quote_sale,,,,23454.56790155998,33.363307687500004,162.0
2024-09-02,price_tree,1225,buy,hypothetical_quote_buy,117.0,0.0,117.0,18460.845,26.306704125000003,
2024-09-02,price_tree,1453,buy,buy_limit_not_met,886.0,,,,,
2024-09-02,price_tree,6431,buy,hypothetical_quote_buy,907.0,0.0,907.0,18959.928,27.017897400000003,
2024-09-02,price_tree,1445,buy,hypothetical_quote_buy,975.0,0.0,975.0,18715.6125,26.6697478125,
2024-09-02,price_tree,3669,buy,buy_limit_not_met,386.0,,,,,
2024-09-02,price_tree,1220,buy,buy_limit_not_met,1123.0,,,,,
2024-09-02,price_tree,6742,buy,buy_limit_not_met,342.0,,,,,
2024-09-02,price_tree,1325,buy,hypothetical_quote_buy,632.0,0.0,632.0,18832.494,26.836303949999998,
2024-09-02,price_tree,5525,buy,buy_limit_not_met,486.0,,,,,
2024-09-02,price_tree,3017,buy,hypothetical_quote_buy,30.0,0.0,30.0,18150.3,25.8641775,
2024-09-02,price_tree,2008,buy,buy_limit_not_met,476.0,,,,,
2024-09-02,price_tree,4927,buy,hypothetical_quote_buy,314.0,0.0,314.0,18871.085999999996,26.891297549999994,
2024-09-02,price_tree,3296,buy,hypothetical_quote_buy,715.0,0.0,715.0,18934.45125,26.98159303125,
2024-09-02,price_tree,6552,buy,buy_limit_not_met,373.0,,,,,
2024-10-01,price_tree,1225,sell,hypothetical_quote_sale,,,,15948.855000008178,22.727118375,182.0
2024-10-01,price_tree,1325,sell,hypothetical_quote_sale,,,,17701.846,25.22513055,182.0
2024-10-01,price_tree,1445,sell,hypothetical_quote_sale,,,,18480.881250023485,26.335255781250005,182.0
2024-10-01,price_tree,2438,sell,hypothetical_quote_sale,,,,13260.962,20.0,182.0
2024-10-01,price_tree,3017,sell,hypothetical_quote_sale,,,,17850.300000011815,25.4366775,182.0
2024-10-01,price_tree,3296,sell,hypothetical_quote_sale,,,,19955.47125,28.43654653125,182.0
2024-10-01,price_tree,4927,sell,hypothetical_quote_sale,,,,17902.238999992875,25.510690574999998,182.0
2024-10-01,price_tree,6431,sell,hypothetical_quote_sale,,,,19222.504500000003,27.3920689125,182.0
2024-10-01,price_tree,3040,buy,hypothetical_quote_buy,394.0,0.0,394.0,18848.172,26.8586451,
2024-10-01,price_tree,6582,buy,buy_limit_not_met,277.0,,,,,
2024-10-01,price_tree,2033,buy,hypothetical_quote_buy,816.0,0.0,816.0,18861.84,26.878122,
2024-10-01,price_tree,3686,buy,hypothetical_quote_buy,782.0,0.0,782.0,18861.839999999997,26.878121999999998,
2024-10-01,price_tree,1725,buy,buy_limit_not_met,455.0,,,,,
2024-10-01,price_tree,1519,buy,buy_limit_not_met,29.0,,,,,
2024-10-01,price_tree,2364,buy,buy_limit_not_met,188.0,,,,,
2024-10-01,price_tree,1402,buy,hypothetical_quote_buy,489.0,0.0,489.0,18896.06025,26.92688585625,
2024-10-01,price_tree,3669,buy,buy_limit_not_met,381.0,,,,,
2024-10-01,price_tree,2527,buy,hypothetical_quote_buy,549.0,0.0,549.0,18869.679,26.889292575000002,
2024-10-01,price_tree,1721,buy,buy_limit_not_met,742.0,,,,,
2024-10-01,price_tree,2509,buy,hypothetical_quote_buy,939.0,0.0,939.0,18826.715249999997,26.828069231249998,
2024-10-01,price_tree,4916,buy,buy_limit_not_met,655.0,,,,,
2024-10-01,price_tree,9902,buy,hypothetical_quote_buy,980.0,0.0,980.0,18910.079999999994,26.946863999999994,
2024-10-01,price_tree,8467,buy,buy_limit_not_met,68.0,,,,,
2024-11-01,price_tree,1402,sell,hypothetical_quote_sale,,,,17588.963250000117,25.064272631249995,201.0
2024-11-01,price_tree,2033,sell,hypothetical_quote_sale,,,,19810.848,28.2304584,201.0
2024-11-01,price_tree,2509,sell,hypothetical_quote_sale,,,,17004.351000000002,24.231200174999998,201.0
2024-11-01,price_tree,2527,sell,hypothetical_quote_sale,,,,17452.84724999471,24.87030733125,201.0
2024-11-01,price_tree,3040,sell,hypothetical_quote_sale,,,,16171.23749999842,23.044013437500002,201.0
2024-11-01,price_tree,9902,sell,hypothetical_quote_sale,,,,16479.189999997998,23.48284575,201.0
2024-11-01,price_tree,6854,buy,hypothetical_quote_buy,123.0,0.0,123.0,18480.442499999997,26.334630562499996,
2024-11-01,price_tree,1533,buy,hypothetical_quote_buy,428.0,0.0,428.0,18840.131999999998,26.847188099999997,
2024-11-01,price_tree,9938,buy,hypothetical_quote_buy,232.0,0.0,232.0,18652.8,26.58024,
2024-11-01,price_tree,2929,buy,buy_limit_not_met,1604.0,,,,,
2024-11-01,price_tree,3021,buy,hypothetical_quote_buy,539.0,0.0,539.0,18607.22325,26.51529313125,
2024-11-01,price_tree,9946,buy,hypothetical_quote_buy,762.0,0.0,762.0,18647.4735,26.5726497375,
2024-11-01,price_tree,2438,buy,hypothetical_quote_buy,464.0,0.0,464.0,18419.64,26.247987,
2024-11-01,price_tree,1587,buy,hypothetical_quote_buy,464.0,0.0,464.0,18652.8,26.58024,
2024-11-01,price_tree,6176,buy,hypothetical_quote_buy,88.0,0.0,88.0,18085.98,25.7725215,
2024-11-01,price_tree,3661,buy,hypothetical_quote_buy,9.0,0.0,9.0,18270.899999999998,26.036032499999997,
2024-11-01,price_tree,6807,buy,hypothetical_quote_buy,28.0,0.0,28.0,2090.8019999999997,20.0,
2024-11-01,price_tree,6606,buy,hypothetical_quote_buy,1.0,0.0,1.0,30.501749999999998,20.0,
2024-11-01,price_tree,3596,buy,cash_or_one_share_gate,0.0,,,,,
2024-11-01,price_tree,2762,buy,cash_or_one_share_gate,0.0,,,,,
2024-12-02,price_tree,1533,sell,hypothetical_quote_sale,,,,17907.413,25.518063524999995,222.0
2024-12-02,price_tree,1587,sell,hypothetical_quote_sale,,,,18209.676073935978,25.9293890625,222.0
2024-12-02,price_tree,2438,sell,hypothetical_quote_sale,,,,18513.368000000002,26.381549400000004,222.0
2024-12-02,price_tree,3021,sell,hypothetical_quote_sale,,,,18100.293750002016,25.792918593749995,222.0
2024-12-02,price_tree,3661,sell,hypothetical_quote_sale,,,,20014.42500000633,28.520555625,222.0
2024-12-02,price_tree,3686,sell,hypothetical_quote_sale,,,,16262.080999999996,23.173465425,222.0
2024-12-02,price_tree,6176,sell,hypothetical_quote_sale,,,,16680.18000000749,23.7692565,222.0
2024-12-02,price_tree,6606,sell,hypothetical_quote_sale,,,,27.909749999988865,20.0,222.0
2024-12-02,price_tree,6807,sell,hypothetical_quote_sale,,,,2404.318000001648,20.0,222.0
2024-12-02,price_tree,9938,sell,hypothetical_quote_sale,,,,18051.687999995975,25.7236554,222.0
2024-12-02,price_tree,9946,sell,hypothetical_quote_sale,,,,19409.664000019977,27.6587712,222.0
2024-12-02,price_tree,8466,buy,buy_limit_not_met,440.0,,,,,
2024-12-02,price_tree,5531,buy,buy_limit_not_met,1653.0,,,,,
2024-12-02,price_tree,6230,buy,buy_limit_not_met,96.0,,,,,
2024-12-02,price_tree,6142,buy,hypothetical_quote_buy,1632.0,1000.0,632.0,18943.847999999998,40.0,
2024-12-02,price_tree,2852,buy,hypothetical_quote_buy,755.0,0.0,755.0,18855.55875,26.86917121875,
2024-12-02,price_tree,3607,buy,buy_limit_not_met,1017.0,,,,,
2024-12-02,price_tree,8114,buy,hypothetical_quote_buy,60.0,0.0,60.0,18632.699999999997,26.551597499999996,
2024-12-02,price_tree,2415,buy,buy_limit_not_met,666.0,,,,,
2024-12-02,price_tree,3058,buy,hypothetical_quote_buy,1151.0,1000.0,151.0,18912.94425,43.41524375,
2024-12-02,price_tree,6781,buy,buy_limit_not_met,21.0,,,,,
2024-12-02,price_tree,2241,buy,buy_limit_not_met,624.0,,,,,
2024-12-02,price_tree,1432,buy,hypothetical_quote_buy,965.0,0.0,965.0,18717.6225,26.672612062500004,
2024-12-02,price_tree,3437,buy,buy_limit_not_met,419.0,,,,,
2024-12-02,price_tree,2929,buy,buy_limit_not_met,646.0,,,,,
2025-01-02,price_tree,1432,sell,hypothetical_quote_sale,,,,20067.6575,28.596411937499997,244.0
2025-01-02,price_tree,2852,sell,hypothetical_quote_sale,,,,18780.62499995863,26.72694375,244.0
2025-01-02,price_tree,3058,sell,hypothetical_quote_sale,,,,18610.231249995682,43.04046875,244.0
2025-01-02,price_tree,6142,sell,hypothetical_quote_sale,,,,19323.695999922784,40.0,244.0
2025-01-02,price_tree,6854,sell,hypothetical_quote_sale,,,,24538.1925,34.966924312500005,244.0
2025-01-02,price_tree,8114,sell,hypothetical_quote_sale,,,,21850.199999959506,31.136535000000002,244.0
2025-01-02,price_tree,1305,buy,hypothetical_quote_buy,1570.0,1000.0,570.0,18697.5225,40.0,
2025-01-02,price_tree,3550,buy,hypothetical_quote_buy,1054.0,1000.0,54.0,18643.152,45.2054,
2025-01-02,price_tree,2537,buy,hypothetical_quote_buy,1538.0,1000.0,538.0,18934.7025,40.0,
2025-01-02,price_tree,1309,buy,hypothetical_quote_buy,1370.0,1000.0,370.0,18862.844999999998,40.0,
2025-01-02,price_tree,2305,buy,hypothetical_quote_buy,1264.0,1000.0,264.0,18864.252,41.267056249999996,
2025-01-02,price_tree,6743,buy,hypothetical_quote_buy,447.0,0.0,447.0,18867.87,26.88671475,
2025-01-02,price_tree,1783,buy,buy_limit_not_met,383.0,,,,,
2025-01-02,price_tree,1231,buy,hypothetical_quote_buy,135.0,0.0,135.0,18858.825,26.873825625000002,
2025-01-02,price_tree,1308,buy,hypothetical_quote_buy,1380.0,1000.0,380.0,18723.149999999998,40.0,
2025-01-02,price_tree,2891,buy,hypothetical_quote_buy,480.0,0.0,480.0,18789.48,26.775009,
2025-01-02,price_tree,2330,buy,hypothetical_quote_buy,4.0,0.0,4.0,4301.4,20.0,
2025-01-02,price_tree,2454,buy,cash_or_one_share_gate,0.0,,,,,
2025-01-02,price_tree,2317,buy,hypothetical_quote_buy,4.0,0.0,4.0,739.68,20.0,
2025-01-02,price_tree,2303,buy,cash_or_one_share_gate,0.0,,,,,
2025-01-02,price_tree,2408,buy,cash_or_one_share_gate,0.0,,,,,
2025-02-03,price_tree,1305,sell,hypothetical_quote_sale,,,,19448.76750007654,40.0,259.0
2025-02-03,price_tree,1308,sell,hypothetical_quote_sale,,,,19841.29499999573,40.48829375,259.0
2025-02-03,price_tree,2537,sell,hypothetical_quote_sale,,,,18210.689000000002,40.0,259.0
2025-02-03,price_tree,2891,sell,hypothetical_quote_sale,,,,18435.359999982942,26.270388,259.0
2025-02-03,price_tree,6743,sell,hypothetical_quote_sale,,,,18235.364999968762,25.985395125000004,259.0
2025-02-03,price_tree,6906,buy,hypothetical_quote_buy,141.0,0.0,141.0,18846.765,26.856640125,
2025-02-03,price_tree,2477,buy,hypothetical_quote_buy,726.0,0.0,726.0,18678.528,26.616902399999997,
2025-02-03,price_tree,6405,buy,hypothetical_quote_buy,615.0,0.0,615.0,17985.9825,25.6300250625,
2025-02-03,price_tree,6142,buy,hypothetical_quote_buy,1754.0,1000.0,754.0,18773.5005,40.0,
2025-02-03,price_tree,2406,buy,hypothetical_quote_buy,1365.0,1000.0,365.0,18862.593749999996,40.0,
2025-02-03,price_tree,6854,buy,hypothetical_quote_buy,88.0,0.0,88.0,17820.659999999996,25.394440499999995,
2025-02-03,price_tree,6133,buy,hypothetical_quote_buy,615.0,0.0,615.0,11341.676249999999,20.0,
2025-02-03,price_tree,2488,buy,hypothetical_quote_buy,1.0,0.0,1.0,55.67699999999999,20.0,
2025-02-03,price_tree,2382,buy,cash_or_one_share_gate,0.0,,,,,
2025-03-03,price_tree,1231,sell,hypothetical_quote_sale,,,,18738.337499926758,26.7021309375,278.0
2025-03-03,price_tree,1309,sell,hypothetical_quote_sale,,,,19356.730000092597,40.133825,278.0
2025-03-03,price_tree,2305,sell,hypothetical_quote_sale,,,,18236.360000000004,40.5591875,278.0
2025-03-03,price_tree,2317,sell,hypothetical_quote_sale,,,,684.5600000012876,20.0,278.0
2025-03-03,price_tree,2406,sell,hypothetical_quote_sale,,,,20236.8075,41.126337500000005,278.0
2025-03-03,price_tree,2477,sell,hypothetical_quote_sale,,,,20659.781999983552,29.44018935,278.0
2025-03-03,price_tree,2488,sell,hypothetical_quote_sale,,,,55.521000000012705,20.0,278.0
2025-03-03,price_tree,3550,sell,hypothetical_quote_sale,,,,17408.9180000358,43.536725000000004,278.0
2025-03-03,price_tree,6133,sell,hypothetical_quote_sale,,,,11626.57500001096,20.0,278.0
2025-03-03,price_tree,6142,sell,hypothetical_quote_sale,,,,20157.406500033747,40.0,278.0
2025-03-03,price_tree,6405,sell,hypothetical_quote_sale,,,,17776.421250017418,25.33140028125,278.0
2025-03-03,price_tree,6906,sell,hypothetical_quote_sale,,,,21324.839999921474,30.387897000000002,278.0
2025-03-03,price_tree,3679,buy,hypothetical_quote_buy,114.0,0.0,114.0,17815.635,25.387279874999997,
2025-03-03,price_tree,2891,buy,hypothetical_quote_buy,460.0,0.0,460.0,18630.689999999995,26.548733249999994,
2025-03-03,price_tree,3037,buy,hypothetical_quote_buy,159.0,0.0,159.0,18216.629999999997,25.95869775,
2025-03-03,price_tree,6005,buy,hypothetical_quote_buy,693.0,0.0,693.0,18665.262,26.59799835,
2025-03-03,price_tree,4949,buy,hypothetical_quote_buy,623.0,0.0,623.0,18783.45,26.766416250000002,
2025-03-03,price_tree,6914,buy,hypothetical_quote_buy,10.0,0.0,10.0,1437.1499999999996,20.0,
2025-03-03,price_tree,2468,buy,cash_or_one_share_gate,0.0,,,,,
2025-03-03,price_tree,9946,buy,cash_or_one_share_gate,0.0,,,,,
2025-03-03,price_tree,4722,buy,cash_or_one_share_gate,0.0,,,,,
2025-03-03,price_tree,5203,buy,cash_or_one_share_gate,0.0,,,,,
2025-03-03,price_tree,3034,buy,cash_or_one_share_gate,0.0,,,,,
2025-03-03,price_tree,4426,buy,cash_or_one_share_gate,0.0,,,,,
2025-03-03,price_tree,2535,buy,cash_or_one_share_gate,0.0,,,,,
2025-04-01,price_tree,2891,sell,hypothetical_quote_sale,,,,18147.805000005417,25.860622125000003,299.0
2025-04-01,price_tree,3037,sell,hypothetical_quote_sale,,,,14966.193000017423,21.326825025,299.0
2025-04-01,price_tree,3679,sell,hypothetical_quote_sale,,,,15936.915000008032,22.710103874999998,299.0
2025-04-01,price_tree,4949,sell,hypothetical_quote_sale,,,,22932.63000001744,32.66784,299.0
2025-04-01,price_tree,6005,sell,hypothetical_quote_sale,,,,17548.665749960546,24.970763775,299.0
2025-04-01,price_tree,6854,sell,hypothetical_quote_sale,,,,12616.8977341286,20.0,299.0
2025-04-01,price_tree,6914,sell,hypothetical_quote_sale,,,,1358.175000005703,20.0,299.0
2025-04-01,price_tree,3528,buy,hypothetical_quote_buy,278.0,0.0,278.0,18830.886,26.83401255,
2025-04-01,price_tree,2382,buy,buy_limit_not_met,83.0,,,,,
2025-04-01,price_tree,2032,buy,hypothetical_quote_buy,1014.0,1000.0,14.0,18903.748499999998,46.56591875,
2025-04-01,price_tree,2317,buy,buy_limit_not_met,128.0,,,,,
2025-04-01,price_tree,6669,buy,buy_limit_not_met,11.0,,,,,
2025-04-01,price_tree,6117,buy,buy_limit_not_met,226.0,,,,,
2025-04-01,price_tree,3011,buy,hypothetical_quote_buy,1210.0,1000.0,210.0,18909.5775,42.26954375,
2025-04-01,price_tree,8499,buy,buy_limit_not_met,122.0,,,,,
2025-04-01,price_tree,3550,buy,hypothetical_quote_buy,1345.0,1000.0,345.0,18856.563749999998,40.0,
2025-04-01,price_tree,6933,buy,buy_limit_not_met,122.0,,,,,
2025-04-01,price_tree,2345,buy,buy_limit_not_met,32.0,,,,,
2025-04-01,price_tree,1466,buy,hypothetical_quote_buy,1120.0,1000.0,120.0,18853.8,43.988093750000004,
2025-04-01,price_tree,3019,buy,buy_limit_not_met,137.0,,,,,
2025-04-01,price_tree,5484,buy,hypothetical_quote_buy,446.0,0.0,446.0,18870.483,26.890438275,
2025-05-02,price_tree,1466,sell,hypothetical_quote_sale,,,,16270.24,40.700975,319.0
2025-05-02,price_tree,2032,sell,hypothetical_quote_sale,,,,15436.629000033334,41.6934875,319.0
2025-05-02,price_tree,3011,sell,hypothetical_quote_sale,,,,16433.9175,40.0,319.0
2025-05-02,price_tree,3528,sell,hypothetical_quote_sale,,,,24894.9000000043,35.4752325,319.0
2025-05-02,price_tree,3550,sell,hypothetical_quote_sale,,,,17932.884999949812,40.0,319.0
2025-05-02,price_tree,5484,sell,hypothetical_quote_sale,,,,18283.324000000004,26.0537367,319.0
2025-05-02,price_tree,1446,buy,buy_limit_not_met,726.0,,,,,
2025-05-02,price_tree,9934,buy,buy_limit_not_met,1714.0,,,,,
2025-05-02,price_tree,2748,buy,hypothetical_quote_buy,371.0,0.0,371.0,18791.891999999996,26.778446099999996,
2025-05-02,price_tree,8473,buy,buy_limit_not_met,628.0,,,,,
2025-05-02,price_tree,3557,buy,buy_limit_not_met,376.0,,,,,
2025-05-02,price_tree,2426,buy,buy_limit_not_met,1184.0,,,,,
2025-05-02,price_tree,2412,buy,hypothetical_quote_buy,145.0,0.0,145.0,18871.387499999997,26.891727187499995,
2025-05-02,price_tree,8222,buy,buy_limit_not_met,318.0,,,,,
2025-05-02,price_tree,2485,buy,buy_limit_not_met,1590.0,,,,,
2025-05-02,price_tree,4532,buy,buy_limit_not_met,633.0,,,,,
2025-05-02,price_tree,9907,buy,buy_limit_not_met,1039.0,,,,,
2025-05-02,price_tree,9930,buy,buy_limit_not_met,261.0,,,,,
2025-05-02,price_tree,1905,buy,buy_limit_not_met,1472.0,,,,,
2025-05-02,price_tree,2308,buy,buy_limit_not_met,56.0,,,,,
2025-06-02,price_tree,2330,sell,hypothetical_quote_sale,,,,3830.6505504873826,20.0,339.0
2025-06-02,price_tree,2748,sell,hypothetical_quote_sale,,,,18752.56600000448,26.72240655,339.0
2025-06-02,price_tree,2454,buy,hypothetical_quote_buy,14.0,0.0,14.0,17587.499999999996,25.062187499999997,
2025-06-02,price_tree,6541,buy,hypothetical_quote_buy,349.0,0.0,349.0,18764.8575,26.7399219375,
2025-06-02,price_tree,6933,buy,buy_limit_not_met,136.0,,,,,
2025-06-02,price_tree,3557,buy,hypothetical_quote_buy,367.0,0.0,367.0,18847.4685,26.8576426125,
2025-06-02,price_tree,4949,buy,hypothetical_quote_buy,327.0,0.0,327.0,18633.6045,26.5528864125,
2025-06-02,price_tree,2317,buy,hypothetical_quote_buy,120.0,0.0,120.0,18572.399999999998,26.46567,
2025-06-02,price_tree,1466,buy,buy_limit_not_met,1036.0,,,,,
2025-06-02,price_tree,8072,buy,buy_limit_not_met,411.0,,,,,
2025-06-02,price_tree,4968,buy,hypothetical_quote_buy,153.0,0.0,153.0,18759.329999999998,26.73204525,
2025-06-02,price_tree,2032,buy,buy_limit_not_met,1207.0,,,,,
2025-06-02,price_tree,6669,buy,hypothetical_quote_buy,7.0,0.0,7.0,16848.825,24.009575625000004,
2025-06-02,price_tree,3450,buy,hypothetical_quote_buy,98.0,0.0,98.0,18516.119999999995,26.385470999999995,
2025-06-02,price_tree,1616,buy,hypothetical_quote_buy,706.0,0.0,706.0,18944.450999999997,26.995842675,
2025-06-02,price_tree,4560,buy,buy_limit_not_met,482.0,,,,,
2025-07-01,price_tree,2412,sell,hypothetical_quote_sale,,,,19549.26250001082,27.857699062499997,360.0
2025-07-01,price_tree,3450,sell,hypothetical_quote_sale,,,,20524.943691569762,29.1798675,360.0
2025-07-01,price_tree,3557,sell,hypothetical_quote_sale,,,,18389.294241681007,26.1853155,360.0
2025-07-01,price_tree,4949,sell,hypothetical_quote_sale,,,,17407.027500016866,24.8050141875,360.0
2025-07-01,price_tree,4968,sell,hypothetical_quote_sale,,,,18039.8475,25.706782687500002,360.0
2025-07-01,price_tree,6541,sell,hypothetical_quote_sale,,,,18543.416999973164,26.424369224999996,360.0
2025-07-01,price_tree,6669,sell,hypothetical_quote_sale,,,,18255.698202716812,25.259443125,360.0
2025-07-01,price_tree,2382,buy,buy_limit_not_met,68.0,,,,,
2025-07-01,price_tree,1806,buy,hypothetical_quote_buy,1590.0,1000.0,590.0,18775.9125,40.0,
2025-07-01,price_tree,8499,buy,buy_limit_not_met,108.0,,,,,
2025-07-01,price_tree,1598,buy,hypothetical_quote_buy,863.0,0.0,863.0,18864.101249999996,26.881344281249994,
2025-07-01,price_tree,2383,buy,buy_limit_not_met,21.0,,,,,
2025-07-01,price_tree,5234,buy,hypothetical_quote_buy,70.0,0.0,70.0,18888.975,26.916789375,
2025-07-01,price_tree,2480,buy,hypothetical_quote_buy,120.0,0.0,120.0,18632.699999999997,26.551597499999996,
2025-07-01,price_tree,6625,buy,buy_limit_not_met,192.0,,,,,
2025-07-01,price_tree,2330,buy,buy_limit_not_met,17.0,,,,,
2025-07-01,price_tree,3665,buy,hypothetical_quote_buy,22.0,0.0,22.0,18660.839999999997,26.591696999999996,
2025-07-01,price_tree,9902,buy,hypothetical_quote_buy,467.0,0.0,467.0,8635.764,20.0,
2025-07-01,price_tree,8210,buy,cash_or_one_share_gate,0.0,,,,,
2025-08-01,price_tree,1598,sell,hypothetical_quote_sale,,,,18161.187750042453,25.879692543749997,383.0
2025-08-01,price_tree,1616,sell,hypothetical_quote_sale,,,,24461.123696242284,34.81166700000001,383.0
2025-08-01,price_tree,1806,sell,hypothetical_quote_sale,,,,17237.378174351117,40.0,383.0
2025-08-01,price_tree,2317,sell,hypothetical_quote_sale,,,,21653.866624921688,30.7678875,383.0
2025-08-01,price_tree,2454,sell,hypothetical_quote_sale,,,,19175.837998724808,26.7978375,383.0
2025-08-01,price_tree,2480,sell,hypothetical_quote_sale,,,,19223.399999918172,27.393344999999997,383.0
2025-08-01,price_tree,3665,sell,hypothetical_quote_sale,,,,20046.182998051063,27.949151999999998,383.0
2025-08-01,price_tree,5234,sell,hypothetical_quote_sale,,,,17516.97499999761,24.961689375000002,383.0
2025-08-01,price_tree,9902,sell,hypothetical_quote_sale,,,,7632.254632110415,20.0,383.0
2025-08-01,price_tree,2330,buy,hypothetical_quote_buy,16.0,0.0,16.0,18411.6,26.23653,
2025-08-01,price_tree,2308,buy,hypothetical_quote_buy,33.0,0.0,33.0,18506.07,26.37114975,
2025-08-01,price_tree,5607,buy,hypothetical_quote_buy,417.0,0.0,417.0,18523.557,26.396068725000003,
2025-08-01,price_tree,3296,buy,hypothetical_quote_buy,790.0,0.0,790.0,18816.614999999998,26.813676374999996,
2025-08-01,price_tree,2891,buy,hypothetical_quote_buy,455.0,0.0,455.0,18679.683749999997,26.618549343749997,
2025-08-01,price_tree,3017,buy,hypothetical_quote_buy,20.0,0.0,20.0,18110.1,25.8068925,
2025-08-01,price_tree,8499,buy,hypothetical_quote_buy,67.0,0.0,67.0,18315.119999999995,26.099045999999994,
2025-08-01,price_tree,5292,buy,hypothetical_quote_buy,4.0,0.0,4.0,594.9599999999999,20.0,
2025-08-01,price_tree,5243,buy,cash_or_one_share_gate,0.0,,,,,
2025-08-01,price_tree,2607,buy,cash_or_one_share_gate,0.0,,,,,
2025-08-01,price_tree,8046,buy,cash_or_one_share_gate,0.0,,,,,
2025-08-01,price_tree,6191,buy,cash_or_one_share_gate,0.0,,,,,
2025-08-01,price_tree,6668,buy,cash_or_one_share_gate,0.0,,,,,
2025-08-01,price_tree,6949,buy,cash_or_one_share_gate,0.0,,,,,
2025-08-01,price_tree,3592,buy,cash_or_one_share_gate,0.0,,,,,
2025-09-01,price_tree,2308,sell,hypothetical_quote_sale,,,,23181.510000030674,33.033651750000004,404.0
2025-09-01,price_tree,2330,sell,hypothetical_quote_sale,,,,18307.99999998872,26.088900000000002,404.0
2025-09-01,price_tree,2891,sell,hypothetical_quote_sale,,,,18652.269999998163,26.579484750000002,404.0
2025-09-01,price_tree,3017,sell,hypothetical_quote_sale,,,,19793.229432809756,27.960495,404.0
2025-09-01,price_tree,8499,sell,hypothetical_quote_sale,,,,20999.47499995958,29.924251875000003,404.0
2025-09-01,price_tree,2449,buy,buy_limit_not_met,120.0,,,,,
2025-09-01,price_tree,3002,buy,hypothetical_quote_buy,1054.0,1000.0,54.0,18907.969500000003,45.56343125,
2025-09-01,price_tree,2889,buy,hypothetical_quote_buy,1210.0,1000.0,210.0,18848.774999999998,42.197937499999995,
2025-09-01,price_tree,2412,buy,buy_limit_not_met,141.0,,,,,
2025-09-01,price_tree,3011,buy,buy_limit_not_met,1199.0,,,,,
2025-09-01,price_tree,1313,buy,buy_limit_not_met,1849.0,,,,,
2025-09-01,price_tree,2414,buy,buy_limit_not_met,411.0,,,,,
2025-09-01,price_tree,2423,buy,hypothetical_quote_buy,328.0,0.0,328.0,18723.551999999996,26.681061599999996,
2025-09-01,price_tree,2477,buy,hypothetical_quote_buy,700.0,0.0,700.0,18853.8,26.866665,
2025-09-01,price_tree,5521,buy,hypothetical_quote_buy,1331.0,1000.0,331.0,18927.81825,40.264568749999995,
2025-09-01,price_tree,2426,buy,hypothetical_quote_buy,983.0,0.0,983.0,18869.176499999998,26.8885765125,
2025-09-01,price_tree,8045,buy,hypothetical_quote_buy,153.0,0.0,153.0,18682.4475,26.622487687499998,
2025-10-01,price_tree,2426,sell,hypothetical_quote_sale,,,,17801.146999987406,25.366634474999998,425.0
2025-10-01,price_tree,2477,sell,hypothetical_quote_sale,,,,16994.600000008304,24.217305,425.0
2025-10-01,price_tree,2889,sell,hypothetical_quote_sale,,,,18420.43500006568,41.6934875,425.0
2025-10-01,price_tree,3002,sell,hypothetical_quote_sale,,,,18097.306929844344,43.46583125,425.0
2025-10-01,price_tree,3296,sell,hypothetical_quote_sale,,,,17371.704999999998,24.754679624999998,425.0
2025-10-01,price_tree,5292,sell,hypothetical_quote_sale,,,,618.8899999977583,20.0,425.0
2025-10-01,price_tree,5521,sell,hypothetical_quote_sale,,,,15892.140000000003,40.0,425.0
2025-10-01,price_tree,2832,buy,hypothetical_quote_buy,500.0,0.0,500.0,18843.749999999996,26.852343749999996,
2025-10-01,price_tree,1587,buy,hypothetical_quote_buy,440.0,0.0,440.0,18859.829999999998,26.87525775,
2025-10-01,price_tree,8462,buy,hypothetical_quote_buy,114.0,0.0,114.0,18846.765,26.856640125,
2025-10-01,price_tree,2406,buy,buy_limit_not_met,911.0,,,,,
2025-10-01,price_tree,2405,buy,buy_limit_not_met,986.0,,,,,
2025-10-01,price_tree,3673,buy,hypothetical_quote_buy,476.0,0.0,476.0,18848.172,26.8586451,
2025-10-01,price_tree,2497,buy,buy_limit_not_met,384.0,,,,,
2025-10-01,price_tree,5225,buy,hypothetical_quote_buy,164.0,0.0,164.0,18871.89,26.89244325,
2025-10-01,price_tree,6133,buy,buy_limit_not_met,1123.0,,,,,
2025-10-01,price_tree,6698,buy,hypothetical_quote_buy,536.0,0.0,536.0,18799.931999999997,26.789903099999997,
2025-10-01,price_tree,6525,buy,hypothetical_quote_buy,229.0,0.0,229.0,18917.918999999998,26.958034575,
2025-10-01,price_tree,2231,buy,hypothetical_quote_buy,5.0,0.0,5.0,600.4875,20.0,
2025-11-03,price_tree,1587,sell,hypothetical_quote_sale,,,,17621.45000000677,25.11056625,445.0
2025-11-03,price_tree,2231,sell,hypothetical_quote_sale,,,,507.4500000000555,20.0,445.0
2025-11-03,price_tree,2423,sell,hypothetical_quote_sale,,,,18765.700000004737,26.741122500000003,445.0
2025-11-03,price_tree,2832,sell,hypothetical_quote_sale,,,,17134.93848110809,24.363487912500005,445.0
2025-11-03,price_tree,3673,sell,hypothetical_quote_sale,,,,17192.406000003586,24.49917855,445.0
2025-11-03,price_tree,5225,sell,hypothetical_quote_sale,,,,17786.619999991894,25.3459335,445.0
2025-11-03,price_tree,5607,sell,hypothetical_quote_sale,,,,20185.614750002478,28.764501018749996,445.0
2025-11-03,price_tree,6525,sell,hypothetical_quote_sale,,,,18570.182499999635,26.462510062499998,445.0
2025-11-03,price_tree,6698,sell,hypothetical_quote_sale,,,,18586.202,26.485337850000004,445.0
2025-11-03,price_tree,8462,sell,hypothetical_quote_sale,,,,18602.519999927994,26.508591000000003,445.0
2025-11-03,price_tree,3002,buy,unknown_signal_portfolio_mark,836.0,,,,,
2025-11-03,price_tree,2330,buy,unknown_signal_portfolio_mark,12.0,,,,,
2025-11-03,price_tree,2855,buy,unknown_signal_portfolio_mark,792.0,,,,,
2025-11-03,price_tree,3031,buy,unknown_signal_portfolio_mark,916.0,,,,,
2025-11-03,price_tree,1256,buy,unknown_signal_portfolio_mark,128.0,,,,,
2025-11-03,price_tree,6177,buy,unknown_signal_portfolio_mark,380.0,,,,,
2025-11-03,price_tree,2614,buy,unknown_signal_portfolio_mark,909.0,,,,,
2025-11-03,price_tree,2501,buy,unknown_signal_portfolio_mark,822.0,,,,,
2025-11-03,price_tree,3711,buy,unknown_signal_portfolio_mark,75.0,,,,,
2025-11-03,price_tree,1808,buy,unknown_signal_portfolio_mark,494.0,,,,,
2025-11-03,price_tree,6591,buy,unknown_signal_portfolio_mark,223.0,,,,,
2025-11-03,price_tree,2546,buy,unknown_signal_portfolio_mark,213.0,,,,,
2025-11-03,price_tree,6830,buy,unknown_signal_portfolio_mark,109.0,,,,,
2025-11-03,price_tree,4562,buy,unknown_signal_portfolio_mark,465.0,,,,,
2025-12-01,price_tree,8104,buy,buy_limit_not_met,630.0,,,,,
2025-12-01,price_tree,6742,buy,buy_limit_not_met,421.0,,,,,
2025-12-01,price_tree,4976,buy,hypothetical_quote_buy,588.0,0.0,588.0,18850.985999999997,26.862655049999997,
2025-12-01,price_tree,3701,buy,hypothetical_quote_buy,588.0,0.0,588.0,18762.344999999998,26.736341624999998,
2025-12-01,price_tree,6928,buy,buy_limit_not_met,364.0,,,,,
2025-12-01,price_tree,8021,buy,hypothetical_quote_buy,138.0,0.0,138.0,18792.495,26.779305375,
2025-12-01,price_tree,8374,buy,hypothetical_quote_buy,242.0,0.0,242.0,18921.737999999998,26.963476649999997,
2025-12-01,price_tree,4438,buy,hypothetical_quote_buy,225.0,0.0,225.0,18813.6,26.809379999999997,
2025-12-01,price_tree,8404,buy,hypothetical_quote_buy,745.0,0.0,745.0,18830.433749999997,26.833368093749996,
2025-12-01,price_tree,5515,buy,hypothetical_quote_buy,576.0,0.0,576.0,18871.487999999998,26.8918704,
2025-12-01,price_tree,2838,buy,hypothetical_quote_buy,951.0,0.0,951.0,18828.373499999998,26.8304322375,
2025-12-01,price_tree,6442,buy,buy_limit_not_met,15.0,,,,,
2025-12-01,price_tree,1529,buy,hypothetical_quote_buy,975.0,0.0,975.0,18764.606249999997,26.739563906249998,
2025-12-01,price_tree,2527,buy,hypothetical_quote_buy,670.0,0.0,670.0,18853.8,26.866665,
2026-01-02,price_tree,1529,sell,hypothetical_quote_sale,,,,18286.856249960492,26.032043212500007,487.0
2026-01-02,price_tree,2527,sell,hypothetical_quote_sale,,,,19399.51500000284,27.644308875000004,487.0
2026-01-02,price_tree,2838,sell,hypothetical_quote_sale,,,,18309.84075002094,26.091523068750003,487.0
2026-01-02,price_tree,3701,sell,hypothetical_quote_sale,,,,31476.228000022988,44.8536249,487.0
2026-01-02,price_tree,4438,sell,hypothetical_quote_sale,,,,16790.625000007254,23.926640625,487.0
2026-01-02,price_tree,4976,sell,hypothetical_quote_sale,,,,17756.571,25.303113675000002,487.0
2026-01-02,price_tree,5515,sell,hypothetical_quote_sale,,,,20632.319999977346,29.401056,487.0
2026-01-02,price_tree,8045,sell,hypothetical_quote_sale,,,,11752.541999974705,20.0,487.0
2026-01-02,price_tree,8374,sell,hypothetical_quote_sale,,,,18902.01499999486,26.935371375,487.0
2026-01-02,price_tree,8404,sell,hypothetical_quote_sale,,,,17271.70749999784,24.6121831875,487.0
2026-01-02,price_tree,2357,buy,buy_limit_not_met,34.0,,,,,
2026-01-02,price_tree,2368,buy,hypothetical_quote_buy,27.0,0.0,27.0,18560.34,26.448484500000003,
2026-01-02,price_tree,2330,buy,hypothetical_quote_buy,12.0,0.0,12.0,18753.3,26.7234525,
2026-01-02,price_tree,3711,buy,buy_limit_not_met,74.0,,,,,
2026-01-02,price_tree,3450,buy,buy_limit_not_met,69.0,,,,,
2026-01-02,price_tree,8210,buy,hypothetical_quote_buy,18.0,0.0,18.0,18089.999999999996,25.778249999999996,
2026-01-02,price_tree,1303,buy,hypothetical_quote_buy,312.0,0.0,312.0,18876.311999999998,26.898744599999997,
2026-01-02,price_tree,6805,buy,buy_limit_not_met,3.0,,,,,
2026-01-02,price_tree,6472,buy,hypothetical_quote_buy,12.0,0.0,12.0,5885.279999999999,20.0,
2026-01-02,price_tree,1786,buy,cash_or_one_share_gate,0.0,,,,,
2026-01-02,price_tree,3665,buy,cash_or_one_share_gate,0.0,,,,,
2026-01-02,price_tree,2382,buy,cash_or_one_share_gate,0.0,,,,,
2026-01-02,price_tree,3443,buy,cash_or_one_share_gate,0.0,,,,,
2026-01-02,price_tree,2891,buy,cash_or_one_share_gate,0.0,,,,,
2026-02-02,price_tree,1303,sell,hypothetical_quote_sale,,,,23158.823999980927,33.0013242,508.0
2026-02-02,price_tree,6472,sell,hypothetical_quote_sale,,,,7187.87999999195,20.0,508.0
2026-02-02,price_tree,8021,sell,hypothetical_quote_sale,,,,27217.38221281233,38.727128812500005,508.0
2026-02-02,price_tree,8210,sell,hypothetical_quote_sale,,,,15957.80999995914,22.73987925,508.0
2026-02-02,price_tree,2357,buy,hypothetical_quote_buy,37.0,0.0,37.0,18443.76,26.282358,
2026-02-02,price_tree,2413,buy,hypothetical_quote_buy,473.0,0.0,473.0,18467.930249999998,26.31680060625,
2026-02-02,price_tree,6805,buy,hypothetical_quote_buy,13.0,0.0,13.0,18421.649999999998,26.250851249999997,
2026-02-02,price_tree,2059,buy,hypothetical_quote_buy,5.0,0.0,5.0,15677.999999999996,22.341149999999995,
2026-02-02,price_tree,1504,buy,hypothetical_quote_buy,229.0,0.0,229.0,18526.672499999997,26.400508312499998,
2026-02-02,price_tree,3092,buy,hypothetical_quote_buy,751.0,0.0,751.0,18793.399499999996,26.780594287499994,
2026-02-02,price_tree,8438,buy,buy_limit_not_met,326.0,,,,,
2026-02-02,price_tree,6282,buy,hypothetical_quote_buy,377.0,0.0,377.0,18489.587999999996,26.347662899999996,
2026-02-02,price_tree,6409,buy,hypothetical_quote_buy,22.0,0.0,22.0,18682.949999999997,26.62320375,
2026-02-02,price_tree,2069,buy,hypothetical_quote_buy,907.0,0.0,907.0,18959.928,27.017897400000003,
2026-02-02,price_tree,3711,buy,hypothetical_quote_buy,63.0,0.0,63.0,18614.609999999997,26.525819249999998,
2026-02-02,price_tree,6715,buy,hypothetical_quote_buy,48.0,0.0,48.0,6343.5599999999995,20.0,
2026-02-02,price_tree,8046,buy,cash_or_one_share_gate,0.0,,,,,
2026-03-02,price_tree,1504,sell,hypothetical_quote_sale,,,,18228.400000002282,25.975469999999998,520.0
2026-03-02,price_tree,2069,sell,hypothetical_quote_sale,,,,16966.341999972894,24.1503813,520.0
2026-03-02,price_tree,2357,sell,hypothetical_quote_sale,,,,19622.394999985074,27.961912875000003,520.0
2026-03-02,price_tree,2368,sell,hypothetical_quote_sale,,,,21062.15999999971,30.013578000000003,520.0
2026-03-02,price_tree,2413,sell,hypothetical_quote_sale,,,,25226.035999984862,35.9471013,520.0
2026-03-02,price_tree,3092,sell,hypothetical_quote_sale,,,,26153.574999985223,37.268844375,520.0
2026-03-02,price_tree,3711,sell,hypothetical_quote_sale,,,,22472.572499977825,32.0234158125,520.0
2026-03-02,price_tree,6282,sell,hypothetical_quote_sale,,,,18680.72699997464,26.620035975,520.0
2026-03-02,price_tree,6409,sell,hypothetical_quote_sale,,,,19854.229999999545,28.29227775,520.0
2026-03-02,price_tree,6669,buy,buy_limit_not_met,4.0,,,,,
2026-03-02,price_tree,3231,buy,hypothetical_quote_buy,138.0,0.0,138.0,18237.735,25.988772375000003,
2026-03-02,price_tree,1528,buy,hypothetical_quote_buy,795.0,0.0,795.0,17697.296249999996,25.218647156249993,
2026-03-02,price_tree,3665,buy,hypothetical_quote_buy,13.0,0.0,13.0,18029.699999999997,25.692322499999996,
2026-03-02,price_tree,3661,buy,hypothetical_quote_buy,5.0,0.0,5.0,17084.999999999996,24.346124999999997,
2026-03-02,price_tree,2449,buy,hypothetical_quote_buy,6.0,0.0,6.0,1890.4049999999997,20.0,
2026-03-02,price_tree,2404,buy,cash_or_one_share_gate,0.0,,,,,
2026-03-02,price_tree,6446,buy,cash_or_one_share_gate,0.0,,,,,
2026-03-02,price_tree,1466,buy,buy_limit_not_met,8.0,,,,,
2026-03-02,price_tree,4927,buy,hypothetical_quote_buy,3.0,0.0,3.0,134.61974999999998,20.0,
2026-03-02,price_tree,6781,buy,cash_or_one_share_gate,0.0,,,,,
2026-04-01,price_tree,1528,sell,hypothetical_quote_sale,,,,22109.148749952994,31.465907362500005,542.0
2026-04-01,price_tree,2059,sell,hypothetical_quote_sale,,,,16516.999999997555,23.536725,542.0
2026-04-01,price_tree,2330,sell,hypothetical_quote_sale,,,,22041.398811330513,31.30668,542.0
2026-04-01,price_tree,2449,sell,hypothetical_quote_sale,,,,1653.6899999999914,20.0,542.0
2026-04-01,price_tree,3665,sell,hypothetical_quote_sale,,,,24123.775000050453,34.376379375,542.0
2026-04-01,price_tree,4927,sell,hypothetical_quote_sale,,,,124.62374999979154,20.0,542.0
2026-04-01,price_tree,6715,sell,hypothetical_quote_sale,,,,16238.399999936637,23.139720000000004,542.0
2026-04-01,price_tree,6805,sell,hypothetical_quote_sale,,,,23994.425000008578,34.192055625,542.0
2026-04-01,price_tree,6861,buy,buy_limit_not_met,149.0,,,,,
2026-04-01,price_tree,2301,buy,buy_limit_not_met,133.0,,,,,
2026-04-01,price_tree,2404,buy,buy_limit_not_met,22.0,,,,,
2026-04-01,price_tree,3092,buy,buy_limit_not_met,676.0,,,,,
2026-04-01,price_tree,6152,buy,buy_limit_not_met,1195.0,,,,,
2026-04-01,price_tree,8210,buy,buy_limit_not_met,21.0,,,,,
2026-04-01,price_tree,3049,buy,buy_limit_not_met,1639.0,,,,,
2026-04-01,price_tree,1519,buy,buy_limit_not_met,23.0,,,,,
2026-04-01,price_tree,6669,buy,buy_limit_not_met,5.0,,,,,
2026-04-01,price_tree,8271,buy,buy_limit_not_met,144.0,,,,,
2026-04-01,price_tree,1504,buy,buy_limit_not_met,313.0,,,,,
2026-04-01,price_tree,8110,buy,buy_limit_not_met,391.0,,,,,
2026-04-01,price_tree,6443,buy,buy_limit_not_met,459.0,,,,,
2026-05-04,price_tree,3661,sell,hypothetical_quote_sale,,,,21342.750000014992,30.41341875,562.0
2026-05-04,price_tree,1519,buy,buy_limit_not_met,21.0,,,,,
2026-05-04,price_tree,6770,buy,buy_limit_not_met,361.0,,,,,
2026-05-04,price_tree,2485,buy,buy_limit_not_met,320.0,,,,,
2026-05-04,price_tree,6239,buy,buy_limit_not_met,92.0,,,,,
2026-05-04,price_tree,2301,buy,buy_limit_not_met,113.0,,,,,
2026-05-04,price_tree,2367,buy,buy_limit_not_met,325.0,,,,,
2026-05-04,price_tree,3702,buy,buy_limit_not_met,185.0,,,,,
2026-05-04,price_tree,2308,buy,buy_limit_not_met,8.0,,,,,
2026-05-04,price_tree,2404,buy,buy_limit_not_met,19.0,,,,,
2026-05-04,price_tree,1477,buy,hypothetical_quote_buy,88.0,0.0,88.0,18705.059999999998,26.654710499999997,
2026-05-04,price_tree,1587,buy,hypothetical_quote_buy,592.0,0.0,592.0,18860.231999999996,26.875830599999997,
2026-05-04,price_tree,6789,buy,buy_limit_not_met,32.0,,,,,
2026-05-04,price_tree,1717,buy,buy_limit_not_met,238.0,,,,,
2026-05-04,price_tree,1522,buy,hypothetical_quote_buy,606.0,0.0,606.0,18849.478499999997,26.860506862499996,
2026-06-01,price_tree,1477,sell,hypothetical_quote_sale,,,,18956.74000002925,27.0133545,582.0
2026-06-01,price_tree,1522,sell,hypothetical_quote_sale,,,,20470.83150000603,29.1709348875,582.0
2026-06-01,price_tree,1587,sell,hypothetical_quote_sale,,,,18525.30799995846,26.353971731250002,582.0
2026-06-01,price_tree,3231,sell,hypothetical_quote_sale,,,,23891.939999986545,34.0460145,582.0
2026-06-01,price_tree,4960,buy,hypothetical_quote_buy,587.0,0.0,587.0,18936.9135,26.9851017375,
2026-06-01,price_tree,2367,buy,buy_limit_not_met,275.0,,,,,
2026-06-01,price_tree,3209,buy,buy_limit_not_met,246.0,,,,,
2026-06-01,price_tree,3653,buy,hypothetical_quote_buy,5.0,0.0,5.0,17838.749999999996,25.420218749999997,
2026-06-01,price_tree,4949,buy,buy_limit_not_met,198.0,,,,,
2026-06-01,price_tree,6515,buy,buy_limit_not_met,2.0,,,,,
2026-06-01,price_tree,3024,buy,hypothetical_quote_buy,1268.0,1000.0,268.0,18796.515,41.12384375,
2026-06-01,price_tree,6166,buy,buy_limit_not_met,142.0,,,,,
2026-06-01,price_tree,1568,buy,buy_limit_not_met,414.0,,,,,
2026-06-01,price_tree,1519,buy,hypothetical_quote_buy,21.0,0.0,21.0,18361.35,26.16492375,
2026-06-01,price_tree,6830,buy,hypothetical_quote_buy,27.0,0.0,27.0,18397.529999999995,26.216480249999993,
2026-06-01,price_tree,2357,buy,buy_limit_not_met,24.0,,,,,
2026-06-01,price_tree,2376,buy,buy_limit_not_met,50.0,,,,,
2026-06-01,price_tree,7750,buy,hypothetical_quote_buy,7.0,0.0,7.0,16883.999999999996,24.059699999999996,
2026-06-01,price_tree,2887,buy,hypothetical_quote_buy,804.0,0.0,804.0,18867.267,26.885855475,
2026-07-01,price_tree,1519,sell,hypothetical_quote_sale,,,,16360.784999933107,23.314118625,603.0
2026-07-01,price_tree,2887,sell,hypothetical_quote_sale,,,,26799.329999967187,38.18904525000001,603.0
2026-07-01,price_tree,3024,sell,hypothetical_quote_sale,,,,15581.501000028517,40.0,603.0
2026-07-01,price_tree,4960,sell,hypothetical_quote_sale,,,,15331.706250030598,21.84768140625,603.0
2026-07-01,price_tree,6830,sell,hypothetical_quote_sale,,,,13338.472500015576,20.0,603.0
2026-07-01,price_tree,7750,sell,hypothetical_quote_sale,,,,13964.82499999312,20.0,603.0
2026-07-01,price_tree,5285,buy,buy_limit_not_met,195.0,,,,,
2026-07-01,price_tree,3533,buy,buy_limit_not_met,8.0,,,,,
2026-07-01,price_tree,6449,buy,buy_limit_not_met,54.0,,,,,
2026-07-01,price_tree,6442,buy,buy_limit_not_met,11.0,,,,,
2026-07-01,price_tree,4916,buy,buy_limit_not_met,183.0,,,,,
2026-07-01,price_tree,3528,buy,hypothetical_quote_buy,188.0,0.0,188.0,18893.999999999996,26.923949999999994,
2026-07-01,price_tree,6224,buy,buy_limit_not_met,243.0,,,,,
2026-07-01,price_tree,1568,buy,buy_limit_not_met,502.0,,,,,
2026-07-01,price_tree,6525,buy,buy_limit_not_met,124.0,,,,,
2026-07-01,price_tree,2357,buy,hypothetical_quote_buy,26.0,0.0,26.0,17193.54,24.5007945,
2026-07-01,price_tree,4919,buy,buy_limit_not_met,108.0,,,,,
2026-07-01,price_tree,6890,buy,hypothetical_quote_buy,95.0,0.0,95.0,18808.574999999997,26.802219374999996,
2026-07-01,price_tree,6196,buy,buy_limit_not_met,33.0,,,,,
2026-07-01,price_tree,2885,buy,buy_limit_not_met,285.0,,,,,
2026-08-03,price_tree,2357,sell,hypothetical_quote_sale,,,,20437.30000000543,29.1231525,625.0
2026-08-03,price_tree,3528,sell,hypothetical_quote_sale,,,,15600.803999939724,22.231145700000003,625.0
2026-08-03,price_tree,3653,sell,hypothetical_quote_sale,,,,18496.811281013586,26.195240625,625.0
2026-08-03,price_tree,6890,sell,hypothetical_quote_sale,,,,16504.334619075533,23.441727375,625.0
2026-08-03,price_tree,6531,buy,hypothetical_quote_buy,28.0,0.0,28.0,18544.26,26.4255705,
2026-08-03,price_tree,3167,buy,buy_limit_not_met,38.0,,,,,
2026-08-03,price_tree,6515,buy,buy_limit_not_met,3.0,,,,,
2026-08-03,price_tree,2337,buy,buy_limit_not_met,186.0,,,,,
2026-08-03,price_tree,6451,buy,hypothetical_quote_buy,55.0,0.0,55.0,18682.949999999997,26.62320375,
2026-08-03,price_tree,2313,buy,buy_limit_not_met,111.0,,,,,
2026-08-03,price_tree,6442,buy,buy_limit_not_met,16.0,,,,,
2026-08-03,price_tree,3016,buy,hypothetical_quote_buy,235.0,0.0,235.0,18303.562499999996,26.082576562499995,
2026-08-03,price_tree,2368,buy,buy_limit_not_met,23.0,,,,,
2026-08-03,price_tree,2486,buy,buy_limit_not_met,99.0,,,,,
2026-08-03,price_tree,8996,buy,buy_limit_not_met,21.0,,,,,
2026-08-03,price_tree,2455,buy,buy_limit_not_met,64.0,,,,,
2026-08-03,price_tree,3661,buy,hypothetical_quote_buy,6.0,0.0,6.0,18512.1,26.3797425,
2026-08-03,price_tree,2302,buy,hypothetical_quote_buy,511.0,0.0,511.0,18873.146249999998,26.89423340625,
2026-08-03,price_tree,2449,buy,buy_limit_not_met,84.0,,,,,
2026-09-01,price_tree,2302,sell,hypothetical_quote_sale,,,,22752.913749975884,32.422902093750004,646.0
2026-09-01,price_tree,3016,sell,hypothetical_quote_sale,,,,23897.006876141142,33.98646375,646.0
2026-09-01,price_tree,3661,sell,hypothetical_quote_sale,,,,25282.94999994279,36.028203749999996,646.0
2026-09-01,price_tree,3167,buy,hypothetical_quote_buy,23.0,0.0,23.0,18353.309999999998,26.153466749999996,
2026-09-01,price_tree,3533,buy,hypothetical_quote_buy,11.0,0.0,11.0,18682.949999999997,26.62320375,
2026-09-01,price_tree,6239,buy,hypothetical_quote_buy,67.0,0.0,67.0,18449.789999999997,26.290950749999997,
2026-09-01,price_tree,6442,buy,hypothetical_quote_buy,11.0,0.0,11.0,18019.649999999998,25.678001249999998,
2026-09-01,price_tree,6515,buy,buy_limit_not_met,2.0,,,,,
2026-09-01,price_tree,2492,buy,hypothetical_quote_buy,63.0,0.0,63.0,18709.582499999997,26.661155062499997,
2026-09-01,price_tree,2449,buy,buy_limit_not_met,73.0,,,,,
2026-09-01,price_tree,2481,buy,hypothetical_quote_buy,124.0,0.0,124.0,18817.62,26.8151085,
2026-09-01,price_tree,8150,buy,hypothetical_quote_buy,210.0,0.0,210.0,18846.764999999996,26.856640124999995,
2026-09-01,price_tree,3042,buy,hypothetical_quote_buy,101.0,0.0,101.0,18879.929999999997,26.903900249999996,
2026-09-01,price_tree,1802,buy,hypothetical_quote_buy,308.0,0.0,308.0,18881.94,26.906764499999998,
2026-09-01,price_tree,3026,buy,buy_limit_not_met,25.0,,,,,
2026-09-01,price_tree,8210,buy,hypothetical_quote_buy,19.0,0.0,19.0,18522.149999999998,26.394063749999997,
2026-10-01,price_tree,1802,sell,hypothetical_quote_sale,,,,18387.6,26.202330000000003,666.0
2026-10-01,price_tree,2481,sell,hypothetical_quote_sale,,,,21221.359999987548,30.240437999999997,666.0
2026-10-01,price_tree,2492,sell,hypothetical_quote_sale,,,,18962.212499983645,27.021152812500002,666.0
2026-10-01,price_tree,3042,sell,hypothetical_quote_sale,,,,21103.950000026816,30.07312875,666.0
2026-10-01,price_tree,3167,sell,hypothetical_quote_sale,,,,20779.57999999114,29.610901500000004,666.0
2026-10-01,price_tree,3533,sell,hypothetical_quote_sale,,,,19482.10000002217,27.761992499999998,666.0
2026-10-01,price_tree,6442,sell,hypothetical_quote_sale,,,,16417.499999984488,23.3949375,666.0
2026-10-01,price_tree,6451,sell,hypothetical_quote_sale,,,,23093.949999973458,32.90887875,666.0
2026-10-01,price_tree,6531,sell,hypothetical_quote_sale,,,,25937.65999998304,36.9611655,666.0
2026-10-01,price_tree,8150,sell,hypothetical_quote_sale,,,,23611.349999931972,33.64617375,666.0
2026-10-01,price_tree,6515,buy,buy_limit_not_met,3.0,,,,,
2026-10-01,price_tree,2330,buy,hypothetical_quote_buy,7.0,0.0,7.0,17517.149999999998,24.961938749999998,
2026-10-01,price_tree,2327,buy,buy_limit_not_met,34.0,,,,,
2026-10-01,price_tree,6415,buy,hypothetical_quote_buy,45.0,0.0,45.0,18564.8625,26.4549290625,
2026-10-01,price_tree,2345,buy,buy_limit_not_met,10.0,,,,,
2026-10-01,price_tree,1558,buy,hypothetical_quote_buy,166.0,0.0,166.0,18768.374999999996,26.744934374999996,
2026-10-01,price_tree,6933,buy,hypothetical_quote_buy,50.0,0.0,50.0,18592.5,26.4943125,
2026-10-01,price_tree,2303,buy,buy_limit_not_met,121.0,,,,,
2026-10-01,price_tree,2337,buy,hypothetical_quote_buy,153.0,0.0,153.0,18605.565,26.512930125,
2026-10-01,price_tree,6957,buy,buy_limit_not_met,50.0,,,,,
2026-10-01,price_tree,3026,buy,buy_limit_not_met,23.0,,,,,
2026-10-01,price_tree,2472,buy,hypothetical_quote_buy,87.0,0.0,87.0,18667.372499999998,26.6010058125,
2026-10-01,price_tree,8261,buy,buy_limit_not_met,106.0,,,,,
2024-01-02,all_tree,2102,buy,buy_limit_not_met,953.0,,,,,
2024-01-02,all_tree,2528,buy,hypothetical_quote_buy,543.0,0.0,543.0,18881.738999999998,26.906478075,
2024-01-02,all_tree,6541,buy,buy_limit_not_met,288.0,,,,,
2024-01-02,all_tree,2530,buy,hypothetical_quote_buy,523.0,0.0,523.0,18843.297749999998,26.85169929375,
2024-01-02,all_tree,6505,buy,hypothetical_quote_buy,232.0,0.0,232.0,18746.064,26.7131412,
2024-01-02,all_tree,3056,buy,hypothetical_quote_buy,636.0,0.0,636.0,18887.769,26.915070825,
2024-01-02,all_tree,1722,buy,hypothetical_quote_buy,277.0,0.0,277.0,18790.9875,26.7771571875,
2024-01-02,all_tree,1903,buy,hypothetical_quote_buy,326.0,0.0,326.0,18773.198999999997,26.751808574999995,
2024-01-02,all_tree,2538,buy,hypothetical_quote_buy,1195.0,1000.0,195.0,18855.307499999995,42.4843625,
2024-01-02,all_tree,4763,buy,hypothetical_quote_buy,23.0,0.0,23.0,18491.999999999996,26.351099999999995,
2024-01-02,all_tree,2385,buy,hypothetical_quote_buy,107.0,0.0,107.0,18872.392499999998,26.8931593125,
2024-01-02,all_tree,2347,buy,hypothetical_quote_buy,267.0,0.0,267.0,18890.784,26.9193672,
2024-01-02,all_tree,6706,buy,hypothetical_quote_buy,281.0,0.0,281.0,18864.653999999995,26.882131949999994,
2024-01-02,all_tree,4938,buy,hypothetical_quote_buy,215.0,0.0,215.0,18884.955,26.911060875000004,
2024-01-02,all_tree,9904,buy,hypothetical_quote_buy,607.0,0.0,607.0,18911.085,26.948296125,
2024-02-01,all_tree,1722,sell,hypothetical_quote_sale,,,,18714.258500004984,26.6678183625,24.0
2024-02-01,all_tree,1903,sell,hypothetical_quote_sale,,,,17321.357999999997,24.682935150000002,24.0
2024-02-01,all_tree,2385,sell,hypothetical_quote_sale,,,,17566.724999969578,25.032583125000006,24.0
2024-02-01,all_tree,3056,sell,hypothetical_quote_sale,,,,17845.523999977297,25.429871699999996,24.0
2024-02-01,all_tree,4763,sell,hypothetical_quote_sale,,,,19292.05499998479,27.491178375,24.0
2024-02-01,all_tree,4938,sell,hypothetical_quote_sale,,,,17777.167499997962,25.3324636875,24.0
2024-02-01,all_tree,6505,sell,hypothetical_quote_sale,,,,17336.083999995524,24.7039197,24.0
2024-02-01,all_tree,6706,sell,hypothetical_quote_sale,,,,18173.67500000883,25.897486875,24.0
2024-02-01,all_tree,9904,sell,hypothetical_quote_sale,,,,19175.88874999674,27.32564146875,24.0
2024-02-01,all_tree,3535,buy,buy_limit_not_met,792.0,,,,,
2024-02-01,all_tree,2465,buy,hypothetical_quote_buy,240.0,0.0,240.0,18451.8,26.293815,
2024-02-01,all_tree,6477,buy,hypothetical_quote_buy,509.0,0.0,509.0,18850.433250000002,26.861867381250004,
2024-02-01,all_tree,3711,buy,hypothetical_quote_buy,18.0,0.0,18.0,2442.1499999999996,20.0,
2024-02-01,all_tree,6139,buy,cash_or_one_share_gate,0.0,,,,,
2024-02-01,all_tree,1471,buy,hypothetical_quote_buy,6.0,0.0,6.0,93.46499999999999,20.0,
2024-02-01,all_tree,3031,buy,cash_or_one_share_gate,0.0,,,,,
2024-02-01,all_tree,8210,buy,cash_or_one_share_gate,0.0,,,,,
2024-02-01,all_tree,4976,buy,cash_or_one_share_gate,0.0,,,,,
2024-02-01,all_tree,3011,buy,cash_or_one_share_gate,0.0,,,,,
2024-02-01,all_tree,3518,buy,cash_or_one_share_gate,0.0,,,,,
2024-03-01,all_tree,1471,sell,hypothetical_quote_sale,,,,97.90799999999999,20.0,37.0
2024-03-01,all_tree,2528,sell,hypothetical_quote_sale,,,,20800.972500009484,29.6413858125,37.0
2024-03-01,all_tree,2530,sell,hypothetical_quote_sale,,,,19696.572250018366,28.067615456250003,37.0
2024-03-01,all_tree,2538,sell,hypothetical_quote_sale,,,,18489.338749995994,42.04795625,37.0
2024-03-01,all_tree,3711,sell,hypothetical_quote_sale,,,,2489.4899999917498,20.0,37.0
2024-03-01,all_tree,6477,sell,hypothetical_quote_sale,,,,20030.295249979863,28.54317073125,37.0
2024-03-01,all_tree,2363,buy,buy_limit_not_met,436.0,,,,,
2024-03-01,all_tree,6706,buy,hypothetical_quote_buy,296.0,0.0,296.0,18770.987999999998,26.748657899999998,
2024-03-01,all_tree,2722,buy,hypothetical_quote_buy,382.0,0.0,382.0,18849.980999999996,26.861222924999996,
2024-03-01,all_tree,6541,buy,hypothetical_quote_buy,303.0,0.0,303.0,18910.381499999996,26.947293637499996,
2024-03-01,all_tree,2545,buy,hypothetical_quote_buy,436.0,0.0,436.0,18929.376,26.974360800000003,
2024-03-01,all_tree,9958,buy,hypothetical_quote_buy,72.0,0.0,72.0,18632.699999999997,26.551597499999996,
2024-03-01,all_tree,3027,buy,buy_limit_not_met,399.0,,,,,
2024-03-01,all_tree,4564,buy,hypothetical_quote_buy,811.0,0.0,811.0,18950.028749999998,27.003790968749996,
2024-03-01,all_tree,2482,buy,hypothetical_quote_buy,548.0,0.0,548.0,18862.844999999998,26.879554125,
2024-03-01,all_tree,3712,buy,buy_limit_not_met,377.0,,,,,
2024-03-01,all_tree,1216,buy,hypothetical_quote_buy,244.0,0.0,244.0,18612.198,26.522382150000002,
2024-03-01,all_tree,2348,buy,hypothetical_quote_buy,112.0,0.0,112.0,11593.679999999998,20.0,
2024-03-01,all_tree,5269,buy,cash_or_one_share_gate,0.0,,,,,
2024-04-01,all_tree,1216,sell,hypothetical_quote_sale,,,,18718.33800000543,26.67363165,58.0
2024-04-01,all_tree,2465,sell,hypothetical_quote_sale,,,,28894.8,41.17509,58.0
2024-04-01,all_tree,2482,sell,hypothetical_quote_sale,,,,18620.629000038236,26.534396325000003,58.0
2024-04-01,all_tree,2545,sell,hypothetical_quote_sale,,,,19391.754000001358,27.63324945,58.0
2024-04-01,all_tree,2722,sell,hypothetical_quote_sale,,,,19954.725000004353,28.435483124999998,58.0
2024-04-01,all_tree,4564,sell,hypothetical_quote_sale,,,,18640.429499985294,26.562612037500003,58.0
2024-04-01,all_tree,6706,sell,hypothetical_quote_sale,,,,15491.751999986689,22.075746600000002,58.0
2024-04-01,all_tree,9958,sell,hypothetical_quote_sale,,,,15760.800000039519,22.45914,58.0
2024-04-01,all_tree,2891,buy,hypothetical_quote_buy,568.0,0.0,568.0,18723.551999999996,26.681061599999996,
2024-04-01,all_tree,6189,buy,buy_limit_not_met,214.0,,,,,
2024-04-01,all_tree,3094,buy,hypothetical_quote_buy,563.0,0.0,563.0,18869.930249999998,26.889650606249997,
2024-04-01,all_tree,3535,buy,hypothetical_quote_buy,929.0,0.0,929.0,18766.264499999997,26.7419269125,
2024-04-01,all_tree,6139,buy,buy_limit_not_met,78.0,,,,,
2024-04-01,all_tree,3056,buy,buy_limit_not_met,666.0,,,,,
2024-04-01,all_tree,2528,buy,hypothetical_quote_buy,405.0,0.0,405.0,18845.257499999996,26.854491937499997,
2024-04-01,all_tree,2211,buy,hypothetical_quote_buy,47.0,0.0,47.0,5880.7575,20.0,
2024-04-01,all_tree,8210,buy,cash_or_one_share_gate,0.0,,,,,
2024-04-01,all_tree,6176,buy,cash_or_one_share_gate,0.0,,,,,
2024-04-01,all_tree,3266,buy,hypothetical_quote_buy,5.0,0.0,5.0,91.95749999999998,20.0,
2024-04-01,all_tree,6657,buy,cash_or_one_share_gate,0.0,,,,,
2024-05-02,all_tree,2211,sell,hypothetical_quote_sale,,,,6944.602499993249,20.0,78.0
2024-05-02,all_tree,2347,sell,hypothetical_quote_sale,,,,20960.968499989733,29.869380112500004,78.0
2024-05-02,all_tree,2348,sell,hypothetical_quote_sale,,,,21675.079999983904,30.886989000000003,78.0
2024-05-02,all_tree,2528,sell,hypothetical_quote_sale,,,,20365.870150876715,28.99554375,78.0
2024-05-02,all_tree,2891,sell,hypothetical_quote_sale,,,,19215.440000019214,27.382002,78.0
2024-05-02,all_tree,3266,sell,hypothetical_quote_sale,,,,111.68874999979029,20.0,78.0
2024-05-02,all_tree,6541,sell,hypothetical_quote_sale,,,,14197.733443939822,20.196636862499997,78.0
2024-05-02,all_tree,3056,buy,hypothetical_quote_buy,559.0,0.0,559.0,18848.22225,26.85871670625,
2024-05-02,all_tree,2102,buy,hypothetical_quote_buy,955.0,0.0,955.0,18859.578749999997,26.874899718749997,
2024-05-02,all_tree,1519,buy,hypothetical_quote_buy,22.0,0.0,22.0,18682.949999999997,26.62320375,
2024-05-02,all_tree,6657,buy,buy_limit_not_met,337.0,,,,,
2024-05-02,all_tree,2855,buy,hypothetical_quote_buy,679.0,0.0,679.0,18834.102,26.83859535,
2024-05-02,all_tree,5522,buy,buy_limit_not_met,256.0,,,,,
2024-05-02,all_tree,9906,buy,buy_limit_not_met,200.0,,,,,
2024-05-02,all_tree,1436,buy,buy_limit_not_met,129.0,,,,,
2024-05-02,all_tree,1762,buy,hypothetical_quote_buy,407.0,0.0,407.0,18815.609999999997,26.812244249999996,
2024-05-02,all_tree,1325,buy,hypothetical_quote_buy,674.0,0.0,674.0,18864.7545,26.8822751625,
2024-05-02,all_tree,1732,buy,hypothetical_quote_buy,678.0,0.0,678.0,18874.502999999997,26.896166774999998,
2024-05-02,all_tree,2363,buy,hypothetical_quote_buy,303.0,0.0,303.0,18819.026999999995,26.817113474999992,
2024-05-02,all_tree,4934,buy,hypothetical_quote_buy,173.0,0.0,173.0,3946.7355,20.0,
2024-06-03,all_tree,1325,sell,hypothetical_quote_sale,,,,19146.486499956078,27.243262931250005,100.0
2024-06-03,all_tree,1519,sell,hypothetical_quote_sale,,,,15629.459999988221,22.271980499999998,100.0
2024-06-03,all_tree,1732,sell,hypothetical_quote_sale,,,,19293.845999999998,27.493730550000002,100.0
2024-06-03,all_tree,1762,sell,hypothetical_quote_sale,,,,19620.554249964676,27.959289806250002,100.0
2024-06-03,all_tree,2102,sell,hypothetical_quote_sale,,,,20429.837500000005,29.112518437499997,100.0
2024-06-03,all_tree,2363,sell,hypothetical_quote_sale,,,,17365.536000005257,24.7458888,100.0
2024-06-03,all_tree,2855,sell,hypothetical_quote_sale,,,,18139.99425002621,25.84949180625,100.0
2024-06-03,all_tree,3056,sell,hypothetical_quote_sale,,,,18855.349499966454,26.868873037500002,100.0
2024-06-03,all_tree,3094,sell,hypothetical_quote_sale,,,,17981.938499974727,25.6242623625,100.0
2024-06-03,all_tree,3535,sell,hypothetical_quote_sale,,,,27823.085499904842,39.6052188,100.0
2024-06-03,all_tree,4934,sell,hypothetical_quote_sale,,,,3830.00375,20.0,100.0
2024-06-03,all_tree,8112,buy,hypothetical_quote_buy,228.0,0.0,228.0,18904.05,26.93827125,
2024-06-03,all_tree,1442,buy,buy_limit_not_met,313.0,,,,,
2024-06-03,all_tree,2514,buy,hypothetical_quote_buy,792.0,0.0,792.0,18864.251999999997,26.881559099999997,
2024-06-03,all_tree,1903,buy,buy_limit_not_met,290.0,,,,,
2024-06-03,all_tree,2524,buy,buy_limit_not_met,350.0,,,,,
2024-06-03,all_tree,2538,buy,hypothetical_quote_buy,955.0,0.0,955.0,18619.634999999995,26.532979874999995,
2024-06-03,all_tree,1805,buy,buy_limit_not_met,970.0,,,,,
2024-06-03,all_tree,2520,buy,buy_limit_not_met,326.0,,,,,
2024-06-03,all_tree,6695,buy,buy_limit_not_met,257.0,,,,,
2024-06-03,all_tree,3040,buy,hypothetical_quote_buy,481.0,0.0,481.0,18852.795,26.865232875,
2024-06-03,all_tree,9945,buy,buy_limit_not_met,421.0,,,,,
2024-06-03,all_tree,2548,buy,buy_limit_not_met,118.0,,,,,
2024-06-03,all_tree,9902,buy,hypothetical_quote_buy,1084.0,1000.0,84.0,18901.437,44.84736875,
2024-06-03,all_tree,4938,buy,buy_limit_not_met,81.0,,,,,
2024-06-03,all_tree,1416,buy,buy_limit_not_met,651.0,,,,,
2024-07-01,all_tree,2514,sell,hypothetical_quote_sale,,,,19070.568,27.1755594,119.0
2024-07-01,all_tree,2538,sell,hypothetical_quote_sale,,,,17389.117500008004,24.7794924375,119.0
2024-07-01,all_tree,8112,sell,hypothetical_quote_sale,,,,19522.521138290074,27.719739824999998,119.0
2024-07-01,all_tree,9902,sell,hypothetical_quote_sale,,,,17850.499,43.46583125,119.0
2024-07-01,all_tree,6657,buy,buy_limit_not_met,335.0,,,,,
2024-07-01,all_tree,1423,buy,hypothetical_quote_buy,417.0,0.0,417.0,18921.687749999997,26.963405043749997,
2024-07-01,all_tree,9906,buy,buy_limit_not_met,212.0,,,,,
2024-07-01,all_tree,2548,buy,hypothetical_quote_buy,137.0,0.0,137.0,18794.002499999995,26.781453562499994,
2024-07-01,all_tree,2102,buy,buy_limit_not_met,903.0,,,,,
2024-07-01,all_tree,2501,buy,hypothetical_quote_buy,622.0,0.0,622.0,18909.5775,26.9461479375,
2024-07-01,all_tree,1903,buy,buy_limit_not_met,312.0,,,,,
2024-07-01,all_tree,2540,buy,buy_limit_not_met,100.0,,,,,
2024-07-01,all_tree,2855,buy,hypothetical_quote_buy,637.0,0.0,637.0,18853.448249999998,26.866163756249996,
2024-07-01,all_tree,6477,buy,hypothetical_quote_buy,430.0,0.0,430.0,18841.739999999998,26.849479499999998,
2024-07-01,all_tree,4142,buy,hypothetical_quote_buy,657.0,0.0,657.0,18851.136749999998,26.862869868749996,
2024-07-01,all_tree,2406,buy,hypothetical_quote_buy,712.0,0.0,712.0,18926.561999999998,26.97035085,
2024-07-01,all_tree,2015,buy,hypothetical_quote_buy,243.0,0.0,243.0,18828.976499999997,26.831291512499998,
2024-07-01,all_tree,2105,buy,hypothetical_quote_buy,379.0,0.0,379.0,18835.257749999997,26.84024229375,
2024-08-01,all_tree,1423,sell,hypothetical_quote_sale,,,,18627.180102222028,26.506605975000003,140.0
2024-08-01,all_tree,2105,sell,hypothetical_quote_sale,,,,18233.026750008747,25.982063118750002,140.0
2024-08-01,all_tree,2406,sell,hypothetical_quote_sale,,,,16790.028000000002,23.925789899999998,140.0
2024-08-01,all_tree,2501,sell,hypothetical_quote_sale,,,,20072.394223679756,28.582658549999998,140.0
2024-08-01,all_tree,3040,sell,hypothetical_quote_sale,,,,16226.798155797229,23.079176737500003,140.0
2024-08-01,all_tree,6477,sell,hypothetical_quote_sale,,,,16258.299999985169,23.168077500000003,140.0
2024-08-01,all_tree,3094,buy,buy_limit_not_met,587.0,,,,,
2024-08-01,all_tree,1903,buy,buy_limit_not_met,315.0,,,,,
2024-08-01,all_tree,1442,buy,hypothetical_quote_buy,279.0,0.0,279.0,18814.5045,26.8106689125,
2024-08-01,all_tree,9902,buy,hypothetical_quote_buy,813.0,0.0,813.0,18955.907999999996,27.012168899999995,
2024-08-01,all_tree,2102,buy,buy_limit_not_met,844.0,,,,,
2024-08-01,all_tree,1418,buy,buy_limit_not_met,503.0,,,,,
2024-08-01,all_tree,3029,buy,buy_limit_not_met,182.0,,,,,
2024-08-01,all_tree,4994,buy,hypothetical_quote_buy,178.0,0.0,178.0,18783.449999999997,26.766416249999995,
2024-08-01,all_tree,2376,buy,buy_limit_not_met,72.0,,,,,
2024-08-01,all_tree,8222,buy,buy_limit_not_met,488.0,,,,,
2024-08-01,all_tree,3406,buy,buy_limit_not_met,35.0,,,,,
2024-09-02,all_tree,1442,sell,hypothetical_quote_sale,,,,19067.55646666594,27.1280605875,162.0
2024-09-02,all_tree,2015,sell,hypothetical_quote_sale,,,,20043.97650000335,28.5626665125,162.0
2024-09-02,all_tree,2548,sell,hypothetical_quote_sale,,,,20310.934999923535,28.943082375,162.0
2024-09-02,all_tree,2855,sell,hypothetical_quote_sale,,,,17574.103673148937,25.01436343125,162.0
2024-09-02,all_tree,4142,sell,hypothetical_quote_sale,,,,19088.478,27.20108115,162.0
2024-09-02,all_tree,4994,sell,hypothetical_quote_sale,,,,19659.209999994164,28.01437425,162.0
2024-09-02,all_tree,3040,buy,hypothetical_quote_buy,479.0,0.0,479.0,18678.125999999997,26.616329549999996,
2024-09-02,all_tree,6405,buy,hypothetical_quote_buy,627.0,0.0,627.0,18904.05,26.93827125,
2024-09-02,all_tree,5531,buy,hypothetical_quote_buy,1805.0,1000.0,805.0,18865.86,40.0,
2024-09-02,all_tree,3094,buy,buy_limit_not_met,577.0,,,,,
2024-09-02,all_tree,4938,buy,hypothetical_quote_buy,183.0,0.0,183.0,18943.245,26.994124125,
2024-09-02,all_tree,2008,buy,buy_limit_not_met,476.0,,,,,
2024-09-02,all_tree,1463,buy,hypothetical_quote_buy,730.0,0.0,730.0,18854.805,26.868097125000002,
2024-09-02,all_tree,2482,buy,buy_limit_not_met,587.0,,,,,
2024-09-02,all_tree,1568,buy,buy_limit_not_met,654.0,,,,,
2024-09-02,all_tree,5522,buy,hypothetical_quote_buy,231.0,0.0,231.0,18595.615499999996,26.498752087499994,
2024-09-02,all_tree,6937,buy,buy_limit_not_met,62.0,,,,,
2024-09-02,all_tree,2731,buy,hypothetical_quote_buy,137.0,0.0,137.0,18794.002499999995,26.781453562499994,
2024-09-02,all_tree,1805,buy,hypothetical_quote_buy,842.0,0.0,842.0,18912.7935,26.9507307375,
2024-09-02,all_tree,2376,buy,buy_limit_not_met,29.0,,,,,
2024-10-01,all_tree,1463,sell,hypothetical_quote_sale,,,,16815.002499997438,23.9613785625,182.0
2024-10-01,all_tree,1805,sell,hypothetical_quote_sale,,,,16881.46849997507,24.02752243125,182.0
2024-10-01,all_tree,2731,sell,hypothetical_quote_sale,,,,17857.264999922358,25.446602625,182.0
2024-10-01,all_tree,4938,sell,hypothetical_quote_sale,,,,18845.79750012927,26.8552614375,182.0
2024-10-01,all_tree,5531,sell,hypothetical_quote_sale,,,,18678.14,40.0,182.0
2024-10-01,all_tree,9902,sell,hypothetical_quote_sale,,,,15531.552000054773,22.1324616,182.0
2024-10-01,all_tree,1903,buy,hypothetical_quote_buy,329.0,0.0,329.0,18714.506999999998,26.668172475,
2024-10-01,all_tree,3047,buy,hypothetical_quote_buy,502.0,0.0,502.0,18767.771999999997,26.744075099999996,
2024-10-01,all_tree,2505,buy,hypothetical_quote_buy,807.0,0.0,807.0,18856.563749999998,26.87060334375,
2024-10-01,all_tree,2520,buy,buy_limit_not_met,386.0,,,,,
2024-10-01,all_tree,3094,buy,buy_limit_not_met,562.0,,,,,
2024-10-01,all_tree,2482,buy,hypothetical_quote_buy,608.0,0.0,608.0,18942.239999999998,26.992691999999998,
2024-10-01,all_tree,1611,buy,hypothetical_quote_buy,1081.0,1000.0,81.0,18903.446999999996,44.918975,
2024-10-01,all_tree,1307,buy,hypothetical_quote_buy,488.0,0.0,488.0,18906.461999999996,26.941708349999995,
2024-10-01,all_tree,2882,buy,buy_limit_not_met,144.0,,,,,
2024-10-01,all_tree,6213,buy,hypothetical_quote_buy,126.0,0.0,126.0,9573.227999999997,20.0,
2024-10-01,all_tree,6477,buy,buy_limit_not_met,2.0,,,,,
2024-10-01,all_tree,6743,buy,hypothetical_quote_buy,1.0,0.0,1.0,64.42049999999999,20.0,
2024-11-01,all_tree,1307,sell,hypothetical_quote_sale,,,,21850.19999996767,31.136535000000002,201.0
2024-11-01,all_tree,1611,sell,hypothetical_quote_sale,,,,17532.19850005972,43.1113625,201.0
2024-11-01,all_tree,1903,sell,hypothetical_quote_sale,,,,17775.376500000002,25.329911512499997,201.0
2024-11-01,all_tree,2482,sell,hypothetical_quote_sale,,,,18027.80800002794,25.6896264,201.0
2024-11-01,all_tree,2505,sell,hypothetical_quote_sale,,,,16822.116749990815,23.971516368750002,201.0
2024-11-01,all_tree,3047,sell,hypothetical_quote_sale,,,,17082.558000007542,24.342645150000003,201.0
2024-11-01,all_tree,5522,sell,hypothetical_quote_sale,,,,15421.216973688684,21.930839775,201.0
2024-11-01,all_tree,6213,sell,hypothetical_quote_sale,,,,9528.119999994424,20.0,201.0
2024-11-01,all_tree,6743,sell,hypothetical_quote_sale,,,,50.84449999996978,20.0,201.0
2024-11-01,all_tree,8429,buy,hypothetical_quote_buy,1738.0,1000.0,738.0,18689.583,40.0,
2024-11-01,all_tree,3094,buy,hypothetical_quote_buy,615.0,0.0,615.0,18851.2875,26.8630846875,
2024-11-01,all_tree,2528,buy,hypothetical_quote_buy,484.0,0.0,484.0,18678.527999999995,26.616902399999994,
2024-11-01,all_tree,6906,buy,hypothetical_quote_buy,109.0,0.0,109.0,18622.649999999998,26.537276249999998,
2024-11-01,all_tree,2609,buy,buy_limit_not_met,282.0,,,,,
2024-11-01,all_tree,2615,buy,buy_limit_not_met,219.0,,,,,
2024-11-01,all_tree,4564,buy,hypothetical_quote_buy,822.0,0.0,822.0,18876.6135,26.8991742375,
2024-11-01,all_tree,9904,buy,hypothetical_quote_buy,269.0,0.0,269.0,10016.282249999998,20.0,
2024-11-01,all_tree,2603,buy,buy_limit_not_met,1.0,,,,,
2024-11-01,all_tree,4164,buy,hypothetical_quote_buy,5.0,0.0,5.0,209.04,20.0,
2024-11-01,all_tree,2485,buy,cash_or_one_share_gate,0.0,,,,,
2024-11-01,all_tree,2465,buy,cash_or_one_share_gate,0.0,,,,,
2024-11-01,all_tree,2015,buy,cash_or_one_share_gate,0.0,,,,,
2024-12-02,all_tree,2528,sell,hypothetical_quote_sale,,,,20611.624000024312,29.3715642,222.0
2024-12-02,all_tree,3094,sell,hypothetical_quote_sale,,,,18143.576249965055,25.812556162499998,222.0
2024-12-02,all_tree,4164,sell,hypothetical_quote_sale,,,,205.7162499998209,20.0,222.0
2024-12-02,all_tree,4564,sell,hypothetical_quote_sale,,,,18157.15799996235,25.842473325,222.0
2024-12-02,all_tree,6906,sell,hypothetical_quote_sale,,,,18871.16999995875,26.89141725,222.0
2024-12-02,all_tree,9904,sell,hypothetical_quote_sale,,,,11000.620500007051,20.0,222.0
2024-12-02,all_tree,6873,buy,buy_limit_not_met,91.0,,,,,
2024-12-02,all_tree,6426,buy,buy_limit_not_met,256.0,,,,,
2024-12-02,all_tree,5531,buy,buy_limit_not_met,1653.0,,,,,
2024-12-02,all_tree,6477,buy,buy_limit_not_met,626.0,,,,,
2024-12-02,all_tree,2545,buy,hypothetical_quote_buy,247.0,0.0,247.0,18841.0365,26.8484770125,
2024-12-02,all_tree,6446,buy,buy_limit_not_met,32.0,,,,,
2024-12-02,all_tree,2347,buy,hypothetical_quote_buy,248.0,0.0,248.0,18842.543999999994,26.850625199999993,
2024-12-02,all_tree,3036,buy,buy_limit_not_met,170.0,,,,,
2024-12-02,all_tree,2419,buy,buy_limit_not_met,534.0,,,,,
2024-12-02,all_tree,1712,buy,hypothetical_quote_buy,415.0,0.0,415.0,18893.497499999998,26.923233937499997,
2024-12-02,all_tree,6743,buy,hypothetical_quote_buy,399.0,0.0,399.0,18926.964,26.9709237,
2024-12-02,all_tree,8464,buy,buy_limit_not_met,46.0,,,,,
2025-01-02,all_tree,1712,sell,hypothetical_quote_sale,,,,17797.067500008474,25.3608211875,244.0
2025-01-02,all_tree,2347,sell,hypothetical_quote_sale,,,,17470.607999999993,24.8956164,244.0
2025-01-02,all_tree,2545,sell,hypothetical_quote_sale,,,,15851.842499995235,22.5888755625,244.0
2025-01-02,all_tree,6405,sell,hypothetical_quote_sale,,,,20150.8394999837,28.714946287500005,244.0
2025-01-02,all_tree,6743,sell,hypothetical_quote_sale,,,,16674.21000000298,23.76074925,244.0
2025-01-02,all_tree,2527,buy,hypothetical_quote_buy,495.0,0.0,495.0,18854.302499999998,26.867381062499998,
2025-01-02,all_tree,3535,buy,hypothetical_quote_buy,371.0,0.0,371.0,18866.463,26.884709775,
2025-01-02,all_tree,3056,buy,hypothetical_quote_buy,564.0,0.0,564.0,18761.742,26.735482349999998,
2025-01-02,all_tree,2425,buy,buy_limit_not_met,555.0,,,,,
2025-01-02,all_tree,2855,buy,hypothetical_quote_buy,729.0,0.0,729.0,18902.240999999998,26.935693424999997,
2025-01-02,all_tree,6869,buy,hypothetical_quote_buy,105.0,0.0,105.0,18677.925,26.616043125,
2025-01-02,all_tree,2542,buy,hypothetical_quote_buy,432.0,0.0,432.0,18885.96,26.912493,
2025-01-02,all_tree,3450,buy,hypothetical_quote_buy,65.0,0.0,65.0,18584.962499999998,26.483571562499996,
2025-01-02,all_tree,6177,buy,hypothetical_quote_buy,284.0,0.0,284.0,12601.292999999998,20.0,
2025-01-02,all_tree,4977,buy,cash_or_one_share_gate,0.0,,,,,
2025-01-02,all_tree,2905,buy,hypothetical_quote_buy,5.0,0.0,5.0,76.38,20.0,
2025-01-02,all_tree,2528,buy,cash_or_one_share_gate,0.0,,,,,
2025-01-02,all_tree,6854,buy,cash_or_one_share_gate,0.0,,,,,
2025-02-03,all_tree,2527,sell,hypothetical_quote_sale,,,,17139.869999996652,24.42431475,259.0
2025-02-03,all_tree,2855,sell,hypothetical_quote_sale,,,,18859.230000017313,26.87440275,259.0
2025-02-03,all_tree,2905,sell,hypothetical_quote_sale,,,,80.0975000003797,20.0,259.0
2025-02-03,all_tree,3040,sell,hypothetical_quote_sale,,,,23520.456749977733,33.516650868750006,259.0
2025-02-03,all_tree,3450,sell,hypothetical_quote_sale,,,,19499.51249995189,27.7868053125,259.0
2025-02-03,all_tree,3535,sell,hypothetical_quote_sale,,,,18014.275999996677,25.6703433,259.0
2025-02-03,all_tree,6177,sell,hypothetical_quote_sale,,,,11896.61800000361,20.0,259.0
2025-02-03,all_tree,8429,sell,hypothetical_quote_sale,,,,17379.5655,40.0,259.0
2025-02-03,all_tree,6405,buy,hypothetical_quote_buy,615.0,0.0,615.0,17985.9825,25.6300250625,
2025-02-03,all_tree,3055,buy,hypothetical_quote_buy,272.0,0.0,272.0,18834.504,26.839168200000003,
2025-02-03,all_tree,3062,buy,hypothetical_quote_buy,619.0,0.0,619.0,18631.745249999996,26.550236981249995,
2025-02-03,all_tree,1808,buy,hypothetical_quote_buy,522.0,0.0,522.0,18833.498999999996,26.837736074999995,
2025-02-03,all_tree,3032,buy,hypothetical_quote_buy,160.0,0.0,160.0,12542.399999999998,20.0,
2025-02-03,all_tree,2317,buy,hypothetical_quote_buy,3.0,0.0,3.0,494.46,20.0,
2025-02-03,all_tree,4938,buy,cash_or_one_share_gate,0.0,,,,,
2025-02-03,all_tree,2330,buy,cash_or_one_share_gate,0.0,,,,,
2025-02-03,all_tree,6706,buy,cash_or_one_share_gate,0.0,,,,,
2025-02-03,all_tree,4912,buy,cash_or_one_share_gate,0.0,,,,,
2025-02-03,all_tree,1618,buy,hypothetical_quote_buy,1.0,0.0,1.0,44.52149999999999,20.0,
2025-02-03,all_tree,8114,buy,cash_or_one_share_gate,0.0,,,,,
2025-03-03,all_tree,1618,sell,hypothetical_quote_sale,,,,49.65050000005717,20.0,278.0
2025-03-03,all_tree,1808,sell,hypothetical_quote_sale,,,,19373.24699998618,27.606876974999995,278.0
2025-03-03,all_tree,2317,sell,hypothetical_quote_sale,,,,513.4200000012188,20.0,278.0
2025-03-03,all_tree,2542,sell,hypothetical_quote_sale,,,,19041.91200001942,27.134724600000002,278.0
2025-03-03,all_tree,3032,sell,hypothetical_quote_sale,,,,15092.159999922922,21.506328,278.0
2025-03-03,all_tree,3056,sell,hypothetical_quote_sale,,,,19978.008000004913,28.468661400000002,278.0
2025-03-03,all_tree,3062,sell,hypothetical_quote_sale,,,,19339.416999999998,27.558669225,278.0
2025-03-03,all_tree,6869,sell,hypothetical_quote_sale,,,,17656.27500002551,25.160191875000002,278.0
2025-03-03,all_tree,2465,buy,hypothetical_quote_buy,244.0,0.0,244.0,18268.889999999996,26.033168249999996,
2025-03-03,all_tree,3576,buy,hypothetical_quote_buy,1831.0,1000.0,831.0,18769.580999999995,40.0,
2025-03-03,all_tree,3040,buy,hypothetical_quote_buy,353.0,0.0,353.0,18802.545,26.793626624999998,
2025-03-03,all_tree,3535,buy,hypothetical_quote_buy,405.0,0.0,405.0,18885.959999999995,26.912492999999994,
2025-03-03,all_tree,3450,buy,hypothetical_quote_buy,68.0,0.0,68.0,18178.44,25.904277,
2025-03-03,all_tree,2539,buy,hypothetical_quote_buy,348.0,0.0,348.0,18885.96,26.912493,
2025-03-03,all_tree,2905,buy,buy_limit_not_met,870.0,,,,,
2025-03-03,all_tree,3013,buy,buy_limit_not_met,100.0,,,,,
2025-03-03,all_tree,4164,buy,hypothetical_quote_buy,236.0,0.0,236.0,13637.849999999999,20.0,
2025-03-03,all_tree,2528,buy,hypothetical_quote_buy,3.0,0.0,3.0,148.18724999999998,20.0,
2025-03-03,all_tree,2425,buy,cash_or_one_share_gate,0.0,,,,,
2025-03-03,all_tree,6957,buy,cash_or_one_share_gate,0.0,,,,,
2025-03-03,all_tree,1515,buy,cash_or_one_share_gate,0.0,,,,,
2025-04-01,all_tree,2465,sell,hypothetical_quote_sale,,,,13304.343999999997,20.0,299.0
2025-04-01,all_tree,2539,sell,hypothetical_quote_sale,,,,22333.769999993627,31.825622249999995,299.0
2025-04-01,all_tree,3576,sell,hypothetical_quote_sale,,,,16597.007950050986,40.0,299.0
2025-04-01,all_tree,4164,sell,hypothetical_quote_sale,,,,11353.546999992051,20.0,299.0
2025-04-01,all_tree,6405,sell,hypothetical_quote_sale,,,,15604.087500040054,22.2358246875,299.0
2025-04-01,all_tree,1442,buy,hypothetical_quote_buy,230.0,0.0,230.0,18861.839999999997,26.878121999999998,
2025-04-01,all_tree,2014,buy,hypothetical_quote_buy,911.0,0.0,911.0,18723.099749999998,26.68041714375,
2025-04-01,all_tree,3622,buy,hypothetical_quote_buy,353.0,0.0,353.0,18838.0215,26.8441806375,
2025-04-01,all_tree,4967,buy,buy_limit_not_met,243.0,,,,,
2025-04-01,all_tree,1540,buy,buy_limit_not_met,587.0,,,,,
2025-04-01,all_tree,2455,buy,buy_limit_not_met,165.0,,,,,
2025-04-01,all_tree,5484,buy,hypothetical_quote_buy,446.0,0.0,446.0,18870.483,26.890438275,
2025-04-01,all_tree,3528,buy,hypothetical_quote_buy,278.0,0.0,278.0,18830.886,26.83401255,
2025-04-01,all_tree,2881,buy,buy_limit_not_met,188.0,,,,,
2025-04-01,all_tree,2317,buy,buy_limit_not_met,110.0,,,,,
2025-05-02,all_tree,2014,sell,hypothetical_quote_sale,,,,14639.0867500187,20.86069861875,319.0
2025-05-02,all_tree,2528,sell,hypothetical_quote_sale,,,,112.2730968208661,20.0,319.0
2025-05-02,all_tree,3040,sell,hypothetical_quote_sale,,,,15138.228500001878,21.5719756125,319.0
2025-05-02,all_tree,3055,sell,hypothetical_quote_sale,,,,13802.640000018384,20.0,319.0
2025-05-02,all_tree,3535,sell,hypothetical_quote_sale,,,,14144.422499990847,20.1558020625,319.0
2025-05-02,all_tree,3622,sell,hypothetical_quote_sale,,,,17842.738000006615,25.425901650000004,319.0
2025-05-02,all_tree,5484,sell,hypothetical_quote_sale,,,,18283.324000000004,26.0537367,319.0
2025-05-02,all_tree,2468,buy,buy_limit_not_met,238.0,,,,,
2025-05-02,all_tree,1446,buy,buy_limit_not_met,726.0,,,,,
2025-05-02,all_tree,9927,buy,hypothetical_quote_buy,261.0,0.0,261.0,18833.498999999996,26.837736074999995,
2025-05-02,all_tree,2330,buy,buy_limit_not_met,20.0,,,,,
2025-05-02,all_tree,3557,buy,buy_limit_not_met,376.0,,,,,
2025-05-02,all_tree,8478,buy,buy_limit_not_met,132.0,,,,,
2025-05-02,all_tree,2485,buy,buy_limit_not_met,1590.0,,,,,
2025-05-02,all_tree,3712,buy,buy_limit_not_met,402.0,,,,,
2025-05-02,all_tree,8114,buy,buy_limit_not_met,73.0,,,,,
2025-05-02,all_tree,2455,buy,buy_limit_not_met,188.0,,,,,
2025-05-02,all_tree,2383,buy,buy_limit_not_met,33.0,,,,,
2025-05-02,all_tree,3706,buy,buy_limit_not_met,357.0,,,,,
2025-06-02,all_tree,3528,sell,hypothetical_quote_sale,,,,22626.69799998971,32.243044649999995,339.0
2025-06-02,all_tree,9927,sell,hypothetical_quote_sale,,,,17944.924500011202,25.571517412499997,339.0
2025-06-02,all_tree,2539,buy,buy_limit_not_met,308.0,,,,,
2025-06-02,all_tree,9902,buy,hypothetical_quote_buy,871.0,0.0,871.0,18382.454999999998,26.194998374999997,
2025-06-02,all_tree,6405,buy,hypothetical_quote_buy,735.0,0.0,735.0,18282.20625,26.05214390625,
2025-06-02,all_tree,1808,buy,hypothetical_quote_buy,622.0,0.0,622.0,18784.5555,26.7679915875,
2025-06-02,all_tree,3055,buy,hypothetical_quote_buy,357.0,0.0,357.0,18585.063,26.483714775,
2025-06-02,all_tree,5522,buy,hypothetical_quote_buy,306.0,0.0,306.0,18851.588999999996,26.863514324999997,
2025-06-02,all_tree,2530,buy,hypothetical_quote_buy,582.0,0.0,582.0,18863.347499999996,26.880270187499995,
2025-06-02,all_tree,6873,buy,hypothetical_quote_buy,80.0,0.0,80.0,18532.199999999997,26.408384999999996,
2025-06-02,all_tree,2330,buy,hypothetical_quote_buy,19.0,0.0,19.0,18293.01,26.06753925,
2025-06-02,all_tree,1795,buy,hypothetical_quote_buy,80.0,0.0,80.0,18733.199999999997,26.694809999999997,
2025-06-02,all_tree,2528,buy,hypothetical_quote_buy,60.0,0.0,60.0,2176.83,20.0,
2025-06-02,all_tree,2348,buy,cash_or_one_share_gate,0.0,,,,,
2025-06-02,all_tree,6024,buy,cash_or_one_share_gate,0.0,,,,,
2025-07-01,all_tree,1442,sell,hypothetical_quote_sale,,,,16408.54500000974,23.382176625,360.0
2025-07-01,all_tree,1795,sell,hypothetical_quote_sale,,,,17750.800000063005,25.29489,360.0
2025-07-01,all_tree,2330,sell,hypothetical_quote_sale,,,,20504.23012003889,29.094794999999998,360.0
2025-07-01,all_tree,2528,sell,hypothetical_quote_sale,,,,1853.6849999995482,20.0,360.0
2025-07-01,all_tree,2530,sell,hypothetical_quote_sale,,,,17922.83550000957,25.540040587500002,360.0
2025-07-01,all_tree,3450,sell,hypothetical_quote_sale,,,,14241.797663551133,20.247255,360.0
2025-07-01,all_tree,5522,sell,hypothetical_quote_sale,,,,20296.05760767367,28.89912825,360.0
2025-07-01,all_tree,6405,sell,hypothetical_quote_sale,,,,18063.727500020814,25.740811687500003,360.0
2025-07-01,all_tree,6873,sell,hypothetical_quote_sale,,,,18785.599999987342,26.769479999999998,360.0
2025-07-01,all_tree,6550,buy,hypothetical_quote_buy,486.0,0.0,486.0,18853.398,26.866092150000004,
2025-07-01,all_tree,8478,buy,hypothetical_quote_buy,98.0,0.0,98.0,18910.079999999998,26.946863999999998,
2025-07-01,all_tree,2539,buy,hypothetical_quote_buy,38.0,0.0,38.0,2520.54,20.0,
2025-07-01,all_tree,6674,buy,hypothetical_quote_buy,1.0,0.0,1.0,26.381249999999998,20.0,
2025-07-01,all_tree,2382,buy,cash_or_one_share_gate,0.0,,,,,
2025-07-01,all_tree,2535,buy,cash_or_one_share_gate,0.0,,,,,
2025-07-01,all_tree,3040,buy,cash_or_one_share_gate,0.0,,,,,
2025-07-01,all_tree,8210,buy,cash_or_one_share_gate,0.0,,,,,
2025-07-01,all_tree,6625,buy,cash_or_one_share_gate,0.0,,,,,
2025-07-01,all_tree,4142,buy,cash_or_one_share_gate,0.0,,,,,
2025-07-01,all_tree,2882,buy,cash_or_one_share_gate,0.0,,,,,
2025-07-01,all_tree,3149,buy,cash_or_one_share_gate,0.0,,,,,
2025-08-01,all_tree,6550,sell,hypothetical_quote_sale,,,,17118.377999993747,24.39368865,383.0
2025-08-01,all_tree,6674,sell,hypothetical_quote_sale,,,,26.81525000004431,20.0,383.0
2025-08-01,all_tree,8478,sell,hypothetical_quote_sale,,,,19355.735000067216,27.581922375,383.0
2025-08-01,all_tree,9902,sell,hypothetical_quote_sale,,,,14234.890330942757,20.265332906250002,383.0
2025-08-01,all_tree,3535,buy,hypothetical_quote_buy,272.0,0.0,272.0,18369.792,26.176953600000004,
2025-08-01,all_tree,3708,buy,hypothetical_quote_buy,154.0,0.0,154.0,17953.319999999996,25.583480999999995,
2025-08-01,all_tree,6443,buy,hypothetical_quote_buy,1165.0,1000.0,165.0,18557.57625,42.699181249999995,
2025-08-01,all_tree,2530,buy,hypothetical_quote_buy,659.0,0.0,659.0,18577.37475,26.47275901875,
2025-08-01,all_tree,2208,buy,hypothetical_quote_buy,1162.0,1000.0,162.0,18801.740999999998,43.0572125,
2025-08-01,all_tree,3167,buy,hypothetical_quote_buy,110.0,0.0,110.0,18406.574999999997,26.229369374999997,
2025-08-01,all_tree,6625,buy,hypothetical_quote_buy,212.0,0.0,212.0,18664.055999999997,26.596279799999998,
2025-08-01,all_tree,5522,buy,hypothetical_quote_buy,249.0,0.0,249.0,15289.9695,21.7882065375,
2025-08-01,all_tree,9906,buy,hypothetical_quote_buy,4.0,0.0,4.0,265.32,20.0,
2025-08-01,all_tree,2427,buy,cash_or_one_share_gate,0.0,,,,,
2025-08-01,all_tree,6923,buy,cash_or_one_share_gate,0.0,,,,,
2025-08-01,all_tree,3706,buy,cash_or_one_share_gate,0.0,,,,,
2025-09-01,all_tree,1808,sell,hypothetical_quote_sale,,,,18659.533500012512,26.589835237500004,404.0
2025-09-01,all_tree,2208,sell,hypothetical_quote_sale,,,,24279.990000009664,49.775375,404.0
2025-09-01,all_tree,2530,sell,hypothetical_quote_sale,,,,20359.640249983004,29.012487356250002,404.0
2025-09-01,all_tree,2539,sell,hypothetical_quote_sale,,,,2250.9049200003847,20.0,404.0
2025-09-01,all_tree,3055,sell,hypothetical_quote_sale,,,,21209.96463158874,30.1803201,404.0
2025-09-01,all_tree,3535,sell,hypothetical_quote_sale,,,,19118.287179489587,27.194842500000004,404.0
2025-09-01,all_tree,3708,sell,hypothetical_quote_sale,,,,22524.810000044123,32.09785425,404.0
2025-09-01,all_tree,5522,sell,hypothetical_quote_sale,,,,15261.707999996801,21.747933900000003,404.0
2025-09-01,all_tree,6443,sell,hypothetical_quote_sale,,,,17793.33625008306,41.76438125,404.0
2025-09-01,all_tree,6625,sell,hypothetical_quote_sale,,,,18752.56600007818,26.72240655,404.0
2025-09-01,all_tree,9906,sell,hypothetical_quote_sale,,,,286.9579999997674,20.0,404.0
2025-09-01,all_tree,4916,buy,hypothetical_quote_buy,282.0,0.0,282.0,18931.787999999997,26.977797899999995,
2025-09-01,all_tree,1229,buy,hypothetical_quote_buy,378.0,0.0,378.0,18804.554999999997,26.796490874999996,
2025-09-01,all_tree,3041,buy,hypothetical_quote_buy,436.0,0.0,436.0,12597.675,20.0,
2025-09-01,all_tree,4142,buy,buy_limit_not_met,5.0,,,,,
2025-09-01,all_tree,6669,buy,cash_or_one_share_gate,0.0,,,,,
2025-09-01,all_tree,3450,buy,cash_or_one_share_gate,0.0,,,,,
2025-09-01,all_tree,2014,buy,buy_limit_not_met,6.0,,,,,
2025-09-01,all_tree,6141,buy,hypothetical_quote_buy,7.0,0.0,7.0,95.67599999999999,20.0,
2025-09-01,all_tree,3305,buy,cash_or_one_share_gate,0.0,,,,,
2025-09-01,all_tree,2501,buy,cash_or_one_share_gate,0.0,,,,,
2025-09-01,all_tree,2542,buy,cash_or_one_share_gate,0.0,,,,,
2025-09-01,all_tree,2345,buy,cash_or_one_share_gate,0.0,,,,,
2025-09-01,all_tree,8021,buy,cash_or_one_share_gate,0.0,,,,,
2025-09-01,all_tree,6928,buy,cash_or_one_share_gate,0.0,,,,,
2025-10-01,all_tree,1229,sell,hypothetical_quote_sale,,,,18260.14049997884,26.020700212499996,425.0
2025-10-01,all_tree,3041,sell,hypothetical_quote_sale,,,,12342.178999986296,20.0,425.0
2025-10-01,all_tree,3167,sell,hypothetical_quote_sale,,,,19630.0795345496,27.839975624999997,425.0
2025-10-01,all_tree,6141,sell,hypothetical_quote_sale,,,,83.58,20.0,425.0
2025-10-01,all_tree,3535,buy,buy_limit_not_met,232.0,,,,,
2025-10-01,all_tree,2014,buy,hypothetical_quote_buy,1184.0,1000.0,184.0,18800.736,42.627575,
2025-10-01,all_tree,2466,buy,buy_limit_not_met,280.0,,,,,
2025-10-01,all_tree,2501,buy,buy_limit_not_met,802.0,,,,,
2025-10-01,all_tree,3708,buy,hypothetical_quote_buy,141.0,0.0,141.0,18634.2075,26.5537456875,
2025-10-01,all_tree,1442,buy,hypothetical_quote_buy,445.0,0.0,445.0,18805.811249999995,26.798281031249996,
2025-10-01,all_tree,1721,buy,hypothetical_quote_buy,1406.0,1000.0,406.0,18793.299,40.0,
2025-10-01,all_tree,6283,buy,hypothetical_quote_buy,760.0,0.0,760.0,18865.859999999997,26.883850499999998,
2025-10-01,all_tree,6550,buy,buy_limit_not_met,509.0,,,,,
2025-10-01,all_tree,4142,buy,buy_limit_not_met,991.0,,,,,
2025-10-01,all_tree,2540,buy,hypothetical_quote_buy,330.0,0.0,330.0,18837.719999999998,26.843750999999997,
2025-10-01,all_tree,6669,buy,hypothetical_quote_buy,5.0,0.0,5.0,16657.875,23.737471875,
2025-10-01,all_tree,5519,buy,hypothetical_quote_buy,641.0,0.0,641.0,18778.575749999996,26.759470443749997,
2025-10-01,all_tree,2382,buy,buy_limit_not_met,64.0,,,,,
2025-11-03,all_tree,1442,sell,hypothetical_quote_sale,,,,15696.373750021981,22.367332593750003,445.0
2025-11-03,all_tree,1721,sell,hypothetical_quote_sale,,,,16577.794500024556,40.0,445.0
2025-11-03,all_tree,2014,sell,hypothetical_quote_sale,,,,17435.584000007315,40.98455,445.0
2025-11-03,all_tree,2540,sell,hypothetical_quote_sale,,,,16680.18000000617,23.7692565,445.0
2025-11-03,all_tree,3708,sell,hypothetical_quote_sale,,,,17326.432499966708,24.6901663125,445.0
2025-11-03,all_tree,4916,sell,hypothetical_quote_sale,,,,14899.328999996493,21.231543825,445.0
2025-11-03,all_tree,5519,sell,hypothetical_quote_sale,,,,18336.606249988727,26.129663906250002,445.0
2025-11-03,all_tree,6283,sell,hypothetical_quote_sale,,,,19472.15,27.747813750000002,445.0
2025-11-03,all_tree,6669,sell,hypothetical_quote_sale,,,,21566.625000007,30.732440625000002,445.0
2025-11-03,all_tree,6405,buy,buy_limit_not_met,673.0,,,,,
2025-11-03,all_tree,6177,buy,buy_limit_not_met,380.0,,,,,
2025-11-03,all_tree,1808,buy,buy_limit_not_met,494.0,,,,,
2025-11-03,all_tree,4967,buy,buy_limit_not_met,139.0,,,,,
2025-11-03,all_tree,8021,buy,buy_limit_not_met,158.0,,,,,
2025-11-03,all_tree,2345,buy,hypothetical_quote_buy,17.0,0.0,17.0,18366.374999999996,26.172084374999997,
2025-11-03,all_tree,3450,buy,hypothetical_quote_buy,68.0,0.0,68.0,18759.329999999994,26.73204524999999,
2025-11-03,all_tree,3041,buy,hypothetical_quote_buy,663.0,0.0,663.0,18856.7145,26.870818162499997,
2025-11-03,all_tree,6949,buy,hypothetical_quote_buy,51.0,0.0,51.0,18605.565,26.512930125,
2025-11-03,all_tree,3047,buy,buy_limit_not_met,329.0,,,,,
2025-11-03,all_tree,2546,buy,buy_limit_not_met,74.0,,,,,
2025-11-03,all_tree,3535,buy,hypothetical_quote_buy,84.0,0.0,84.0,6508.781999999999,20.0,
2025-11-03,all_tree,1532,buy,hypothetical_quote_buy,2.0,0.0,2.0,52.762499999999996,20.0,
2025-11-03,all_tree,2330,buy,cash_or_one_share_gate,0.0,,,,,
2025-11-03,all_tree,4770,buy,cash_or_one_share_gate,0.0,,,,,
2025-12-01,all_tree,1532,sell,hypothetical_quote_sale,,,,56.118000000051524,20.0,465.0
2025-12-01,all_tree,3041,sell,hypothetical_quote_sale,,,,16854.95175001282,24.01830624375,465.0
2025-12-01,all_tree,3535,sell,hypothetical_quote_sale,,,,7062.5100000040065,20.0,465.0
2025-12-01,all_tree,6949,sell,hypothetical_quote_sale,,,,19359.217500000002,27.5868849375,465.0
2025-12-01,all_tree,4967,buy,buy_limit_not_met,142.0,,,,,
2025-12-01,all_tree,2548,buy,hypothetical_quote_buy,178.0,0.0,178.0,18604.559999999998,26.511497999999996,
2025-12-01,all_tree,2915,buy,hypothetical_quote_buy,342.0,0.0,342.0,18835.307999999997,26.840313899999998,
2025-12-01,all_tree,6873,buy,hypothetical_quote_buy,185.0,0.0,185.0,18685.462499999998,26.626784062499997,
2025-12-01,all_tree,6177,buy,hypothetical_quote_buy,391.0,0.0,391.0,18901.1355,26.9341180875,
2025-12-01,all_tree,5519,buy,hypothetical_quote_buy,570.0,0.0,570.0,18961.335,27.019902375,
2025-12-01,all_tree,2527,buy,hypothetical_quote_buy,670.0,0.0,670.0,18853.8,26.866665,
2025-12-01,all_tree,6782,buy,hypothetical_quote_buy,108.0,0.0,108.0,18668.879999999997,26.603153999999996,
2025-12-01,all_tree,3025,buy,buy_limit_not_met,366.0,,,,,
2025-12-01,all_tree,6442,buy,buy_limit_not_met,15.0,,,,,
2025-12-01,all_tree,2348,buy,hypothetical_quote_buy,222.0,0.0,222.0,18674.307,26.610887475000002,
2025-12-01,all_tree,6742,buy,buy_limit_not_met,152.0,,,,,
2025-12-01,all_tree,2855,buy,buy_limit_not_met,276.0,,,,,
2026-01-02,all_tree,2345,sell,hypothetical_quote_sale,,,,20128.850000005223,28.68361125,487.0
2026-01-02,all_tree,2348,sell,hypothetical_quote_sale,,,,17914.179000033542,25.527705074999997,487.0
2026-01-02,all_tree,2527,sell,hypothetical_quote_sale,,,,19399.51500000284,27.644308875000004,487.0
2026-01-02,all_tree,2548,sell,hypothetical_quote_sale,,,,20544.760000004968,29.276283000000003,487.0
2026-01-02,all_tree,2915,sell,hypothetical_quote_sale,,,,18818.037000010765,26.815702725,487.0
2026-01-02,all_tree,3450,sell,hypothetical_quote_sale,,,,18437.350000032144,26.27322375,487.0
2026-01-02,all_tree,5519,sell,hypothetical_quote_sale,,,,18715.949999986184,26.670228750000003,487.0
2026-01-02,all_tree,6177,sell,hypothetical_quote_sale,,,,20891.716500023496,29.7706960125,487.0
2026-01-02,all_tree,6782,sell,hypothetical_quote_sale,,,,18751.76999994913,26.721272250000002,487.0
2026-01-02,all_tree,6873,sell,hypothetical_quote_sale,,,,18186.61000002996,25.91591925,487.0
2026-01-02,all_tree,2882,buy,hypothetical_quote_buy,247.0,0.0,247.0,18716.919,26.671609575000005,
2026-01-02,all_tree,8046,buy,buy_limit_not_met,77.0,,,,,
2026-01-02,all_tree,2368,buy,hypothetical_quote_buy,27.0,0.0,27.0,18560.34,26.448484500000003,
2026-01-02,all_tree,6405,buy,buy_limit_not_met,452.0,,,,,
2026-01-02,all_tree,3017,buy,buy_limit_not_met,8.0,,,,,
2026-01-02,all_tree,6139,buy,hypothetical_quote_buy,22.0,0.0,22.0,12248.939999999999,20.0,
2026-01-02,all_tree,2451,buy,buy_limit_not_met,1.0,,,,,
2026-01-02,all_tree,6443,buy,buy_limit_not_met,12.0,,,,,
2026-01-02,all_tree,3665,buy,cash_or_one_share_gate,0.0,,,,,
2026-01-02,all_tree,6669,buy,cash_or_one_share_gate,0.0,,,,,
2026-01-02,all_tree,4967,buy,buy_limit_not_met,1.0,,,,,
2026-01-02,all_tree,3443,buy,cash_or_one_share_gate,0.0,,,,,
2026-01-02,all_tree,2330,buy,cash_or_one_share_gate,0.0,,,,,
2026-01-02,all_tree,8210,buy,cash_or_one_share_gate,0.0,,,,,
2026-01-02,all_tree,2404,buy,cash_or_one_share_gate,0.0,,,,,
2026-02-02,all_tree,2882,sell,hypothetical_quote_sale,,,,18604.410499996815,26.511284962500003,508.0
2026-02-02,all_tree,6669,buy,hypothetical_quote_buy,5.0,0.0,5.0,18014.625,25.670840625,
2026-02-02,all_tree,2357,buy,hypothetical_quote_buy,37.0,0.0,37.0,18443.76,26.282358,
2026-02-02,all_tree,3017,buy,hypothetical_quote_buy,12.0,0.0,12.0,17366.399999999998,24.74712,
2026-02-02,all_tree,6405,buy,hypothetical_quote_buy,628.0,0.0,628.0,18839.529,26.846328825,
2026-02-02,all_tree,2451,buy,hypothetical_quote_buy,70.0,0.0,70.0,17728.199999999997,25.262684999999998,
2026-02-02,all_tree,2059,buy,hypothetical_quote_buy,5.0,0.0,5.0,15677.999999999996,22.341149999999995,
2026-02-02,all_tree,3231,buy,hypothetical_quote_buy,143.0,0.0,143.0,18539.234999999997,26.418409875,
2026-02-02,all_tree,3665,buy,hypothetical_quote_buy,14.0,0.0,14.0,17868.899999999998,25.4631825,
2026-02-02,all_tree,2404,buy,hypothetical_quote_buy,20.0,0.0,20.0,18009.6,25.66368,
2026-02-02,all_tree,5269,buy,hypothetical_quote_buy,14.0,0.0,14.0,17728.2,25.262685,
2026-02-02,all_tree,1504,buy,hypothetical_quote_buy,155.0,0.0,155.0,12539.887499999999,20.0,
2026-02-02,all_tree,2855,buy,hypothetical_quote_buy,8.0,0.0,8.0,231.95399999999998,20.0,
2026-02-02,all_tree,2887,buy,cash_or_one_share_gate,0.0,,,,,
2026-03-02,all_tree,1504,sell,hypothetical_quote_sale,,,,12338.000000001544,20.0,520.0
2026-03-02,all_tree,2059,sell,hypothetical_quote_sale,,,,16890.124999990698,24.068428125,520.0
2026-03-02,all_tree,2357,sell,hypothetical_quote_sale,,,,19622.394999985074,27.961912875000003,520.0
2026-03-02,all_tree,2451,sell,hypothetical_quote_sale,,,,14069.299999986517,20.048752500000003,520.0
2026-03-02,all_tree,2855,sell,hypothetical_quote_sale,,,,249.54599999971063,20.0,520.0
2026-03-02,all_tree,5269,sell,hypothetical_quote_sale,,,,17621.449999978926,25.11056625,520.0
2026-03-02,all_tree,6515,buy,hypothetical_quote_buy,3.0,0.0,3.0,14758.425,21.030755625,
2026-03-02,all_tree,4967,buy,hypothetical_quote_buy,18.0,0.0,18.0,3563.7299999999996,20.0,
2026-03-02,all_tree,3006,buy,hypothetical_quote_buy,1.0,0.0,1.0,149.74499999999998,20.0,
2026-03-02,all_tree,6715,buy,cash_or_one_share_gate,0.0,,,,,
2026-03-02,all_tree,3528,buy,cash_or_one_share_gate,0.0,,,,,
2026-03-02,all_tree,2382,buy,cash_or_one_share_gate,0.0,,,,,
2026-03-02,all_tree,2330,buy,cash_or_one_share_gate,0.0,,,,,
2026-04-01,all_tree,2368,sell,hypothetical_quote_sale,,,,24312.824999999855,34.645775625,542.0
2026-04-01,all_tree,3006,sell,hypothetical_quote_sale,,,,157.7074999998632,20.0,542.0
2026-04-01,all_tree,3017,sell,hypothetical_quote_sale,,,,25312.80000003791,36.07074000000001,542.0
2026-04-01,all_tree,3231,sell,hypothetical_quote_sale,,,,17927.90999996953,25.54727175,542.0
2026-04-01,all_tree,3665,sell,hypothetical_quote_sale,,,,25979.45000005704,37.02071625,542.0
2026-04-01,all_tree,4967,sell,hypothetical_quote_sale,,,,3787.9649999931853,20.0,542.0
2026-04-01,all_tree,6515,sell,hypothetical_quote_sale,,,,23268.07500000945,33.157006875,542.0
2026-04-01,all_tree,2360,buy,buy_limit_not_met,12.0,,,,,
2026-04-01,all_tree,6949,buy,hypothetical_quote_buy,33.0,0.0,33.0,18572.399999999998,26.46567,
2026-04-01,all_tree,1528,buy,buy_limit_not_met,697.0,,,,,
2026-04-01,all_tree,7740,buy,buy_limit_not_met,104.0,,,,,
2026-04-01,all_tree,2535,buy,buy_limit_not_met,266.0,,,,,
2026-04-01,all_tree,6531,buy,buy_limit_not_met,42.0,,,,,
2026-04-01,all_tree,2345,buy,buy_limit_not_met,12.0,,,,,
2026-04-01,all_tree,6715,buy,buy_limit_not_met,60.0,,,,,
2026-04-01,all_tree,6861,buy,buy_limit_not_met,149.0,,,,,
2026-04-01,all_tree,3167,buy,buy_limit_not_met,50.0,,,,,
2026-04-01,all_tree,6805,buy,buy_limit_not_met,10.0,,,,,
2026-05-04,all_tree,6949,sell,hypothetical_quote_sale,,,,25085.94000001229,35.7474645,562.0
2026-05-04,all_tree,4989,buy,buy_limit_not_met,166.0,,,,,
2026-05-04,all_tree,2388,buy,buy_limit_not_met,238.0,,,,,
2026-05-04,all_tree,3231,buy,buy_limit_not_met,137.0,,,,,
2026-05-04,all_tree,4967,buy,buy_limit_not_met,66.0,,,,,
2026-05-04,all_tree,1504,buy,buy_limit_not_met,301.0,,,,,
2026-05-04,all_tree,1477,buy,hypothetical_quote_buy,88.0,0.0,88.0,18705.059999999998,26.654710499999997,
2026-05-04,all_tree,8110,buy,buy_limit_not_met,418.0,,,,,
2026-05-04,all_tree,2308,buy,buy_limit_not_met,8.0,,,,,
2026-05-04,all_tree,6239,buy,buy_limit_not_met,92.0,,,,,
2026-05-04,all_tree,3056,buy,hypothetical_quote_buy,1350.0,1000.0,350.0,18790.9875,40.0,
2026-05-04,all_tree,2360,buy,buy_limit_not_met,8.0,,,,,
2026-06-01,all_tree,1477,sell,hypothetical_quote_sale,,,,18956.74000002925,27.0133545,582.0
2026-06-01,all_tree,3056,sell,hypothetical_quote_sale,,,,17730.90000003495,40.0,582.0
2026-06-01,all_tree,6139,sell,hypothetical_quote_sale,,,,17314.98999999567,24.67386075,582.0
2026-06-01,all_tree,6669,sell,hypothetical_quote_sale,,,,28432.125000050837,40.515778125000004,582.0
2026-06-01,all_tree,4967,buy,buy_limit_not_met,68.0,,,,,
2026-06-01,all_tree,3036,buy,hypothetical_quote_buy,65.0,0.0,65.0,18715.612499999996,26.669747812499995,
2026-06-01,all_tree,3231,buy,buy_limit_not_met,118.0,,,,,
2026-06-01,all_tree,4739,buy,buy_limit_not_met,173.0,,,,,
2026-06-01,all_tree,6706,buy,hypothetical_quote_buy,91.0,0.0,91.0,18839.729999999996,26.846615249999996,
2026-06-01,all_tree,6226,buy,hypothetical_quote_buy,1444.0,1000.0,444.0,18938.421,40.0,
2026-06-01,all_tree,2376,buy,buy_limit_not_met,50.0,,,,,
2026-06-01,all_tree,3708,buy,hypothetical_quote_buy,150.0,0.0,150.0,18768.375,26.744934375,
2026-06-01,all_tree,3024,buy,hypothetical_quote_buy,1268.0,1000.0,268.0,18796.515,41.12384375,
2026-06-01,all_tree,2467,buy,buy_limit_not_met,30.0,,,,,
2026-06-01,all_tree,2527,buy,hypothetical_quote_buy,511.0,0.0,511.0,18873.146249999998,26.89423340625,
2026-06-01,all_tree,2451,buy,buy_limit_not_met,55.0,,,,,
2026-06-01,all_tree,2317,buy,buy_limit_not_met,65.0,,,,,
2026-07-01,all_tree,2527,sell,hypothetical_quote_sale,,,,20820.8227500062,29.669672418750004,603.0
2026-07-01,all_tree,3024,sell,hypothetical_quote_sale,,,,15581.501000028517,40.0,603.0
2026-07-01,all_tree,3708,sell,hypothetical_quote_sale,,,,17401.036866352588,24.642667500000005,603.0
2026-07-01,all_tree,6226,sell,hypothetical_quote_sale,,,,34841.915,54.38346875,603.0
2026-07-01,all_tree,6405,sell,hypothetical_quote_sale,,,,39053.74999996753,55.65159375,603.0
2026-07-01,all_tree,6706,sell,hypothetical_quote_sale,,,,13762.840000034577,20.0,603.0
2026-07-01,all_tree,2406,buy,buy_limit_not_met,449.0,,,,,
2026-07-01,all_tree,3167,buy,hypothetical_quote_buy,22.0,0.0,22.0,18373.409999999996,26.182109249999996,
2026-07-01,all_tree,4916,buy,buy_limit_not_met,183.0,,,,,
2026-07-01,all_tree,8996,buy,buy_limit_not_met,12.0,,,,,
2026-07-01,all_tree,2383,buy,buy_limit_not_met,3.0,,,,,
2026-07-01,all_tree,2887,buy,buy_limit_not_met,564.0,,,,,
2026-07-01,all_tree,2890,buy,hypothetical_quote_buy,470.0,0.0,470.0,18893.999999999996,26.923949999999994,
2026-07-01,all_tree,4739,buy,hypothetical_quote_buy,164.0,0.0,164.0,18789.48,26.775009,
2026-07-01,all_tree,2485,buy,buy_limit_not_met,337.0,,,,,
2026-07-01,all_tree,6139,buy,buy_limit_not_met,20.0,,,,,
2026-07-01,all_tree,2059,buy,hypothetical_quote_buy,2.0,0.0,2.0,14863.949999999999,21.18112875,
2026-07-01,all_tree,2376,buy,buy_limit_not_met,54.0,,,,,
2026-07-01,all_tree,2316,buy,buy_limit_not_met,86.0,,,,,
2026-08-03,all_tree,2059,sell,hypothetical_quote_sale,,,,16676.199999998764,23.763585000000003,625.0
2026-08-03,all_tree,2404,sell,hypothetical_quote_sale,,,,22079.809236900095,30.4843125,625.0
2026-08-03,all_tree,2890,sell,hypothetical_quote_sale,,,,19618.961578377046,27.903779999999998,625.0
2026-08-03,all_tree,3036,sell,hypothetical_quote_sale,,,,12938.432604326734,20.0,625.0
2026-08-03,all_tree,4739,sell,hypothetical_quote_sale,,,,12532.223999975744,20.0,625.0
2026-08-03,all_tree,6531,buy,hypothetical_quote_buy,28.0,0.0,28.0,18544.26,26.4255705,
2026-08-03,all_tree,6515,buy,buy_limit_not_met,3.0,,,,,
2026-08-03,all_tree,2337,buy,buy_limit_not_met,186.0,,,,,
2026-08-03,all_tree,2368,buy,buy_limit_not_met,23.0,,,,,
2026-08-03,all_tree,3016,buy,hypothetical_quote_buy,235.0,0.0,235.0,18303.562499999996,26.082576562499995,
2026-08-03,all_tree,6442,buy,buy_limit_not_met,16.0,,,,,
2026-08-03,all_tree,6451,buy,hypothetical_quote_buy,55.0,0.0,55.0,18682.949999999997,26.62320375,
2026-08-03,all_tree,2426,buy,hypothetical_quote_buy,373.0,0.0,373.0,18630.7905,26.5488764625,
2026-08-03,all_tree,2449,buy,buy_limit_not_met,84.0,,,,,
2026-08-03,all_tree,8996,buy,buy_limit_not_met,21.0,,,,,
2026-08-03,all_tree,2313,buy,buy_limit_not_met,111.0,,,,,
2026-08-03,all_tree,1802,buy,hypothetical_quote_buy,411.0,0.0,411.0,18608.127749999996,26.516582043749995,
2026-08-03,all_tree,6805,buy,hypothetical_quote_buy,13.0,0.0,13.0,17507.1,24.9476175,
2026-08-03,all_tree,4919,buy,hypothetical_quote_buy,160.0,0.0,160.0,18572.399999999998,26.46567,
2026-09-01,all_tree,1802,sell,hypothetical_quote_sale,,,,24945.645,35.547544125,646.0
2026-09-01,all_tree,2426,sell,hypothetical_quote_sale,,,,36556.79750000367,52.0934364375,646.0
2026-09-01,all_tree,3016,sell,hypothetical_quote_sale,,,,23897.006876141142,33.98646375,646.0
2026-09-01,all_tree,3167,sell,hypothetical_quote_sale,,,,17465.182860264726,24.7674405,646.0
2026-09-01,all_tree,4919,sell,hypothetical_quote_sale,,,,19103.999999929565,27.223200000000002,646.0
2026-09-01,all_tree,6451,sell,hypothetical_quote_sale,,,,24817.787500003553,35.36534718750001,646.0
2026-09-01,all_tree,6531,sell,hypothetical_quote_sale,,,,26076.960000041025,37.159668,646.0
2026-09-01,all_tree,6805,sell,hypothetical_quote_sale,,,,30023.67272731584,42.486624375,646.0
2026-09-01,all_tree,2327,buy,buy_limit_not_met,34.0,,,,,
2026-09-01,all_tree,2382,buy,hypothetical_quote_buy,55.0,0.0,55.0,18627.674999999996,26.544436874999995,
2026-09-01,all_tree,2354,buy,hypothetical_quote_buy,290.0,0.0,290.0,18944.249999999996,26.995556249999996,
2026-09-01,all_tree,2360,buy,buy_limit_not_met,9.0,,,,,
2026-09-01,all_tree,3036,buy,hypothetical_quote_buy,95.0,0.0,95.0,18617.624999999996,26.530115624999997,
2026-09-01,all_tree,2059,buy,hypothetical_quote_buy,1.0,0.0,1.0,14080.05,20.06407125,
2026-09-01,all_tree,8210,buy,hypothetical_quote_buy,19.0,0.0,19.0,18522.149999999998,26.394063749999997,
2026-09-01,all_tree,6415,buy,hypothetical_quote_buy,45.0,0.0,45.0,18451.8,26.293815,
2026-09-01,all_tree,8271,buy,hypothetical_quote_buy,82.0,0.0,82.0,18830.684999999998,26.833726125,
2026-09-01,all_tree,7769,buy,hypothetical_quote_buy,3.0,0.0,3.0,17682.975,25.198239375,
2026-09-01,all_tree,4739,buy,hypothetical_quote_buy,210.0,0.0,210.0,18509.085,26.375446125,
2026-09-01,all_tree,2885,buy,hypothetical_quote_buy,1.0,0.0,1.0,65.32499999999999,20.0,
2026-09-01,all_tree,6515,buy,cash_or_one_share_gate,0.0,,,,,
2026-09-01,all_tree,6405,buy,cash_or_one_share_gate,0.0,,,,,
2026-09-01,all_tree,2345,buy,cash_or_one_share_gate,0.0,,,,,
2026-10-01,all_tree,2059,sell,hypothetical_quote_sale,,,,12208.650000066573,20.0,666.0
2026-10-01,all_tree,2354,sell,hypothetical_quote_sale,,,,19361.704999999274,27.590429625,666.0
2026-10-01,all_tree,2382,sell,hypothetical_quote_sale,,,,18223.425000027928,25.968380624999998,666.0
2026-10-01,all_tree,2885,sell,hypothetical_quote_sale,,,,68.15749999994436,20.0,666.0
2026-10-01,all_tree,4739,sell,hypothetical_quote_sale,,,,18471.18000000256,26.321431500000003,666.0
2026-10-01,all_tree,7769,sell,hypothetical_quote_sale,,,,16626.450000011708,23.692691249999996,666.0
2026-10-01,all_tree,8210,sell,hypothetical_quote_sale,,,,15899.104999923287,22.656224625,666.0
2026-10-01,all_tree,2345,buy,buy_limit_not_met,10.0,,,,,
2026-10-01,all_tree,2327,buy,buy_limit_not_met,34.0,,,,,
2026-10-01,all_tree,6515,buy,buy_limit_not_met,3.0,,,,,
2026-10-01,all_tree,2492,buy,buy_limit_not_met,62.0,,,,,
2026-10-01,all_tree,2360,buy,hypothetical_quote_buy,8.0,0.0,8.0,17085.0,24.346125,
2026-10-01,all_tree,2472,buy,hypothetical_quote_buy,87.0,0.0,87.0,18667.372499999998,26.6010058125,
2026-10-01,all_tree,2501,buy,hypothetical_quote_buy,890.0,0.0,890.0,18917.617499999997,26.957604937499998,
2026-10-01,all_tree,6831,buy,buy_limit_not_met,39.0,,,,,
2026-10-01,all_tree,2383,buy,hypothetical_quote_buy,3.0,0.0,3.0,14924.249999999996,21.267056249999996,
2026-10-01,all_tree,2395,buy,buy_limit_not_met,25.0,,,,,
2026-10-01,all_tree,3443,buy,hypothetical_quote_buy,2.0,0.0,2.0,16160.399999999998,23.02857,
2026-10-01,all_tree,1709,buy,buy_limit_not_met,388.0,,,,,
2024-01-02,vol20,1325,buy,buy_limit_not_met,476.0,,,,,
2024-01-02,vol20,6668,buy,hypothetical_quote_buy,371.0,0.0,371.0,18829.177499999998,26.831577937499997,
2024-01-02,vol20,1519,buy,hypothetical_quote_buy,57.0,0.0,57.0,18732.195,26.693377875,
2024-01-02,vol20,1618,buy,hypothetical_quote_buy,575.0,0.0,575.0,18752.043749999997,26.721662343749998,
2024-01-02,vol20,9919,buy,hypothetical_quote_buy,712.0,0.0,712.0,18926.561999999998,26.97035085,
2024-01-02,vol20,1616,buy,hypothetical_quote_buy,1317.0,1000.0,317.0,18927.265499999998,40.4793875,
2024-01-02,vol20,2516,buy,hypothetical_quote_buy,1331.0,1000.0,331.0,18794.05275,40.12135625,
2024-01-02,vol20,6695,buy,hypothetical_quote_buy,258.0,0.0,258.0,18928.17,26.97264225,
2024-01-02,vol20,8201,buy,hypothetical_quote_buy,1036.0,1000.0,36.0,18689.180999999997,45.70664375,
2024-01-02,vol20,1503,buy,hypothetical_quote_buy,158.0,0.0,158.0,18896.01,26.92681425,
2024-01-02,vol20,5521,buy,buy_limit_not_met,1276.0,,,,,
2024-01-02,vol20,2007,buy,hypothetical_quote_buy,1438.0,1000.0,438.0,18859.7295,40.0,
2024-01-02,vol20,6117,buy,hypothetical_quote_buy,244.0,0.0,244.0,18759.329999999998,26.73204525,
2024-01-02,vol20,2615,buy,buy_limit_not_met,341.0,,,,,
2024-01-02,vol20,2032,buy,hypothetical_quote_buy,973.0,0.0,973.0,18921.687749999997,26.963405043749997,
2024-02-01,vol20,1503,sell,hypothetical_quote_sale,,,,19179.61999990997,27.3309585,24.0
2024-02-01,vol20,1519,sell,hypothetical_quote_sale,,,,25238.175000036852,35.964399375,24.0
2024-02-01,vol20,1616,sell,hypothetical_quote_sale,,,,18149.247750000002,40.0,24.0
2024-02-01,vol20,1618,sell,hypothetical_quote_sale,,,,17220.962500034355,24.539871562500004,24.0
2024-02-01,vol20,2007,sell,hypothetical_quote_sale,,,,15381.207500000002,40.0,24.0
2024-02-01,vol20,2032,sell,hypothetical_quote_sale,,,,16361.481499975516,23.29114905,24.0
2024-02-01,vol20,2516,sell,hypothetical_quote_sale,,,,15693.48825,40.0,24.0
2024-02-01,vol20,6117,sell,hypothetical_quote_sale,,,,17528.716,24.9784203,24.0
2024-02-01,vol20,6668,sell,hypothetical_quote_sale,,,,18088.105,25.775549625,24.0
2024-02-01,vol20,9919,sell,hypothetical_quote_sale,,,,18667.394000009037,26.601036450000002,24.0
2024-02-01,vol20,4956,buy,hypothetical_quote_buy,871.0,0.0,871.0,18820.1325,26.8186888125,
2024-02-01,vol20,2465,buy,hypothetical_quote_buy,240.0,0.0,240.0,18451.8,26.293815,
2024-02-01,vol20,1325,buy,hypothetical_quote_buy,471.0,0.0,471.0,18839.529,26.846328825,
2024-02-01,vol20,3694,buy,hypothetical_quote_buy,40.0,0.0,40.0,2335.62,20.0,
2024-02-01,vol20,6698,buy,hypothetical_quote_buy,1.0,0.0,1.0,35.677499999999995,20.0,
2024-02-01,vol20,2486,buy,cash_or_one_share_gate,0.0,,,,,
2024-02-01,vol20,1528,buy,cash_or_one_share_gate,0.0,,,,,
2024-02-01,vol20,6451,buy,cash_or_one_share_gate,0.0,,,,,
2024-02-01,vol20,3017,buy,cash_or_one_share_gate,0.0,,,,,
2024-02-01,vol20,2467,buy,cash_or_one_share_gate,0.0,,,,,
2024-02-01,vol20,6243,buy,cash_or_one_share_gate,0.0,,,,,
2024-02-01,vol20,1732,buy,cash_or_one_share_gate,0.0,,,,,
2024-02-01,vol20,2423,buy,cash_or_one_share_gate,0.0,,,,,
2024-03-01,vol20,1325,sell,hypothetical_quote_sale,,,,16097.95574997628,22.93958694375,37.0
2024-03-01,vol20,3694,sell,hypothetical_quote_sale,,,,2057.66,20.0,37.0
2024-03-01,vol20,4956,sell,hypothetical_quote_sale,,,,17679.558,25.193370149999996,37.0
2024-03-01,vol20,6695,sell,hypothetical_quote_sale,,,,21563.64,30.728187000000002,37.0
2024-03-01,vol20,6698,sell,hypothetical_quote_sale,,,,34.029,20.0,37.0
2024-03-01,vol20,8201,sell,hypothetical_quote_sale,,,,19379.415999999997,46.65605,37.0
2024-03-01,vol20,2467,buy,hypothetical_quote_buy,149.0,0.0,149.0,18942.7425,26.993408062500002,
2024-03-01,vol20,2543,buy,buy_limit_not_met,448.0,,,,,
2024-03-01,vol20,3376,buy,hypothetical_quote_buy,111.0,0.0,111.0,18852.795,26.865232875,
2024-03-01,vol20,3055,buy,buy_limit_not_met,229.0,,,,,
2024-03-01,vol20,1316,buy,buy_limit_not_met,894.0,,,,,
2024-03-01,vol20,3530,buy,buy_limit_not_met,139.0,,,,,
2024-03-01,vol20,6442,buy,hypothetical_quote_buy,128.0,0.0,128.0,18845.76,26.855207999999998,
2024-03-01,vol20,2329,buy,buy_limit_not_met,259.0,,,,,
2024-03-01,vol20,5284,buy,buy_limit_not_met,99.0,,,,,
2024-03-01,vol20,1503,buy,hypothetical_quote_buy,100.0,0.0,100.0,18692.999999999996,26.637524999999997,
2024-03-01,vol20,2365,buy,buy_limit_not_met,777.0,,,,,
2024-03-01,vol20,1809,buy,buy_limit_not_met,610.0,,,,,
2024-03-01,vol20,3450,buy,buy_limit_not_met,278.0,,,,,
2024-03-01,vol20,1528,buy,buy_limit_not_met,1317.0,,,,,
2024-04-01,vol20,2467,sell,hypothetical_quote_sale,,,,18235.36500001965,25.985395125000004,58.0
2024-04-01,vol20,6442,sell,hypothetical_quote_sale,,,,17957.760000012444,25.589807999999998,58.0
2024-04-01,vol20,8011,buy,buy_limit_not_met,790.0,,,,,
2024-04-01,vol20,2404,buy,hypothetical_quote_buy,47.0,0.0,47.0,18586.9725,26.4864358125,
2024-04-01,vol20,3013,buy,buy_limit_not_met,306.0,,,,,
2024-04-01,vol20,3312,buy,buy_limit_not_met,429.0,,,,,
2024-04-01,vol20,3017,buy,buy_limit_not_met,34.0,,,,,
2024-04-01,vol20,1519,buy,buy_limit_not_met,27.0,,,,,
2024-04-01,vol20,2417,buy,buy_limit_not_met,432.0,,,,,
2024-04-01,vol20,1316,buy,buy_limit_not_met,978.0,,,,,
2024-04-01,vol20,6197,buy,buy_limit_not_met,135.0,,,,,
2024-04-01,vol20,5234,buy,hypothetical_quote_buy,123.0,0.0,123.0,18789.48,26.775009,
2024-04-01,vol20,6230,buy,hypothetical_quote_buy,98.0,0.0,98.0,18762.344999999998,26.736341624999998,
2024-04-01,vol20,1616,buy,hypothetical_quote_buy,907.0,0.0,907.0,18686.4675,26.628216187499998,
2024-05-02,vol20,1503,sell,hypothetical_quote_sale,,,,28904.750000082156,41.189268750000004,78.0
2024-05-02,vol20,2404,sell,hypothetical_quote_sale,,,,18425.40999997271,26.25620925,78.0
2024-05-02,vol20,2465,sell,hypothetical_quote_sale,,,,29372.4,41.85567,78.0
2024-05-02,vol20,3376,sell,hypothetical_quote_sale,,,,18886.094999967652,26.912685375000002,78.0
2024-05-02,vol20,5234,sell,hypothetical_quote_sale,,,,18724.90499993658,26.682989624999998,78.0
2024-05-02,vol20,2359,buy,hypothetical_quote_buy,184.0,0.0,184.0,18584.459999999995,26.482855499999996,
2024-05-02,vol20,6139,buy,hypothetical_quote_buy,69.0,0.0,69.0,18688.477499999997,26.631080437499996,
2024-05-02,vol20,1587,buy,hypothetical_quote_buy,305.0,0.0,305.0,18759.329999999998,26.73204525,
2024-05-02,vol20,1617,buy,buy_limit_not_met,754.0,,,,,
2024-05-02,vol20,1514,buy,buy_limit_not_met,128.0,,,,,
2024-05-02,vol20,2363,buy,hypothetical_quote_buy,303.0,0.0,303.0,18819.026999999995,26.817113474999992,
2024-05-02,vol20,1618,buy,buy_limit_not_met,353.0,,,,,
2024-05-02,vol20,1608,buy,buy_limit_not_met,521.0,,,,,
2024-05-02,vol20,2059,buy,hypothetical_quote_buy,15.0,0.0,15.0,18240.75,25.993068750000003,
2024-05-02,vol20,6117,buy,hypothetical_quote_buy,225.0,0.0,225.0,18723.149999999998,26.68048875,
2024-05-02,vol20,1519,buy,hypothetical_quote_buy,22.0,0.0,22.0,18682.949999999997,26.62320375,
2024-05-02,vol20,9955,buy,buy_limit_not_met,365.0,,,,,
2024-05-02,vol20,6215,buy,hypothetical_quote_buy,272.0,0.0,272.0,11836.487999999998,20.0,
2024-06-03,vol20,1519,sell,hypothetical_quote_sale,,,,15629.459999988221,22.271980499999998,100.0
2024-06-03,vol20,1616,sell,hypothetical_quote_sale,,,,21433.54375,30.542799843750004,100.0
2024-06-03,vol20,2059,sell,hypothetical_quote_sale,,,,17238.375000000004,24.564684375000002,100.0
2024-06-03,vol20,2359,sell,hypothetical_quote_sale,,,,33778.25999985313,48.13402049999999,100.0
2024-06-03,vol20,2363,sell,hypothetical_quote_sale,,,,17365.536000005257,24.7458888,100.0
2024-06-03,vol20,6117,sell,hypothetical_quote_sale,,,,34812.56250000001,49.607901562500004,100.0
2024-06-03,vol20,6139,sell,hypothetical_quote_sale,,,,15035.444999966348,21.425509125,100.0
2024-06-03,vol20,6215,sell,hypothetical_quote_sale,,,,15832.439999999999,22.561227000000002,100.0
2024-06-03,vol20,6230,sell,hypothetical_quote_sale,,,,33640.9500000282,47.93835375,100.0
2024-06-03,vol20,2613,buy,buy_limit_not_met,465.0,,,,,
2024-06-03,vol20,2250,buy,hypothetical_quote_buy,161.0,0.0,161.0,18850.282499999998,26.861652562499998,
2024-06-03,vol20,2365,buy,buy_limit_not_met,526.0,,,,,
2024-06-03,vol20,2348,buy,buy_limit_not_met,77.0,,,,,
2024-06-03,vol20,2241,buy,buy_limit_not_met,366.0,,,,,
2024-06-03,vol20,3060,buy,buy_limit_not_met,564.0,,,,,
2024-06-03,vol20,2524,buy,buy_limit_not_met,350.0,,,,,
2024-06-03,vol20,1453,buy,buy_limit_not_met,659.0,,,,,
2024-06-03,vol20,4545,buy,buy_limit_not_met,459.0,,,,,
2024-06-03,vol20,2615,buy,buy_limit_not_met,235.0,,,,,
2024-06-03,vol20,8438,buy,buy_limit_not_met,393.0,,,,,
2024-06-03,vol20,1725,buy,hypothetical_quote_buy,379.0,0.0,379.0,18835.257749999997,26.84024229375,
2024-06-03,vol20,2489,buy,buy_limit_not_met,905.0,,,,,
2024-06-03,vol20,2374,buy,buy_limit_not_met,321.0,,,,,
2024-07-01,vol20,1587,sell,hypothetical_quote_sale,,,,20209.726033896983,28.7725120125,119.0
2024-07-01,vol20,1725,sell,hypothetical_quote_sale,,,,17195.98800000233,24.504282900000003,119.0
2024-07-01,vol20,2250,sell,hypothetical_quote_sale,,,,16820.474999996764,23.969176875,119.0
2024-07-01,vol20,4562,buy,buy_limit_not_met,371.0,,,,,
2024-07-01,vol20,8374,buy,buy_limit_not_met,228.0,,,,,
2024-07-01,vol20,3048,buy,buy_limit_not_met,467.0,,,,,
2024-07-01,vol20,6834,buy,buy_limit_not_met,396.0,,,,,
2024-07-01,vol20,2365,buy,buy_limit_not_met,484.0,,,,,
2024-07-01,vol20,4566,buy,hypothetical_quote_buy,192.0,0.0,192.0,18890.784,26.9193672,
2024-07-01,vol20,2438,buy,buy_limit_not_met,329.0,,,,,
2024-07-01,vol20,2615,buy,buy_limit_not_met,212.0,,,,,
2024-07-01,vol20,1473,buy,hypothetical_quote_buy,418.0,0.0,418.0,18715.009499999996,26.668888537499996,
2024-07-01,vol20,4967,buy,buy_limit_not_met,126.0,,,,,
2024-07-01,vol20,4571,buy,hypothetical_quote_buy,146.0,0.0,146.0,18781.44,26.763552,
2024-07-01,vol20,2351,buy,hypothetical_quote_buy,134.0,0.0,134.0,18651.795,26.578807875,
2024-07-01,vol20,4545,buy,hypothetical_quote_buy,323.0,0.0,323.0,18762.746999999996,26.736914474999995,
2024-07-01,vol20,6442,buy,buy_limit_not_met,55.0,,,,,
2024-07-01,vol20,3312,buy,hypothetical_quote_buy,215.0,0.0,215.0,18884.955,26.911060875000004,
2024-08-01,vol20,1473,sell,hypothetical_quote_sale,,,,15762.98899999362,22.462259324999998,140.0
2024-08-01,vol20,2351,sell,hypothetical_quote_sale,,,,16834.057946653826,23.8146285,140.0
2024-08-01,vol20,3312,sell,hypothetical_quote_sale,,,,18333.372499987214,26.1250558125,140.0
2024-08-01,vol20,4545,sell,hypothetical_quote_sale,,,,18543.914500001665,26.425078162500004,140.0
2024-08-01,vol20,4566,sell,hypothetical_quote_sale,,,,17480.159999996773,24.909228000000002,140.0
2024-08-01,vol20,4571,sell,hypothetical_quote_sale,,,,17577.669999972462,25.04817975,140.0
2024-08-01,vol20,8374,buy,buy_limit_not_met,185.0,,,,,
2024-08-01,vol20,6442,buy,buy_limit_not_met,41.0,,,,,
2024-08-01,vol20,3229,buy,hypothetical_quote_buy,673.0,0.0,673.0,18802.946999999996,26.794199474999996,
2024-08-01,vol20,2349,buy,buy_limit_not_met,1036.0,,,,,
2024-08-01,vol20,3047,buy,buy_limit_not_met,453.0,,,,,
2024-08-01,vol20,2438,buy,hypothetical_quote_buy,286.0,0.0,286.0,18912.893999999997,26.950873949999995,
2024-08-01,vol20,3686,buy,hypothetical_quote_buy,598.0,0.0,598.0,18570.590999999997,26.463092174999996,
2024-08-01,vol20,6869,buy,buy_limit_not_met,86.0,,,,,
2024-08-01,vol20,4562,buy,buy_limit_not_met,341.0,,,,,
2024-08-01,vol20,8104,buy,buy_limit_not_met,429.0,,,,,
2024-08-01,vol20,3535,buy,buy_limit_not_met,230.0,,,,,
2024-08-01,vol20,1597,buy,buy_limit_not_met,200.0,,,,,
2024-08-01,vol20,8028,buy,buy_limit_not_met,157.0,,,,,
2024-08-01,vol20,2243,buy,hypothetical_quote_buy,643.0,0.0,643.0,18320.19525,26.106278231250002,
2024-08-01,vol20,2365,buy,buy_limit_not_met,333.0,,,,,
2024-09-02,vol20,2438,sell,hypothetical_quote_sale,,,,17728.711,25.263413175,162.0
2024-09-02,vol20,3229,sell,hypothetical_quote_sale,,,,17075.6925,24.332861812499996,162.0
2024-09-02,vol20,3686,sell,hypothetical_quote_sale,,,,16541.278000000002,23.571321150000003,162.0
2024-09-02,vol20,8374,buy,hypothetical_quote_buy,136.0,0.0,136.0,18725.159999999996,26.683352999999997,
2024-09-02,vol20,2524,buy,buy_limit_not_met,150.0,,,,,
2024-09-02,vol20,5484,buy,hypothetical_quote_buy,235.0,0.0,235.0,18823.1475,26.8229851875,
2024-09-02,vol20,3535,buy,buy_limit_not_met,259.0,,,,,
2024-09-02,vol20,4562,buy,hypothetical_quote_buy,261.0,0.0,261.0,18885.959999999995,26.912492999999994,
2024-09-02,vol20,6442,buy,buy_limit_not_met,46.0,,,,,
2024-09-02,vol20,3652,buy,buy_limit_not_met,393.0,,,,,
2024-09-02,vol20,4555,buy,buy_limit_not_met,390.0,,,,,
2024-09-02,vol20,3167,buy,buy_limit_not_met,213.0,,,,,
2024-09-02,vol20,2364,buy,buy_limit_not_met,186.0,,,,,
2024-09-02,vol20,6215,buy,buy_limit_not_met,278.0,,,,,
2024-09-02,vol20,3013,buy,buy_limit_not_met,164.0,,,,,
2024-09-02,vol20,2062,buy,buy_limit_not_met,495.0,,,,,
2024-09-02,vol20,4583,buy,buy_limit_not_met,34.0,,,,,
2024-10-01,vol20,2243,sell,hypothetical_quote_sale,,,,18681.722000023914,26.621453849999998,182.0
2024-10-01,vol20,4562,sell,hypothetical_quote_sale,,,,17217.7785,24.535334362499995,182.0
2024-10-01,vol20,5484,sell,hypothetical_quote_sale,,,,15759.805,22.457722125,182.0
2024-10-01,vol20,8374,sell,hypothetical_quote_sale,,,,18877.139999968982,26.8999245,182.0
2024-10-01,vol20,6405,buy,buy_limit_not_met,473.0,,,,,
2024-10-01,vol20,4571,buy,buy_limit_not_met,107.0,,,,,
2024-10-01,vol20,1735,buy,hypothetical_quote_buy,773.0,0.0,773.0,18877.819499999998,26.9008927875,
2024-10-01,vol20,3550,buy,hypothetical_quote_buy,719.0,0.0,719.0,18859.7295,26.875114537500004,
2024-10-01,vol20,1776,buy,hypothetical_quote_buy,804.0,0.0,804.0,18786.464999999997,26.770712624999994,
2024-10-01,vol20,4989,buy,hypothetical_quote_buy,789.0,0.0,789.0,18872.090999999997,26.892729674999995,
2024-10-01,vol20,8249,buy,buy_limit_not_met,307.0,,,,,
2024-10-01,vol20,6152,buy,hypothetical_quote_buy,1130.0,1000.0,130.0,18795.007499999996,43.701668749999996,
2024-10-01,vol20,3605,buy,hypothetical_quote_buy,349.0,0.0,349.0,18940.23,26.98982775,
2024-10-01,vol20,3167,buy,buy_limit_not_met,130.0,,,,,
2024-10-01,vol20,1540,buy,buy_limit_not_met,409.0,,,,,
2024-10-01,vol20,4583,buy,buy_limit_not_met,26.0,,,,,
2024-10-01,vol20,2438,buy,hypothetical_quote_buy,398.0,0.0,398.0,18639.534,26.56133595,
2024-10-01,vol20,1721,buy,buy_limit_not_met,742.0,,,,,
2024-10-01,vol20,5234,buy,buy_limit_not_met,78.0,,,,,
2024-11-01,vol20,1735,sell,hypothetical_quote_sale,,,,17497.82124997683,24.902138625000003,201.0
2024-11-01,vol20,1776,sell,hypothetical_quote_sale,,,,16199.594999997415,23.084422875,201.0
2024-11-01,vol20,2438,sell,hypothetical_quote_sale,,,,15642.395,22.290412875,201.0
2024-11-01,vol20,3550,sell,hypothetical_quote_sale,,,,16060.84225003373,22.88670020625,201.0
2024-11-01,vol20,3605,sell,hypothetical_quote_sale,,,,18751.77,26.721272250000002,201.0
2024-11-01,vol20,4989,sell,hypothetical_quote_sale,,,,16132.880250003574,22.98935435625,201.0
2024-11-01,vol20,6152,sell,hypothetical_quote_sale,,,,16752.815,41.126337500000005,201.0
2024-11-01,vol20,5907,buy,hypothetical_quote_buy,1661.0,1000.0,661.0,18946.611749999996,40.0,
2024-11-01,vol20,1528,buy,hypothetical_quote_buy,888.0,0.0,888.0,18071.909999999996,25.752471749999994,
2024-11-01,vol20,6658,buy,hypothetical_quote_buy,200.0,0.0,200.0,18753.3,26.7234525,
2024-11-01,vol20,4545,buy,hypothetical_quote_buy,309.0,0.0,309.0,18756.917999999998,26.72860815,
2024-11-01,vol20,2477,buy,hypothetical_quote_buy,499.0,0.0,499.0,18655.613999999998,26.584249949999997,
2024-11-01,vol20,6405,buy,hypothetical_quote_buy,430.0,0.0,430.0,18582.449999999997,26.479991249999998,
2024-11-01,vol20,2929,buy,buy_limit_not_met,1604.0,,,,,
2024-11-01,vol20,2399,buy,hypothetical_quote_buy,547.0,0.0,547.0,18471.096,26.321311800000004,
2024-11-01,vol20,6133,buy,hypothetical_quote_buy,806.0,0.0,806.0,18630.69,26.548733249999998,
2024-11-01,vol20,4956,buy,hypothetical_quote_buy,487.0,0.0,487.0,18304.869,26.084438325,
2024-11-01,vol20,8404,buy,hypothetical_quote_buy,526.0,0.0,526.0,15938.194499999996,22.711927162499997,
2024-11-01,vol20,6854,buy,cash_or_one_share_gate,0.0,,,,,
2024-11-01,vol20,3450,buy,cash_or_one_share_gate,0.0,,,,,
2024-11-01,vol20,3149,buy,hypothetical_quote_buy,1.0,0.0,1.0,38.64225,20.0,
2024-11-01,vol20,3447,buy,cash_or_one_share_gate,0.0,,,,,
2024-12-02,vol20,1528,sell,hypothetical_quote_sale,,,,15859.901999980018,22.574909493750003,222.0
2024-12-02,vol20,2399,sell,hypothetical_quote_sale,,,,15974.17775,22.763203293750003,222.0
2024-12-02,vol20,2477,sell,hypothetical_quote_sale,,,,15615.082249992973,22.25149220625,222.0
2024-12-02,vol20,3149,sell,hypothetical_quote_sale,,,,31.88974999995531,20.0,222.0
2024-12-02,vol20,4545,sell,hypothetical_quote_sale,,,,16571.824499987088,23.6148499125,222.0
2024-12-02,vol20,5907,sell,hypothetical_quote_sale,,,,20989.226499999997,40.0,222.0
2024-12-02,vol20,6133,sell,hypothetical_quote_sale,,,,17883.930999990902,25.484601675,222.0
2024-12-02,vol20,6658,sell,hypothetical_quote_sale,,,,15681.199999996103,22.34571,222.0
2024-12-02,vol20,8404,sell,hypothetical_quote_sale,,,,15544.08900002991,22.150326825,222.0
2024-12-02,vol20,3447,buy,hypothetical_quote_buy,260.0,0.0,260.0,18918.12,26.958320999999998,
2024-12-02,vol20,6558,buy,buy_limit_not_met,490.0,,,,,
2024-12-02,vol20,6854,buy,buy_limit_not_met,133.0,,,,,
2024-12-02,vol20,1587,buy,buy_limit_not_met,493.0,,,,,
2024-12-02,vol20,1449,buy,buy_limit_not_met,790.0,,,,,
2024-12-02,vol20,2354,buy,buy_limit_not_met,233.0,,,,,
2024-12-02,vol20,2392,buy,buy_limit_not_met,235.0,,,,,
2024-12-02,vol20,2312,buy,hypothetical_quote_buy,629.0,0.0,629.0,18901.135499999997,26.934118087499996,
2024-12-02,vol20,1531,buy,hypothetical_quote_buy,1087.0,1000.0,87.0,18899.1255,44.7757625,
2024-12-02,vol20,1736,buy,hypothetical_quote_buy,119.0,0.0,119.0,18836.212499999998,26.841602812499996,
2024-12-02,vol20,2465,buy,buy_limit_not_met,267.0,,,,,
2024-12-02,vol20,3021,buy,hypothetical_quote_buy,557.0,0.0,557.0,18892.743749999998,26.92215984375,
2024-12-02,vol20,3706,buy,hypothetical_quote_buy,223.0,0.0,223.0,18825.659999999996,26.826565499999994,
2025-01-02,vol20,1531,sell,hypothetical_quote_sale,,,,15033.75349997499,40.0,244.0
2025-01-02,vol20,1736,sell,hypothetical_quote_sale,,,,21608.912500012946,30.792700312500003,244.0
2025-01-02,vol20,2312,sell,hypothetical_quote_sale,,,,16522.572000024804,23.544665099999996,244.0
2025-01-02,vol20,3021,sell,hypothetical_quote_sale,,,,15046.937250023364,21.44188558125,244.0
2025-01-02,vol20,3447,sell,hypothetical_quote_sale,,,,16453.320000010914,23.445981,244.0
2025-01-02,vol20,3706,sell,hypothetical_quote_sale,,,,15753.834999989404,22.449214875,244.0
2025-01-02,vol20,4956,sell,hypothetical_quote_sale,,,,17080.91625,24.34030565625,244.0
2025-01-02,vol20,6405,sell,hypothetical_quote_sale,,,,13819.555000019642,20.0,244.0
2025-01-02,vol20,6558,buy,hypothetical_quote_buy,478.0,0.0,478.0,18879.326999999994,26.903040974999993,
2025-01-02,vol20,3694,buy,hypothetical_quote_buy,333.0,0.0,333.0,18841.639499999997,26.849336287499998,
2025-01-02,vol20,6937,buy,buy_limit_not_met,51.0,,,,,
2025-01-02,vol20,4576,buy,hypothetical_quote_buy,122.0,0.0,122.0,18820.635,26.819404875,
2025-01-02,vol20,3029,buy,hypothetical_quote_buy,135.0,0.0,135.0,18858.825,26.873825625000002,
2025-01-02,vol20,5484,buy,buy_limit_not_met,295.0,,,,,
2025-01-02,vol20,2348,buy,buy_limit_not_met,93.0,,,,,
2025-01-02,vol20,2466,buy,buy_limit_not_met,268.0,,,,,
2025-01-02,vol20,1449,buy,hypothetical_quote_buy,822.0,0.0,822.0,18876.6135,26.8991742375,
2025-01-02,vol20,2468,buy,buy_limit_not_met,755.0,,,,,
2025-01-02,vol20,2471,buy,buy_limit_not_met,351.0,,,,,
2025-01-02,vol20,6689,buy,buy_limit_not_met,156.0,,,,,
2025-01-02,vol20,4540,buy,hypothetical_quote_buy,305.0,0.0,305.0,18820.635,26.819404875,
2025-01-02,vol20,3296,buy,hypothetical_quote_buy,634.0,0.0,634.0,18796.515,26.785033875,
2025-01-02,vol20,6442,buy,buy_limit_not_met,6.0,,,,,
2025-02-03,vol20,1449,sell,hypothetical_quote_sale,,,,15417.226499960145,21.942820818750004,259.0
2025-02-03,vol20,3029,sell,hypothetical_quote_sale,,,,18402.52500005225,26.223598125000002,259.0
2025-02-03,vol20,3296,sell,hypothetical_quote_sale,,,,16716.995,23.821717875,259.0
2025-02-03,vol20,3694,sell,hypothetical_quote_sale,,,,17693.288999991782,25.212936824999996,259.0
2025-02-03,vol20,4540,sell,hypothetical_quote_sale,,,,14961.31750000335,21.3198774375,259.0
2025-02-03,vol20,4576,sell,hypothetical_quote_sale,,,,16873.209999969633,24.04432425,259.0
2025-02-03,vol20,6558,sell,hypothetical_quote_sale,,,,26871.964999999997,38.292550125,259.0
2025-02-03,vol20,2466,buy,hypothetical_quote_buy,234.0,0.0,234.0,18460.845,26.306704125000003,
2025-02-03,vol20,1325,buy,hypothetical_quote_buy,542.0,0.0,542.0,18901.437,26.934547725000005,
2025-02-03,vol20,2250,buy,hypothetical_quote_buy,145.0,0.0,145.0,18215.624999999996,25.957265624999994,
2025-02-03,vol20,9919,buy,buy_limit_not_met,955.0,,,,,
2025-02-03,vol20,4912,buy,hypothetical_quote_buy,130.0,0.0,130.0,17115.149999999998,24.38908875,
2025-02-03,vol20,6515,buy,hypothetical_quote_buy,15.0,0.0,15.0,17260.875,24.596746875,
2025-02-03,vol20,3645,buy,hypothetical_quote_buy,278.0,0.0,278.0,18020.655,25.679433375,
2025-02-03,vol20,6215,buy,hypothetical_quote_buy,164.0,0.0,164.0,17882.969999999998,25.483232249999997,
2025-02-03,vol20,2516,buy,hypothetical_quote_buy,531.0,0.0,531.0,8965.404,20.0,
2025-02-03,vol20,6742,buy,hypothetical_quote_buy,2.0,0.0,2.0,136.88099999999997,20.0,
2025-02-03,vol20,6141,buy,hypothetical_quote_buy,2.0,0.0,2.0,27.938999999999997,20.0,
2025-02-03,vol20,6781,buy,cash_or_one_share_gate,0.0,,,,,
2025-02-03,vol20,1732,buy,cash_or_one_share_gate,0.0,,,,,
2025-02-03,vol20,2348,buy,cash_or_one_share_gate,0.0,,,,,
2025-02-03,vol20,5484,buy,cash_or_one_share_gate,0.0,,,,,
2025-03-03,vol20,1325,sell,hypothetical_quote_sale,,,,17311.209,24.668472825000006,278.0
2025-03-03,vol20,2250,sell,hypothetical_quote_sale,,,,19188.575000015775,27.343719375000003,278.0
2025-03-03,vol20,2466,sell,hypothetical_quote_sale,,,,18859.230000005788,26.87440275,278.0
2025-03-03,vol20,3645,sell,hypothetical_quote_sale,,,,20745.74999999747,29.56269375,278.0
2025-03-03,vol20,4912,sell,hypothetical_quote_sale,,,,17785.62499998577,25.344515625,278.0
2025-03-03,vol20,6141,sell,hypothetical_quote_sale,,,,30.546499999999998,20.0,278.0
2025-03-03,vol20,6215,sell,hypothetical_quote_sale,,,,20152.73000006341,28.71764025,278.0
2025-03-03,vol20,6515,sell,hypothetical_quote_sale,,,,19999.49999988578,28.4992875,278.0
2025-03-03,vol20,6742,sell,hypothetical_quote_sale,,,,148.45400000007257,20.0,278.0
2025-03-03,vol20,2438,buy,hypothetical_quote_buy,505.0,0.0,505.0,18778.425,26.759255625,
2025-03-03,vol20,3653,buy,hypothetical_quote_buy,14.0,0.0,14.0,18009.6,25.66368,
2025-03-03,vol20,6854,buy,hypothetical_quote_buy,79.0,0.0,79.0,16950.832499999997,24.154936312499995,
2025-03-03,vol20,2468,buy,hypothetical_quote_buy,512.0,0.0,512.0,17263.487999999998,24.6004704,
2025-03-03,vol20,6206,buy,hypothetical_quote_buy,123.0,0.0,123.0,18480.442499999997,26.334630562499996,
2025-03-03,vol20,2408,buy,hypothetical_quote_buy,486.0,0.0,486.0,18609.182999999997,26.518085774999996,
2025-03-03,vol20,3605,buy,hypothetical_quote_buy,284.0,0.0,284.0,17724.582,25.25752935,
2025-03-03,vol20,3450,buy,hypothetical_quote_buy,1.0,0.0,1.0,267.33,20.0,
2025-03-03,vol20,5203,buy,cash_or_one_share_gate,0.0,,,,,
2025-03-03,vol20,6781,buy,cash_or_one_share_gate,0.0,,,,,
2025-03-03,vol20,8467,buy,cash_or_one_share_gate,0.0,,,,,
2025-03-03,vol20,6112,buy,hypothetical_quote_buy,1.0,0.0,1.0,58.7925,20.0,
2025-03-03,vol20,4770,buy,cash_or_one_share_gate,0.0,,,,,
2025-03-03,vol20,6442,buy,cash_or_one_share_gate,0.0,,,,,
2025-04-01,vol20,2408,sell,hypothetical_quote_sale,,,,18230.589000013046,25.978589325000005,299.0
2025-04-01,vol20,2438,sell,hypothetical_quote_sale,,,,16883.160000000003,24.058503,299.0
2025-04-01,vol20,2516,sell,hypothetical_quote_sale,,,,11359.4175,20.0,299.0
2025-04-01,vol20,3450,sell,hypothetical_quote_sale,,,,236.80999999943165,20.0,299.0
2025-04-01,vol20,3605,sell,hypothetical_quote_sale,,,,15711.448000007493,22.3888134,299.0
2025-04-01,vol20,3653,sell,hypothetical_quote_sale,,,,13929.999999953421,20.0,299.0
2025-04-01,vol20,6112,sell,hypothetical_quote_sale,,,,47.85949999993196,20.0,299.0
2025-04-01,vol20,6206,sell,hypothetical_quote_sale,,,,15175.7400000314,21.6254295,299.0
2025-04-01,vol20,6854,sell,hypothetical_quote_sale,,,,11122.607499967824,20.0,299.0
2025-04-01,vol20,6117,buy,buy_limit_not_met,226.0,,,,,
2025-04-01,vol20,4949,buy,buy_limit_not_met,529.0,,,,,
2025-04-01,vol20,3528,buy,hypothetical_quote_buy,278.0,0.0,278.0,18830.886,26.83401255,
2025-04-01,vol20,4927,buy,hypothetical_quote_buy,587.0,0.0,587.0,18494.462249999997,26.354608706249998,
2025-04-01,vol20,2429,buy,buy_limit_not_met,313.0,,,,,
2025-04-01,vol20,1466,buy,hypothetical_quote_buy,1120.0,1000.0,120.0,18853.8,43.988093750000004,
2025-04-01,vol20,3312,buy,buy_limit_not_met,401.0,,,,,
2025-04-01,vol20,6753,buy,hypothetical_quote_buy,166.0,0.0,166.0,18935.204999999998,26.982667125,
2025-04-01,vol20,4807,buy,buy_limit_not_met,948.0,,,,,
2025-04-01,vol20,6658,buy,buy_limit_not_met,283.0,,,,,
2025-04-01,vol20,3563,buy,buy_limit_not_met,39.0,,,,,
2025-04-01,vol20,1316,buy,buy_limit_not_met,1069.0,,,,,
2025-04-01,vol20,6805,buy,buy_limit_not_met,32.0,,,,,
2025-04-01,vol20,3447,buy,buy_limit_not_met,345.0,,,,,
2025-05-02,vol20,1466,sell,hypothetical_quote_sale,,,,16270.24,40.700975,319.0
2025-05-02,vol20,4927,sell,hypothetical_quote_sale,,,,13813.13725001256,20.0,319.0
2025-05-02,vol20,6753,sell,hypothetical_quote_sale,,,,16599.58500001498,23.654408625,319.0
2025-05-02,vol20,8072,buy,buy_limit_not_met,386.0,,,,,
2025-05-02,vol20,4949,buy,buy_limit_not_met,322.0,,,,,
2025-05-02,vol20,2314,buy,hypothetical_quote_buy,1714.0,1000.0,714.0,18862.141499999998,40.0,
2025-05-02,vol20,6890,buy,buy_limit_not_met,55.0,,,,,
2025-05-02,vol20,6933,buy,buy_limit_not_met,117.0,,,,,
2025-05-02,vol20,6215,buy,buy_limit_not_met,196.0,,,,,
2025-05-02,vol20,9955,buy,hypothetical_quote_buy,596.0,0.0,596.0,18388.685999999998,26.203877549999998,
2025-05-02,vol20,6112,buy,buy_limit_not_met,371.0,,,,,
2025-05-02,vol20,2466,buy,buy_limit_not_met,211.0,,,,,
2025-05-02,vol20,1597,buy,buy_limit_not_met,213.0,,,,,
2025-05-02,vol20,9958,buy,buy_limit_not_met,107.0,,,,,
2025-05-02,vol20,6658,buy,buy_limit_not_met,306.0,,,,,
2025-05-02,vol20,3653,buy,buy_limit_not_met,18.0,,,,,
2025-06-02,vol20,2314,sell,hypothetical_quote_sale,,,,14069.79750005094,40.0,339.0
2025-06-02,vol20,2468,sell,hypothetical_quote_sale,,,,31177.728000000647,44.42826240000001,339.0
2025-06-02,vol20,3528,sell,hypothetical_quote_sale,,,,22626.69799998971,32.243044649999995,339.0
2025-06-02,vol20,9955,sell,hypothetical_quote_sale,,,,16990.022999999997,24.210782775,339.0
2025-06-02,vol20,1419,buy,hypothetical_quote_buy,262.0,0.0,262.0,18852.995999999996,26.865519299999995,
2025-06-02,vol20,9902,buy,hypothetical_quote_buy,871.0,0.0,871.0,18382.454999999998,26.194998374999997,
2025-06-02,vol20,6658,buy,hypothetical_quote_buy,231.0,0.0,231.0,18850.985999999997,26.862655049999997,
2025-06-02,vol20,1903,buy,hypothetical_quote_buy,299.0,0.0,299.0,18630.69,26.548733249999998,
2025-06-02,vol20,4562,buy,hypothetical_quote_buy,336.0,0.0,336.0,18842.543999999998,26.8506252,
2025-06-02,vol20,4949,buy,hypothetical_quote_buy,327.0,0.0,327.0,18633.6045,26.5528864125,
2025-06-02,vol20,6757,buy,hypothetical_quote_buy,195.0,0.0,195.0,18911.587499999998,26.9490121875,
2025-06-02,vol20,6591,buy,buy_limit_not_met,250.0,,,,,
2025-06-02,vol20,6834,buy,hypothetical_quote_buy,533.0,0.0,533.0,18775.05825,26.754458006249997,
2025-06-02,vol20,4545,buy,hypothetical_quote_buy,509.0,0.0,509.0,18569.083499999993,26.46094398749999,
2025-06-02,vol20,8072,buy,buy_limit_not_met,21.0,,,,,
2025-06-02,vol20,3004,buy,hypothetical_quote_buy,6.0,0.0,6.0,865.3049999999998,20.0,
2025-06-02,vol20,2408,buy,hypothetical_quote_buy,2.0,0.0,2.0,90.651,20.0,
2025-06-02,vol20,6890,buy,cash_or_one_share_gate,0.0,,,,,
2025-06-02,vol20,3661,buy,cash_or_one_share_gate,0.0,,,,,
2025-07-01,vol20,1419,sell,hypothetical_quote_sale,,,,16397.40099998752,23.366296424999998,360.0
2025-07-01,vol20,1903,sell,hypothetical_quote_sale,,,,16779.282,23.91047685,360.0
2025-07-01,vol20,2408,sell,hypothetical_quote_sale,,,,103.28100000004835,20.0,360.0
2025-07-01,vol20,3004,sell,hypothetical_quote_sale,,,,814.9049999989128,20.0,360.0
2025-07-01,vol20,4545,sell,hypothetical_quote_sale,,,,17206.747062386206,24.50938725,360.0
2025-07-01,vol20,4562,sell,hypothetical_quote_sale,,,,19256.832000000002,27.440985599999998,360.0
2025-07-01,vol20,6658,sell,hypothetical_quote_sale,,,,19812.639000003852,28.233010575000005,360.0
2025-07-01,vol20,6757,sell,hypothetical_quote_sale,,,,16899.5775,24.0818979375,360.0
2025-07-01,vol20,6834,sell,hypothetical_quote_sale,,,,16456.87967128818,23.433999956250002,360.0
2025-07-01,vol20,9902,sell,hypothetical_quote_sale,,,,15946.267999957052,22.697343,360.0
2025-07-01,vol20,6854,buy,hypothetical_quote_buy,96.0,0.0,96.0,18234.72,25.984476000000004,
2025-07-01,vol20,2429,buy,hypothetical_quote_buy,263.0,0.0,263.0,18819.228,26.817399899999998,
2025-07-01,vol20,3167,buy,buy_limit_not_met,145.0,,,,,
2025-07-01,vol20,1616,buy,hypothetical_quote_buy,482.0,0.0,482.0,18843.549,26.852057325,
2025-07-01,vol20,6141,buy,buy_limit_not_met,1551.0,,,,,
2025-07-01,vol20,3013,buy,hypothetical_quote_buy,142.0,0.0,142.0,18766.365,26.742070125000005,
2025-07-01,vol20,3535,buy,buy_limit_not_met,185.0,,,,,
2025-07-01,vol20,6890,buy,buy_limit_not_met,34.0,,,,,
2025-07-01,vol20,4551,buy,buy_limit_not_met,78.0,,,,,
2025-07-01,vol20,8478,buy,hypothetical_quote_buy,50.0,0.0,50.0,9647.999999999998,20.0,
2025-07-01,vol20,4770,buy,cash_or_one_share_gate,0.0,,,,,
2025-07-01,vol20,6591,buy,cash_or_one_share_gate,0.0,,,,,
2025-07-01,vol20,6153,buy,hypothetical_quote_buy,2.0,0.0,2.0,27.536999999999995,20.0,
2025-07-01,vol20,4739,buy,cash_or_one_share_gate,0.0,,,,,
2025-08-01,vol20,1616,sell,hypothetical_quote_sale,,,,16700.087282690867,23.7692565,383.0
2025-08-01,vol20,3013,sell,hypothetical_quote_sale,,,,16398.664625759142,23.254567875000003,383.0
2025-08-01,vol20,4949,sell,hypothetical_quote_sale,,,,13990.69500002273,20.0,383.0
2025-08-01,vol20,6153,sell,hypothetical_quote_sale,,,,27.959499999969836,20.0,383.0
2025-08-01,vol20,6854,sell,hypothetical_quote_sale,,,,13563.839999993052,20.0,383.0
2025-08-01,vol20,8478,sell,hypothetical_quote_sale,,,,9875.375000034293,20.0,383.0
2025-08-01,vol20,3543,buy,hypothetical_quote_buy,471.0,0.0,471.0,18082.161,25.767079425000002,
2025-08-01,vol20,6933,buy,hypothetical_quote_buy,87.0,0.0,87.0,18405.067499999997,26.227221187499996,
2025-08-01,vol20,6928,buy,hypothetical_quote_buy,259.0,0.0,259.0,18402.8565,26.224070512500003,
2025-08-01,vol20,4989,buy,hypothetical_quote_buy,792.0,0.0,792.0,18307.079999999998,26.087588999999998,
2025-08-01,vol20,6781,buy,hypothetical_quote_buy,15.0,0.0,15.0,18089.999999999996,25.778249999999996,
2025-08-01,vol20,8499,buy,hypothetical_quote_buy,67.0,0.0,67.0,18315.119999999995,26.099045999999994,
2025-08-01,vol20,8045,buy,hypothetical_quote_buy,176.0,0.0,176.0,18572.399999999998,26.46567,
2025-08-01,vol20,8021,buy,hypothetical_quote_buy,166.0,0.0,166.0,10326.776999999998,20.0,
2025-08-01,vol20,6215,buy,hypothetical_quote_buy,2.0,0.0,2.0,230.14499999999998,20.0,
2025-08-01,vol20,3305,buy,cash_or_one_share_gate,0.0,,,,,
2025-08-01,vol20,8033,buy,cash_or_one_share_gate,0.0,,,,,
2025-08-01,vol20,6141,buy,hypothetical_quote_buy,3.0,0.0,3.0,43.416,20.0,
2025-08-01,vol20,1727,buy,cash_or_one_share_gate,0.0,,,,,
2025-08-01,vol20,1802,buy,cash_or_one_share_gate,0.0,,,,,
2025-09-01,vol20,2429,sell,hypothetical_quote_sale,,,,25200.265500089456,35.910378337500006,404.0
2025-09-01,vol20,3543,sell,hypothetical_quote_sale,,,,14457.698249989608,20.60222000625,404.0
2025-09-01,vol20,6141,sell,hypothetical_quote_sale,,,,40.596,20.0,404.0
2025-09-01,vol20,6215,sell,hypothetical_quote_sale,,,,296.50999999799524,20.0,404.0
2025-09-01,vol20,6781,sell,hypothetical_quote_sale,,,,19924.87499991173,28.392946875,404.0
2025-09-01,vol20,6928,sell,hypothetical_quote_sale,,,,18425.907499997724,26.256918187500002,404.0
2025-09-01,vol20,6933,sell,hypothetical_quote_sale,,,,17183.15250002093,24.485992312500002,404.0
2025-09-01,vol20,8045,sell,hypothetical_quote_sale,,,,21277.079999980575,30.319838999999998,404.0
2025-09-01,vol20,2406,buy,hypothetical_quote_buy,851.0,0.0,851.0,18815.61,26.812244250000003,
2025-09-01,vol20,6949,buy,hypothetical_quote_buy,46.0,0.0,46.0,18723.149999999998,26.68048875,
2025-09-01,vol20,3305,buy,buy_limit_not_met,144.0,,,,,
2025-09-01,vol20,2228,buy,hypothetical_quote_buy,150.0,0.0,150.0,18466.874999999996,26.315296874999994,
2025-09-01,vol20,6213,buy,hypothetical_quote_buy,102.0,0.0,102.0,13992.614999999998,20.0,
2025-09-01,vol20,3058,buy,hypothetical_quote_buy,8.0,0.0,8.0,97.68599999999999,20.0,
2025-09-01,vol20,3653,buy,cash_or_one_share_gate,0.0,,,,,
2025-09-01,vol20,1802,buy,cash_or_one_share_gate,0.0,,,,,
2025-09-01,vol20,8033,buy,cash_or_one_share_gate,0.0,,,,,
2025-09-01,vol20,3535,buy,cash_or_one_share_gate,0.0,,,,,
2025-09-01,vol20,5484,buy,cash_or_one_share_gate,0.0,,,,,
2025-09-01,vol20,3694,buy,cash_or_one_share_gate,0.0,,,,,
2025-10-01,vol20,2228,sell,hypothetical_quote_sale,,,,15895.125000049517,22.650553125000002,425.0
2025-10-01,vol20,2406,sell,hypothetical_quote_sale,,,,17696.9705,25.218182962499995,425.0
2025-10-01,vol20,3058,sell,hypothetical_quote_sale,,,,89.94800000013997,20.0,425.0
2025-10-01,vol20,4989,sell,hypothetical_quote_sale,,,,20331.43200004928,28.9722906,425.0
2025-10-01,vol20,6213,sell,hypothetical_quote_sale,,,,11265.389999989684,20.0,425.0
2025-10-01,vol20,6949,sell,hypothetical_quote_sale,,,,18445.31,26.284566750000003,425.0
2025-10-01,vol20,8499,sell,hypothetical_quote_sale,,,,16799.57999995271,23.939401500000002,425.0
2025-10-01,vol20,3016,buy,hypothetical_quote_buy,325.0,0.0,325.0,18715.6125,26.6697478125,
2025-10-01,vol20,4934,buy,hypothetical_quote_buy,1094.0,1000.0,94.0,18855.910499999994,44.56094374999999,
2025-10-01,vol20,2429,buy,buy_limit_not_met,156.0,,,,,
2025-10-01,vol20,6753,buy,hypothetical_quote_buy,126.0,0.0,126.0,18804.554999999997,26.796490874999996,
2025-10-01,vol20,4722,buy,hypothetical_quote_buy,97.0,0.0,97.0,18132.21,25.83839925,
2025-10-01,vol20,2231,buy,hypothetical_quote_buy,157.0,0.0,157.0,18855.3075,26.8688131875,
2025-10-01,vol20,2208,buy,hypothetical_quote_buy,776.0,0.0,776.0,18561.143999999997,26.449630199999998,
2025-10-01,vol20,3048,buy,hypothetical_quote_buy,101.0,0.0,101.0,4085.5762499999996,20.0,
2025-10-01,vol20,2342,buy,hypothetical_quote_buy,1.0,0.0,1.0,32.210249999999995,20.0,
2025-10-01,vol20,4976,buy,cash_or_one_share_gate,0.0,,,,,
2025-10-01,vol20,3532,buy,cash_or_one_share_gate,0.0,,,,,
2025-10-01,vol20,3305,buy,cash_or_one_share_gate,0.0,,,,,
2025-10-01,vol20,1587,buy,cash_or_one_share_gate,0.0,,,,,
2025-10-01,vol20,8033,buy,cash_or_one_share_gate,0.0,,,,,
2025-11-03,vol20,2208,sell,hypothetical_quote_sale,,,,15210.76400000031,21.6753387,445.0
2025-11-03,vol20,2231,sell,hypothetical_quote_sale,,,,15933.930000001741,22.705850249999997,445.0
2025-11-03,vol20,3016,sell,hypothetical_quote_sale,,,,18206.012500002675,25.943567812499996,445.0
2025-11-03,vol20,3048,sell,hypothetical_quote_sale,,,,3828.859500003834,20.0,445.0
2025-11-03,vol20,4722,sell,hypothetical_quote_sale,,,,17372.7,24.756097500000003,445.0
2025-11-03,vol20,4934,sell,hypothetical_quote_sale,,,,15946.9645,40.771868749999996,445.0
2025-11-03,vol20,6753,sell,hypothetical_quote_sale,,,,15295.139999960067,21.7955745,445.0
2025-11-03,vol20,8021,sell,hypothetical_quote_sale,,,,19737.815000051698,28.126386375000003,445.0
2025-11-03,vol20,4989,buy,hypothetical_quote_buy,463.0,0.0,463.0,18798.726,26.78818455,
2025-11-03,vol20,2337,buy,hypothetical_quote_buy,602.0,0.0,602.0,18906.562499999996,26.941851562499995,
2025-11-03,vol20,2429,buy,hypothetical_quote_buy,205.0,0.0,205.0,18913.094999999998,26.951160374999997,
2025-11-03,vol20,2465,buy,buy_limit_not_met,282.0,,,,,
2025-11-03,vol20,8110,buy,hypothetical_quote_buy,779.0,0.0,779.0,18554.6115,26.4403213875,
2025-11-03,vol20,1605,buy,buy_limit_not_met,628.0,,,,,
2025-11-03,vol20,3189,buy,buy_limit_not_met,137.0,,,,,
2025-11-03,vol20,3002,buy,buy_limit_not_met,836.0,,,,,
2025-11-03,vol20,6770,buy,buy_limit_not_met,596.0,,,,,
2025-11-03,vol20,3006,buy,buy_limit_not_met,208.0,,,,,
2025-11-03,vol20,8271,buy,buy_limit_not_met,181.0,,,,,
2025-11-03,vol20,2399,buy,hypothetical_quote_buy,823.0,0.0,823.0,18858.221999999998,26.87296635,
2025-11-03,vol20,2408,buy,buy_limit_not_met,43.0,,,,,
2025-11-03,vol20,6442,buy,buy_limit_not_met,6.0,,,,,
2025-12-01,vol20,2337,sell,hypothetical_quote_sale,,,,20425.55899995913,29.058072037500004,465.0
2025-12-01,vol20,2342,sell,hypothetical_quote_sale,,,,29.452000000009317,20.0,465.0
2025-12-01,vol20,2399,sell,hypothetical_quote_sale,,,,18424.9125,26.2555003125,465.0
2025-12-01,vol20,2429,sell,hypothetical_quote_sale,,,,16644.359999983015,23.718212999999995,465.0
2025-12-01,vol20,6573,buy,hypothetical_quote_buy,1063.0,1000.0,63.0,18855.759749999997,45.27700625,
2025-12-01,vol20,8996,buy,buy_limit_not_met,36.0,,,,,
2025-12-01,vol20,3002,buy,buy_limit_not_met,719.0,,,,,
2025-12-01,vol20,2451,buy,hypothetical_quote_buy,102.0,0.0,102.0,18759.329999999998,26.73204525,
2025-12-01,vol20,2344,buy,hypothetical_quote_buy,323.0,0.0,323.0,18795.208499999997,26.783172112499997,
2025-12-01,vol20,3715,buy,hypothetical_quote_buy,158.0,0.0,158.0,18737.219999999998,26.700538499999997,
2025-12-01,vol20,8021,buy,hypothetical_quote_buy,138.0,0.0,138.0,18792.495,26.779305375,
2025-12-01,vol20,6155,buy,buy_limit_not_met,502.0,,,,,
2025-12-01,vol20,6442,buy,buy_limit_not_met,15.0,,,,,
2025-12-01,vol20,3060,buy,hypothetical_quote_buy,672.0,0.0,672.0,18673.703999999998,26.6100282,
2025-12-01,vol20,1802,buy,buy_limit_not_met,388.0,,,,,
2025-12-01,vol20,6706,buy,hypothetical_quote_buy,156.0,0.0,156.0,13969.097999999998,20.0,
2025-12-01,vol20,8033,buy,cash_or_one_share_gate,0.0,,,,,
2026-01-02,vol20,2344,sell,hypothetical_quote_sale,,,,26707.093499983916,38.0576082375,487.0
2026-01-02,vol20,2451,sell,hypothetical_quote_sale,,,,20095.019999987402,28.635403500000002,487.0
2026-01-02,vol20,3715,sell,hypothetical_quote_sale,,,,20165.9696787153,28.675104,487.0
2026-01-02,vol20,4989,sell,hypothetical_quote_sale,,,,24784.85300000045,35.318415525,487.0
2026-01-02,vol20,6573,sell,hypothetical_quote_sale,,,,16076.811999999998,41.5517,487.0
2026-01-02,vol20,8021,sell,hypothetical_quote_sale,,,,26569.4850000561,37.861516125,487.0
2026-01-02,vol20,8110,sell,hypothetical_quote_sale,,,,45111.11099996689,64.28333317500001,487.0
2026-01-02,vol20,3229,buy,hypothetical_quote_buy,678.0,0.0,678.0,18397.53,26.21648025,
2026-01-02,vol20,2491,buy,buy_limit_not_met,943.0,,,,,
2026-01-02,vol20,2349,buy,buy_limit_not_met,1226.0,,,,,
2026-01-02,vol20,3701,buy,hypothetical_quote_buy,345.0,0.0,345.0,18653.804999999997,26.581672124999997,
2026-01-02,vol20,5521,buy,buy_limit_not_met,771.0,,,,,
2026-01-02,vol20,6443,buy,buy_limit_not_met,645.0,,,,,
2026-01-02,vol20,6426,buy,buy_limit_not_met,184.0,,,,,
2026-01-02,vol20,2406,buy,hypothetical_quote_buy,713.0,0.0,713.0,18164.922749999998,25.88501491875,
2026-01-02,vol20,2413,buy,cash_or_one_share_gate,0.0,,,,,
2026-01-02,vol20,8499,buy,cash_or_one_share_gate,0.0,,,,,
2026-01-02,vol20,2402,buy,cash_or_one_share_gate,0.0,,,,,
2026-01-02,vol20,6442,buy,cash_or_one_share_gate,0.0,,,,,
2026-01-02,vol20,2009,buy,cash_or_one_share_gate,0.0,,,,,
2026-02-02,vol20,2406,sell,hypothetical_quote_sale,,,,19615.877749999996,27.952625793750002,508.0
2026-02-02,vol20,3060,sell,hypothetical_quote_sale,,,,22633.464000010343,32.25268620000001,508.0
2026-02-02,vol20,3229,sell,hypothetical_quote_sale,,,,14841.42,21.149023500000002,508.0
2026-02-02,vol20,3701,sell,hypothetical_quote_sale,,,,19154.745000010695,27.295511625,508.0
2026-02-02,vol20,6706,sell,hypothetical_quote_sale,,,,17384.63999995774,24.773112,508.0
2026-02-02,vol20,6155,buy,hypothetical_quote_buy,339.0,0.0,339.0,18465.668999999998,26.313578324999998,
2026-02-02,vol20,2312,buy,hypothetical_quote_buy,712.0,0.0,712.0,18389.892,26.2055961,
2026-02-02,vol20,1721,buy,hypothetical_quote_buy,1075.0,1000.0,75.0,18852.543749999997,44.99058124999999,
2026-02-02,vol20,1717,buy,hypothetical_quote_buy,304.0,0.0,304.0,18239.544,25.991350200000003,
2026-02-02,vol20,3481,buy,hypothetical_quote_buy,861.0,0.0,861.0,18041.609249999998,25.709293181249997,
2026-02-02,vol20,8476,buy,hypothetical_quote_buy,996.0,0.0,996.0,18718.325999999997,26.673614549999996,
2026-02-02,vol20,2337,buy,hypothetical_quote_buy,202.0,0.0,202.0,17661.87,25.16816475,
2026-02-02,vol20,2408,buy,hypothetical_quote_buy,57.0,0.0,57.0,17758.35,25.30564875,
2026-02-02,vol20,6133,buy,hypothetical_quote_buy,758.0,0.0,758.0,18549.5865,26.433160762500002,
2026-02-02,vol20,3006,buy,hypothetical_quote_buy,69.0,0.0,69.0,13522.274999999998,20.0,
2026-02-02,vol20,4989,buy,hypothetical_quote_buy,4.0,0.0,4.0,211.85399999999998,20.0,
2026-02-02,vol20,6770,buy,cash_or_one_share_gate,0.0,,,,,
2026-02-02,vol20,2303,buy,cash_or_one_share_gate,0.0,,,,,
2026-02-02,vol20,2457,buy,cash_or_one_share_gate,0.0,,,,,
2026-02-02,vol20,6152,buy,cash_or_one_share_gate,0.0,,,,,
2026-03-02,vol20,1717,sell,hypothetical_quote_sale,,,,20326.656000014853,28.965484800000006,520.0
2026-03-02,vol20,1721,sell,hypothetical_quote_sale,,,,18771.91874993973,44.88370625,520.0
2026-03-02,vol20,2312,sell,hypothetical_quote_sale,,,,17711.000000001037,25.238175000000002,520.0
2026-03-02,vol20,2408,sell,hypothetical_quote_sale,,,,15199.619999998935,21.659458500000003,520.0
2026-03-02,vol20,3481,sell,hypothetical_quote_sale,,,,21845.722500018186,31.1301545625,520.0
2026-03-02,vol20,6133,sell,hypothetical_quote_sale,,,,17799.355999982192,25.364082300000007,520.0
2026-03-02,vol20,6155,sell,hypothetical_quote_sale,,,,16966.4414999959,24.1771791375,520.0
2026-03-02,vol20,8476,sell,hypothetical_quote_sale,,,,19919.501999994016,28.385290350000002,520.0
2026-03-02,vol20,1471,buy,hypothetical_quote_buy,1380.0,1000.0,380.0,18515.114999999998,40.0,
2026-03-02,vol20,6706,buy,hypothetical_quote_buy,140.0,0.0,140.0,18009.6,25.66368,
2026-03-02,vol20,2413,buy,hypothetical_quote_buy,330.0,0.0,330.0,17776.44,25.331426999999998,
2026-03-02,vol20,3308,buy,hypothetical_quote_buy,746.0,0.0,746.0,18068.493,25.747602524999998,
2026-03-02,vol20,1802,buy,hypothetical_quote_buy,307.0,0.0,307.0,17432.227499999997,24.840924187499997,
2026-03-02,vol20,1528,buy,hypothetical_quote_buy,137.0,0.0,137.0,3049.7227499999995,20.0,
2026-03-02,vol20,2344,buy,hypothetical_quote_buy,1.0,0.0,1.0,115.57499999999999,20.0,
2026-03-02,vol20,3049,buy,hypothetical_quote_buy,7.0,0.0,7.0,72.4605,20.0,
2026-03-02,vol20,3028,buy,cash_or_one_share_gate,0.0,,,,,
2026-03-02,vol20,6152,buy,cash_or_one_share_gate,0.0,,,,,
2026-03-02,vol20,6451,buy,cash_or_one_share_gate,0.0,,,,,
2026-03-02,vol20,6770,buy,cash_or_one_share_gate,0.0,,,,,
2026-04-01,vol20,1471,sell,hypothetical_quote_sale,,,,16751.82,40.0,542.0
2026-04-01,vol20,1528,sell,hypothetical_quote_sale,,,,3810.0042499918995,20.0,542.0
2026-04-01,vol20,1802,sell,hypothetical_quote_sale,,,,16525.6565,23.549060512500002,542.0
2026-04-01,vol20,2344,sell,hypothetical_quote_sale,,,,97.1203350786142,20.0,542.0
2026-04-01,vol20,2413,sell,hypothetical_quote_sale,,,,17041.365000016147,24.283945125,542.0
2026-04-01,vol20,3308,sell,hypothetical_quote_sale,,,,14993.85399998761,21.36624195,542.0
2026-04-01,vol20,4989,sell,hypothetical_quote_sale,,,,269.04799999989734,20.0,542.0
2026-04-01,vol20,6706,sell,hypothetical_quote_sale,,,,16576.700000073386,23.621797500000003,542.0
2026-04-01,vol20,6426,buy,buy_limit_not_met,138.0,,,,,
2026-04-01,vol20,6141,buy,buy_limit_not_met,948.0,,,,,
2026-04-01,vol20,8271,buy,buy_limit_not_met,144.0,,,,,
2026-04-01,vol20,3054,buy,buy_limit_not_met,277.0,,,,,
2026-04-01,vol20,2616,buy,hypothetical_quote_buy,1103.0,1000.0,103.0,18512.200499999995,43.916487499999995,
2026-04-01,vol20,6451,buy,buy_limit_not_met,63.0,,,,,
2026-04-01,vol20,6715,buy,buy_limit_not_met,60.0,,,,,
2026-04-01,vol20,3037,buy,buy_limit_not_met,42.0,,,,,
2026-04-01,vol20,2408,buy,buy_limit_not_met,94.0,,,,,
2026-04-01,vol20,3167,buy,buy_limit_not_met,50.0,,,,,
2026-04-01,vol20,2426,buy,buy_limit_not_met,592.0,,,,,
2026-04-01,vol20,1735,buy,buy_limit_not_met,784.0,,,,,
2026-05-04,vol20,2616,sell,hypothetical_quote_sale,,,,15584.28700001083,40.133825,562.0
2026-05-04,vol20,3006,sell,hypothetical_quote_sale,,,,12083.280000018452,20.0,562.0
2026-05-04,vol20,3049,sell,hypothetical_quote_sale,,,,91.93799999999999,20.0,562.0
2026-05-04,vol20,4960,buy,buy_limit_not_met,481.0,,,,,
2026-05-04,vol20,6830,buy,buy_limit_not_met,22.0,,,,,
2026-05-04,vol20,6451,buy,buy_limit_not_met,43.0,,,,,
2026-05-04,vol20,3054,buy,hypothetical_quote_buy,284.0,0.0,284.0,18894.803999999996,26.925095699999996,
2026-05-04,vol20,3714,buy,buy_limit_not_met,253.0,,,,,
2026-05-04,vol20,3437,buy,buy_limit_not_met,707.0,,,,,
2026-05-04,vol20,1721,buy,buy_limit_not_met,776.0,,,,,
2026-05-04,vol20,2426,buy,buy_limit_not_met,327.0,,,,,
2026-05-04,vol20,1711,buy,buy_limit_not_met,332.0,,,,,
2026-05-04,vol20,2489,buy,hypothetical_quote_buy,446.0,0.0,446.0,18870.483,26.890438275,
2026-05-04,vol20,3026,buy,buy_limit_not_met,88.0,,,,,
2026-05-04,vol20,6226,buy,buy_limit_not_met,1495.0,,,,,
2026-05-04,vol20,6715,buy,buy_limit_not_met,46.0,,,,,
2026-05-04,vol20,6426,buy,hypothetical_quote_buy,84.0,0.0,84.0,18952.289999999997,27.007013249999996,
2026-06-01,vol20,2337,sell,hypothetical_quote_sale,,,,34067.80499997548,48.546622125,582.0
2026-06-01,vol20,2489,sell,hypothetical_quote_sale,,,,22232.87700000538,31.681849725000003,582.0
2026-06-01,vol20,3054,sell,hypothetical_quote_sale,,,,18848.086,26.85852255,582.0
2026-06-01,vol20,6426,sell,hypothetical_quote_sale,,,,22566.59999997944,32.157405,582.0
2026-06-01,vol20,6141,buy,hypothetical_quote_buy,408.0,0.0,408.0,18882.341999999997,26.907337349999995,
2026-06-01,vol20,6451,buy,buy_limit_not_met,32.0,,,,,
2026-06-01,vol20,8021,buy,buy_limit_not_met,41.0,,,,,
2026-06-01,vol20,6658,buy,buy_limit_not_met,85.0,,,,,
2026-06-01,vol20,3229,buy,buy_limit_not_met,379.0,,,,,
2026-06-01,vol20,6405,buy,buy_limit_not_met,235.0,,,,,
2026-06-01,vol20,3532,buy,buy_limit_not_met,58.0,,,,,
2026-06-01,vol20,4919,buy,buy_limit_not_met,98.0,,,,,
2026-06-01,vol20,6861,buy,hypothetical_quote_buy,42.0,0.0,42.0,18361.35,26.16492375,
2026-06-01,vol20,3653,buy,hypothetical_quote_buy,5.0,0.0,5.0,17838.749999999996,25.420218749999997,
2026-06-01,vol20,1597,buy,hypothetical_quote_buy,104.0,0.0,104.0,18865.859999999997,26.883850499999998,
2026-06-01,vol20,6531,buy,buy_limit_not_met,15.0,,,,,
2026-06-01,vol20,6278,buy,hypothetical_quote_buy,85.0,0.0,85.0,18921.6375,26.9633334375,
2026-06-01,vol20,2344,buy,buy_limit_not_met,118.0,,,,,
2026-06-01,vol20,2313,buy,buy_limit_not_met,66.0,,,,,
2026-07-01,vol20,1597,sell,hypothetical_quote_sale,,,,14590.679999989057,20.791718999999997,603.0
2026-07-01,vol20,3653,sell,hypothetical_quote_sale,,,,17611.500000040494,25.096387500000002,603.0
2026-07-01,vol20,6141,sell,hypothetical_quote_sale,,,,16076.016000000001,22.9083228,603.0
2026-07-01,vol20,6278,sell,hypothetical_quote_sale,,,,18141.337500016256,25.851405937500004,603.0
2026-07-01,vol20,6861,sell,hypothetical_quote_sale,,,,14134.429668885321,20.009052,603.0
2026-07-01,vol20,2426,buy,buy_limit_not_met,246.0,,,,,
2026-07-01,vol20,8454,buy,buy_limit_not_met,63.0,,,,,
2026-07-01,vol20,6834,buy,buy_limit_not_met,157.0,,,,,
2026-07-01,vol20,2492,buy,buy_limit_not_met,33.0,,,,,
2026-07-01,vol20,6116,buy,buy_limit_not_met,958.0,,,,,
2026-07-01,vol20,3532,buy,buy_limit_not_met,51.0,,,,,
2026-07-01,vol20,2472,buy,buy_limit_not_met,41.0,,,,,
2026-07-01,vol20,6715,buy,buy_limit_not_met,43.0,,,,,
2026-07-01,vol20,4807,buy,buy_limit_not_met,517.0,,,,,
2026-07-01,vol20,6890,buy,hypothetical_quote_buy,95.0,0.0,95.0,18808.574999999997,26.802219374999996,
2026-07-01,vol20,8150,buy,buy_limit_not_met,188.0,,,,,
2026-07-01,vol20,4919,buy,buy_limit_not_met,108.0,,,,,
2026-07-01,vol20,3016,buy,buy_limit_not_met,140.0,,,,,
2026-07-01,vol20,2408,buy,buy_limit_not_met,41.0,,,,,
2026-07-01,vol20,2243,buy,buy_limit_not_met,329.0,,,,,
2026-08-03,vol20,6890,sell,hypothetical_quote_sale,,,,16504.334619075533,23.441727375,625.0
2026-08-03,vol20,3532,buy,hypothetical_quote_buy,69.0,0.0,69.0,17613.629999999997,25.09942275,
2026-08-03,vol20,3026,buy,hypothetical_quote_buy,41.0,0.0,41.0,17718.149999999998,25.24836375,
2026-08-03,vol20,8039,buy,hypothetical_quote_buy,108.0,0.0,108.0,18506.07,26.37114975,
2026-08-03,vol20,2434,buy,hypothetical_quote_buy,353.0,0.0,353.0,17489.9145,24.9231281625,
2026-08-03,vol20,4764,buy,buy_limit_not_met,72.0,,,,,
2026-08-03,vol20,8046,buy,buy_limit_not_met,20.0,,,,,
2026-08-03,vol20,1303,buy,buy_limit_not_met,117.0,,,,,
2026-08-03,vol20,3055,buy,hypothetical_quote_buy,207.0,0.0,207.0,18265.472999999998,26.028299025,
2026-08-03,vol20,8033,buy,buy_limit_not_met,113.0,,,,,
2026-08-03,vol20,3189,buy,buy_limit_not_met,29.0,,,,,
2026-08-03,vol20,8150,buy,buy_limit_not_met,258.0,,,,,
2026-08-03,vol20,6226,buy,hypothetical_quote_buy,958.0,0.0,958.0,18485.567999999996,26.341934399999996,
2026-08-03,vol20,2408,buy,buy_limit_not_met,52.0,,,,,
2026-08-03,vol20,6243,buy,hypothetical_quote_buy,370.0,0.0,370.0,18592.499999999996,26.494312499999996,
2026-08-03,vol20,6573,buy,buy_limit_not_met,1134.0,,,,,
2026-09-01,vol20,3532,sell,hypothetical_quote_sale,,,,25951.589999990243,36.981015750000005,646.0
2026-09-01,vol20,6243,sell,hypothetical_quote_sale,,,,14689.184999995641,20.932088625,646.0
2026-09-01,vol20,6715,buy,hypothetical_quote_buy,58.0,0.0,58.0,18215.624999999996,25.957265624999994,
2026-09-01,vol20,3167,buy,hypothetical_quote_buy,23.0,0.0,23.0,18353.309999999998,26.153466749999996,
2026-09-01,vol20,2491,buy,hypothetical_quote_buy,369.0,0.0,369.0,16966.15875,24.17677621875,
2026-09-01,vol20,8996,buy,hypothetical_quote_buy,15.0,0.0,15.0,17713.124999999996,25.241203124999995,
2026-09-01,vol20,2305,buy,hypothetical_quote_buy,625.0,0.0,625.0,18655.3125,26.583820312500002,
2026-09-01,vol20,1709,buy,buy_limit_not_met,561.0,,,,,
2026-09-01,vol20,2492,buy,hypothetical_quote_buy,63.0,0.0,63.0,18709.582499999997,26.661155062499997,
2026-09-01,vol20,3450,buy,hypothetical_quote_buy,29.0,0.0,29.0,18885.959999999995,26.912492999999994,
2026-09-01,vol20,2465,buy,hypothetical_quote_buy,139.0,0.0,139.0,13145.299499999997,20.0,
2026-09-01,vol20,3605,buy,cash_or_one_share_gate,0.0,,,,,
2026-10-01,vol20,2305,sell,hypothetical_quote_sale,,,,40608.4375,57.8670234375,666.0
2026-10-01,vol20,2434,sell,hypothetical_quote_sale,,,,23111.263,32.933549775,666.0
2026-10-01,vol20,2465,sell,hypothetical_quote_sale,,,,12654.907500001278,20.0,666.0
2026-10-01,vol20,2491,sell,hypothetical_quote_sale,,,,15071.712749999999,21.477190668749998,666.0
2026-10-01,vol20,2492,sell,hypothetical_quote_sale,,,,18962.212499983645,27.021152812500002,666.0
2026-10-01,vol20,3026,sell,hypothetical_quote_sale,,,,32472.820000015487,46.2737685,666.0
2026-10-01,vol20,3055,sell,hypothetical_quote_sale,,,,42840.71999996674,61.04802600000001,666.0
2026-10-01,vol20,3167,sell,hypothetical_quote_sale,,,,20779.57999999114,29.610901500000004,666.0
2026-10-01,vol20,3450,sell,hypothetical_quote_sale,,,,15148.875000013517,21.587146875000002,666.0
2026-10-01,vol20,8039,sell,hypothetical_quote_sale,,,,31915.62000008923,45.4797585,666.0
2026-10-01,vol20,7711,buy,hypothetical_quote_buy,33.0,0.0,33.0,18605.565,26.512930125,
2026-10-01,vol20,6933,buy,hypothetical_quote_buy,50.0,0.0,50.0,18592.5,26.4943125,
2026-10-01,vol20,1709,buy,buy_limit_not_met,67.0,,,,,
2026-10-01,vol20,4956,buy,hypothetical_quote_buy,70.0,0.0,70.0,3271.2749999999996,20.0,
2026-10-01,vol20,3229,buy,cash_or_one_share_gate,0.0,,,,,
2026-10-01,vol20,3605,buy,cash_or_one_share_gate,0.0,,,,,
2026-10-01,vol20,3021,buy,cash_or_one_share_gate,0.0,,,,,
2026-10-01,vol20,6426,buy,cash_or_one_share_gate,0.0,,,,,
2026-10-01,vol20,3094,buy,cash_or_one_share_gate,0.0,,,,,
2026-10-01,vol20,2033,buy,cash_or_one_share_gate,0.0,,,,,
2026-10-01,vol20,6861,buy,cash_or_one_share_gate,0.0,,,,,
2026-10-01,vol20,2426,buy,cash_or_one_share_gate,0.0,,,,,
2024-01-02,mom60,2516,buy,hypothetical_quote_buy,1331.0,1000.0,331.0,18794.05275,40.12135625,
2024-01-02,mom60,5521,buy,buy_limit_not_met,1276.0,,,,,
2024-01-02,mom60,6695,buy,hypothetical_quote_buy,258.0,0.0,258.0,18928.17,26.97264225,
2024-01-02,mom60,1325,buy,buy_limit_not_met,476.0,,,,,
2024-01-02,mom60,3041,buy,buy_limit_not_met,604.0,,,,,
2024-01-02,mom60,3437,buy,buy_limit_not_met,634.0,,,,,
2024-01-02,mom60,6415,buy,hypothetical_quote_buy,37.0,0.0,37.0,18592.499999999996,26.494312499999996,
2024-01-02,mom60,2739,buy,buy_limit_not_met,305.0,,,,,
2024-01-02,mom60,2543,buy,buy_limit_not_met,765.0,,,,,
2024-01-02,mom60,6243,buy,hypothetical_quote_buy,251.0,0.0,251.0,18792.997499999998,26.780021437499997,
2024-01-02,mom60,6117,buy,hypothetical_quote_buy,244.0,0.0,244.0,18759.329999999998,26.73204525,
2024-01-02,mom60,2465,buy,buy_limit_not_met,296.0,,,,,
2024-01-02,mom60,6139,buy,buy_limit_not_met,110.0,,,,,
2024-01-02,mom60,3376,buy,hypothetical_quote_buy,152.0,0.0,152.0,18865.86,26.8838505,
2024-01-02,mom60,1733,buy,hypothetical_quote_buy,466.0,0.0,466.0,18920.532,26.9617581,
2024-02-01,mom60,1733,sell,hypothetical_quote_sale,,,,15579.312000012673,22.200519600000003,24.0
2024-02-01,mom60,2516,sell,hypothetical_quote_sale,,,,15693.48825,40.0,24.0
2024-02-01,mom60,3376,sell,hypothetical_quote_sale,,,,22610.37999999257,32.2197915,24.0
2024-02-01,mom60,6117,sell,hypothetical_quote_sale,,,,17528.716,24.9784203,24.0
2024-02-01,mom60,6415,sell,hypothetical_quote_sale,,,,14173.774999982117,20.197629375,24.0
2024-02-01,mom60,1519,buy,hypothetical_quote_buy,42.0,0.0,42.0,18783.449999999997,26.766416249999995,
2024-02-01,mom60,2467,buy,hypothetical_quote_buy,223.0,0.0,223.0,18780.837,26.762692725,
2024-02-01,mom60,1325,buy,hypothetical_quote_buy,471.0,0.0,471.0,18839.529,26.846328825,
2024-02-01,mom60,3694,buy,hypothetical_quote_buy,323.0,0.0,323.0,18860.1315,26.8756873875,
2024-02-01,mom60,3437,buy,buy_limit_not_met,622.0,,,,,
2024-02-01,mom60,9958,buy,buy_limit_not_met,85.0,,,,,
2024-02-01,mom60,3055,buy,hypothetical_quote_buy,306.0,0.0,306.0,18574.811999999998,26.4691071,
2024-02-01,mom60,1514,buy,hypothetical_quote_buy,223.0,0.0,223.0,18892.8945,26.922374662499998,
2024-02-01,mom60,6451,buy,hypothetical_quote_buy,100.0,0.0,100.0,18843.749999999996,26.852343749999996,
2024-02-01,mom60,2211,buy,hypothetical_quote_buy,166.0,0.0,166.0,18851.789999999997,26.863800749999996,
2024-02-01,mom60,3622,buy,hypothetical_quote_buy,40.0,0.0,40.0,2428.0799999999995,20.0,
2024-02-01,mom60,2465,buy,cash_or_one_share_gate,0.0,,,,,
2024-02-01,mom60,4956,buy,hypothetical_quote_buy,1.0,0.0,1.0,21.607499999999998,20.0,
2024-03-01,mom60,1325,sell,hypothetical_quote_sale,,,,16097.95574997628,22.93958694375,37.0
2024-03-01,mom60,2211,sell,hypothetical_quote_sale,,,,17755.775000136095,25.301979375000002,37.0
2024-03-01,mom60,3622,sell,hypothetical_quote_sale,,,,2236.7600000015536,20.0,37.0
2024-03-01,mom60,3694,sell,hypothetical_quote_sale,,,,16615.6045,23.6772364125,37.0
2024-03-01,mom60,4956,sell,hypothetical_quote_sale,,,,20.298,20.0,37.0
2024-03-01,mom60,6243,sell,hypothetical_quote_sale,,,,19480.110000018838,27.759156750000002,37.0
2024-03-01,mom60,6451,sell,hypothetical_quote_sale,,,,22188.499999976637,31.6186125,37.0
2024-03-01,mom60,6695,sell,hypothetical_quote_sale,,,,21563.64,30.728187000000002,37.0
2024-03-01,mom60,2465,buy,hypothetical_quote_buy,130.0,0.0,130.0,18617.624999999996,26.530115624999997,
2024-03-01,mom60,6442,buy,hypothetical_quote_buy,128.0,0.0,128.0,18845.76,26.855207999999998,
2024-03-01,mom60,2365,buy,buy_limit_not_met,777.0,,,,,
2024-03-01,mom60,1809,buy,buy_limit_not_met,610.0,,,,,
2024-03-01,mom60,3312,buy,buy_limit_not_met,449.0,,,,,
2024-03-01,mom60,1316,buy,buy_limit_not_met,894.0,,,,,
2024-03-01,mom60,1503,buy,hypothetical_quote_buy,100.0,0.0,100.0,18692.999999999996,26.637524999999997,
2024-03-01,mom60,3017,buy,buy_limit_not_met,35.0,,,,,
2024-03-01,mom60,5269,buy,hypothetical_quote_buy,7.0,0.0,7.0,16637.774999999998,23.708829374999997,
2024-03-01,mom60,3563,buy,buy_limit_not_met,38.0,,,,,
2024-03-01,mom60,2460,buy,buy_limit_not_met,292.0,,,,,
2024-04-01,mom60,1514,sell,hypothetical_quote_sale,,,,24629.234999988716,35.096659875,58.0
2024-04-01,mom60,5269,sell,hypothetical_quote_sale,,,,16820.475000008653,23.969176875000002,58.0
2024-04-01,mom60,5225,buy,buy_limit_not_met,156.0,,,,,
2024-04-01,mom60,3312,buy,buy_limit_not_met,429.0,,,,,
2024-04-01,mom60,3563,buy,hypothetical_quote_buy,45.0,0.0,45.0,18248.2875,26.0038096875,
2024-04-01,mom60,2359,buy,buy_limit_not_met,259.0,,,,,
2024-04-01,mom60,5284,buy,hypothetical_quote_buy,88.0,0.0,88.0,18793.499999999996,26.780737499999997,
2024-04-01,mom60,3017,buy,buy_limit_not_met,34.0,,,,,
2024-04-01,mom60,1809,buy,hypothetical_quote_buy,698.0,0.0,698.0,18940.23,26.98982775,
2024-04-01,mom60,2543,buy,hypothetical_quote_buy,442.0,0.0,442.0,18878.925,26.902468125,
2024-04-01,mom60,6197,buy,buy_limit_not_met,135.0,,,,,
2024-05-02,mom60,1809,sell,hypothetical_quote_sale,,,,18057.259999987346,25.731595500000005,78.0
2024-05-02,mom60,2465,sell,hypothetical_quote_sale,,,,15910.05,22.67182125,78.0
2024-05-02,mom60,2467,sell,hypothetical_quote_sale,,,,29399.762500085468,41.894661562500005,78.0
2024-05-02,mom60,3055,sell,hypothetical_quote_sale,,,,23413.742999988706,33.36458377500001,78.0
2024-05-02,mom60,5284,sell,hypothetical_quote_sale,,,,13703.14000001594,20.0,78.0
2024-05-02,mom60,1587,buy,hypothetical_quote_buy,305.0,0.0,305.0,18759.329999999998,26.73204525,
2024-05-02,mom60,2359,buy,hypothetical_quote_buy,184.0,0.0,184.0,18584.459999999995,26.482855499999996,
2024-05-02,mom60,6230,buy,hypothetical_quote_buy,57.0,0.0,57.0,18216.629999999997,25.95869775,
2024-05-02,mom60,1725,buy,hypothetical_quote_buy,381.0,0.0,381.0,18704.909249999997,26.654495681249998,
2024-05-02,mom60,4994,buy,hypothetical_quote_buy,140.0,0.0,140.0,18572.399999999998,26.46567,
2024-05-02,mom60,2501,buy,buy_limit_not_met,26.0,,,,,
2024-05-02,mom60,2348,buy,hypothetical_quote_buy,5.0,0.0,5.0,977.3624999999998,20.0,
2024-05-02,mom60,3312,buy,cash_or_one_share_gate,0.0,,,,,
2024-05-02,mom60,2527,buy,cash_or_one_share_gate,0.0,,,,,
2024-05-02,mom60,1616,buy,cash_or_one_share_gate,0.0,,,,,
2024-06-03,mom60,1503,sell,hypothetical_quote_sale,,,,23233.250000055214,33.10738125,100.0
2024-06-03,mom60,1519,sell,hypothetical_quote_sale,,,,29838.059999981437,42.5192355,100.0
2024-06-03,mom60,1725,sell,hypothetical_quote_sale,,,,18746.24775000582,26.713403043750006,100.0
2024-06-03,mom60,2543,sell,hypothetical_quote_sale,,,,27075.42338911128,38.572296862500004,100.0
2024-06-03,mom60,3563,sell,hypothetical_quote_sale,,,,16768.23749998799,23.8947384375,100.0
2024-06-03,mom60,4994,sell,hypothetical_quote_sale,,,,18109.000000007534,25.805325,100.0
2024-06-03,mom60,6442,sell,hypothetical_quote_sale,,,,23243.200000029046,33.12156,100.0
2024-06-03,mom60,8374,buy,buy_limit_not_met,285.0,,,,,
2024-06-03,mom60,2374,buy,buy_limit_not_met,321.0,,,,,
2024-06-03,mom60,3030,buy,buy_limit_not_met,108.0,,,,,
2024-06-03,mom60,6215,buy,buy_limit_not_met,327.0,,,,,
2024-06-03,mom60,2486,buy,buy_limit_not_met,196.0,,,,,
2024-06-03,mom60,2501,buy,buy_limit_not_met,529.0,,,,,
2024-06-03,mom60,2540,buy,hypothetical_quote_buy,109.0,0.0,109.0,18622.649999999998,26.537276249999998,
2024-06-03,mom60,2537,buy,buy_limit_not_met,965.0,,,,,
2024-06-03,mom60,1453,buy,buy_limit_not_met,659.0,,,,,
2024-06-03,mom60,2613,buy,buy_limit_not_met,465.0,,,,,
2024-06-03,mom60,9946,buy,buy_limit_not_met,417.0,,,,,
2024-07-01,mom60,2348,sell,hypothetical_quote_sale,,,,1156.6875000013079,20.0,119.0
2024-07-01,mom60,2540,sell,hypothetical_quote_sale,,,,20497.995000066134,29.209642875,119.0
2024-07-01,mom60,6230,sell,hypothetical_quote_sale,,,,18715.95000001275,26.670228750000003,119.0
2024-07-01,mom60,4562,buy,buy_limit_not_met,371.0,,,,,
2024-07-01,mom60,8374,buy,buy_limit_not_met,228.0,,,,,
2024-07-01,mom60,2438,buy,buy_limit_not_met,329.0,,,,,
2024-07-01,mom60,6442,buy,buy_limit_not_met,55.0,,,,,
2024-07-01,mom60,2486,buy,hypothetical_quote_buy,139.0,0.0,139.0,18858.824999999997,26.873825625,
2024-07-01,mom60,2374,buy,hypothetical_quote_buy,346.0,0.0,346.0,18707.873999999996,26.658720449999997,
2024-07-01,mom60,6706,buy,hypothetical_quote_buy,172.0,0.0,172.0,18928.17,26.97264225,
2024-07-01,mom60,2615,buy,buy_limit_not_met,212.0,,,,,
2024-07-01,mom60,3312,buy,hypothetical_quote_buy,215.0,0.0,215.0,18884.955,26.911060875000004,
2024-07-01,mom60,3030,buy,buy_limit_not_met,109.0,,,,,
2024-07-01,mom60,6449,buy,hypothetical_quote_buy,115.0,0.0,115.0,18723.149999999998,26.68048875,
2024-07-01,mom60,3535,buy,buy_limit_not_met,429.0,,,,,
2024-07-01,mom60,6834,buy,buy_limit_not_met,396.0,,,,,
2024-08-01,mom60,1587,sell,hypothetical_quote_sale,,,,15898.725472952647,22.6349565,140.0
2024-08-01,mom60,2359,sell,hypothetical_quote_sale,,,,27843.93688780366,39.47718468750001,140.0
2024-08-01,mom60,2374,sell,hypothetical_quote_sale,,,,17784.787231812134,25.281845550000003,140.0
2024-08-01,mom60,2486,sell,hypothetical_quote_sale,,,,15559.31250004478,22.1720203125,140.0
2024-08-01,mom60,3312,sell,hypothetical_quote_sale,,,,18333.372499987214,26.1250558125,140.0
2024-08-01,mom60,6449,sell,hypothetical_quote_sale,,,,18136.362500057043,25.844316562500005,140.0
2024-08-01,mom60,3535,buy,buy_limit_not_met,230.0,,,,,
2024-08-01,mom60,8374,buy,buy_limit_not_met,185.0,,,,,
2024-08-01,mom60,2438,buy,hypothetical_quote_buy,286.0,0.0,286.0,18912.893999999997,26.950873949999995,
2024-08-01,mom60,4562,buy,buy_limit_not_met,341.0,,,,,
2024-08-01,mom60,2365,buy,buy_limit_not_met,333.0,,,,,
2024-08-01,mom60,3047,buy,buy_limit_not_met,453.0,,,,,
2024-08-01,mom60,6442,buy,buy_limit_not_met,41.0,,,,,
2024-08-01,mom60,2349,buy,buy_limit_not_met,1036.0,,,,,
2024-08-01,mom60,8028,buy,buy_limit_not_met,157.0,,,,,
2024-08-01,mom60,6446,buy,buy_limit_not_met,28.0,,,,,
2024-08-01,mom60,2243,buy,hypothetical_quote_buy,643.0,0.0,643.0,18320.19525,26.106278231250002,
2024-08-01,mom60,2348,buy,buy_limit_not_met,63.0,,,,,
2024-08-01,mom60,3450,buy,buy_limit_not_met,148.0,,,,,
2024-08-01,mom60,9906,buy,hypothetical_quote_buy,96.0,0.0,96.0,18717.119999999995,26.671895999999993,
2024-09-02,mom60,2243,sell,hypothetical_quote_sale,,,,15354.839999998356,21.880647,162.0
2024-09-02,mom60,5484,buy,hypothetical_quote_buy,235.0,0.0,235.0,18823.1475,26.8229851875,
2024-09-02,mom60,3535,buy,buy_limit_not_met,259.0,,,,,
2024-09-02,mom60,2524,buy,buy_limit_not_met,150.0,,,,,
2024-09-02,mom60,6442,buy,buy_limit_not_met,46.0,,,,,
2024-09-02,mom60,8374,buy,hypothetical_quote_buy,136.0,0.0,136.0,18725.159999999996,26.683352999999997,
2024-09-02,mom60,1540,buy,hypothetical_quote_buy,449.0,0.0,449.0,18884.60325,26.910559631250003,
2024-09-02,mom60,8028,buy,buy_limit_not_met,143.0,,,,,
2024-09-02,mom60,3450,buy,buy_limit_not_met,108.0,,,,,
2024-09-02,mom60,4583,buy,buy_limit_not_met,34.0,,,,,
2024-09-02,mom60,6869,buy,buy_limit_not_met,78.0,,,,,
2024-09-02,mom60,3019,buy,buy_limit_not_met,153.0,,,,,
2024-09-02,mom60,2467,buy,hypothetical_quote_buy,78.0,0.0,78.0,18891.989999999998,26.92108575,
2024-10-01,mom60,2438,sell,hypothetical_quote_sale,,,,13260.962,20.0,182.0
2024-10-01,mom60,2467,sell,hypothetical_quote_sale,,,,16530.930000013508,23.55657525,182.0
2024-10-01,mom60,5484,sell,hypothetical_quote_sale,,,,15759.805,22.457722125,182.0
2024-10-01,mom60,8374,sell,hypothetical_quote_sale,,,,18877.139999968982,26.8999245,182.0
2024-10-01,mom60,4583,buy,buy_limit_not_met,26.0,,,,,
2024-10-01,mom60,8249,buy,buy_limit_not_met,307.0,,,,,
2024-10-01,mom60,3167,buy,buy_limit_not_met,130.0,,,,,
2024-10-01,mom60,2524,buy,hypothetical_quote_buy,193.0,0.0,193.0,18892.191,26.921372175,
2024-10-01,mom60,1736,buy,buy_limit_not_met,119.0,,,,,
2024-10-01,mom60,1721,buy,buy_limit_not_met,742.0,,,,,
2024-10-01,mom60,5234,buy,buy_limit_not_met,78.0,,,,,
2024-10-01,mom60,3550,buy,hypothetical_quote_buy,719.0,0.0,719.0,18859.7295,26.875114537500004,
2024-10-01,mom60,3019,buy,hypothetical_quote_buy,164.0,0.0,164.0,18871.89,26.89244325,
2024-10-01,mom60,2543,buy,buy_limit_not_met,227.0,,,,,
2024-10-01,mom60,2243,buy,buy_limit_not_met,660.0,,,,,
2024-10-01,mom60,8467,buy,buy_limit_not_met,68.0,,,,,
2024-11-01,mom60,1540,sell,hypothetical_quote_sale,,,,18473.319249985525,26.32447993125,201.0
2024-11-01,mom60,2524,sell,hypothetical_quote_sale,,,,14133.776,20.1406308,201.0
2024-11-01,mom60,3019,sell,hypothetical_quote_sale,,,,16171.137999960069,23.043871649999996,201.0
2024-11-01,mom60,6706,sell,hypothetical_quote_sale,,,,27533.8960164948,39.10357462500001,201.0
2024-11-01,mom60,9906,sell,hypothetical_quote_sale,,,,12270.146563130289,20.0,201.0
2024-11-01,mom60,4583,buy,hypothetical_quote_buy,24.0,0.0,24.0,18524.159999999996,26.396927999999996,
2024-11-01,mom60,3447,buy,hypothetical_quote_buy,237.0,0.0,237.0,18578.429999999997,26.474262749999998,
2024-11-01,mom60,6854,buy,hypothetical_quote_buy,123.0,0.0,123.0,18480.442499999997,26.334630562499996,
2024-11-01,mom60,3167,buy,hypothetical_quote_buy,125.0,0.0,125.0,18529.687499999996,26.404804687499997,
2024-11-01,mom60,2543,buy,hypothetical_quote_buy,194.0,0.0,194.0,18600.138,26.50519665,
2024-11-01,mom60,4576,buy,hypothetical_quote_buy,134.0,0.0,134.0,18315.119999999995,26.099045999999994,
2024-11-01,mom60,6405,buy,hypothetical_quote_buy,430.0,0.0,430.0,18582.449999999997,26.479991249999998,
2024-11-01,mom60,6438,buy,hypothetical_quote_buy,93.0,0.0,93.0,18412.605,26.237962125,
2024-11-01,mom60,3450,buy,hypothetical_quote_buy,87.0,0.0,87.0,18142.762499999997,25.853436562499997,
2024-11-01,mom60,5234,buy,hypothetical_quote_buy,83.0,0.0,83.0,18601.545,26.507201624999997,
2024-11-01,mom60,2033,buy,hypothetical_quote_buy,118.0,0.0,118.0,2893.5959999999995,20.0,
2024-11-01,mom60,8404,buy,hypothetical_quote_buy,1.0,0.0,1.0,30.300749999999994,20.0,
2024-11-01,mom60,3149,buy,cash_or_one_share_gate,0.0,,,,,
2024-11-01,mom60,3013,buy,cash_or_one_share_gate,0.0,,,,,
2024-12-02,mom60,2543,sell,hypothetical_quote_sale,,,,14554.46200003041,20.740108350000003,222.0
2024-12-02,mom60,3167,sell,hypothetical_quote_sale,,,,14800.624999916268,21.090890625,222.0
2024-12-02,mom60,3550,sell,hypothetical_quote_sale,,,,14057.70824999124,20.03223425625,222.0
2024-12-02,mom60,4576,sell,hypothetical_quote_sale,,,,15466.280000077224,22.039449,222.0
2024-12-02,mom60,4583,sell,hypothetical_quote_sale,,,,16357.800000003283,23.309865000000002,222.0
2024-12-02,mom60,5234,sell,hypothetical_quote_sale,,,,17095.094999966048,24.360510375000004,222.0
2024-12-02,mom60,6405,sell,hypothetical_quote_sale,,,,16985.644999998123,24.204544125,222.0
2024-12-02,mom60,3706,buy,hypothetical_quote_buy,223.0,0.0,223.0,18825.659999999996,26.826565499999994,
2024-12-02,mom60,6781,buy,buy_limit_not_met,21.0,,,,,
2024-12-02,mom60,2929,buy,buy_limit_not_met,1247.0,,,,,
2024-12-02,mom60,8114,buy,hypothetical_quote_buy,60.0,0.0,60.0,18632.699999999997,26.551597499999996,
2024-12-02,mom60,6558,buy,buy_limit_not_met,490.0,,,,,
2024-12-02,mom60,6768,buy,hypothetical_quote_buy,135.0,0.0,135.0,18790.9875,26.7771571875,
2024-12-02,mom60,4977,buy,buy_limit_not_met,159.0,,,,,
2024-12-02,mom60,3665,buy,hypothetical_quote_buy,29.0,0.0,29.0,18944.249999999996,26.995556249999996,
2024-12-02,mom60,6757,buy,buy_limit_not_met,164.0,,,,,
2025-01-02,mom60,2033,sell,hypothetical_quote_sale,,,,2671.0775,20.0,244.0
2025-01-02,mom60,3450,sell,hypothetical_quote_sale,,,,24627.742500040953,35.0945330625,244.0
2025-01-02,mom60,3665,sell,hypothetical_quote_sale,,,,17601.549999997515,25.082208750000007,244.0
2025-01-02,mom60,3706,sell,hypothetical_quote_sale,,,,15753.834999989404,22.449214875,244.0
2025-01-02,mom60,6438,sell,hypothetical_quote_sale,,,,19615.364163307524,27.69109875,244.0
2025-01-02,mom60,6768,sell,hypothetical_quote_sale,,,,15984.674999952738,22.778161875,244.0
2025-01-02,mom60,8404,sell,hypothetical_quote_sale,,,,28.85500000002437,20.0,244.0
2025-01-02,mom60,6781,buy,hypothetical_quote_buy,16.0,0.0,16.0,18250.8,26.00739,
2025-01-02,mom60,2466,buy,buy_limit_not_met,268.0,,,,,
2025-01-02,mom60,6442,buy,buy_limit_not_met,28.0,,,,,
2025-01-02,mom60,2233,buy,hypothetical_quote_buy,66.0,0.0,66.0,18771.39,26.74923075,
2025-01-02,mom60,3661,buy,hypothetical_quote_buy,5.0,0.0,5.0,16356.374999999998,23.307834375,
2025-01-02,mom60,3019,buy,hypothetical_quote_buy,99.0,0.0,99.0,18605.565,26.512930125,
2025-01-02,mom60,6558,buy,hypothetical_quote_buy,478.0,0.0,478.0,18879.326999999994,26.903040974999993,
2025-01-02,mom60,4912,buy,hypothetical_quote_buy,117.0,0.0,117.0,18813.6,26.809379999999997,
2025-01-02,mom60,4571,buy,hypothetical_quote_buy,42.0,0.0,42.0,11586.644999999997,20.0,
2025-01-02,mom60,4576,buy,hypothetical_quote_buy,1.0,0.0,1.0,154.26749999999998,20.0,
2025-01-02,mom60,3029,buy,cash_or_one_share_gate,0.0,,,,,
2025-01-02,mom60,2345,buy,cash_or_one_share_gate,0.0,,,,,
2025-02-03,mom60,2233,sell,hypothetical_quote_sale,,,,13725.030000028019,20.0,259.0
2025-02-03,mom60,3447,sell,hypothetical_quote_sale,,,,11837.912999995844,20.0,259.0
2025-02-03,mom60,4571,sell,hypothetical_quote_sale,,,,8316.21000000284,20.0,259.0
2025-02-03,mom60,4576,sell,hypothetical_quote_sale,,,,138.3049999997511,20.0,259.0
2025-02-03,mom60,4912,sell,hypothetical_quote_sale,,,,15250.36499996224,21.731770125,259.0
2025-02-03,mom60,6854,sell,hypothetical_quote_sale,,,,24660.5775,35.1413229375,259.0
2025-02-03,mom60,2466,buy,hypothetical_quote_buy,234.0,0.0,234.0,18460.845,26.306704125000003,
2025-02-03,mom60,6215,buy,hypothetical_quote_buy,164.0,0.0,164.0,17882.969999999998,25.483232249999997,
2025-02-03,mom60,3706,buy,hypothetical_quote_buy,257.0,0.0,257.0,17899.150499999996,25.506289462499996,
2025-02-03,mom60,3450,buy,hypothetical_quote_buy,56.0,0.0,56.0,16968.42,24.1799985,
2025-02-03,mom60,6691,buy,hypothetical_quote_buy,39.0,0.0,39.0,18304.065,26.083292625,
2025-02-03,mom60,2404,buy,hypothetical_quote_buy,12.0,0.0,12.0,5909.4,20.0,
2025-02-03,mom60,6757,buy,hypothetical_quote_buy,3.0,0.0,3.0,267.73199999999997,20.0,
2025-02-03,mom60,3645,buy,cash_or_one_share_gate,0.0,,,,,
2025-02-03,mom60,2383,buy,cash_or_one_share_gate,0.0,,,,,
2025-02-03,mom60,4977,buy,cash_or_one_share_gate,0.0,,,,,
2025-03-03,mom60,2404,sell,hypothetical_quote_sale,,,,5128.229999992652,20.0,278.0
2025-03-03,mom60,3450,sell,hypothetical_quote_sale,,,,14821.520000038021,21.120666,278.0
2025-03-03,mom60,3661,sell,hypothetical_quote_sale,,,,15696.125000024693,22.366978125,278.0
2025-03-03,mom60,3706,sell,hypothetical_quote_sale,,,,17746.62100001827,25.288934925000007,278.0
2025-03-03,mom60,6691,sell,hypothetical_quote_sale,,,,17035.394999986493,24.275437875,278.0
2025-03-03,mom60,6757,sell,hypothetical_quote_sale,,,,250.74,20.0,278.0
2025-03-03,mom60,6781,sell,hypothetical_quote_sale,,,,14725.999999973134,20.984550000000002,278.0
2025-03-03,mom60,8114,sell,hypothetical_quote_sale,,,,17551.799999955772,25.011315,278.0
2025-03-03,mom60,6206,buy,hypothetical_quote_buy,123.0,0.0,123.0,18480.442499999997,26.334630562499996,
2025-03-03,mom60,3645,buy,hypothetical_quote_buy,246.0,0.0,246.0,18542.249999999996,26.422706249999997,
2025-03-03,mom60,4916,buy,hypothetical_quote_buy,357.0,0.0,357.0,18585.063,26.483714775,
2025-03-03,mom60,2516,buy,buy_limit_not_met,777.0,,,,,
2025-03-03,mom60,6854,buy,hypothetical_quote_buy,75.0,0.0,75.0,16092.562499999998,22.9319015625,
2025-03-03,mom60,2468,buy,hypothetical_quote_buy,49.0,0.0,49.0,1652.1697499999998,20.0,
2025-03-03,mom60,3694,buy,hypothetical_quote_buy,2.0,0.0,2.0,139.29299999999998,20.0,
2025-03-03,mom60,5203,buy,cash_or_one_share_gate,0.0,,,,,
2025-03-03,mom60,3059,buy,cash_or_one_share_gate,0.0,,,,,
2025-03-03,mom60,2250,buy,cash_or_one_share_gate,0.0,,,,,
2025-03-03,mom60,3376,buy,cash_or_one_share_gate,0.0,,,,,
2025-04-01,mom60,2466,sell,hypothetical_quote_sale,,,,17997.759000006306,25.646806575,299.0
2025-04-01,mom60,3019,sell,hypothetical_quote_sale,,,,13987.709999967088,20.0,299.0
2025-04-01,mom60,3694,sell,hypothetical_quote_sale,,,,101.09200000007064,20.0,299.0
2025-04-01,mom60,6215,sell,hypothetical_quote_sale,,,,13527.622000056093,20.0,299.0
2025-04-01,mom60,6854,sell,hypothetical_quote_sale,,,,10559.437499969452,20.0,299.0
2025-04-01,mom60,2429,buy,buy_limit_not_met,313.0,,,,,
2025-04-01,mom60,2516,buy,buy_limit_not_met,879.0,,,,,
2025-04-01,mom60,2027,buy,buy_limit_not_met,381.0,,,,,
2025-04-01,mom60,4949,buy,buy_limit_not_met,529.0,,,,,
2025-04-01,mom60,1466,buy,hypothetical_quote_buy,1120.0,1000.0,120.0,18853.8,43.988093750000004,
2025-04-01,mom60,2032,buy,hypothetical_quote_buy,1014.0,1000.0,14.0,18903.748499999998,46.56591875,
2025-04-01,mom60,3528,buy,hypothetical_quote_buy,278.0,0.0,278.0,18830.886,26.83401255,
2025-04-01,mom60,4722,buy,buy_limit_not_met,316.0,,,,,
2025-04-01,mom60,8499,buy,buy_limit_not_met,122.0,,,,,
2025-04-01,mom60,3596,buy,hypothetical_quote_buy,83.0,0.0,83.0,18851.789999999997,26.863800749999996,
2025-05-02,mom60,2032,sell,hypothetical_quote_sale,,,,15436.629000033334,41.6934875,319.0
2025-05-02,mom60,3645,sell,hypothetical_quote_sale,,,,12728.04000000192,20.0,319.0
2025-05-02,mom60,6206,sell,hypothetical_quote_sale,,,,13951.889999999275,20.0,319.0
2025-05-02,mom60,6558,sell,hypothetical_quote_sale,,,,24351.232,34.7005056,319.0
2025-05-02,mom60,4949,buy,buy_limit_not_met,322.0,,,,,
2025-05-02,mom60,8072,buy,buy_limit_not_met,386.0,,,,,
2025-05-02,mom60,8222,buy,buy_limit_not_met,318.0,,,,,
2025-05-02,mom60,1616,buy,buy_limit_not_met,774.0,,,,,
2025-05-02,mom60,2471,buy,buy_limit_not_met,290.0,,,,,
2025-05-02,mom60,4771,buy,buy_limit_not_met,93.0,,,,,
2025-05-02,mom60,6165,buy,buy_limit_not_met,333.0,,,,,
2025-05-02,mom60,3705,buy,buy_limit_not_met,286.0,,,,,
2025-05-02,mom60,2027,buy,buy_limit_not_met,448.0,,,,,
2025-05-02,mom60,2753,buy,hypothetical_quote_buy,102.0,0.0,102.0,18708.075,26.659006875000003,
2025-06-02,mom60,2753,sell,hypothetical_quote_sale,,,,19942.78500000512,28.418468625,339.0
2025-06-02,mom60,3596,sell,hypothetical_quote_sale,,,,17544.81331717308,24.99713625,339.0
2025-06-02,mom60,4916,sell,hypothetical_quote_sale,,,,15256.484249997953,21.74049005625,339.0
2025-06-02,mom60,4949,buy,hypothetical_quote_buy,327.0,0.0,327.0,18633.6045,26.5528864125,
2025-06-02,mom60,8072,buy,buy_limit_not_met,411.0,,,,,
2025-06-02,mom60,1419,buy,hypothetical_quote_buy,262.0,0.0,262.0,18852.995999999996,26.865519299999995,
2025-06-02,mom60,3004,buy,hypothetical_quote_buy,130.0,0.0,130.0,18748.274999999998,26.716291875,
2025-06-02,mom60,2429,buy,hypothetical_quote_buy,342.0,0.0,342.0,18732.194999999996,26.693377874999996,
2025-06-02,mom60,6165,buy,hypothetical_quote_buy,317.0,0.0,317.0,18732.798,26.69423715,
2025-06-02,mom60,9902,buy,hypothetical_quote_buy,871.0,0.0,871.0,18382.454999999998,26.194998374999997,
2025-06-02,mom60,1616,buy,hypothetical_quote_buy,668.0,0.0,668.0,17924.778,25.542808649999998,
2025-06-02,mom60,2404,buy,cash_or_one_share_gate,0.0,,,,,
2025-06-02,mom60,6591,buy,cash_or_one_share_gate,0.0,,,,,
2025-06-02,mom60,3027,buy,cash_or_one_share_gate,0.0,,,,,
2025-06-02,mom60,8222,buy,cash_or_one_share_gate,0.0,,,,,
2025-07-01,mom60,1466,sell,hypothetical_quote_sale,,,,16938.88,41.5517,360.0
2025-07-01,mom60,2429,sell,hypothetical_quote_sale,,,,24228.64800000037,34.5258234,360.0
2025-07-01,mom60,2468,sell,hypothetical_quote_sale,,,,3081.316000002783,20.0,360.0
2025-07-01,mom60,3004,sell,hypothetical_quote_sale,,,,17656.274999976442,25.160191875,360.0
2025-07-01,mom60,3528,sell,hypothetical_quote_sale,,,,20801.072000001706,29.6415276,360.0
2025-07-01,mom60,4949,sell,hypothetical_quote_sale,,,,17407.027500016866,24.8050141875,360.0
2025-07-01,mom60,6165,sell,hypothetical_quote_sale,,,,17694.781500010835,25.215063637500002,360.0
2025-07-01,mom60,9902,sell,hypothetical_quote_sale,,,,15946.267999957052,22.697343,360.0
2025-07-01,mom60,8210,buy,hypothetical_quote_buy,38.0,0.0,38.0,18636.719999999998,26.557325999999996,
2025-07-01,mom60,8072,buy,buy_limit_not_met,376.0,,,,,
2025-07-01,mom60,3167,buy,buy_limit_not_met,145.0,,,,,
2025-07-01,mom60,3017,buy,buy_limit_not_met,25.0,,,,,
2025-07-01,mom60,2383,buy,buy_limit_not_met,21.0,,,,,
2025-07-01,mom60,3665,buy,hypothetical_quote_buy,22.0,0.0,22.0,18660.839999999997,26.591696999999996,
2025-07-01,mom60,5234,buy,hypothetical_quote_buy,56.0,0.0,56.0,15111.179999999998,21.5334315,
2025-07-01,mom60,8021,buy,cash_or_one_share_gate,0.0,,,,,
2025-07-01,mom60,2360,buy,cash_or_one_share_gate,0.0,,,,,
2025-07-01,mom60,2368,buy,cash_or_one_share_gate,0.0,,,,,
2025-07-01,mom60,6669,buy,cash_or_one_share_gate,0.0,,,,,
2025-07-01,mom60,3515,buy,cash_or_one_share_gate,0.0,,,,,
2025-07-01,mom60,3653,buy,cash_or_one_share_gate,0.0,,,,,
2025-08-01,mom60,1419,sell,hypothetical_quote_sale,,,,13838.038588238687,20.0,383.0
2025-08-01,mom60,1616,sell,hypothetical_quote_sale,,,,23144.51930465984,32.940072,383.0
2025-08-01,mom60,3665,sell,hypothetical_quote_sale,,,,20046.182998051063,27.949151999999998,383.0
2025-08-01,mom60,5234,sell,hypothetical_quote_sale,,,,14013.579999998085,20.0,383.0
2025-08-01,mom60,3167,buy,hypothetical_quote_buy,110.0,0.0,110.0,18406.574999999997,26.229369374999997,
2025-08-01,mom60,8021,buy,hypothetical_quote_buy,297.0,0.0,297.0,18476.221499999996,26.328615637499997,
2025-08-01,mom60,3543,buy,hypothetical_quote_buy,471.0,0.0,471.0,18082.161,25.767079425000002,
2025-08-01,mom60,2316,buy,hypothetical_quote_buy,229.0,0.0,229.0,18066.3825,25.7445950625,
2025-08-01,mom60,3535,buy,hypothetical_quote_buy,272.0,0.0,272.0,18369.792,26.176953600000004,
2025-08-01,mom60,6805,buy,hypothetical_quote_buy,20.0,0.0,20.0,18170.399999999998,25.892819999999997,
2025-08-01,mom60,8499,buy,hypothetical_quote_buy,67.0,0.0,67.0,18315.119999999995,26.099045999999994,
2025-08-01,mom60,3715,buy,hypothetical_quote_buy,63.0,0.0,63.0,4894.2495,20.0,
2025-08-01,mom60,2404,buy,cash_or_one_share_gate,0.0,,,,,
2025-08-01,mom60,6191,buy,hypothetical_quote_buy,1.0,0.0,1.0,113.56499999999998,20.0,
2025-08-01,mom60,8046,buy,cash_or_one_share_gate,0.0,,,,,
2025-08-01,mom60,2383,buy,cash_or_one_share_gate,0.0,,,,,
2025-08-01,mom60,2368,buy,cash_or_one_share_gate,0.0,,,,,
2025-08-01,mom60,3017,buy,cash_or_one_share_gate,0.0,,,,,
2025-09-01,mom60,3535,sell,hypothetical_quote_sale,,,,19118.287179489587,27.194842500000004,404.0
2025-09-01,mom60,3543,sell,hypothetical_quote_sale,,,,14457.698249989608,20.60222000625,404.0
2025-09-01,mom60,6191,sell,hypothetical_quote_sale,,,,143.2800000003364,20.0,404.0
2025-09-01,mom60,6805,sell,hypothetical_quote_sale,,,,22659.644913598873,32.043975,404.0
2025-09-01,mom60,8210,sell,hypothetical_quote_sale,,,,23101.910000004747,32.92022175,404.0
2025-09-01,mom60,6949,buy,hypothetical_quote_buy,46.0,0.0,46.0,18723.149999999998,26.68048875,
2025-09-01,mom60,8033,buy,buy_limit_not_met,110.0,,,,,
2025-09-01,mom60,2404,buy,hypothetical_quote_buy,15.0,0.0,15.0,18466.874999999996,26.315296874999994,
2025-09-01,mom60,1802,buy,hypothetical_quote_buy,532.0,0.0,532.0,18472.502999999993,26.32331677499999,
2025-09-01,mom60,4722,buy,hypothetical_quote_buy,104.0,0.0,104.0,14946.359999999997,21.298562999999998,
2025-09-01,mom60,3305,buy,cash_or_one_share_gate,0.0,,,,,
2025-09-01,mom60,8046,buy,cash_or_one_share_gate,0.0,,,,,
2025-09-01,mom60,4989,buy,hypothetical_quote_buy,1.0,0.0,1.0,32.96399999999999,20.0,
2025-09-01,mom60,6442,buy,cash_or_one_share_gate,0.0,,,,,
2025-09-01,mom60,4958,buy,cash_or_one_share_gate,0.0,,,,,
2025-10-01,mom60,1802,sell,hypothetical_quote_sale,,,,14636.250999999998,20.856657675,425.0
2025-10-01,mom60,2404,sell,hypothetical_quote_sale,,,,13536.9749999828,20.0,425.0
2025-10-01,mom60,3167,sell,hypothetical_quote_sale,,,,19630.0795345496,27.839975624999997,425.0
2025-10-01,mom60,4989,sell,hypothetical_quote_sale,,,,25.67100000000657,20.0,425.0
2025-10-01,mom60,8499,sell,hypothetical_quote_sale,,,,16799.57999995271,23.939401500000002,425.0
2025-10-01,mom60,8033,buy,hypothetical_quote_buy,126.0,0.0,126.0,18804.554999999997,26.796490874999996,
2025-10-01,mom60,2429,buy,buy_limit_not_met,156.0,,,,,
2025-10-01,mom60,3305,buy,buy_limit_not_met,175.0,,,,,
2025-10-01,mom60,2308,buy,buy_limit_not_met,21.0,,,,,
2025-10-01,mom60,3708,buy,hypothetical_quote_buy,141.0,0.0,141.0,18634.2075,26.5537456875,
2025-10-01,mom60,2374,buy,buy_limit_not_met,217.0,,,,,
2025-10-01,mom60,3016,buy,hypothetical_quote_buy,325.0,0.0,325.0,18715.6125,26.6697478125,
2025-10-01,mom60,6449,buy,hypothetical_quote_buy,96.0,0.0,96.0,18765.359999999997,26.740637999999997,
2025-10-01,mom60,6515,buy,buy_limit_not_met,1.0,,,,,
2025-10-01,mom60,6442,buy,buy_limit_not_met,5.0,,,,,
2025-11-03,mom60,2316,sell,hypothetical_quote_sale,,,,23241.21000007753,33.11872425,445.0
2025-11-03,mom60,3016,sell,hypothetical_quote_sale,,,,18206.012500002675,25.943567812499996,445.0
2025-11-03,mom60,3708,sell,hypothetical_quote_sale,,,,17326.432499966708,24.6901663125,445.0
2025-11-03,mom60,3715,sell,hypothetical_quote_sale,,,,5679.261000003465,20.0,445.0
2025-11-03,mom60,6449,sell,hypothetical_quote_sale,,,,17766.719999999772,25.317576000000003,445.0
2025-11-03,mom60,6949,sell,hypothetical_quote_sale,,,,16614.51,23.675676749999997,445.0
2025-11-03,mom60,8033,sell,hypothetical_quote_sale,,,,14668.290000025476,20.902313250000002,445.0
2025-11-03,mom60,2344,buy,buy_limit_not_met,346.0,,,,,
2025-11-03,mom60,2408,buy,buy_limit_not_met,141.0,,,,,
2025-11-03,mom60,6515,buy,hypothetical_quote_buy,7.0,0.0,7.0,18537.225,26.415545625,
2025-11-03,mom60,6770,buy,buy_limit_not_met,596.0,,,,,
2025-11-03,mom60,8996,buy,buy_limit_not_met,30.0,,,,,
2025-11-03,mom60,8210,buy,buy_limit_not_met,20.0,,,,,
2025-11-03,mom60,4967,buy,buy_limit_not_met,139.0,,,,,
2025-11-03,mom60,8271,buy,buy_limit_not_met,181.0,,,,,
2025-11-03,mom60,2449,buy,buy_limit_not_met,86.0,,,,,
2025-11-03,mom60,8110,buy,hypothetical_quote_buy,779.0,0.0,779.0,18554.6115,26.4403213875,
2025-11-03,mom60,8103,buy,buy_limit_not_met,229.0,,,,,
2025-11-03,mom60,3006,buy,buy_limit_not_met,208.0,,,,,
2025-11-03,mom60,2481,buy,hypothetical_quote_buy,222.0,0.0,222.0,17737.245,25.275574125,
2025-12-01,mom60,2481,sell,hypothetical_quote_sale,,,,18996.53999999074,27.070069499999995,465.0
2025-12-01,mom60,4722,sell,hypothetical_quote_sale,,,,18522.91999999212,26.395160999999998,465.0
2025-12-01,mom60,2408,buy,buy_limit_not_met,128.0,,,,,
2025-12-01,mom60,2344,buy,hypothetical_quote_buy,323.0,0.0,323.0,18795.208499999997,26.783172112499997,
2025-12-01,mom60,6770,buy,buy_limit_not_met,550.0,,,,,
2025-12-01,mom60,2451,buy,hypothetical_quote_buy,102.0,0.0,102.0,18759.329999999998,26.73204525,
2025-12-01,mom60,2485,buy,buy_limit_not_met,794.0,,,,,
2025-12-01,mom60,4967,buy,buy_limit_not_met,142.0,,,,,
2025-12-01,mom60,8150,buy,hypothetical_quote_buy,439.0,0.0,439.0,18883.145999999997,26.908483049999997,
2025-12-01,mom60,6573,buy,hypothetical_quote_buy,1063.0,1000.0,63.0,18855.759749999997,45.27700625,
2025-12-01,mom60,2337,buy,hypothetical_quote_buy,550.0,0.0,550.0,18848.774999999998,26.859504374999997,
2025-12-01,mom60,3443,buy,hypothetical_quote_buy,8.0,0.0,8.0,18089.999999999996,25.778249999999996,
2025-12-01,mom60,8210,buy,hypothetical_quote_buy,14.0,0.0,14.0,13549.41,20.0,
2025-12-01,mom60,1795,buy,buy_limit_not_met,1.0,,,,,
2026-01-02,mom60,2337,sell,hypothetical_quote_sale,,,,22190.987500011055,31.6221571875,487.0
2026-01-02,mom60,2451,sell,hypothetical_quote_sale,,,,20095.019999987402,28.635403500000002,487.0
2026-01-02,mom60,3443,sell,hypothetical_quote_sale,,,,17352.800000026,24.72774,487.0
2026-01-02,mom60,6515,sell,hypothetical_quote_sale,,,,20059.200000011107,28.584360000000004,487.0
2026-01-02,mom60,6573,sell,hypothetical_quote_sale,,,,16076.811999999998,41.5517,487.0
2026-01-02,mom60,8021,sell,hypothetical_quote_sale,,,,57182.152500059245,81.4845673125,487.0
2026-01-02,mom60,8150,sell,hypothetical_quote_sale,,,,20901.119250027183,29.78409493125,487.0
2026-01-02,mom60,8210,sell,hypothetical_quote_sale,,,,13930.000000014454,20.0,487.0
2026-01-02,mom60,2408,buy,hypothetical_quote_buy,97.0,0.0,97.0,18765.8625,26.7413540625,
2026-01-02,mom60,4967,buy,buy_limit_not_met,99.0,,,,,
2026-01-02,mom60,2413,buy,hypothetical_quote_buy,411.0,0.0,411.0,18504.863999999998,26.369431199999998,
2026-01-02,mom60,2485,buy,hypothetical_quote_buy,20.0,0.0,20.0,532.65,20.0,
2026-01-02,mom60,8131,buy,cash_or_one_share_gate,0.0,,,,,
2026-01-02,mom60,5521,buy,cash_or_one_share_gate,0.0,,,,,
2026-01-02,mom60,4989,buy,cash_or_one_share_gate,0.0,,,,,
2026-01-02,mom60,6443,buy,cash_or_one_share_gate,0.0,,,,,
2026-01-02,mom60,6155,buy,cash_or_one_share_gate,0.0,,,,,
2026-01-02,mom60,3229,buy,cash_or_one_share_gate,0.0,,,,,
2026-01-02,mom60,6706,buy,cash_or_one_share_gate,0.0,,,,,
2026-01-02,mom60,6209,buy,cash_or_one_share_gate,0.0,,,,,
2026-01-02,mom60,6442,buy,cash_or_one_share_gate,0.0,,,,,
2026-02-02,mom60,2337,buy,hypothetical_quote_buy,202.0,0.0,202.0,17661.87,25.16816475,
2026-02-02,mom60,6443,buy,buy_limit_not_met,481.0,,,,,
2026-02-02,mom60,3037,buy,hypothetical_quote_buy,49.0,0.0,49.0,18466.874999999996,26.315296874999994,
2026-02-02,mom60,6770,buy,hypothetical_quote_buy,270.0,0.0,270.0,17990.504999999997,25.636469624999997,
2026-02-02,mom60,3006,buy,hypothetical_quote_buy,96.0,0.0,96.0,18813.6,26.809379999999997,
2026-02-02,mom60,6155,buy,hypothetical_quote_buy,339.0,0.0,339.0,18465.668999999998,26.313578324999998,
2026-02-02,mom60,8131,buy,hypothetical_quote_buy,237.0,0.0,237.0,18149.696999999996,25.863318224999997,
2026-02-02,mom60,2451,buy,hypothetical_quote_buy,70.0,0.0,70.0,17728.199999999997,25.262684999999998,
2026-02-02,mom60,2367,buy,buy_limit_not_met,362.0,,,,,
2026-02-02,mom60,6442,buy,hypothetical_quote_buy,10.0,0.0,10.0,17537.25,24.99058125,
2026-03-02,mom60,2408,sell,hypothetical_quote_sale,,,,25866.019999986627,36.85907850000001,520.0
2026-03-02,mom60,2451,sell,hypothetical_quote_sale,,,,14069.299999986517,20.048752500000003,520.0
2026-03-02,mom60,3006,sell,hypothetical_quote_sale,,,,14232.480000004665,20.281284,520.0
2026-03-02,mom60,6155,sell,hypothetical_quote_sale,,,,16966.4414999959,24.1771791375,520.0
2026-03-02,mom60,6442,sell,hypothetical_quote_sale,,,,20198.50000002976,28.7828625,520.0
2026-03-02,mom60,8110,sell,hypothetical_quote_sale,,,,48056.50999998708,68.48052675,520.0
2026-03-02,mom60,8131,sell,hypothetical_quote_sale,,,,15563.7899999965,22.17840075,520.0
2026-03-02,mom60,6443,buy,hypothetical_quote_buy,416.0,0.0,416.0,18729.983999999997,26.690227199999995,
2026-03-02,mom60,3576,buy,hypothetical_quote_buy,850.0,0.0,850.0,18366.375,26.172084375,
2026-03-02,mom60,6426,buy,hypothetical_quote_buy,24.0,0.0,24.0,4353.66,20.0,
2026-03-02,mom60,2367,buy,hypothetical_quote_buy,5.0,0.0,5.0,306.525,20.0,
2026-03-02,mom60,2313,buy,cash_or_one_share_gate,0.0,,,,,
2026-03-02,mom60,4764,buy,cash_or_one_share_gate,0.0,,,,,
2026-03-02,mom60,3189,buy,cash_or_one_share_gate,0.0,,,,,
2026-03-02,mom60,8438,buy,cash_or_one_share_gate,0.0,,,,,
2026-03-02,mom60,3138,buy,cash_or_one_share_gate,0.0,,,,,
2026-04-01,mom60,2344,sell,hypothetical_quote_sale,,,,31369.868230397744,44.60691465,542.0
2026-04-01,mom60,2413,sell,hypothetical_quote_sale,,,,21224.245500021483,30.244549837499996,542.0
2026-04-01,mom60,6426,sell,hypothetical_quote_sale,,,,3414.839999983498,20.0,542.0
2026-04-01,mom60,6443,sell,hypothetical_quote_sale,,,,17715.77599999964,25.244980799999997,542.0
2026-04-01,mom60,6770,sell,hypothetical_quote_sale,,,,15313.049999989636,21.82109625,542.0
2026-04-01,mom60,6715,buy,buy_limit_not_met,60.0,,,,,
2026-04-01,mom60,6515,buy,buy_limit_not_met,2.0,,,,,
2026-04-01,mom60,6830,buy,buy_limit_not_met,40.0,,,,,
2026-04-01,mom60,2313,buy,buy_limit_not_met,75.0,,,,,
2026-04-01,mom60,3054,buy,buy_limit_not_met,277.0,,,,,
2026-04-01,mom60,8438,buy,buy_limit_not_met,273.0,,,,,
2026-04-01,mom60,3189,buy,buy_limit_not_met,60.0,,,,,
2026-04-01,mom60,8046,buy,buy_limit_not_met,35.0,,,,,
2026-04-01,mom60,6861,buy,buy_limit_not_met,149.0,,,,,
2026-04-01,mom60,1309,buy,hypothetical_quote_buy,814.0,0.0,814.0,17997.54,25.646494500000003,
2026-05-04,mom60,1309,sell,hypothetical_quote_sale,,,,15955.621000015624,22.736759925,562.0
2026-05-04,mom60,2337,sell,hypothetical_quote_sale,,,,32359.39000007056,46.11213075,562.0
2026-05-04,mom60,2367,sell,hypothetical_quote_sale,,,,289.54499999996284,20.0,562.0
2026-05-04,mom60,2485,sell,hypothetical_quote_sale,,,,1184.05,20.0,562.0
2026-05-04,mom60,3576,sell,hypothetical_quote_sale,,,,13532.000000021522,20.0,562.0
2026-05-04,mom60,6861,buy,buy_limit_not_met,57.0,,,,,
2026-05-04,mom60,6830,buy,buy_limit_not_met,22.0,,,,,
2026-05-04,mom60,3167,buy,buy_limit_not_met,21.0,,,,,
2026-05-04,mom60,6715,buy,buy_limit_not_met,46.0,,,,,
2026-05-04,mom60,2426,buy,buy_limit_not_met,327.0,,,,,
2026-05-04,mom60,6451,buy,buy_limit_not_met,43.0,,,,,
2026-05-04,mom60,2486,buy,buy_limit_not_met,69.0,,,,,
2026-05-04,mom60,4960,buy,buy_limit_not_met,481.0,,,,,
2026-05-04,mom60,6515,buy,buy_limit_not_met,1.0,,,,,
2026-05-04,mom60,2383,buy,buy_limit_not_met,4.0,,,,,
2026-05-04,mom60,8046,buy,buy_limit_not_met,18.0,,,,,
2026-05-04,mom60,6141,buy,buy_limit_not_met,578.0,,,,,
2026-05-04,mom60,3189,buy,buy_limit_not_met,35.0,,,,,
2026-05-04,mom60,6658,buy,buy_limit_not_met,125.0,,,,,
2026-06-01,mom60,3037,sell,hypothetical_quote_sale,,,,52167.85000014169,74.33918625000001,582.0
2026-06-01,mom60,3026,buy,buy_limit_not_met,29.0,,,,,
2026-06-01,mom60,2426,buy,buy_limit_not_met,231.0,,,,,
2026-06-01,mom60,6658,buy,buy_limit_not_met,85.0,,,,,
2026-06-01,mom60,2472,buy,buy_limit_not_met,50.0,,,,,
2026-06-01,mom60,6861,buy,hypothetical_quote_buy,42.0,0.0,42.0,18361.35,26.16492375,
2026-06-01,mom60,6141,buy,hypothetical_quote_buy,408.0,0.0,408.0,18882.341999999997,26.907337349999995,
2026-06-01,mom60,6531,buy,buy_limit_not_met,15.0,,,,,
2026-06-01,mom60,2492,buy,buy_limit_not_met,47.0,,,,,
2026-06-01,mom60,6451,buy,buy_limit_not_met,32.0,,,,,
2026-06-01,mom60,3167,buy,buy_limit_not_met,23.0,,,,,
2026-06-01,mom60,4958,buy,buy_limit_not_met,36.0,,,,,
2026-06-01,mom60,2327,buy,buy_limit_not_met,25.0,,,,,
2026-06-01,mom60,2464,buy,buy_limit_not_met,101.0,,,,,
2026-06-01,mom60,3532,buy,buy_limit_not_met,58.0,,,,,
2026-06-01,mom60,2351,buy,buy_limit_not_met,90.0,,,,,
2026-07-01,mom60,6141,sell,hypothetical_quote_sale,,,,16076.016000000001,22.9083228,603.0
2026-07-01,mom60,6861,sell,hypothetical_quote_sale,,,,14134.429668885321,20.009052,603.0
2026-07-01,mom60,3026,buy,buy_limit_not_met,22.0,,,,,
2026-07-01,mom60,2492,buy,buy_limit_not_met,33.0,,,,,
2026-07-01,mom60,2327,buy,buy_limit_not_met,16.0,,,,,
2026-07-01,mom60,2478,buy,buy_limit_not_met,83.0,,,,,
2026-07-01,mom60,6834,buy,buy_limit_not_met,157.0,,,,,
2026-07-01,mom60,3090,buy,hypothetical_quote_buy,58.0,0.0,58.0,18827.67,26.82942975,
2026-07-01,mom60,2472,buy,buy_limit_not_met,41.0,,,,,
2026-07-01,mom60,6658,buy,buy_limit_not_met,80.0,,,,,
2026-07-01,mom60,2454,buy,buy_limit_not_met,4.0,,,,,
2026-07-01,mom60,4958,buy,buy_limit_not_met,29.0,,,,,
2026-07-01,mom60,2303,buy,buy_limit_not_met,114.0,,,,,
2026-07-01,mom60,3481,buy,buy_limit_not_met,273.0,,,,,
2026-07-01,mom60,2375,buy,buy_limit_not_met,88.0,,,,,
2026-07-01,mom60,2483,buy,buy_limit_not_met,328.0,,,,,
2026-07-01,mom60,8261,buy,buy_limit_not_met,69.0,,,,,
2026-08-03,mom60,3090,sell,hypothetical_quote_sale,,,,7793.817095107666,20.0,625.0
2026-08-03,mom60,6834,buy,buy_limit_not_met,235.0,,,,,
2026-08-03,mom60,2302,buy,hypothetical_quote_buy,511.0,0.0,511.0,18873.146249999998,26.89423340625,
2026-08-03,mom60,6446,buy,buy_limit_not_met,17.0,,,,,
2026-08-03,mom60,2305,buy,buy_limit_not_met,624.0,,,,,
2026-08-03,mom60,2059,buy,buy_limit_not_met,2.0,,,,,
2026-08-03,mom60,4807,buy,hypothetical_quote_buy,504.0,0.0,504.0,18943.847999999998,26.9949834,
2026-08-03,mom60,2466,buy,hypothetical_quote_buy,206.0,0.0,206.0,18342.857999999997,26.138572649999997,
2026-08-03,mom60,1303,buy,buy_limit_not_met,117.0,,,,,
2026-08-03,mom60,3026,buy,hypothetical_quote_buy,41.0,0.0,41.0,17718.149999999998,25.24836375,
2026-08-03,mom60,3481,buy,hypothetical_quote_buy,412.0,0.0,412.0,18632.699999999997,26.551597499999996,
2026-08-03,mom60,2434,buy,hypothetical_quote_buy,353.0,0.0,353.0,17489.9145,24.9231281625,
2026-08-03,mom60,3008,buy,hypothetical_quote_buy,4.0,0.0,4.0,15959.399999999998,22.742144999999997,
2026-08-03,mom60,6226,buy,hypothetical_quote_buy,958.0,0.0,958.0,18485.567999999996,26.341934399999996,
2026-08-03,mom60,2243,buy,buy_limit_not_met,452.0,,,,,
2026-08-03,mom60,2887,buy,hypothetical_quote_buy,522.0,0.0,522.0,18623.655,26.538708375,
2026-09-01,mom60,2302,sell,hypothetical_quote_sale,,,,22752.913749975884,32.422902093750004,646.0
2026-09-01,mom60,2887,sell,hypothetical_quote_sale,,,,20204.27099998854,28.791086175,646.0
2026-09-01,mom60,3026,sell,hypothetical_quote_sale,,,,31371.3550000312,44.704180875,646.0
2026-09-01,mom60,3481,sell,hypothetical_quote_sale,,,,20456.006000017424,29.149808550000003,646.0
2026-09-01,mom60,4807,sell,hypothetical_quote_sale,,,,14392.47600001173,20.509278300000002,646.0
2026-09-01,mom60,2059,buy,hypothetical_quote_buy,1.0,0.0,1.0,14080.05,20.06407125,
2026-09-01,mom60,8039,buy,hypothetical_quote_buy,57.0,0.0,57.0,18789.48,26.775009,
2026-09-01,mom60,1303,buy,buy_limit_not_met,77.0,,,,,
2026-09-01,mom60,6213,buy,hypothetical_quote_buy,34.0,0.0,34.0,18793.499999999996,26.780737499999997,
2026-09-01,mom60,3605,buy,hypothetical_quote_buy,135.0,0.0,135.0,17434.2375,24.8437884375,
2026-09-01,mom60,6933,buy,buy_limit_not_met,65.0,,,,,
2026-09-01,mom60,1709,buy,buy_limit_not_met,561.0,,,,,
2026-09-01,mom60,6446,buy,hypothetical_quote_buy,13.0,0.0,13.0,17964.374999999996,25.599234374999995,
2026-09-01,mom60,2033,buy,hypothetical_quote_buy,722.0,0.0,722.0,17741.1645,25.2811594125,
2026-09-01,mom60,3653,buy,buy_limit_not_met,3.0,,,,,
2026-09-01,mom60,3406,buy,hypothetical_quote_buy,18.0,0.0,18.0,18180.449999999997,25.907141249999995,
2026-10-01,mom60,2059,sell,hypothetical_quote_sale,,,,12208.650000066573,20.0,666.0
2026-10-01,mom60,2434,sell,hypothetical_quote_sale,,,,23111.263,32.933549775,666.0
2026-10-01,mom60,2466,sell,hypothetical_quote_sale,,,,26236.15999994586,37.386528,666.0
2026-10-01,mom60,3008,sell,hypothetical_quote_sale,,,,23897.3005392259,33.745425000000004,666.0
2026-10-01,mom60,3406,sell,hypothetical_quote_sale,,,,15850.350000032224,22.58674875,666.0
2026-10-01,mom60,6213,sell,hypothetical_quote_sale,,,,21076.08999999836,30.03342825,666.0
2026-10-01,mom60,6446,sell,hypothetical_quote_sale,,,,15974.724999966862,22.763983125000003,666.0
2026-10-01,mom60,6933,buy,hypothetical_quote_buy,50.0,0.0,50.0,18592.5,26.4943125,
2026-10-01,mom60,1709,buy,buy_limit_not_met,388.0,,,,,
2026-10-01,mom60,6957,buy,buy_limit_not_met,50.0,,,,,
2026-10-01,mom60,3653,buy,hypothetical_quote_buy,2.0,0.0,2.0,13507.199999999999,20.0,
2026-10-01,mom60,2030,buy,buy_limit_not_met,511.0,,,,,
2026-10-01,mom60,2305,buy,hypothetical_quote_buy,273.0,0.0,273.0,17916.034499999998,25.5303491625,
2026-10-01,mom60,3543,buy,hypothetical_quote_buy,366.0,0.0,366.0,18869.678999999996,26.889292574999995,
2026-10-01,mom60,7711,buy,hypothetical_quote_buy,33.0,0.0,33.0,18605.565,26.512930125,
2026-10-01,mom60,6533,buy,buy_limit_not_met,56.0,,,,,
2026-10-01,mom60,6426,buy,hypothetical_quote_buy,54.0,0.0,54.0,18614.609999999997,26.525819249999998,
2026-10-01,mom60,6505,buy,hypothetical_quote_buy,193.0,0.0,193.0,18911.587499999998,26.9490121875,
2024-01-02,rev_yoy,1442,buy,buy_limit_not_met,486.0,,,,,
2024-01-02,rev_yoy,1808,buy,hypothetical_quote_buy,187.0,0.0,187.0,18774.706499999997,26.753956762499996,
2024-01-02,rev_yoy,2731,buy,hypothetical_quote_buy,134.0,0.0,134.0,18719.129999999997,26.67476025,
2024-01-02,rev_yoy,5534,buy,hypothetical_quote_buy,239.0,0.0,239.0,18783.249,26.766129825,
2024-01-02,rev_yoy,5706,buy,hypothetical_quote_buy,255.0,0.0,255.0,18682.4475,26.622487687499998,
2024-01-02,rev_yoy,6177,buy,hypothetical_quote_buy,539.0,0.0,539.0,18850.985999999997,26.862655049999997,
2024-01-02,rev_yoy,2548,buy,hypothetical_quote_buy,195.0,0.0,195.0,18872.392499999994,26.893159312499993,
2024-01-02,rev_yoy,3257,buy,hypothetical_quote_buy,256.0,0.0,256.0,18807.167999999998,26.800214399999998,
2024-01-02,rev_yoy,1529,buy,hypothetical_quote_buy,576.0,0.0,576.0,18784.656,26.7681348,
2024-01-02,rev_yoy,1515,buy,hypothetical_quote_buy,364.0,0.0,364.0,18949.475999999995,27.003003299999992,
2024-01-02,rev_yoy,3266,buy,hypothetical_quote_buy,986.0,0.0,986.0,18926.763,26.970637274999998,
2024-01-02,rev_yoy,2891,buy,hypothetical_quote_buy,662.0,0.0,662.0,18761.742,26.735482349999998,
2024-01-02,rev_yoy,4967,buy,hypothetical_quote_buy,214.0,0.0,214.0,18732.596999999998,26.693950724999997,
2024-01-02,rev_yoy,4763,buy,hypothetical_quote_buy,23.0,0.0,23.0,18491.999999999996,26.351099999999995,
2024-01-02,rev_yoy,4164,buy,hypothetical_quote_buy,307.0,0.0,307.0,18882.341999999997,26.907337349999995,
2024-02-01,rev_yoy,1529,sell,hypothetical_quote_sale,,,,19027.583999961764,27.067233750000007,24.0
2024-02-01,rev_yoy,2891,sell,hypothetical_quote_sale,,,,18706.795999950595,26.61691665,24.0
2024-02-01,rev_yoy,3266,sell,hypothetical_quote_sale,,,,18051.68800003021,25.7236554,24.0
2024-02-01,rev_yoy,4164,sell,hypothetical_quote_sale,,,,17258.772499995735,24.593750812499998,24.0
2024-02-01,rev_yoy,5534,sell,hypothetical_quote_sale,,,,18096.960500011548,25.788168712499996,24.0
2024-02-01,rev_yoy,1442,buy,hypothetical_quote_buy,514.0,0.0,514.0,18803.147999999997,26.794485899999998,
2024-02-01,rev_yoy,5519,buy,hypothetical_quote_buy,86.0,0.0,86.0,2718.2234999999996,20.0,
2024-02-01,rev_yoy,2882,buy,cash_or_one_share_gate,0.0,,,,,
2024-02-01,rev_yoy,2545,buy,cash_or_one_share_gate,0.0,,,,,
2024-02-01,rev_yoy,2540,buy,cash_or_one_share_gate,0.0,,,,,
2024-02-01,rev_yoy,2506,buy,hypothetical_quote_buy,1.0,0.0,1.0,10.049999999999999,20.0,
2024-03-01,rev_yoy,1442,sell,hypothetical_quote_sale,,,,19945.769999958276,28.367425125,37.0
2024-03-01,rev_yoy,1515,sell,hypothetical_quote_sale,,,,17601.948,25.0827759,37.0
2024-03-01,rev_yoy,1808,sell,hypothetical_quote_sale,,,,19350.760000053662,27.574833000000005,37.0
2024-03-01,rev_yoy,2731,sell,hypothetical_quote_sale,,,,15732.939999982149,22.4194395,37.0
2024-03-01,rev_yoy,3257,sell,hypothetical_quote_sale,,,,18136.063999989194,25.843891200000005,37.0
2024-03-01,rev_yoy,5706,sell,hypothetical_quote_sale,,,,15654.83250000895,22.3081363125,37.0
2024-03-01,rev_yoy,2442,buy,hypothetical_quote_buy,688.0,0.0,688.0,18772.595999999998,26.7509493,
2024-03-01,rev_yoy,2530,buy,hypothetical_quote_buy,494.0,0.0,494.0,18791.389499999997,26.777730037499996,
2024-03-01,rev_yoy,2891,buy,hypothetical_quote_buy,638.0,0.0,638.0,18786.867,26.771285475,
2024-03-01,rev_yoy,9946,buy,hypothetical_quote_buy,814.0,0.0,814.0,18856.513499999997,26.8705317375,
2024-03-01,rev_yoy,2025,buy,hypothetical_quote_buy,1430.0,1000.0,430.0,15161.9325,40.0,
2024-03-01,rev_yoy,2348,buy,hypothetical_quote_buy,2.0,0.0,2.0,207.02999999999997,20.0,
2024-03-01,rev_yoy,2527,buy,cash_or_one_share_gate,0.0,,,,,
2024-03-01,rev_yoy,3622,buy,cash_or_one_share_gate,0.0,,,,,
2024-03-01,rev_yoy,5522,buy,cash_or_one_share_gate,0.0,,,,,
2024-04-01,rev_yoy,2506,sell,hypothetical_quote_sale,,,,9.691300000014449,20.0,58.0
2024-04-01,rev_yoy,2548,sell,hypothetical_quote_sale,,,,24156.112499999996,34.4224603125,58.0
2024-04-01,rev_yoy,2891,sell,hypothetical_quote_sale,,,,20821.76799999646,29.671019399999995,58.0
2024-04-01,rev_yoy,4763,sell,hypothetical_quote_sale,,,,20756.695000071097,29.578290375,58.0
2024-04-01,rev_yoy,4967,sell,hypothetical_quote_sale,,,,16906.641999993066,24.09196485,58.0
2024-04-01,rev_yoy,9946,sell,hypothetical_quote_sale,,,,20653.21499997411,29.394675562499998,58.0
2024-04-01,rev_yoy,1442,buy,hypothetical_quote_buy,417.0,0.0,417.0,18858.824999999997,26.873825625,
2024-04-01,rev_yoy,2514,buy,hypothetical_quote_buy,1226.0,1000.0,226.0,18851.588999999996,41.9115125,
2024-04-01,rev_yoy,6550,buy,buy_limit_not_met,262.0,,,,,
2024-04-01,rev_yoy,3266,buy,hypothetical_quote_buy,1025.0,1000.0,25.0,18851.2875,46.2078875,
2024-04-01,rev_yoy,3027,buy,hypothetical_quote_buy,421.0,0.0,421.0,18933.94875,26.98087696875,
2024-04-01,rev_yoy,1519,buy,buy_limit_not_met,27.0,,,,,
2024-04-01,rev_yoy,1515,buy,hypothetical_quote_buy,377.0,0.0,377.0,18887.41725,26.91456958125,
2024-04-01,rev_yoy,2540,buy,buy_limit_not_met,114.0,,,,,
2024-04-01,rev_yoy,2527,buy,buy_limit_not_met,278.0,,,,,
2024-05-02,rev_yoy,1442,sell,hypothetical_quote_sale,,,,23899.103999988944,34.0562232,78.0
2024-05-02,rev_yoy,2025,sell,hypothetical_quote_sale,,,,15580.207499999999,40.0,78.0
2024-05-02,rev_yoy,2514,sell,hypothetical_quote_sale,,,,21896.6665,45.45085625,78.0
2024-05-02,rev_yoy,3027,sell,hypothetical_quote_sale,,,,18829.330250017734,26.831795606250004,78.0
2024-05-02,rev_yoy,3266,sell,hypothetical_quote_sale,,,,22896.193749957012,51.83129375,78.0
2024-05-02,rev_yoy,6177,sell,hypothetical_quote_sale,,,,34859.825000040946,49.675250625,78.0
2024-05-02,rev_yoy,1446,buy,buy_limit_not_met,471.0,,,,,
2024-05-02,rev_yoy,2527,buy,hypothetical_quote_buy,330.0,0.0,330.0,17477.954999999998,24.906085875,
2024-05-02,rev_yoy,6541,buy,hypothetical_quote_buy,400.0,0.0,400.0,18713.1,26.6661675,
2024-05-02,rev_yoy,9902,buy,buy_limit_not_met,1134.0,,,,,
2024-05-02,rev_yoy,1436,buy,buy_limit_not_met,129.0,,,,,
2024-05-02,rev_yoy,2536,buy,buy_limit_not_met,503.0,,,,,
2024-05-02,rev_yoy,5706,buy,buy_limit_not_met,241.0,,,,,
2024-05-02,rev_yoy,2537,buy,hypothetical_quote_buy,1078.0,1000.0,78.0,18742.646999999997,44.7757625,
2024-05-02,rev_yoy,2882,buy,hypothetical_quote_buy,371.0,0.0,371.0,18717.321,26.672182425000003,
2024-05-02,rev_yoy,2506,buy,buy_limit_not_met,1472.0,,,,,
2024-06-03,rev_yoy,2348,sell,hypothetical_quote_sale,,,,486.55499999935336,20.0,100.0
2024-06-03,rev_yoy,2882,sell,hypothetical_quote_sale,,,,20893.606999979398,29.773389975,100.0
2024-06-03,rev_yoy,5519,sell,hypothetical_quote_sale,,,,3850.649999995662,20.0,100.0
2024-06-03,rev_yoy,6541,sell,hypothetical_quote_sale,,,,15522.000000083546,22.118850000000002,100.0
2024-06-03,rev_yoy,1446,buy,buy_limit_not_met,341.0,,,,,
2024-06-03,rev_yoy,2545,buy,buy_limit_not_met,313.0,,,,,
2024-06-03,rev_yoy,2427,buy,buy_limit_not_met,652.0,,,,,
2024-06-03,rev_yoy,9946,buy,buy_limit_not_met,417.0,,,,,
2024-06-03,rev_yoy,2501,buy,buy_limit_not_met,529.0,,,,,
2024-06-03,rev_yoy,3686,buy,buy_limit_not_met,939.0,,,,,
2024-06-03,rev_yoy,6873,buy,buy_limit_not_met,117.0,,,,,
2024-06-03,rev_yoy,2881,buy,hypothetical_quote_buy,255.0,0.0,255.0,18810.585,26.805083624999998,
2024-06-03,rev_yoy,2514,buy,hypothetical_quote_buy,792.0,0.0,792.0,18864.251999999997,26.881559099999997,
2024-06-03,rev_yoy,8112,buy,hypothetical_quote_buy,228.0,0.0,228.0,18904.05,26.93827125,
2024-07-01,rev_yoy,1515,sell,hypothetical_quote_sale,,,,17638.917064528687,25.131267225,119.0
2024-07-01,rev_yoy,2442,sell,hypothetical_quote_sale,,,,20913.30800002981,29.8014639,119.0
2024-07-01,rev_yoy,2514,sell,hypothetical_quote_sale,,,,19070.568,27.1755594,119.0
2024-07-01,rev_yoy,2527,sell,hypothetical_quote_sale,,,,14792.167499999496,21.078838687499996,119.0
2024-07-01,rev_yoy,2881,sell,hypothetical_quote_sale,,,,20247.255000009973,28.852338375,119.0
2024-07-01,rev_yoy,8112,sell,hypothetical_quote_sale,,,,19522.521138290074,27.719739824999998,119.0
2024-07-01,rev_yoy,1436,buy,buy_limit_not_met,121.0,,,,,
2024-07-01,rev_yoy,1442,buy,hypothetical_quote_buy,302.0,0.0,302.0,18696.215999999997,26.642107799999998,
2024-07-01,rev_yoy,1446,buy,hypothetical_quote_buy,369.0,0.0,369.0,18913.094999999998,26.951160374999997,
2024-07-01,rev_yoy,1808,buy,hypothetical_quote_buy,166.0,0.0,166.0,18851.789999999997,26.863800749999996,
2024-07-01,rev_yoy,2505,buy,hypothetical_quote_buy,691.0,0.0,691.0,18923.898749999997,26.966555718749998,
2024-07-01,rev_yoy,2524,buy,buy_limit_not_met,349.0,,,,,
2024-07-01,rev_yoy,2538,buy,hypothetical_quote_buy,1025.0,1000.0,25.0,18851.2875,46.2078875,
2024-07-01,rev_yoy,2545,buy,buy_limit_not_met,336.0,,,,,
2024-07-01,rev_yoy,5522,buy,hypothetical_quote_buy,233.0,0.0,233.0,18850.282499999998,26.861652562499998,
2024-07-01,rev_yoy,6550,buy,hypothetical_quote_buy,253.0,0.0,253.0,18841.0365,26.8484770125,
2024-07-01,rev_yoy,3266,buy,hypothetical_quote_buy,768.0,0.0,768.0,18871.487999999998,26.8918704,
2024-07-01,rev_yoy,5534,buy,hypothetical_quote_buy,95.0,0.0,95.0,10454.512499999999,20.0,
2024-07-01,rev_yoy,2542,buy,hypothetical_quote_buy,2.0,0.0,2.0,104.11799999999998,20.0,
2024-08-01,rev_yoy,1808,sell,hypothetical_quote_sale,,,,20481.080000031943,29.185539,140.0
2024-08-01,rev_yoy,2542,sell,hypothetical_quote_sale,,,,125.7679999999903,20.0,140.0
2024-08-01,rev_yoy,3266,sell,hypothetical_quote_sale,,,,18719.516981108132,26.670228750000003,140.0
2024-08-01,rev_yoy,5534,sell,hypothetical_quote_sale,,,,12902.662499997596,20.0,140.0
2024-08-01,rev_yoy,6550,sell,hypothetical_quote_sale,,,,16236.907500000001,23.1375931875,140.0
2024-08-01,rev_yoy,1436,buy,buy_limit_not_met,110.0,,,,,
2024-08-01,rev_yoy,3535,buy,buy_limit_not_met,230.0,,,,,
2024-08-01,rev_yoy,6177,buy,hypothetical_quote_buy,279.0,0.0,279.0,18506.07,26.37114975,
2024-08-01,rev_yoy,9946,buy,hypothetical_quote_buy,428.0,0.0,428.0,18926.16,26.969778,
2024-08-01,rev_yoy,1418,buy,buy_limit_not_met,503.0,,,,,
2024-08-01,rev_yoy,3056,buy,hypothetical_quote_buy,482.0,0.0,482.0,18916.210499999997,26.955599962499996,
2024-08-01,rev_yoy,2545,buy,buy_limit_not_met,289.0,,,,,
2024-08-01,rev_yoy,2025,buy,hypothetical_quote_buy,1478.0,1000.0,478.0,18938.7225,40.0,
2024-09-02,rev_yoy,2025,sell,hypothetical_quote_sale,,,,17647.320000000003,40.0,162.0
2024-09-02,rev_yoy,2505,sell,hypothetical_quote_sale,,,,19086.597487332994,27.183995756250003,162.0
2024-09-02,rev_yoy,3056,sell,hypothetical_quote_sale,,,,19096.890569120158,27.208950356250003,162.0
2024-09-02,rev_yoy,5522,sell,hypothetical_quote_sale,,,,18569.983499988994,26.462226487499997,162.0
2024-09-02,rev_yoy,9946,sell,hypothetical_quote_sale,,,,16523.368000004884,23.5457994,162.0
2024-09-02,rev_yoy,1436,buy,buy_limit_not_met,111.0,,,,,
2024-09-02,rev_yoy,2243,buy,buy_limit_not_met,799.0,,,,,
2024-09-02,rev_yoy,2509,buy,buy_limit_not_met,779.0,,,,,
2024-09-02,rev_yoy,2539,buy,hypothetical_quote_buy,267.0,0.0,267.0,18676.115999999998,26.613465299999998,
2024-09-02,rev_yoy,2548,buy,hypothetical_quote_buy,126.0,0.0,126.0,18867.869999999995,26.886714749999996,
2024-09-02,rev_yoy,3535,buy,buy_limit_not_met,259.0,,,,,
2024-09-02,rev_yoy,3686,buy,hypothetical_quote_buy,676.0,0.0,676.0,18886.764,26.9136387,
2024-09-02,rev_yoy,5534,buy,buy_limit_not_met,163.0,,,,,
2024-09-02,rev_yoy,9902,buy,hypothetical_quote_buy,873.0,0.0,873.0,18907.21575,26.94278244375,
2024-10-01,rev_yoy,2538,sell,hypothetical_quote_sale,,,,18211.68750004617,44.45834375,182.0
2024-10-01,rev_yoy,2539,sell,hypothetical_quote_sale,,,,13230.116999988524,20.0,182.0
2024-10-01,rev_yoy,3686,sell,hypothetical_quote_sale,,,,16142.88,23.003604,182.0
2024-10-01,rev_yoy,6177,sell,hypothetical_quote_sale,,,,13741.4475,20.0,182.0
2024-10-01,rev_yoy,9902,sell,hypothetical_quote_sale,,,,16677.792000018206,23.765853599999996,182.0
2024-10-01,rev_yoy,1436,buy,hypothetical_quote_buy,134.0,0.0,134.0,18786.465,26.770712625,
2024-10-01,rev_yoy,2509,buy,hypothetical_quote_buy,939.0,0.0,939.0,18826.715249999997,26.828069231249998,
2024-10-01,rev_yoy,2524,buy,hypothetical_quote_buy,193.0,0.0,193.0,18892.191,26.921372175,
2024-10-01,rev_yoy,2528,buy,hypothetical_quote_buy,469.0,0.0,469.0,18877.367249999996,26.900248331249994,
2024-10-01,rev_yoy,6873,buy,hypothetical_quote_buy,71.0,0.0,71.0,18802.0425,26.7929105625,
2024-10-01,rev_yoy,2254,buy,hypothetical_quote_buy,219.0,0.0,219.0,18708.075,26.659006875000003,
2024-10-01,rev_yoy,2243,buy,buy_limit_not_met,223.0,,,,,
2024-10-01,rev_yoy,4967,buy,hypothetical_quote_buy,59.0,0.0,59.0,6344.564999999999,20.0,
2024-10-01,rev_yoy,4142,buy,hypothetical_quote_buy,1.0,0.0,1.0,27.335999999999995,20.0,
2024-10-01,rev_yoy,6582,buy,cash_or_one_share_gate,0.0,,,,,
2024-11-01,rev_yoy,2254,sell,hypothetical_quote_sale,,,,16996.590000000004,24.220140750000002,201.0
2024-11-01,rev_yoy,2509,sell,hypothetical_quote_sale,,,,17004.351000000002,24.231200174999998,201.0
2024-11-01,rev_yoy,2524,sell,hypothetical_quote_sale,,,,14133.776,20.1406308,201.0
2024-11-01,rev_yoy,2537,sell,hypothetical_quote_sale,,,,15391.9535,40.346506250000004,201.0
2024-11-01,rev_yoy,2548,sell,hypothetical_quote_sale,,,,14542.920000048818,20.723661,201.0
2024-11-01,rev_yoy,4142,sell,hypothetical_quote_sale,,,,24.029249999999998,20.0,201.0
2024-11-01,rev_yoy,4967,sell,hypothetical_quote_sale,,,,5248.229250537045,20.0,201.0
2024-11-01,rev_yoy,2442,buy,hypothetical_quote_buy,806.0,0.0,806.0,18873.699,26.895021075000002,
2024-11-01,rev_yoy,2545,buy,hypothetical_quote_buy,327.0,0.0,327.0,18863.648999999998,26.880699824999997,
2024-11-01,rev_yoy,9906,buy,hypothetical_quote_buy,153.0,0.0,153.0,18836.212499999998,26.841602812499996,
2024-11-01,rev_yoy,6937,buy,hypothetical_quote_buy,55.0,0.0,55.0,17964.374999999996,25.599234374999995,
2024-11-01,rev_yoy,3025,buy,hypothetical_quote_buy,40.0,0.0,40.0,2870.28,20.0,
2024-11-01,rev_yoy,6743,buy,hypothetical_quote_buy,1.0,0.0,1.0,51.3555,20.0,
2024-11-01,rev_yoy,2438,buy,cash_or_one_share_gate,0.0,,,,,
2024-11-01,rev_yoy,2406,buy,hypothetical_quote_buy,1.0,0.0,1.0,18.34125,20.0,
2024-11-01,rev_yoy,8926,buy,cash_or_one_share_gate,0.0,,,,,
2024-12-02,rev_yoy,2406,sell,hypothetical_quote_sale,,,,16.915,20.0,222.0
2024-12-02,rev_yoy,2442,sell,hypothetical_quote_sale,,,,20570.53050003934,29.313005962499997,222.0
2024-12-02,rev_yoy,3025,sell,hypothetical_quote_sale,,,,3004.8999999985986,20.0,222.0
2024-12-02,rev_yoy,6743,sell,hypothetical_quote_sale,,,,46.96400000002777,20.0,222.0
2024-12-02,rev_yoy,6873,sell,hypothetical_quote_sale,,,,14623.514999990774,20.838508875,222.0
2024-12-02,rev_yoy,6937,sell,hypothetical_quote_sale,,,,16718.4875000348,23.823844687500007,222.0
2024-12-02,rev_yoy,2101,buy,buy_limit_not_met,382.0,,,,,
2024-12-02,rev_yoy,6533,buy,buy_limit_not_met,51.0,,,,,
2024-12-02,rev_yoy,2527,buy,buy_limit_not_met,496.0,,,,,
2024-12-02,rev_yoy,6550,buy,buy_limit_not_met,366.0,,,,,
2024-12-02,rev_yoy,6582,buy,hypothetical_quote_buy,306.0,0.0,306.0,18728.576999999997,26.688222224999997,
2024-12-02,rev_yoy,6854,buy,buy_limit_not_met,133.0,,,,,
2024-12-02,rev_yoy,6442,buy,hypothetical_quote_buy,37.0,0.0,37.0,18815.61,26.812244250000003,
2024-12-02,rev_yoy,2388,buy,buy_limit_not_met,182.0,,,,,
2025-01-02,rev_yoy,1436,sell,hypothetical_quote_sale,,,,16466.25499997963,23.464413374999996,244.0
2025-01-02,rev_yoy,1442,sell,hypothetical_quote_sale,,,,23958.17899261076,34.069551225,244.0
2025-01-02,rev_yoy,6442,sell,hypothetical_quote_sale,,,,24077.010000006223,34.30973925000001,244.0
2025-01-02,rev_yoy,6582,sell,hypothetical_quote_sale,,,,18450.882000015754,26.292506850000002,244.0
2025-01-02,rev_yoy,2524,buy,hypothetical_quote_buy,271.0,0.0,271.0,18819.730499999994,26.81811596249999,
2025-01-02,rev_yoy,2527,buy,hypothetical_quote_buy,495.0,0.0,495.0,18854.302499999998,26.867381062499998,
2025-01-02,rev_yoy,2855,buy,hypothetical_quote_buy,729.0,0.0,729.0,18902.240999999998,26.935693424999997,
2025-01-02,rev_yoy,3056,buy,hypothetical_quote_buy,564.0,0.0,564.0,18761.742,26.735482349999998,
2025-01-02,rev_yoy,2348,buy,buy_limit_not_met,93.0,,,,,
2025-01-02,rev_yoy,6873,buy,hypothetical_quote_buy,89.0,0.0,89.0,18738.727499999997,26.702686687499998,
2025-01-02,rev_yoy,1316,buy,buy_limit_not_met,382.0,,,,,
2025-01-02,rev_yoy,6854,buy,hypothetical_quote_buy,28.0,0.0,28.0,5642.069999999999,20.0,
2025-01-02,rev_yoy,2540,buy,buy_limit_not_met,1.0,,,,,
2025-01-02,rev_yoy,2102,buy,hypothetical_quote_buy,6.0,0.0,6.0,113.66550000000001,20.0,
2025-02-03,rev_yoy,1446,sell,hypothetical_quote_sale,,,,14118.959485283092,20.07051688125,259.0
2025-02-03,rev_yoy,2102,sell,hypothetical_quote_sale,,,,108.9525,20.0,259.0
2025-02-03,rev_yoy,2527,sell,hypothetical_quote_sale,,,,17139.869999996652,24.42431475,259.0
2025-02-03,rev_yoy,2545,sell,hypothetical_quote_sale,,,,20432.922000002633,29.11691385,259.0
2025-02-03,rev_yoy,2855,sell,hypothetical_quote_sale,,,,18859.230000017313,26.87440275,259.0
2025-02-03,rev_yoy,6873,sell,hypothetical_quote_sale,,,,16914.005000021538,24.102457124999997,259.0
2025-02-03,rev_yoy,3535,buy,hypothetical_quote_buy,372.0,0.0,372.0,18244.367999999995,25.998224399999994,
2025-02-03,rev_yoy,3024,buy,hypothetical_quote_buy,1087.0,1000.0,87.0,18516.77325,44.27451875,
2025-02-03,rev_yoy,6442,buy,hypothetical_quote_buy,29.0,0.0,29.0,16525.214999999997,23.548431374999996,
2025-02-03,rev_yoy,2354,buy,hypothetical_quote_buy,240.0,0.0,240.0,18210.6,25.950104999999997,
2025-02-03,rev_yoy,3706,buy,hypothetical_quote_buy,148.0,0.0,148.0,10307.681999999999,20.0,
2025-02-03,rev_yoy,3563,buy,hypothetical_quote_buy,1.0,0.0,1.0,358.28249999999997,20.0,
2025-02-03,rev_yoy,2882,buy,hypothetical_quote_buy,3.0,0.0,3.0,196.27649999999994,20.0,
2025-02-03,rev_yoy,6215,buy,cash_or_one_share_gate,0.0,,,,,
2025-02-03,rev_yoy,6177,buy,cash_or_one_share_gate,0.0,,,,,
2025-03-03,rev_yoy,2530,sell,hypothetical_quote_sale,,,,21413.733100550697,30.499767337500007,278.0
2025-03-03,rev_yoy,2882,sell,hypothetical_quote_sale,,,,205.0695000002004,20.0,278.0
2025-03-03,rev_yoy,3535,sell,hypothetical_quote_sale,,,,17174.496000030525,24.4736568,278.0
2025-03-03,rev_yoy,3563,sell,hypothetical_quote_sale,,,,433.8200000003955,20.0,278.0
2025-03-03,rev_yoy,3706,sell,hypothetical_quote_sale,,,,10219.844000010524,20.0,278.0
2025-03-03,rev_yoy,6854,sell,hypothetical_quote_sale,,,,6057.164684776661,20.0,278.0
2025-03-03,rev_yoy,1436,buy,hypothetical_quote_buy,133.0,0.0,133.0,18646.267499999998,26.570931187499998,
2025-03-03,rev_yoy,2363,buy,hypothetical_quote_buy,282.0,0.0,282.0,18421.649999999998,26.250851249999997,
2025-03-03,rev_yoy,2438,buy,hypothetical_quote_buy,505.0,0.0,505.0,18778.425,26.759255625,
2025-03-03,rev_yoy,2534,buy,hypothetical_quote_buy,742.0,0.0,742.0,18866.463,26.884709775,
2025-03-03,rev_yoy,2537,buy,hypothetical_quote_buy,898.0,0.0,898.0,12273.863999999998,20.0,
2025-03-03,rev_yoy,2883,buy,hypothetical_quote_buy,5.0,0.0,5.0,91.45499999999998,20.0,
2025-03-03,rev_yoy,2254,buy,cash_or_one_share_gate,0.0,,,,,
2025-03-03,rev_yoy,6937,buy,cash_or_one_share_gate,0.0,,,,,
2025-04-01,rev_yoy,2354,sell,hypothetical_quote_sale,,,,14996.640000008481,21.370212,299.0
2025-04-01,rev_yoy,2438,sell,hypothetical_quote_sale,,,,16883.160000000003,24.058503,299.0
2025-04-01,rev_yoy,2524,sell,hypothetical_quote_sale,,,,16178.7,23.0546475,299.0
2025-04-01,rev_yoy,2883,sell,hypothetical_quote_sale,,,,86.06749999973853,20.0,299.0
2025-04-01,rev_yoy,3024,sell,hypothetical_quote_sale,,,,17629.50950002287,43.1113625,299.0
2025-04-01,rev_yoy,9906,sell,hypothetical_quote_sale,,,,15604.087500065663,22.2358246875,299.0
2025-04-01,rev_yoy,1463,buy,buy_limit_not_met,706.0,,,,,
2025-04-01,rev_yoy,2530,buy,hypothetical_quote_buy,479.0,0.0,479.0,18894.75375,26.92502409375,
2025-04-01,rev_yoy,4142,buy,hypothetical_quote_buy,934.0,0.0,934.0,18867.267,26.885855475,
2025-04-01,rev_yoy,2429,buy,buy_limit_not_met,286.0,,,,,
2025-04-01,rev_yoy,1446,buy,buy_limit_not_met,551.0,,,,,
2025-04-01,rev_yoy,1316,buy,buy_limit_not_met,979.0,,,,,
2025-04-01,rev_yoy,6873,buy,hypothetical_quote_buy,85.0,0.0,85.0,16743.3,23.8592025,
2025-04-01,rev_yoy,3706,buy,buy_limit_not_met,10.0,,,,,
2025-05-02,rev_yoy,2530,sell,hypothetical_quote_sale,,,,16213.330601851714,23.058050400000003,319.0
2025-05-02,rev_yoy,4142,sell,hypothetical_quote_sale,,,,18354.2675,26.154831187500005,319.0
2025-05-02,rev_yoy,6442,sell,hypothetical_quote_sale,,,,10488.792499992192,20.0,319.0
2025-05-02,rev_yoy,6873,sell,hypothetical_quote_sale,,,,17168.724999954098,24.465433125,319.0
2025-05-02,rev_yoy,1463,buy,hypothetical_quote_buy,831.0,0.0,831.0,18916.260749999998,26.95567156875,
2025-05-02,rev_yoy,2524,buy,hypothetical_quote_buy,395.0,0.0,395.0,18935.7075,26.983383187500003,
2025-05-02,rev_yoy,2545,buy,hypothetical_quote_buy,364.0,0.0,364.0,18839.729999999996,26.846615249999996,
2025-05-02,rev_yoy,6541,buy,hypothetical_quote_buy,306.0,0.0,306.0,18636.317999999996,26.556753149999995,
2025-05-02,rev_yoy,1529,buy,buy_limit_not_met,272.0,,,,,
2025-05-02,rev_yoy,1316,buy,buy_limit_not_met,416.0,,,,,
2025-05-02,rev_yoy,2354,buy,buy_limit_not_met,103.0,,,,,
2025-05-02,rev_yoy,3035,buy,buy_limit_not_met,33.0,,,,,
2025-05-02,rev_yoy,5534,buy,buy_limit_not_met,69.0,,,,,
2025-06-02,rev_yoy,1463,sell,hypothetical_quote_sale,,,,17942.53650000174,25.5681145125,339.0
2025-06-02,rev_yoy,2524,sell,hypothetical_quote_sale,,,,19887.065,28.339067625000006,339.0
2025-06-02,rev_yoy,2537,sell,hypothetical_quote_sale,,,,11168.875,20.0,339.0
2025-06-02,rev_yoy,2545,sell,hypothetical_quote_sale,,,,18905.796000016224,26.9407593,339.0
2025-06-02,rev_yoy,2236,buy,hypothetical_quote_buy,203.0,0.0,203.0,18585.766499999998,26.4847172625,
2025-06-02,rev_yoy,2539,buy,buy_limit_not_met,308.0,,,,,
2025-06-02,rev_yoy,2883,buy,hypothetical_quote_buy,1084.0,1000.0,84.0,18792.495,44.70415625,
2025-06-02,rev_yoy,3035,buy,hypothetical_quote_buy,106.0,0.0,106.0,18589.484999999997,26.490016124999997,
2025-06-02,rev_yoy,2354,buy,hypothetical_quote_buy,196.0,0.0,196.0,11799.101999999999,20.0,
2025-06-02,rev_yoy,2442,buy,hypothetical_quote_buy,8.0,0.0,8.0,199.392,20.0,
2025-06-02,rev_yoy,1316,buy,cash_or_one_share_gate,0.0,,,,,
2025-06-02,rev_yoy,6669,buy,cash_or_one_share_gate,0.0,,,,,
2025-06-02,rev_yoy,3563,buy,cash_or_one_share_gate,0.0,,,,,
2025-07-01,rev_yoy,1436,sell,hypothetical_quote_sale,,,,15549.362500026444,22.1578415625,360.0
2025-07-01,rev_yoy,2236,sell,hypothetical_quote_sale,,,,20057.110500025825,28.5813824625,360.0
2025-07-01,rev_yoy,2442,sell,hypothetical_quote_sale,,,,195.01999999949757,20.0,360.0
2025-07-01,rev_yoy,2883,sell,hypothetical_quote_sale,,,,17091.671259833493,41.268125,360.0
2025-07-01,rev_yoy,3035,sell,hypothetical_quote_sale,,,,19950.8605665032,28.218548249999998,360.0
2025-07-01,rev_yoy,6869,buy,buy_limit_not_met,114.0,,,,,
2025-07-01,rev_yoy,6873,buy,hypothetical_quote_buy,79.0,0.0,79.0,18737.219999999998,26.700538499999997,
2025-07-01,rev_yoy,9902,buy,hypothetical_quote_buy,1019.0,1000.0,19.0,18843.347999999998,46.351099999999995,
2025-07-01,rev_yoy,1618,buy,buy_limit_not_met,397.0,,,,,
2025-07-01,rev_yoy,3563,buy,buy_limit_not_met,35.0,,,,,
2025-07-01,rev_yoy,3515,buy,buy_limit_not_met,68.0,,,,,
2025-07-01,rev_yoy,6442,buy,buy_limit_not_met,40.0,,,,,
2025-07-01,rev_yoy,8114,buy,hypothetical_quote_buy,65.0,0.0,65.0,18878.925,26.902468125,
2025-07-01,rev_yoy,6669,buy,buy_limit_not_met,4.0,,,,,
2025-08-01,rev_yoy,6541,sell,hypothetical_quote_sale,,,,15658.498215241027,22.3004797875,383.0
2025-08-01,rev_yoy,8114,sell,hypothetical_quote_sale,,,,16168.750000024442,23.040468750000002,383.0
2025-08-01,rev_yoy,9902,sell,hypothetical_quote_sale,,,,16653.677666210948,42.898681249999996,383.0
2025-08-01,rev_yoy,2208,buy,hypothetical_quote_buy,1162.0,1000.0,162.0,18801.740999999998,43.0572125,
2025-08-01,rev_yoy,2530,buy,hypothetical_quote_buy,659.0,0.0,659.0,18577.37475,26.47275901875,
2025-08-01,rev_yoy,2427,buy,hypothetical_quote_buy,651.0,0.0,651.0,18777.118499999997,26.757393862499995,
2025-08-01,rev_yoy,4142,buy,hypothetical_quote_buy,1091.0,1000.0,91.0,18859.025999999998,44.632549999999995,
2025-08-01,rev_yoy,3563,buy,hypothetical_quote_buy,17.0,0.0,17.0,8115.374999999999,20.0,
2025-08-01,rev_yoy,6869,buy,hypothetical_quote_buy,1.0,0.0,1.0,137.68499999999997,20.0,
2025-08-01,rev_yoy,6669,buy,cash_or_one_share_gate,0.0,,,,,
2025-08-01,rev_yoy,1316,buy,hypothetical_quote_buy,4.0,0.0,4.0,55.07399999999999,20.0,
2025-08-01,rev_yoy,3167,buy,cash_or_one_share_gate,0.0,,,,,
2025-09-01,rev_yoy,1316,sell,hypothetical_quote_sale,,,,51.54099999998972,20.0,404.0
2025-09-01,rev_yoy,2208,sell,hypothetical_quote_sale,,,,24279.990000009664,49.775375,404.0
2025-09-01,rev_yoy,2354,sell,hypothetical_quote_sale,,,,14211.00927672484,20.2188975,404.0
2025-09-01,rev_yoy,2427,sell,hypothetical_quote_sale,,,,18397.153502507612,26.2044568125,404.0
2025-09-01,rev_yoy,2530,sell,hypothetical_quote_sale,,,,20359.640249983004,29.012487356250002,404.0
2025-09-01,rev_yoy,3056,sell,hypothetical_quote_sale,,,,16933.61862577014,24.11805375,404.0
2025-09-01,rev_yoy,4142,sell,hypothetical_quote_sale,,,,19865.4735,45.9471125,404.0
2025-09-01,rev_yoy,6869,sell,hypothetical_quote_sale,,,,130.53892880907057,20.0,404.0
2025-09-01,rev_yoy,6873,sell,hypothetical_quote_sale,,,,13376.42867735643,20.0,404.0
2025-09-01,rev_yoy,2539,buy,hypothetical_quote_buy,383.0,0.0,383.0,18937.818,26.98639065,
2025-09-01,rev_yoy,6541,buy,hypothetical_quote_buy,352.0,0.0,352.0,18820.032,26.8185456,
2025-09-01,rev_yoy,6625,buy,buy_limit_not_met,117.0,,,,,
2025-09-01,rev_yoy,2345,buy,buy_limit_not_met,10.0,,,,,
2025-09-01,rev_yoy,2501,buy,hypothetical_quote_buy,489.0,0.0,489.0,10320.345,20.0,
2025-09-01,rev_yoy,2548,buy,cash_or_one_share_gate,0.0,,,,,
2025-09-01,rev_yoy,8104,buy,hypothetical_quote_buy,2.0,0.0,2.0,83.616,20.0,
2025-09-01,rev_yoy,6669,buy,cash_or_one_share_gate,0.0,,,,,
2025-09-01,rev_yoy,6657,buy,cash_or_one_share_gate,0.0,,,,,
2025-09-01,rev_yoy,2540,buy,cash_or_one_share_gate,0.0,,,,,
2025-09-01,rev_yoy,6933,buy,cash_or_one_share_gate,0.0,,,,,
2025-10-01,rev_yoy,2501,sell,hypothetical_quote_sale,,,,11482.697999966605,20.0,425.0
2025-10-01,rev_yoy,2534,sell,hypothetical_quote_sale,,,,16610.143584190802,23.643349200000003,425.0
2025-10-01,rev_yoy,2539,sell,hypothetical_quote_sale,,,,18501.676749993825,26.36488936875,425.0
2025-10-01,rev_yoy,6541,sell,hypothetical_quote_sale,,,,18282.527999981543,26.052602399999998,425.0
2025-10-01,rev_yoy,5519,buy,hypothetical_quote_buy,641.0,0.0,641.0,18778.575749999996,26.759470443749997,
2025-10-01,rev_yoy,8478,buy,hypothetical_quote_buy,83.0,0.0,83.0,18684.96,26.626068,
2025-10-01,rev_yoy,2236,buy,buy_limit_not_met,170.0,,,,,
2025-10-01,rev_yoy,1529,buy,buy_limit_not_met,814.0,,,,,
2025-10-01,rev_yoy,6869,buy,hypothetical_quote_buy,157.0,0.0,157.0,18855.3075,26.8688131875,
2025-10-01,rev_yoy,6669,buy,hypothetical_quote_buy,5.0,0.0,5.0,16657.875,23.737471875,
2025-10-01,rev_yoy,2345,buy,buy_limit_not_met,17.0,,,,,
2025-10-01,rev_yoy,3056,buy,buy_limit_not_met,941.0,,,,,
2025-10-01,rev_yoy,2429,buy,buy_limit_not_met,156.0,,,,,
2025-10-01,rev_yoy,3231,buy,buy_limit_not_met,133.0,,,,,
2025-10-01,rev_yoy,6215,buy,hypothetical_quote_buy,150.0,0.0,150.0,18617.625,26.530115625,
2025-11-03,rev_yoy,5519,sell,hypothetical_quote_sale,,,,18336.606249988727,26.129663906250002,445.0
2025-11-03,rev_yoy,6215,sell,hypothetical_quote_sale,,,,17611.499999976862,25.096387500000002,445.0
2025-11-03,rev_yoy,6869,sell,hypothetical_quote_sale,,,,18902.014999945517,26.935371375,445.0
2025-11-03,rev_yoy,8104,sell,hypothetical_quote_sale,,,,68.57887697084918,20.0,445.0
2025-11-03,rev_yoy,2236,buy,hypothetical_quote_buy,205.0,0.0,205.0,18851.2875,26.8630846875,
2025-11-03,rev_yoy,2539,buy,hypothetical_quote_buy,390.0,0.0,390.0,18852.795,26.865232875,
2025-11-03,rev_yoy,2881,buy,hypothetical_quote_buy,205.0,0.0,205.0,18789.48,26.775009,
2025-11-03,rev_yoy,6177,buy,buy_limit_not_met,380.0,,,,,
2025-11-03,rev_yoy,6541,buy,hypothetical_quote_buy,334.0,0.0,334.0,18831.087,26.834298975,
2025-11-03,rev_yoy,9902,buy,hypothetical_quote_buy,1120.0,1000.0,120.0,18628.679999999997,43.701668749999996,
2025-11-03,rev_yoy,2345,buy,hypothetical_quote_buy,5.0,0.0,5.0,5401.874999999999,20.0,
2025-11-03,rev_yoy,1532,buy,hypothetical_quote_buy,10.0,0.0,10.0,263.8125,20.0,
2025-11-03,rev_yoy,2408,buy,cash_or_one_share_gate,0.0,,,,,
2025-11-03,rev_yoy,2891,buy,cash_or_one_share_gate,0.0,,,,,
2025-12-01,rev_yoy,1532,sell,hypothetical_quote_sale,,,,280.5900000002577,20.0,465.0
2025-12-01,rev_yoy,2345,sell,hypothetical_quote_sale,,,,5149.12500001384,20.0,465.0
2025-12-01,rev_yoy,2363,sell,hypothetical_quote_sale,,,,13817.046010883127,20.0,465.0
2025-12-01,rev_yoy,2539,sell,hypothetical_quote_sale,,,,18044.325000002456,25.713163125,465.0
2025-12-01,rev_yoy,2881,sell,hypothetical_quote_sale,,,,18867.687499889344,26.75530125,465.0
2025-12-01,rev_yoy,3563,sell,hypothetical_quote_sale,,,,9618.809912314111,20.0,465.0
2025-12-01,rev_yoy,6669,sell,hypothetical_quote_sale,,,,22735.75000000638,32.39844375,465.0
2025-12-01,rev_yoy,8478,sell,hypothetical_quote_sale,,,,16227.952499989966,23.124832312500004,465.0
2025-12-01,rev_yoy,3535,buy,buy_limit_not_met,225.0,,,,,
2025-12-01,rev_yoy,2548,buy,hypothetical_quote_buy,178.0,0.0,178.0,18604.559999999998,26.511497999999996,
2025-12-01,rev_yoy,8473,buy,hypothetical_quote_buy,511.0,0.0,511.0,18821.790749999996,26.821051818749996,
2025-12-01,rev_yoy,2465,buy,hypothetical_quote_buy,297.0,0.0,297.0,16864.402499999997,24.031773562499996,
2025-12-01,rev_yoy,6550,buy,hypothetical_quote_buy,9.0,0.0,9.0,276.777,20.0,
2025-12-01,rev_yoy,6869,buy,cash_or_one_share_gate,0.0,,,,,
2025-12-01,rev_yoy,2442,buy,cash_or_one_share_gate,0.0,,,,,
2025-12-01,rev_yoy,5519,buy,cash_or_one_share_gate,0.0,,,,,
2025-12-01,rev_yoy,2485,buy,cash_or_one_share_gate,0.0,,,,,
2025-12-01,rev_yoy,2887,buy,cash_or_one_share_gate,0.0,,,,,
2025-12-01,rev_yoy,8045,buy,cash_or_one_share_gate,0.0,,,,,
2026-01-02,rev_yoy,2465,sell,hypothetical_quote_sale,,,,17139.86999998398,24.42431475,487.0
2026-01-02,rev_yoy,6550,sell,hypothetical_quote_sale,,,,281.18699999980123,20.0,487.0
2026-01-02,rev_yoy,8473,sell,hypothetical_quote_sale,,,,19092.109749989824,27.20625639375,487.0
2026-01-02,rev_yoy,9902,sell,hypothetical_quote_sale,,,,18889.07999994345,44.032981250000006,487.0
2026-01-02,rev_yoy,3535,buy,hypothetical_quote_buy,201.0,0.0,201.0,18887.4675,26.9146411875,
2026-01-02,rev_yoy,6994,buy,buy_limit_not_met,205.0,,,,,
2026-01-02,rev_yoy,2485,buy,hypothetical_quote_buy,711.0,0.0,711.0,18935.707499999997,26.983383187499996,
2026-01-02,rev_yoy,2408,buy,hypothetical_quote_buy,97.0,0.0,97.0,18765.8625,26.7413540625,
2026-01-02,rev_yoy,2427,buy,hypothetical_quote_buy,706.0,0.0,706.0,18944.450999999997,26.995842675,
2026-01-02,rev_yoy,5522,buy,buy_limit_not_met,245.0,,,,,
2026-01-02,rev_yoy,2887,buy,hypothetical_quote_buy,920.0,0.0,920.0,18861.839999999997,26.878121999999998,
2026-01-02,rev_yoy,6669,buy,buy_limit_not_met,2.0,,,,,
2026-01-02,rev_yoy,2855,buy,hypothetical_quote_buy,401.0,0.0,401.0,9631.8195,20.0,
2026-01-02,rev_yoy,3443,buy,cash_or_one_share_gate,0.0,,,,,
2026-01-02,rev_yoy,2883,buy,hypothetical_quote_buy,2.0,0.0,2.0,34.6725,20.0,
2026-02-02,rev_yoy,2427,sell,hypothetical_quote_sale,,,,17772.491000002927,25.325799675000003,508.0
2026-02-02,rev_yoy,2485,sell,hypothetical_quote_sale,,,,28368.544500000004,40.42517591250001,508.0
2026-02-02,rev_yoy,2855,sell,hypothetical_quote_sale,,,,11511.00575001973,20.0,508.0
2026-02-02,rev_yoy,2883,sell,hypothetical_quote_sale,,,,35.72050000001932,20.0,508.0
2026-02-02,rev_yoy,3535,sell,hypothetical_quote_sale,,,,20199.49499996479,28.784280375000005,508.0
2026-02-02,rev_yoy,2536,buy,hypothetical_quote_buy,836.0,0.0,836.0,18651.995999999996,26.579094299999994,
2026-02-02,rev_yoy,4142,buy,buy_limit_not_met,986.0,,,,,
2026-02-02,rev_yoy,5522,buy,hypothetical_quote_buy,283.0,0.0,283.0,18686.065499999997,26.627643337499997,
2026-02-02,rev_yoy,8478,buy,hypothetical_quote_buy,95.0,0.0,95.0,17519.6625,24.9655190625,
2026-02-02,rev_yoy,6994,buy,hypothetical_quote_buy,1.0,0.0,1.0,89.24399999999999,20.0,
2026-02-02,rev_yoy,7740,buy,cash_or_one_share_gate,0.0,,,,,
2026-02-02,rev_yoy,6885,buy,hypothetical_quote_buy,2.0,0.0,2.0,54.06899999999999,20.0,
2026-02-02,rev_yoy,3231,buy,cash_or_one_share_gate,0.0,,,,,
2026-02-02,rev_yoy,6139,buy,cash_or_one_share_gate,0.0,,,,,
2026-03-02,rev_yoy,2236,sell,hypothetical_quote_sale,,,,23827.68291595603,33.806393625,520.0
2026-03-02,rev_yoy,2528,sell,hypothetical_quote_sale,,,,14640.62257903207,20.847370593750004,520.0
2026-03-02,rev_yoy,2536,sell,hypothetical_quote_sale,,,,19547.770000052667,27.85557225,520.0
2026-03-02,rev_yoy,2887,sell,hypothetical_quote_sale,,,,22930.76999994133,32.64082948125,520.0
2026-03-02,rev_yoy,2442,buy,hypothetical_quote_buy,941.0,0.0,941.0,18535.818,26.41354065,
2026-03-02,rev_yoy,3535,buy,hypothetical_quote_buy,147.0,0.0,147.0,18540.742499999997,26.420558062499996,
2026-03-02,rev_yoy,6177,buy,hypothetical_quote_buy,396.0,0.0,396.0,18844.353,26.853203025,
2026-03-02,rev_yoy,7740,buy,hypothetical_quote_buy,101.0,0.0,101.0,18270.899999999998,26.036032499999997,
2026-03-02,rev_yoy,5484,buy,hypothetical_quote_buy,81.0,0.0,81.0,3154.4437499999995,20.0,
2026-03-02,rev_yoy,3308,buy,hypothetical_quote_buy,1.0,0.0,1.0,24.220499999999998,20.0,
2026-03-02,rev_yoy,2451,buy,cash_or_one_share_gate,0.0,,,,,
2026-03-02,rev_yoy,2542,buy,cash_or_one_share_gate,0.0,,,,,
2026-04-01,rev_yoy,2442,sell,hypothetical_quote_sale,,,,19194.047499976357,27.322451250000004,542.0
2026-04-01,rev_yoy,3308,sell,hypothetical_quote_sale,,,,20.09899999998339,20.0,542.0
2026-04-01,rev_yoy,5484,sell,hypothetical_quote_sale,,,,3360.8115000000003,20.0,542.0
2026-04-01,rev_yoy,6885,sell,hypothetical_quote_sale,,,,48.158,20.0,542.0
2026-04-01,rev_yoy,6994,sell,hypothetical_quote_sale,,,,73.82900000001219,20.0,542.0
2026-04-01,rev_yoy,8478,sell,hypothetical_quote_sale,,,,15218.524999983127,21.686398125,542.0
2026-04-01,rev_yoy,2542,buy,buy_limit_not_met,539.0,,,,,
2026-04-01,rev_yoy,6550,buy,buy_limit_not_met,980.0,,,,,
2026-04-01,rev_yoy,8926,buy,buy_limit_not_met,434.0,,,,,
2026-04-01,rev_yoy,9906,buy,buy_limit_not_met,467.0,,,,,
2026-04-01,rev_yoy,1618,buy,buy_limit_not_met,495.0,,,,,
2026-04-01,rev_yoy,2451,buy,buy_limit_not_met,89.0,,,,,
2026-04-01,rev_yoy,2539,buy,buy_limit_not_met,392.0,,,,,
2026-04-01,rev_yoy,2855,buy,buy_limit_not_met,589.0,,,,,
2026-05-04,rev_yoy,6541,sell,hypothetical_quote_sale,,,,13293.200000039495,20.0,562.0
2026-05-04,rev_yoy,2243,buy,buy_limit_not_met,689.0,,,,,
2026-05-04,rev_yoy,2442,buy,hypothetical_quote_buy,1028.0,1000.0,28.0,18906.461999999996,46.2078875,
2026-05-04,rev_yoy,2542,buy,hypothetical_quote_buy,467.0,0.0,467.0,18867.267,26.885855475,
2026-05-04,rev_yoy,3054,buy,hypothetical_quote_buy,284.0,0.0,284.0,18894.803999999996,26.925095699999996,
2026-05-04,rev_yoy,6550,buy,hypothetical_quote_buy,1072.0,1000.0,72.0,18853.8,45.0621875,
2026-05-04,rev_yoy,8926,buy,buy_limit_not_met,423.0,,,,,
2026-05-04,rev_yoy,2451,buy,buy_limit_not_met,74.0,,,,,
2026-05-04,rev_yoy,2348,buy,hypothetical_quote_buy,264.0,0.0,264.0,18811.188,26.805942899999998,
2026-05-04,rev_yoy,2855,buy,buy_limit_not_met,527.0,,,,,
2026-06-01,rev_yoy,2348,sell,hypothetical_quote_sale,,,,17914.775999885846,25.431856725000003,582.0
2026-06-01,rev_yoy,3535,sell,hypothetical_quote_sale,,,,18209.992500048786,25.9492393125,582.0
2026-06-01,rev_yoy,5522,sell,hypothetical_quote_sale,,,,20499.388000002524,29.2116279,582.0
2026-06-01,rev_yoy,6177,sell,hypothetical_quote_sale,,,,16726.148999995123,23.834762325000003,582.0
2026-06-01,rev_yoy,6550,sell,hypothetical_quote_sale,,,,14186.311999974429,40.0,582.0
2026-06-01,rev_yoy,1808,buy,hypothetical_quote_buy,636.0,0.0,636.0,18536.219999999998,26.4141135,
2026-06-01,rev_yoy,2527,buy,hypothetical_quote_buy,496.0,0.0,496.0,18319.14,26.1047745,
2026-06-01,rev_yoy,2530,buy,buy_limit_not_met,4.0,,,,,
2026-06-01,rev_yoy,2887,buy,hypothetical_quote_buy,3.0,0.0,3.0,70.40025,20.0,
2026-06-01,rev_yoy,4142,buy,cash_or_one_share_gate,0.0,,,,,
2026-06-01,rev_yoy,8926,buy,cash_or_one_share_gate,0.0,,,,,
2026-06-01,rev_yoy,9946,buy,cash_or_one_share_gate,0.0,,,,,
2026-06-01,rev_yoy,2101,buy,cash_or_one_share_gate,0.0,,,,,
2026-06-01,rev_yoy,2451,buy,cash_or_one_share_gate,0.0,,,,,
2026-07-01,rev_yoy,2442,sell,hypothetical_quote_sale,,,,19843.483999966185,47.506775,603.0
2026-07-01,rev_yoy,2527,sell,hypothetical_quote_sale,,,,20209.644000006017,28.798742700000005,603.0
2026-07-01,rev_yoy,7740,sell,hypothetical_quote_sale,,,,15224.9925,21.695614312500002,603.0
2026-07-01,rev_yoy,2451,buy,buy_limit_not_met,70.0,,,,,
2026-07-01,rev_yoy,2537,buy,buy_limit_not_met,1730.0,,,,,
2026-07-01,rev_yoy,2539,buy,buy_limit_not_met,482.0,,,,,
2026-07-01,rev_yoy,2851,buy,hypothetical_quote_buy,519.0,0.0,519.0,18933.898499999996,26.980805362499996,
2026-07-01,rev_yoy,2855,buy,buy_limit_not_met,375.0,,,,,
2026-07-01,rev_yoy,2889,buy,hypothetical_quote_buy,1264.0,1000.0,264.0,18927.768,41.3386625,
2026-07-01,rev_yoy,3135,buy,buy_limit_not_met,104.0,,,,,
2026-07-01,rev_yoy,5522,buy,buy_limit_not_met,290.0,,,,,
2026-07-01,rev_yoy,6541,buy,buy_limit_not_met,468.0,,,,,
2026-08-03,rev_yoy,2887,sell,hypothetical_quote_sale,,,,110.16733584722017,20.0,625.0
2026-08-03,rev_yoy,2889,sell,hypothetical_quote_sale,,,,19619.807999923363,42.11885,625.0
2026-08-03,rev_yoy,3054,sell,hypothetical_quote_sale,,,,13731.294814816909,20.0,625.0
2026-08-03,rev_yoy,2528,buy,hypothetical_quote_buy,968.0,0.0,968.0,18727.17,26.68621725,
2026-08-03,rev_yoy,2885,buy,hypothetical_quote_buy,275.0,0.0,275.0,18682.949999999997,26.62320375,
2026-08-03,rev_yoy,3535,buy,hypothetical_quote_buy,243.0,0.0,243.0,18804.554999999997,26.796490874999996,
2026-08-03,rev_yoy,7740,buy,hypothetical_quote_buy,133.0,0.0,133.0,18913.597499999996,26.951876437499994,
2026-08-03,rev_yoy,8926,buy,hypothetical_quote_buy,318.0,0.0,318.0,18887.769,26.915070825,
2026-08-03,rev_yoy,2451,buy,hypothetical_quote_buy,33.0,0.0,33.0,9485.189999999999,20.0,
2026-08-03,rev_yoy,5534,buy,buy_limit_not_met,6.0,,,,,
2026-08-03,rev_yoy,2855,buy,hypothetical_quote_buy,12.0,0.0,12.0,517.3739999999999,20.0,
2026-08-03,rev_yoy,2539,buy,cash_or_one_share_gate,0.0,,,,,
2026-08-03,rev_yoy,2536,buy,cash_or_one_share_gate,0.0,,,,,
2026-09-01,rev_yoy,2528,sell,hypothetical_quote_sale,,,,19263.199999965564,27.4217025,646.0
2026-09-01,rev_yoy,2542,sell,hypothetical_quote_sale,,,,21630.155749994898,30.822971943749998,646.0
2026-09-01,rev_yoy,2548,sell,hypothetical_quote_sale,,,,18523.601895895416,26.268828337499997,646.0
2026-09-01,rev_yoy,2851,sell,hypothetical_quote_sale,,,,23238.224999997175,33.114470624999996,646.0
2026-09-01,rev_yoy,2855,sell,hypothetical_quote_sale,,,,591.0299999997158,20.0,646.0
2026-09-01,rev_yoy,2885,sell,hypothetical_quote_sale,,,,18497.916666686193,26.35829625,646.0
2026-09-01,rev_yoy,3535,sell,hypothetical_quote_sale,,,,21228.723000006554,30.250930274999998,646.0
2026-09-01,rev_yoy,2465,buy,hypothetical_quote_buy,199.0,0.0,199.0,18819.529499999997,26.817829537499996,
2026-09-01,rev_yoy,5522,buy,hypothetical_quote_buy,231.0,0.0,231.0,14254.317,20.312401725,
2026-09-01,rev_yoy,6177,buy,hypothetical_quote_buy,3.0,0.0,3.0,141.85574999999997,20.0,
2026-09-01,rev_yoy,2425,buy,cash_or_one_share_gate,0.0,,,,,
2026-09-01,rev_yoy,2887,buy,cash_or_one_share_gate,0.0,,,,,
2026-09-01,rev_yoy,3006,buy,cash_or_one_share_gate,0.0,,,,,
2026-09-01,rev_yoy,2101,buy,cash_or_one_share_gate,0.0,,,,,
2026-09-01,rev_yoy,6515,buy,cash_or_one_share_gate,0.0,,,,,
2026-09-01,rev_yoy,6541,buy,cash_or_one_share_gate,0.0,,,,,
2026-09-01,rev_yoy,2348,buy,cash_or_one_share_gate,0.0,,,,,
2026-10-01,rev_yoy,5522,sell,hypothetical_quote_sale,,,,14020.544999986516,20.0,666.0
2026-10-01,rev_yoy,2348,buy,hypothetical_quote_buy,266.0,0.0,266.0,18820.032,26.8185456,
2026-10-01,rev_yoy,3535,buy,hypothetical_quote_buy,204.0,0.0,204.0,18861.84,26.878122,
2026-10-01,rev_yoy,3006,buy,hypothetical_quote_buy,65.0,0.0,65.0,18617.624999999996,26.530115624999997,
2026-10-01,rev_yoy,2059,buy,buy_limit_not_met,1.0,,,,,
2026-10-01,rev_yoy,8112,buy,hypothetical_quote_buy,226.0,0.0,226.0,18874.502999999997,26.896166774999998,
2026-10-01,rev_yoy,2344,buy,hypothetical_quote_buy,104.0,0.0,104.0,18604.559999999998,26.511497999999996,
2026-10-01,rev_yoy,7711,buy,hypothetical_quote_buy,33.0,0.0,33.0,18605.565,26.512930125,
2026-10-01,rev_yoy,3041,buy,hypothetical_quote_buy,401.0,0.0,401.0,9813.17175,20.0,
