date,model,cash,unsettled_cash,holdings,quote_proxy_nav,traded_value,costs,failed_candidates
2024-01-02,price_ridge,54538.246866818794,0.0,13,300833.0468668533,245082.46574999997,379.28738318124994,2
2024-01-03,price_ridge,54538.246866818794,0.0,13,300499.34686687606,0.0,0.0,0
2024-01-04,price_ridge,54538.246866818794,0.0,13,298756.34686693305,0.0,0.0,0
2024-01-05,price_ridge,54538.246866818794,0.0,13,300437.34686690744,0.0,0.0,0
2024-01-08,price_ridge,54538.246866818794,0.0,13,300586.54686705786,0.0,0.0,0
2024-01-09,price_ridge,54538.246866818794,0.0,13,298690.04686683835,0.0,0.0,0
2024-01-10,price_ridge,54538.246866818794,0.0,13,295691.5468669602,0.0,0.0,0
2024-01-11,price_ridge,54538.246866818794,0.0,13,296426.9468669641,0.0,0.0,0
2024-01-12,price_ridge,54538.246866818794,0.0,13,294869.3468669574,0.0,0.0,0
2024-01-15,price_ridge,54538.246866818794,0.0,13,295350.3968668753,0.0,0.0,0
2024-01-16,price_ridge,54538.246866818794,0.0,13,292554.89686694695,0.0,0.0,0
2024-01-17,price_ridge,54538.246866818794,0.0,13,290156.19686698297,0.0,0.0,0
2024-01-18,price_ridge,54538.246866818794,0.0,13,291204.9468670647,0.0,0.0,0
2024-01-19,price_ridge,54538.246866818794,0.0,13,291898.2968668273,0.0,0.0,0
2024-01-22,price_ridge,54538.246866818794,0.0,13,293743.8968669256,0.0,0.0,0
2024-01-23,price_ridge,54538.246866818794,0.0,13,294311.6968670393,0.0,0.0,0
2024-01-24,price_ridge,54538.246866818794,0.0,13,295274.6468669079,0.0,0.0,0
2024-01-25,price_ridge,54538.246866818794,0.0,13,295255.24686684576,0.0,0.0,0
2024-01-26,price_ridge,54538.246866818794,0.0,13,295577.19686706155,0.0,0.0,0
2024-01-29,price_ridge,54538.246866818794,0.0,13,295518.39686698176,0.0,0.0,0
2024-01-30,price_ridge,54538.246866818794,0.0,13,294930.84686695057,0.0,0.0,0
2024-01-31,price_ridge,54538.246866818794,0.0,13,295239.1968668432,0.0,0.0,0
2024-02-01,price_ridge,15022.247366818798,220875.8820309203,4,293679.27939777065,261303.98450012694,1112.1029692066309,11
2024-02-02,price_ridge,15022.247366818798,220875.8820309203,4,293386.7293977756,0.0,0.0,0
2024-02-05,price_ridge,235898.1293977391,0.0,4,292789.2293978486,0.0,0.0,0
2024-02-15,price_ridge,235898.1293977391,0.0,4,293009.5293976926,0.0,0.0,0
2024-02-16,price_ridge,235898.1293977391,0.0,4,293723.5293976908,0.0,0.0,0
2024-02-19,price_ridge,235898.1293977391,0.0,4,295515.9793977689,0.0,0.0,0
2024-02-20,price_ridge,235898.1293977391,0.0,4,294899.12939760066,0.0,0.0,0
2024-02-21,price_ridge,235898.1293977391,0.0,4,295135.1293976459,0.0,0.0,0
2024-02-22,price_ridge,235898.1293977391,0.0,4,295093.32939775236,0.0,0.0,0
2024-02-23,price_ridge,235898.1293977391,0.0,4,295213.379397691,0.0,0.0,0
2024-02-26,price_ridge,235898.1293977391,0.0,4,295101.9793977034,0.0,0.0,0
2024-02-27,price_ridge,235898.1293977391,0.0,4,295258.17939774634,0.0,0.0,0
2024-02-29,price_ridge,235898.1293977391,0.0,4,295970.52939777664,0.0,0.0,0
2024-03-01,price_ridge,15062.992872707928,59318.469799625345,12,295086.0126722257,280144.24274998775,621.3829753937134,3
2024-03-04,price_ridge,15062.992872707928,59318.469799625345,12,295401.4626722647,0.0,0.0,0
2024-03-05,price_ridge,74381.46267233328,0.0,12,296181.7126723891,0.0,0.0,0
2024-03-06,price_ridge,74381.46267233328,0.0,12,297564.61267226475,0.0,0.0,0
2024-03-07,price_ridge,74381.46267233328,0.0,12,297767.0626723104,0.0,0.0,0
2024-03-08,price_ridge,74381.46267233328,0.0,12,296126.41267228173,0.0,0.0,0
2024-03-11,price_ridge,74381.46267233328,0.0,12,297894.9626723039,0.0,0.0,0
2024-03-12,price_ridge,74381.46267233328,0.0,12,300104.6626725111,0.0,0.0,0
2024-03-13,price_ridge,74381.46267233328,0.0,12,299703.6126723832,0.0,0.0,0
2024-03-14,price_ridge,74381.46267233328,0.0,12,299048.2126722259,0.0,0.0,0
2024-03-15,price_ridge,74381.46267233328,0.0,12,298052.21267226705,0.0,0.0,0
2024-03-18,price_ridge,74381.46267233328,0.0,12,298578.76267250313,0.0,0.0,0
2024-03-19,price_ridge,74381.46267233328,0.0,12,300414.0126722586,0.0,0.0,0
2024-03-20,price_ridge,74381.46267233328,0.0,12,303508.2626724236,0.0,0.0,0
2024-03-21,price_ridge,74381.46267233328,0.0,12,304957.1626724145,0.0,0.0,0
2024-03-22,price_ridge,74381.46267233328,0.0,12,303520.6105765169,0.0,0.0,0
2024-03-25,price_ridge,74381.46267233328,0.0,12,304931.1807362289,0.0,0.0,0
2024-03-26,price_ridge,74381.46267233328,0.0,12,303053.47225320793,0.0,0.0,0
2024-03-27,price_ridge,74381.46267233328,0.0,12,304463.32225328265,0.0,0.0,0
2024-03-28,price_ridge,74381.46267233328,0.0,12,305394.3573830665,0.0,0.0,0
2024-03-29,price_ridge,74381.46267233328,0.0,12,305872.9541892483,0.0,0.0,0
2024-04-01,price_ridge,15019.847968383277,211623.00009307932,5,304863.548061367,271826.49695410416,1043.2505649748125,10
2024-04-02,price_ridge,15019.847968383277,211623.00009307932,5,304643.09806137346,0.0,0.0,0
2024-04-03,price_ridge,226642.8480614626,0.0,5,304001.84806140675,0.0,0.0,0
2024-04-08,price_ridge,226642.8480614626,0.0,5,304714.6480615082,0.0,0.0,0
2024-04-09,price_ridge,226642.8480614626,0.0,5,304679.1480614417,0.0,0.0,0
2024-04-10,price_ridge,226642.8480614626,0.0,5,305098.7480613672,0.0,0.0,0
2024-04-11,price_ridge,226642.8480614626,0.0,5,304653.54806135554,0.0,0.0,0
2024-04-12,price_ridge,226642.8480614626,0.0,5,305032.99806141044,0.0,0.0,0
2024-04-15,price_ridge,226642.8480614626,0.0,5,306181.2480614814,0.0,0.0,0
2024-04-16,price_ridge,226642.8480614626,0.0,5,304471.34806145076,0.0,0.0,0
2024-04-17,price_ridge,226642.8480614626,0.0,5,305064.69806146633,0.0,0.0,0
2024-04-18,price_ridge,226642.8480614626,0.0,5,307359.4480614413,0.0,0.0,0
2024-04-19,price_ridge,226642.8480614626,0.0,5,308522.0480614483,0.0,0.0,0
2024-04-22,price_ridge,226642.8480614626,0.0,5,308357.4980614891,0.0,0.0,0
2024-04-23,price_ridge,226642.8480614626,0.0,5,309968.998061439,0.0,0.0,0
2024-04-24,price_ridge,226642.8480614626,0.0,5,309730.2980615121,0.0,0.0,0
2024-04-25,price_ridge,226642.8480614626,0.0,5,310847.6980613743,0.0,0.0,0
2024-04-26,price_ridge,226642.8480614626,0.0,5,311578.1480614747,0.0,0.0,0
2024-04-29,price_ridge,226642.8480614626,0.0,5,313250.09806148533,0.0,0.0,0
2024-04-30,price_ridge,226642.8480614626,0.0,5,313976.74806134205,0.0,0.0,0
2024-05-02,price_ridge,15078.979687362618,86418.00993222313,12,314139.8896194262,298048.0747499292,733.7411918060376,3
2024-05-03,price_ridge,15078.979687362618,86418.00993222313,12,312551.93961956346,0.0,0.0,0
2024-05-06,price_ridge,101496.98961958574,0.0,12,313824.7896195523,0.0,0.0,0
2024-05-07,price_ridge,101496.98961958574,0.0,12,314990.4396196451,0.0,0.0,0
2024-05-08,price_ridge,101496.98961958574,0.0,12,313486.7896195684,0.0,0.0,0
2024-05-09,price_ridge,101496.98961958574,0.0,12,312741.6896195444,0.0,0.0,0
2024-05-10,price_ridge,101496.98961958574,0.0,12,315280.78961953055,0.0,0.0,0
2024-05-13,price_ridge,101496.98961958574,0.0,12,314780.8896194855,0.0,0.0,0
2024-05-14,price_ridge,101496.98961958574,0.0,12,314842.43961961067,0.0,0.0,0
2024-05-15,price_ridge,101496.98961958574,0.0,12,317586.6396194316,0.0,0.0,0
2024-05-16,price_ridge,101496.98961958574,0.0,12,317079.38961958664,0.0,0.0,0
2024-05-17,price_ridge,101496.98961958574,0.0,12,319602.78961955296,0.0,0.0,0
2024-05-20,price_ridge,101496.98961958574,0.0,12,321314.28961962124,0.0,0.0,0
2024-05-21,price_ridge,101496.98961958574,0.0,12,322982.28961952403,0.0,0.0,0
2024-05-22,price_ridge,101496.98961958574,0.0,12,326493.8896195272,0.0,0.0,0
2024-05-23,price_ridge,101496.98961958574,0.0,12,322939.7396196951,0.0,0.0,0
2024-05-24,price_ridge,101496.98961958574,0.0,12,324280.3396196255,0.0,0.0,0
2024-05-27,price_ridge,101496.98961958574,0.0,12,325109.8896195843,0.0,0.0,0
2024-05-28,price_ridge,101496.98961958574,0.0,12,326240.3396195569,0.0,0.0,0
2024-05-29,price_ridge,101496.98961958574,0.0,12,326268.38961957535,0.0,0.0,0
2024-05-30,price_ridge,101496.98961958574,0.0,12,325097.68961953424,0.0,0.0,0
2024-05-31,price_ridge,101496.98961958574,0.0,12,327468.639619693,0.0,0.0,0
2024-06-03,price_ridge,15026.741942360752,225531.38723848632,6,325853.0791807764,312889.1902499738,1182.8191887124215,9
2024-06-04,price_ridge,15026.741942360752,225531.38723848632,6,325399.0291808498,0.0,0.0,0
2024-06-05,price_ridge,240558.12918084709,0.0,6,326017.92918071174,0.0,0.0,0
2024-06-06,price_ridge,240558.12918084709,0.0,6,324829.32918095007,0.0,0.0,0
2024-06-07,price_ridge,240558.12918084709,0.0,6,326145.6291808098,0.0,0.0,0
2024-06-11,price_ridge,240558.12918084709,0.0,6,326866.22918087675,0.0,0.0,0
2024-06-12,price_ridge,240558.12918084709,0.0,6,327899.2291807247,0.0,0.0,0
2024-06-13,price_ridge,240558.12918084709,0.0,6,329706.429180806,0.0,0.0,0
2024-06-14,price_ridge,240558.12918084709,0.0,6,329571.47918073076,0.0,0.0,0
2024-06-17,price_ridge,240558.12918084709,0.0,6,328810.92918075394,0.0,0.0,0
2024-06-18,price_ridge,240558.12918084709,0.0,6,327836.6006094132,0.0,0.0,0
2024-06-19,price_ridge,240558.12918084709,0.0,6,327330.933942712,0.0,0.0,0
2024-06-20,price_ridge,240558.12918084709,0.0,6,327760.4744189463,0.0,0.0,0
2024-06-21,price_ridge,240558.12918084709,0.0,6,328287.75775228225,0.0,0.0,0
2024-06-24,price_ridge,240558.12918084709,0.0,6,327739.7815617071,0.0,0.0,0
2024-06-25,price_ridge,240558.12918084709,0.0,6,328051.94108551147,0.0,0.0,0
2024-06-26,price_ridge,240558.12918084709,0.0,6,330224.2553712288,0.0,0.0,0
2024-06-27,price_ridge,240558.12918084709,0.0,6,330625.0588549654,0.0,0.0,0
2024-06-28,price_ridge,240558.12918084709,0.0,6,330234.2118356112,0.0,0.0,0
2024-07-01,price_ridge,70605.64401752836,76932.03336343478,10,328849.7773810656,246989.00738601777,619.0496859018035,5
2024-07-02,price_ridge,70605.64401752836,76932.03336343478,10,327612.6391161343,0.0,0.0,0
2024-07-03,price_ridge,147537.67738096314,0.0,10,328107.5506830528,0.0,0.0,0
2024-07-04,price_ridge,147537.67738096314,0.0,10,328799.6171260163,0.0,0.0,0
2024-07-05,price_ridge,147537.67738096314,0.0,10,328687.5895279979,0.0,0.0,0
2024-07-08,price_ridge,147537.67738096314,0.0,10,328652.28648789006,0.0,0.0,0
2024-07-09,price_ridge,147537.67738096314,0.0,10,325591.1534290131,0.0,0.0,0
2024-07-10,price_ridge,147537.67738096314,0.0,10,325987.94326208916,0.0,0.0,0
2024-07-11,price_ridge,147537.67738096314,0.0,10,325217.51550727175,0.0,0.0,0
2024-07-12,price_ridge,147537.67738096314,0.0,10,325162.066377087,0.0,0.0,0
2024-07-15,price_ridge,147537.67738096314,0.0,10,324309.0602140835,0.0,0.0,0
2024-07-16,price_ridge,147537.67738096314,0.0,10,323607.88134431676,0.0,0.0,0
2024-07-17,price_ridge,147537.67738096314,0.0,10,325374.0443519164,0.0,0.0,0
2024-07-18,price_ridge,147537.67738096314,0.0,10,324967.15823435225,0.0,0.0,0
2024-07-19,price_ridge,147537.67738096314,0.0,10,323427.39022124076,0.0,0.0,0
2024-07-22,price_ridge,147537.67738096314,0.0,10,320723.11165828013,0.0,0.0,0
2024-07-23,price_ridge,147537.67738096314,0.0,10,322144.2634626444,0.0,0.0,0
2024-07-26,price_ridge,147537.67738096314,0.0,10,322151.3800454273,0.0,0.0,0
2024-07-29,price_ridge,147537.67738096314,0.0,10,321524.1181193482,0.0,0.0,0
2024-07-30,price_ridge,147537.67738096314,0.0,10,322035.4122874413,0.0,0.0,0
2024-07-31,price_ridge,147537.67738096314,0.0,10,322125.5472263274,0.0,0.0,0
2024-08-01,price_ridge,15002.340335894398,136492.3466889835,10,322244.1574351939,269408.908493326,835.5998494112278,5
2024-08-02,price_ridge,15002.340335894398,136492.3466889835,10,319024.85454341426,0.0,0.0,0
2024-08-05,price_ridge,151494.6870248779,0.0,10,311273.7371931664,0.0,0.0,0
2024-08-06,price_ridge,151494.6870248779,0.0,10,310162.49008474476,0.0,0.0,0
2024-08-07,price_ridge,151494.6870248779,0.0,10,314259.14297654317,0.0,0.0,0
2024-08-08,price_ridge,151494.6870248779,0.0,10,315797.14297655376,0.0,0.0,0
2024-08-09,price_ridge,151494.6870248779,0.0,10,317065.79876000155,0.0,0.0,0
2024-08-12,price_ridge,151494.6870248779,0.0,10,320006.2016516293,0.0,0.0,0
2024-08-13,price_ridge,151494.6870248779,0.0,10,319472.9016516978,0.0,0.0,0
2024-08-14,price_ridge,151494.6870248779,0.0,10,321220.2545436006,0.0,0.0,0
2024-08-15,price_ridge,151494.6870248779,0.0,10,321644.65454361716,0.0,0.0,0
2024-08-16,price_ridge,151494.6870248779,0.0,10,321388.707435231,0.0,0.0,0
2024-08-19,price_ridge,151494.6870248779,0.0,10,320707.3074354122,0.0,0.0,0
2024-08-20,price_ridge,151494.6870248779,0.0,10,321607.50454354973,0.0,0.0,0
2024-08-21,price_ridge,151494.6870248779,0.0,10,321413.5545434833,0.0,0.0,0
2024-08-22,price_ridge,151494.6870248779,0.0,10,321682.9045434475,0.0,0.0,0
2024-08-23,price_ridge,151494.6870248779,0.0,10,320830.998760023,0.0,0.0,0
2024-08-26,price_ridge,151494.6870248779,0.0,10,322224.87436477374,0.0,0.0,0
2024-08-27,price_ridge,151494.6870248779,0.0,10,323224.1903109357,0.0,0.0,0
2024-08-28,price_ridge,151494.6870248779,0.0,10,321387.37220375636,0.0,0.0,0
2024-08-29,price_ridge,151494.6870248779,0.0,10,319847.1352581664,0.0,0.0,0
2024-08-30,price_ridge,151494.6870248779,0.0,10,322099.64320276445,0.0,0.0,0
2024-09-02,price_ridge,15158.136373077916,112103.71945462274,11,320010.8859251147,248754.80405740117,759.2652545784537,4
2024-09-03,price_ridge,15158.136373077916,112103.71945462274,11,319461.1489796743,0.0,0.0,0
2024-09-04,price_ridge,127261.85582770065,0.0,11,315237.9200363371,0.0,0.0,0
2024-09-05,price_ridge,127261.85582770065,0.0,11,315393.83598259767,0.0,0.0,0
2024-09-06,price_ridge,127261.85582770065,0.0,11,315669.2642239011,0.0,0.0,0
2024-09-09,price_ridge,127261.85582770065,0.0,11,315024.9881437456,0.0,0.0,0
2024-09-10,price_ridge,127261.85582770065,0.0,11,314866.23887431255,0.0,0.0,0
2024-09-11,price_ridge,127261.85582770065,0.0,11,317032.5468474821,0.0,0.0,0
2024-09-12,price_ridge,127261.85582770065,0.0,11,317862.2446579399,0.0,0.0,0
2024-09-13,price_ridge,127261.85582770065,0.0,11,318672.82073845103,0.0,0.0,0
2024-09-16,price_ridge,127261.85582770065,0.0,11,319917.1627650615,0.0,0.0,0
2024-09-18,price_ridge,127261.85582770065,0.0,11,320954.11276510835,0.0,0.0,0
2024-09-19,price_ridge,127261.85582770065,0.0,11,320566.6837642575,0.0,0.0,0
2024-09-20,price_ridge,127261.85582770065,0.0,11,321831.217817654,0.0,0.0,0
2024-09-23,price_ridge,127261.85582770065,0.0,11,320023.6417373022,0.0,0.0,0
2024-09-24,price_ridge,127261.85582770065,0.0,11,319196.3120342991,0.0,0.0,0
2024-09-25,price_ridge,127261.85582770065,0.0,11,319070.4149261457,0.0,0.0,0
2024-09-26,price_ridge,127261.85582770065,0.0,11,317576.2460880285,0.0,0.0,0
2024-09-27,price_ridge,127261.85582770065,0.0,11,319527.99100667454,0.0,0.0,0
2024-09-30,price_ridge,127261.85582770065,0.0,11,319816.82289929065,0.0,0.0,0
2024-10-01,price_ridge,15020.360892500677,129989.3904150821,11,317153.0513077424,242658.5670528218,786.7270729397153,4
2024-10-04,price_ridge,15020.360892500677,129989.3904150821,11,315215.401307502,0.0,0.0,0
2024-10-07,price_ridge,145009.75130758277,0.0,11,316449.05130760465,0.0,0.0,0
2024-10-08,price_ridge,145009.75130758277,0.0,11,314588.0013075913,0.0,0.0,0
2024-10-09,price_ridge,145009.75130758277,0.0,11,312998.901307728,0.0,0.0,0
2024-10-11,price_ridge,145009.75130758277,0.0,11,311612.95130769623,0.0,0.0,0
2024-10-14,price_ridge,145009.75130758277,0.0,11,311965.35130778514,0.0,0.0,0
2024-10-15,price_ridge,145009.75130758277,0.0,11,312363.9513077579,0.0,0.0,0
2024-10-16,price_ridge,145009.75130758277,0.0,11,314364.85130765603,0.0,0.0,0
2024-10-17,price_ridge,145009.75130758277,0.0,11,313791.20130751526,0.0,0.0,0
2024-10-18,price_ridge,145009.75130758277,0.0,11,313621.551307773,0.0,0.0,0
2024-10-21,price_ridge,145009.75130758277,0.0,11,314898.9013075739,0.0,0.0,0
2024-10-22,price_ridge,145009.75130758277,0.0,11,314198.20130744774,0.0,0.0,0
2024-10-23,price_ridge,145009.75130758277,0.0,11,314509.20130751014,0.0,0.0,0
2024-10-24,price_ridge,145009.75130758277,0.0,11,314537.6513076436,0.0,0.0,0
2024-10-25,price_ridge,145009.75130758277,0.0,11,315765.75130768225,0.0,0.0,0
2024-10-28,price_ridge,145009.75130758277,0.0,11,315119.4013075363,0.0,0.0,0
2024-10-29,price_ridge,145009.75130758277,0.0,11,315717.6513076657,0.0,0.0,0
2024-10-30,price_ridge,145009.75130758277,0.0,11,315705.25130750716,0.0,0.0,0
2024-11-01,price_ridge,15061.860873714055,146619.4467206593,9,313481.20759442507,277013.85074998427,922.7499631937027,6
2024-11-04,price_ridge,15061.860873714055,146619.4467206593,9,312112.50759446644,0.0,0.0,0
2024-11-05,price_ridge,161681.30759437336,0.0,9,312748.6575944546,0.0,0.0,0
2024-11-06,price_ridge,161681.30759437336,0.0,9,311791.70759438747,0.0,0.0,0
2024-11-07,price_ridge,161681.30759437336,0.0,9,313632.9575943434,0.0,0.0,0
2024-11-08,price_ridge,161681.30759437336,0.0,9,312592.5075944462,0.0,0.0,0
2024-11-11,price_ridge,161681.30759437336,0.0,9,312207.35759454884,0.0,0.0,0
2024-11-12,price_ridge,161681.30759437336,0.0,9,307188.7575943859,0.0,0.0,0
2024-11-13,price_ridge,161681.30759437336,0.0,9,307668.207594534,0.0,0.0,0
2024-11-14,price_ridge,161681.30759437336,0.0,9,305460.25759443035,0.0,0.0,0
2024-11-15,price_ridge,161681.30759437336,0.0,9,306652.7575943958,0.0,0.0,0
2024-11-18,price_ridge,161681.30759437336,0.0,9,305881.90759433265,0.0,0.0,0
2024-11-19,price_ridge,161681.30759437336,0.0,9,307385.60759440437,0.0,0.0,0
2024-11-20,price_ridge,161681.30759437336,0.0,9,306174.4575944792,0.0,0.0,0
2024-11-21,price_ridge,161681.30759437336,0.0,9,306779.20759441593,0.0,0.0,0
2024-11-22,price_ridge,161681.30759437336,0.0,9,308440.5075944272,0.0,0.0,0
2024-11-25,price_ridge,161681.30759437336,0.0,9,312224.75759442314,0.0,0.0,0
2024-11-26,price_ridge,161681.30759437336,0.0,9,312176.50759444793,0.0,0.0,0
2024-11-27,price_ridge,161681.30759437336,0.0,9,310322.707594423,0.0,0.0,0
2024-11-28,price_ridge,161681.30759437336,0.0,9,309118.4476407026,0.0,0.0,0
2024-11-29,price_ridge,161681.30759437336,0.0,9,311042.3698888584,0.0,0.0,0
2024-12-02,price_ridge,15016.35415780463,129440.33130143721,10,309017.83545914653,276464.2344830112,868.2376181427836,5
2024-12-03,price_ridge,15016.35415780463,129440.33130143721,10,310109.78545921016,0.0,0.0,0
2024-12-04,price_ridge,144456.68545924185,0.0,10,310169.835459157,0.0,0.0,0
2024-12-05,price_ridge,144456.68545924185,0.0,10,310546.9854592617,0.0,0.0,0
2024-12-06,price_ridge,144456.68545924185,0.0,10,311370.78545918723,0.0,0.0,0
2024-12-09,price_ridge,144456.68545924185,0.0,10,313308.88545917027,0.0,0.0,0
2024-12-10,price_ridge,144456.68545924185,0.0,10,314087.2854591406,0.0,0.0,0
2024-12-11,price_ridge,144456.68545924185,0.0,10,314003.9854591299,0.0,0.0,0
2024-12-12,price_ridge,144456.68545924185,0.0,10,313379.93545927247,0.0,0.0,0
2024-12-13,price_ridge,144456.68545924185,0.0,10,312043.0354590797,0.0,0.0,0
2024-12-16,price_ridge,144456.68545924185,0.0,10,311144.43545927125,0.0,0.0,0
2024-12-17,price_ridge,144456.68545924185,0.0,10,310531.735459095,0.0,0.0,0
2024-12-18,price_ridge,144456.68545924185,0.0,10,311067.18545912264,0.0,0.0,0
2024-12-19,price_ridge,144456.68545924185,0.0,10,309933.23545924877,0.0,0.0,0
2024-12-20,price_ridge,144456.68545924185,0.0,10,308653.6854591299,0.0,0.0,0
2024-12-23,price_ridge,144456.68545924185,0.0,10,311846.5854592492,0.0,0.0,0
2024-12-24,price_ridge,144456.68545924185,0.0,10,312318.63545908855,0.0,0.0,0
2024-12-25,price_ridge,144456.68545924185,0.0,10,311655.58545905445,0.0,0.0,0
2024-12-26,price_ridge,144456.68545924185,0.0,10,312119.0854590873,0.0,0.0,0
2024-12-27,price_ridge,144456.68545924185,0.0,10,312007.83545902115,0.0,0.0,0
2024-12-30,price_ridge,144456.68545924185,0.0,10,313400.23545904126,0.0,0.0,0
2024-12-31,price_ridge,144456.68545924185,0.0,10,312765.3354591512,0.0,0.0,0
2025-01-02,price_ridge,15024.52024375436,166615.20581644637,7,308342.62606016104,296651.01274980826,1000.1626488494247,8
2025-01-03,price_ridge,15024.52024375436,166615.20581644637,7,305766.5260600731,0.0,0.0,0
2025-01-06,price_ridge,181639.72606020072,0.0,7,311315.8760601195,0.0,0.0,0
2025-01-07,price_ridge,181639.72606020072,0.0,7,311879.676060112,0.0,0.0,0
2025-01-08,price_ridge,181639.72606020072,0.0,7,316011.6760601838,0.0,0.0,0
2025-01-09,price_ridge,181639.72606020072,0.0,7,310392.2760602798,0.0,0.0,0
2025-01-10,price_ridge,181639.72606020072,0.0,7,307927.47606016684,0.0,0.0,0
2025-01-13,price_ridge,181639.72606020072,0.0,7,305414.7760601345,0.0,0.0,0
2025-01-14,price_ridge,181639.72606020072,0.0,7,307029.3260601751,0.0,0.0,0
2025-01-15,price_ridge,181639.72606020072,0.0,7,305988.776060062,0.0,0.0,0
2025-01-16,price_ridge,181639.72606020072,0.0,7,311589.8260601531,0.0,0.0,0
2025-01-17,price_ridge,181639.72606020072,0.0,7,309882.07606019196,0.0,0.0,0
2025-01-20,price_ridge,181639.72606020072,0.0,7,314204.67606007244,0.0,0.0,0
2025-01-21,price_ridge,181639.72606020072,0.0,7,312143.32606024505,0.0,0.0,0
2025-01-22,price_ridge,181639.72606020072,0.0,7,314028.6760602019,0.0,0.0,0
2025-02-03,price_ridge,15019.75014361323,29666.572687734842,15,312189.82283142494,196162.71624998478,422.7284788374543,0
2025-02-04,price_ridge,15019.75014361323,29666.572687734842,15,309440.7728312453,0.0,0.0,0
2025-02-05,price_ridge,44686.32283134807,0.0,15,316451.92283128976,0.0,0.0,0
2025-02-06,price_ridge,44686.32283134807,0.0,15,321788.272831434,0.0,0.0,0
2025-02-07,price_ridge,44686.32283134807,0.0,15,325388.58566114627,0.0,0.0,0
2025-02-10,price_ridge,44686.32283134807,0.0,15,327774.6880724325,0.0,0.0,0
2025-02-11,price_ridge,44686.32283134807,0.0,15,324809.3784274563,0.0,0.0,0
2025-02-12,price_ridge,44686.32283134807,0.0,15,324180.5546331469,0.0,0.0,0
2025-02-13,price_ridge,44686.32283134807,0.0,15,325896.76186695916,0.0,0.0,0
2025-02-14,price_ridge,44686.32283134807,0.0,15,323624.1142783196,0.0,0.0,0
2025-02-17,price_ridge,44686.32283134807,0.0,15,327572.2666896175,0.0,0.0,0
2025-02-18,price_ridge,44686.32283134807,0.0,15,334876.6904839111,0.0,0.0,0
2025-02-19,price_ridge,44686.32283134807,0.0,15,335069.31427805644,0.0,0.0,0
2025-02-20,price_ridge,44686.32283134807,0.0,15,331342.46668931906,0.0,0.0,0
2025-02-21,price_ridge,44686.32283134807,0.0,15,331779.4166894733,0.0,0.0,0
2025-02-24,price_ridge,44686.32283134807,0.0,15,333277.5928952086,0.0,0.0,0
2025-02-25,price_ridge,44686.32283134807,0.0,15,329443.3928951651,0.0,0.0,0
2025-02-26,price_ridge,44686.32283134807,0.0,15,328262.1904838863,0.0,0.0,0
2025-02-27,price_ridge,44686.32283134807,0.0,15,321604.7428950434,0.0,0.0,0
2025-03-03,price_ridge,15055.413125098079,120532.64998825951,10,312628.29810013867,150651.42756395135,620.7132819418542,5
2025-03-04,price_ridge,15055.413125098079,120532.64998825951,10,314120.66338160133,0.0,0.0,0
2025-03-05,price_ridge,135588.06311335758,0.0,10,318508.2990384628,0.0,0.0,0
2025-03-06,price_ridge,135588.06311335758,0.0,10,313937.95319405093,0.0,0.0,0
2025-03-07,price_ridge,135588.06311335758,0.0,10,310432.7318803541,0.0,0.0,0
2025-03-10,price_ridge,135588.06311335758,0.0,10,306699.85641100816,0.0,0.0,0
2025-03-11,price_ridge,135588.06311335758,0.0,10,304152.9309419637,0.0,0.0,0
2025-03-12,price_ridge,135588.06311335758,0.0,10,305410.4962234259,0.0,0.0,0
2025-03-13,price_ridge,135588.06311335758,0.0,10,305146.23094193696,0.0,0.0,0
2025-03-14,price_ridge,135588.06311335758,0.0,10,305727.7936764234,0.0,0.0,0
2025-03-17,price_ridge,135588.06311335758,0.0,10,304285.39367650804,0.0,0.0,0
2025-03-18,price_ridge,135588.06311335758,0.0,10,306173.7360357349,0.0,0.0,0
2025-03-19,price_ridge,135588.06311335758,0.0,10,306537.7675372092,0.0,0.0,0
2025-03-20,price_ridge,135588.06311335758,0.0,10,307667.50225550984,0.0,0.0,0
2025-03-21,price_ridge,135588.06311335758,0.0,10,305761.0962234757,0.0,0.0,0
2025-03-24,price_ridge,135588.06311335758,0.0,10,302383.83603579586,0.0,0.0,0
2025-03-25,price_ridge,135588.06311335758,0.0,10,300374.42169250466,0.0,0.0,0
2025-03-26,price_ridge,135588.06311335758,0.0,10,298941.90895792085,0.0,0.0,0
2025-03-27,price_ridge,135588.06311335758,0.0,10,296382.8360356771,0.0,0.0,0
2025-03-28,price_ridge,135588.06311335758,0.0,10,291422.9494405519,0.0,0.0,0
2025-03-31,price_ridge,135588.06311335758,0.0,10,282572.3128454041,0.0,0.0,0
2025-04-01,price_ridge,41198.15092390133,113873.48594257403,7,283159.08686652896,208620.09117363242,698.7159205146473,8
2025-04-02,price_ridge,41198.15092390133,113873.48594257403,7,282964.98686655605,0.0,0.0,0
2025-04-07,price_ridge,155071.63686647537,0.0,7,270331.73686654057,0.0,0.0,0
2025-04-08,price_ridge,155071.63686647537,0.0,7,260104.48686654054,0.0,0.0,0
2025-04-09,price_ridge,155071.63686647537,0.0,7,249908.3368664655,0.0,0.0,0
2025-04-10,price_ridge,155071.63686647537,0.0,7,259221.43686646363,0.0,0.0,0
2025-04-11,price_ridge,155071.63686647537,0.0,7,255446.33686642532,0.0,0.0,0
2025-04-14,price_ridge,155071.63686647537,0.0,7,258818.68686643464,0.0,0.0,0
2025-04-15,price_ridge,155071.63686647537,0.0,7,265367.9868664778,0.0,0.0,0
2025-04-16,price_ridge,155071.63686647537,0.0,7,264689.08686652116,0.0,0.0,0
2025-04-17,price_ridge,155071.63686647537,0.0,7,265054.3368664552,0.0,0.0,0
2025-04-18,price_ridge,155071.63686647537,0.0,7,265102.73686650244,0.0,0.0,0
2025-04-21,price_ridge,155071.63686647537,0.0,7,262336.93686645536,0.0,0.0,0
2025-04-22,price_ridge,155071.63686647537,0.0,7,262452.53686648776,0.0,0.0,0
2025-04-23,price_ridge,155071.63686647537,0.0,7,267664.0868664689,0.0,0.0,0
2025-04-24,price_ridge,155071.63686647537,0.0,7,272277.68686645094,0.0,0.0,0
2025-04-25,price_ridge,155071.63686647537,0.0,7,275220.5368664401,0.0,0.0,0
2025-04-28,price_ridge,155071.63686647537,0.0,7,277400.5868664684,0.0,0.0,0
2025-04-29,price_ridge,155071.63686647537,0.0,7,277385.2868665035,0.0,0.0,0
2025-04-30,price_ridge,155071.63686647537,0.0,7,275391.1868664789,0.0,0.0,0
2025-05-02,price_ridge,60610.82614296912,104457.58611193756,6,276064.3622549043,199267.88050000006,670.4936115687503,9
2025-05-05,price_ridge,60610.82614296912,104457.58611193756,6,275723.8622548318,0.0,0.0,0
2025-05-06,price_ridge,165068.41225490667,0.0,6,276869.8122548928,0.0,0.0,0
2025-05-07,price_ridge,165068.41225490667,0.0,6,277065.16225487407,0.0,0.0,0
2025-05-08,price_ridge,165068.41225490667,0.0,6,277252.8622549408,0.0,0.0,0
2025-05-09,price_ridge,165068.41225490667,0.0,6,278805.3122549729,0.0,0.0,0
2025-05-12,price_ridge,165068.41225490667,0.0,6,278643.96225497953,0.0,0.0,0
2025-05-13,price_ridge,165068.41225490667,0.0,6,280481.2122549098,0.0,0.0,0
2025-05-14,price_ridge,165068.41225490667,0.0,6,280069.7122549751,0.0,0.0,0
2025-05-15,price_ridge,165068.41225490667,0.0,6,279784.3122549924,0.0,0.0,0
2025-05-16,price_ridge,165068.41225490667,0.0,6,279372.66225496645,0.0,0.0,0
2025-05-19,price_ridge,165068.41225490667,0.0,6,279978.4122550172,0.0,0.0,0
2025-05-20,price_ridge,165068.41225490667,0.0,6,281888.0122549976,0.0,0.0,0
2025-05-21,price_ridge,165068.41225490667,0.0,6,282174.11225489515,0.0,0.0,0
2025-05-22,price_ridge,165068.41225490667,0.0,6,280617.31225502084,0.0,0.0,0
2025-05-23,price_ridge,165068.41225490667,0.0,6,280796.2122549402,0.0,0.0,0
2025-05-26,price_ridge,165068.41225490667,0.0,6,280324.2122549574,0.0,0.0,0
2025-05-27,price_ridge,165068.41225490667,0.0,6,279745.912254947,0.0,0.0,0
2025-05-28,price_ridge,165068.41225490667,0.0,6,280248.6122549731,0.0,0.0,0
2025-05-29,price_ridge,165068.41225490667,0.0,6,279765.6122549214,0.0,0.0,0
2025-06-02,price_ridge,15015.537568787935,92825.49996365738,10,275523.7375323889,243085.24775001995,673.7819724813099,5
2025-06-03,price_ridge,15015.537568787935,92825.49996365738,10,277010.0375324513,0.0,0.0,0
2025-06-04,price_ridge,107841.0375324453,0.0,10,277993.68753245764,0.0,0.0,0
2025-06-05,price_ridge,107841.0375324453,0.0,10,276231.03753237176,0.0,0.0,0
2025-06-06,price_ridge,107841.0375324453,0.0,10,274347.9875324676,0.0,0.0,0
2025-06-09,price_ridge,107841.0375324453,0.0,10,271111.98753249017,0.0,0.0,0
2025-06-10,price_ridge,107841.0375324453,0.0,10,271506.0875324003,0.0,0.0,0
2025-06-11,price_ridge,107841.0375324453,0.0,10,272855.28753245843,0.0,0.0,0
2025-06-12,price_ridge,107841.0375324453,0.0,10,275126.3375323962,0.0,0.0,0
2025-06-13,price_ridge,107841.0375324453,0.0,10,272756.12690251326,0.0,0.0,0
2025-06-16,price_ridge,107841.0375324453,0.0,10,271742.6816269362,0.0,0.0,0
2025-06-17,price_ridge,107841.0375324453,0.0,10,274169.87099707616,0.0,0.0,0
2025-06-18,price_ridge,107841.0375324453,0.0,10,273506.02257181105,0.0,0.0,0
2025-06-19,price_ridge,107841.0375324453,0.0,10,269262.47729625134,0.0,0.0,0
2025-06-20,price_ridge,107841.0375324453,0.0,10,266954.1469812948,0.0,0.0,0
2025-06-23,price_ridge,107841.0375324453,0.0,10,265405.13950096304,0.0,0.0,0
2025-06-24,price_ridge,107841.0375324453,0.0,10,267166.68320165906,0.0,0.0,0
2025-06-25,price_ridge,107841.0375324453,0.0,10,266989.0784773049,0.0,0.0,0
2025-06-26,price_ridge,107841.0375324453,0.0,10,268855.2119419501,0.0,0.0,0
2025-06-27,price_ridge,107841.0375324453,0.0,10,270587.02099704125,0.0,0.0,0
2025-06-30,price_ridge,107841.0375324453,0.0,10,266217.64756403957,0.0,0.0,0
2025-07-01,price_ridge,15007.84775562656,140604.83947344267,8,264510.7872290871,233928.38524131035,794.2340446864312,7
2025-07-02,price_ridge,15007.84775562656,140604.83947344267,8,263703.2872290594,0.0,0.0,0
2025-07-03,price_ridge,155612.68722906924,0.0,8,263769.93722912204,0.0,0.0,0
2025-07-04,price_ridge,155612.68722906924,0.0,8,262991.9872290932,0.0,0.0,0
2025-07-07,price_ridge,155612.68722906924,0.0,8,262933.2372290842,0.0,0.0,0
2025-07-08,price_ridge,155612.68722906924,0.0,8,263324.83722907177,0.0,0.0,0
2025-07-09,price_ridge,155612.68722906924,0.0,8,263285.42127451865,0.0,0.0,0
2025-07-10,price_ridge,155612.68722906924,0.0,8,262846.3805702734,0.0,0.0,0
2025-07-11,price_ridge,155612.68722906924,0.0,8,262920.0222128872,0.0,0.0,0
2025-07-14,price_ridge,155612.68722906924,0.0,8,262769.09262609965,0.0,0.0,0
2025-07-15,price_ridge,155612.68722906924,0.0,8,263264.41502621735,0.0,0.0,0
2025-07-16,price_ridge,155612.68722906924,0.0,8,264920.7730186618,0.0,0.0,0
2025-07-17,price_ridge,155612.68722906924,0.0,8,265264.15763981757,0.0,0.0,0
2025-07-18,price_ridge,155612.68722906924,0.0,8,265189.2962470462,0.0,0.0,0
2025-07-21,price_ridge,155612.68722906924,0.0,8,263575.311868518,0.0,0.0,0
2025-07-22,price_ridge,155612.68722906924,0.0,8,261460.51649499827,0.0,0.0,0
2025-07-23,price_ridge,155612.68722906924,0.0,8,262829.15208720736,0.0,0.0,0
2025-07-24,price_ridge,155612.68722906924,0.0,8,262566.2256323989,0.0,0.0,0
2025-07-25,price_ridge,155612.68722906924,0.0,8,262788.9174544827,0.0,0.0,0
2025-07-28,price_ridge,155612.68722906924,0.0,8,261613.54154423822,0.0,0.0,0
2025-07-29,price_ridge,155612.68722906924,0.0,8,260656.34690309275,0.0,0.0,0
2025-07-30,price_ridge,155612.68722906924,0.0,8,261607.95283191494,0.0,0.0,0
2025-07-31,price_ridge,155612.68722906924,0.0,8,260987.3303399029,0.0,0.0,0
2025-08-01,price_ridge,15011.048159394259,84337.14341982201,11,266199.7915792041,225110.95868706444,658.0503369174435,4
2025-08-04,price_ridge,15011.048159394259,84337.14341982201,11,260274.19157913944,0.0,0.0,0
2025-08-05,price_ridge,99348.19157921626,0.0,11,259333.49157920555,0.0,0.0,0
2025-08-06,price_ridge,99348.19157921626,0.0,11,260975.99157915643,0.0,0.0,0
2025-08-07,price_ridge,99348.19157921626,0.0,11,265447.0915790778,0.0,0.0,0
2025-08-08,price_ridge,99348.19157921626,0.0,11,269839.19157922186,0.0,0.0,0
2025-08-11,price_ridge,99348.19157921626,0.0,11,271913.99157922855,0.0,0.0,0
2025-08-12,price_ridge,99348.19157921626,0.0,11,274580.5915791045,0.0,0.0,0
2025-08-13,price_ridge,99348.19157921626,0.0,11,277452.9522316613,0.0,0.0,0
2025-08-14,price_ridge,99348.19157921626,0.0,11,281468.8910033229,0.0,0.0,0
2025-08-15,price_ridge,99348.19157921626,0.0,11,282185.3463370058,0.0,0.0,0
2025-08-18,price_ridge,99348.19157921626,0.0,11,294260.2037338869,0.0,0.0,0
2025-08-19,price_ridge,99348.19157921626,0.0,11,291972.14855744975,0.0,0.0,0
2025-08-20,price_ridge,99348.19157921626,0.0,11,287211.5893294444,0.0,0.0,0
2025-08-21,price_ridge,99348.19157921626,0.0,11,292751.6423080225,0.0,0.0,0
2025-08-22,price_ridge,99348.19157921626,0.0,11,289055.9654298316,0.0,0.0,0
2025-08-25,price_ridge,99348.19157921626,0.0,11,290281.90916097374,0.0,0.0,0
2025-08-26,price_ridge,99348.19157921626,0.0,11,285178.5769151481,0.0,0.0,0
2025-08-27,price_ridge,99348.19157921626,0.0,11,292561.3853176404,0.0,0.0,0
2025-08-28,price_ridge,99348.19157921626,0.0,11,292796.91354540456,0.0,0.0,0
2025-08-29,price_ridge,99348.19157921626,0.0,11,296693.030752597,0.0,0.0,0
2025-09-01,price_ridge,15037.730461253776,104353.78382937018,10,283845.8642905369,189020.95527738985,649.2780659821694,5
2025-09-02,price_ridge,15037.730461253776,104353.78382937018,10,276236.81429057836,0.0,0.0,0
2025-09-03,price_ridge,119391.51429062395,0.0,10,277511.41429056064,0.0,0.0,0
2025-09-04,price_ridge,119391.51429062395,0.0,10,272748.36429063,0.0,0.0,0
2025-09-05,price_ridge,119391.51429062395,0.0,10,278212.8142904334,0.0,0.0,0
2025-09-08,price_ridge,119391.51429062395,0.0,10,281885.2142903996,0.0,0.0,0
2025-09-09,price_ridge,119391.51429062395,0.0,10,285014.11429066455,0.0,0.0,0
2025-09-10,price_ridge,119391.51429062395,0.0,10,282888.06429051154,0.0,0.0,0
2025-09-11,price_ridge,119391.51429062395,0.0,10,275533.9642906282,0.0,0.0,0
2025-09-12,price_ridge,119391.51429062395,0.0,10,271184.114290562,0.0,0.0,0
2025-09-15,price_ridge,119391.51429062395,0.0,10,267201.71429054777,0.0,0.0,0
2025-09-16,price_ridge,119391.51429062395,0.0,10,273171.8142905655,0.0,0.0,0
2025-09-17,price_ridge,119391.51429062395,0.0,10,272742.6142904069,0.0,0.0,0
2025-09-18,price_ridge,119391.51429062395,0.0,10,273384.91429056914,0.0,0.0,0
2025-09-19,price_ridge,119391.51429062395,0.0,10,275313.0142904861,0.0,0.0,0
2025-09-22,price_ridge,119391.51429062395,0.0,10,274996.2142902189,0.0,0.0,0
2025-09-23,price_ridge,119391.51429062395,0.0,10,271680.91429046425,0.0,0.0,0
2025-09-24,price_ridge,119391.51429062395,0.0,10,268122.2142905964,0.0,0.0,0
2025-09-25,price_ridge,119391.51429062395,0.0,10,270863.3142906003,0.0,0.0,0
2025-09-26,price_ridge,119391.51429062395,0.0,10,264766.26429056376,0.0,0.0,0
2025-09-30,price_ridge,119391.51429062395,0.0,10,270201.314290569,0.0,0.0,0
2025-10-01,price_ridge,15018.241114811472,98052.17270644296,9,268971.11382141593,202737.74349994274,618.8289693123284,6
2025-10-02,price_ridge,15018.241114811472,98052.17270644296,9,271356.4138213874,0.0,0.0,0
2025-10-03,price_ridge,113070.41382125443,0.0,9,278162.3138213692,0.0,0.0,0
2025-10-07,price_ridge,113070.41382125443,0.0,9,277590.41382128926,0.0,0.0,0
2025-10-08,price_ridge,113070.41382125443,0.0,9,277093.11382138054,0.0,0.0,0
2025-10-09,price_ridge,113070.41382125443,0.0,9,278151.5138213678,0.0,0.0,0
2025-10-13,price_ridge,113070.41382125443,0.0,9,278154.01382122823,0.0,0.0,0
2025-10-14,price_ridge,113070.41382125443,0.0,9,270276.8138214403,0.0,0.0,0
2025-10-15,price_ridge,113070.41382125443,0.0,9,272861.31382128515,0.0,0.0,0
2025-10-16,price_ridge,113070.41382125443,0.0,9,271908.31382119784,0.0,0.0,0
2025-10-17,price_ridge,113070.41382125443,0.0,9,268434.3138213606,0.0,0.0,0
2025-10-20,price_ridge,113070.41382125443,0.0,9,270086.21382132487,0.0,0.0,0
2025-10-21,price_ridge,113070.41382125443,0.0,9,270364.9138214138,0.0,0.0,0
2025-10-22,price_ridge,113070.41382125443,0.0,9,268447.8138212355,0.0,0.0,0
2025-10-23,price_ridge,113070.41382125443,0.0,9,264883.51382149616,0.0,0.0,0
2025-10-27,price_ridge,113070.41382125443,0.0,9,269519.71382138814,0.0,0.0,0
2025-10-28,price_ridge,113070.41382125443,0.0,9,266386.41382152465,0.0,0.0,0
2025-10-29,price_ridge,113070.41382125443,0.0,9,271356.61382123147,0.0,0.0,0
2025-10-30,price_ridge,113070.41382125443,0.0,9,265761.61382136156,0.0,0.0,0
2025-10-31,price_ridge,113070.41382125443,0.0,9,265805.8138213925,0.0,0.0,0
2025-11-03,price_ridge,15089.20584482945,117428.63629792104,8,263895.8421427207,215771.9755001715,698.0811786755147,7
2025-11-04,price_ridge,15089.20584482945,117428.63629792104,8,260294.64214273024,0.0,0.0,0
2025-11-05,price_ridge,132517.84214275048,0.0,8,259026.24214273388,0.0,0.0,0
2025-11-06,price_ridge,132517.84214275048,0.0,8,259864.54214276889,0.0,0.0,0
2025-11-07,price_ridge,132517.84214275048,0.0,8,258608.34214279987,0.0,0.0,0
2025-11-10,price_ridge,132517.84214275048,0.0,8,259193.64214278467,0.0,0.0,0
2025-11-11,price_ridge,132517.84214275048,0.0,8,259257.4421427279,0.0,0.0,0
2025-11-12,price_ridge,132517.84214275048,0.0,8,260708.94214281932,0.0,0.0,0
2025-11-13,price_ridge,132517.84214275048,0.0,8,259876.04214272153,0.0,0.0,0
2025-11-14,price_ridge,132517.84214275048,0.0,8,257058.7421427972,0.0,0.0,0
2025-11-17,price_ridge,132517.84214275048,0.0,8,257231.44214275887,0.0,0.0,0
2025-11-18,price_ridge,132517.84214275048,0.0,8,252711.6421427828,0.0,0.0,0
2025-11-19,price_ridge,132517.84214275048,0.0,8,249891.14214277986,0.0,0.0,0
2025-11-20,price_ridge,132517.84214275048,0.0,8,254112.04214272357,0.0,0.0,0
2025-11-21,price_ridge,132517.84214275048,0.0,8,249405.8421427937,0.0,0.0,0
2025-11-24,price_ridge,132517.84214275048,0.0,8,250551.44214271463,0.0,0.0,0
2025-11-25,price_ridge,132517.84214275048,0.0,8,253540.14214276642,0.0,0.0,0
2025-11-26,price_ridge,132517.84214275048,0.0,8,255336.44214278559,0.0,0.0,0
2025-11-27,price_ridge,132517.84214275048,0.0,8,258889.94214276876,0.0,0.0,0
2025-11-28,price_ridge,132517.84214275048,0.0,8,260961.04214274063,0.0,0.0,0
2025-12-01,price_ridge,38200.31731568801,83735.31628614338,8,256927.08360191243,178289.5952500184,541.9392909375553,7
2025-12-02,price_ridge,38200.31731568801,83735.31628614338,8,256837.6336018319,0.0,0.0,0
2025-12-03,price_ridge,121935.63360183139,0.0,8,257139.88360179323,0.0,0.0,0
2025-12-04,price_ridge,121935.63360183139,0.0,8,258010.08360192736,0.0,0.0,0
2025-12-05,price_ridge,121935.63360183139,0.0,8,259407.78360187274,0.0,0.0,0
2025-12-08,price_ridge,121935.63360183139,0.0,8,262190.78360184433,0.0,0.0,0
2025-12-09,price_ridge,121935.63360183139,0.0,8,266543.0336018702,0.0,0.0,0
2025-12-10,price_ridge,121935.63360183139,0.0,8,263980.0336018513,0.0,0.0,0
2025-12-11,price_ridge,121935.63360183139,0.0,8,264564.9336018356,0.0,0.0,0
2025-12-12,price_ridge,121935.63360183139,0.0,8,269354.43360184244,0.0,0.0,0
2025-12-15,price_ridge,121935.63360183139,0.0,8,266431.78360184876,0.0,0.0,0
2025-12-16,price_ridge,121935.63360183139,0.0,8,264237.1336018007,0.0,0.0,0
2025-12-17,price_ridge,121935.63360183139,0.0,8,265627.48360184254,0.0,0.0,0
2025-12-18,price_ridge,121935.63360183139,0.0,8,266259.93360187544,0.0,0.0,0
2025-12-19,price_ridge,121935.63360183139,0.0,8,265602.9836018131,0.0,0.0,0
2025-12-22,price_ridge,121935.63360183139,0.0,8,266914.3336019302,0.0,0.0,0
2025-12-23,price_ridge,121935.63360183139,0.0,8,266891.4336017391,0.0,0.0,0
2025-12-24,price_ridge,121935.63360183139,0.0,8,268703.2836017958,0.0,0.0,0
2025-12-26,price_ridge,121935.63360183139,0.0,8,270722.18360185745,0.0,0.0,0
2025-12-29,price_ridge,121935.63360183139,0.0,8,269282.9336018513,0.0,0.0,0
2025-12-30,price_ridge,121935.63360183139,0.0,8,274196.5836018706,0.0,0.0,0
2025-12-31,price_ridge,121935.63360183139,0.0,8,274527.5836018366,0.0,0.0,0
2026-01-02,price_ridge,28906.231092275146,116050.5639606264,7,277877.2950528058,209482.11950000766,666.9095489375229,8
2026-01-05,price_ridge,28906.231092275146,116050.5639606264,7,282131.795052772,0.0,0.0,0
2026-01-06,price_ridge,144956.79505290155,0.0,7,288969.69505287975,0.0,0.0,0
2026-01-07,price_ridge,144956.79505290155,0.0,7,290772.19505286013,0.0,0.0,0
2026-01-08,price_ridge,144956.79505290155,0.0,7,289459.3950529437,0.0,0.0,0
2026-01-09,price_ridge,144956.79505290155,0.0,7,284271.99505285744,0.0,0.0,0
2026-01-12,price_ridge,144956.79505290155,0.0,7,288139.49505292653,0.0,0.0,0
2026-01-13,price_ridge,144956.79505290155,0.0,7,288219.0950527922,0.0,0.0,0
2026-01-14,price_ridge,144956.79505290155,0.0,7,290379.89505284454,0.0,0.0,0
2026-01-15,price_ridge,144956.79505290155,0.0,7,288980.1950527294,0.0,0.0,0
2026-01-16,price_ridge,144956.79505290155,0.0,7,293718.7950529965,0.0,0.0,0
2026-01-19,price_ridge,144956.79505290155,0.0,7,301011.7950528529,0.0,0.0,0
2026-01-20,price_ridge,144956.79505290155,0.0,7,301531.5950529414,0.0,0.0,0
2026-01-21,price_ridge,144956.79505290155,0.0,7,295756.2950529173,0.0,0.0,0
2026-01-22,price_ridge,144956.79505290155,0.0,7,298466.79505297146,0.0,0.0,0
2026-01-23,price_ridge,144956.79505290155,0.0,7,297296.095052907,0.0,0.0,0
2026-01-26,price_ridge,144956.79505290155,0.0,7,305243.0950528559,0.0,0.0,0
2026-01-27,price_ridge,144956.79505290155,0.0,7,307441.69505302084,0.0,0.0,0
2026-01-28,price_ridge,144956.79505290155,0.0,7,313563.8950526498,0.0,0.0,0
2026-01-29,price_ridge,144956.79505290155,0.0,7,309884.9950527759,0.0,0.0,0
2026-01-30,price_ridge,144956.79505290155,0.0,7,308419.5950527177,0.0,0.0,0
2026-02-02,price_ridge,15039.504385451548,123159.75183463695,10,298208.05621997884,253422.30499993675,749.5458327498103,5
2026-02-03,price_ridge,15039.504385451548,123159.75183463695,10,299070.45622006874,0.0,0.0,0
2026-02-04,price_ridge,138199.2562200885,0.0,10,300398.5562200001,0.0,0.0,0
2026-02-05,price_ridge,138199.2562200885,0.0,10,295274.7562201095,0.0,0.0,0
2026-02-06,price_ridge,138199.2562200885,0.0,10,290268.3562200727,0.0,0.0,0
2026-02-09,price_ridge,138199.2562200885,0.0,10,293071.3562199864,0.0,0.0,0
2026-02-10,price_ridge,138199.2562200885,0.0,10,293577.5562200253,0.0,0.0,0
2026-02-11,price_ridge,138199.2562200885,0.0,10,296177.25622000115,0.0,0.0,0
2026-02-23,price_ridge,138199.2562200885,0.0,10,300827.65621996403,0.0,0.0,0
2026-02-24,price_ridge,138199.2562200885,0.0,10,309936.45622014505,0.0,0.0,0
2026-02-25,price_ridge,138199.2562200885,0.0,10,310940.2562199185,0.0,0.0,0
2026-02-26,price_ridge,138199.2562200885,0.0,10,316709.0562202041,0.0,0.0,0
2026-03-02,price_ridge,15003.64678781349,74937.81416693475,13,322264.91095481126,198288.51049993455,545.4207652748037,2
2026-03-03,price_ridge,15003.64678781349,74937.81416693475,13,321547.41095478676,0.0,0.0,0
2026-03-04,price_ridge,89941.46095474824,0.0,13,306691.81095477496,0.0,0.0,0
2026-03-05,price_ridge,89941.46095474824,0.0,13,314210.5609546319,0.0,0.0,0
2026-03-06,price_ridge,89941.46095474824,0.0,13,313450.9609547713,0.0,0.0,0
2026-03-09,price_ridge,89941.46095474824,0.0,13,299194.51095481426,0.0,0.0,0
2026-03-10,price_ridge,89941.46095474824,0.0,13,302693.31095473643,0.0,0.0,0
2026-03-11,price_ridge,89941.46095474824,0.0,13,317795.4609548727,0.0,0.0,0
2026-03-12,price_ridge,89941.46095474824,0.0,13,323637.9109547764,0.0,0.0,0
2026-03-13,price_ridge,89941.46095474824,0.0,13,326107.4609547476,0.0,0.0,0
2026-03-16,price_ridge,89941.46095474824,0.0,13,335281.3609547169,0.0,0.0,0
2026-03-17,price_ridge,89941.46095474824,0.0,13,345602.54707949096,0.0,0.0,0
2026-03-18,price_ridge,89941.46095474824,0.0,13,352923.6196808367,0.0,0.0,0
2026-03-19,price_ridge,89941.46095474824,0.0,13,350685.01273578545,0.0,0.0,0
2026-03-20,price_ridge,89941.46095474824,0.0,13,348668.52056423615,0.0,0.0,0
2026-03-23,price_ridge,89941.46095474824,0.0,13,340062.7440487221,0.0,0.0,0
2026-03-24,price_ridge,89941.46095474824,0.0,13,332507.8940486741,0.0,0.0,0
2026-03-25,price_ridge,89941.46095474824,0.0,13,344607.016650039,0.0,0.0,0
2026-03-26,price_ridge,89941.46095474824,0.0,13,341327.6705641984,0.0,0.0,0
2026-03-27,price_ridge,89941.46095474824,0.0,13,338930.2862205806,0.0,0.0,0
2026-03-30,price_ridge,89941.46095474824,0.0,13,333903.8675334206,0.0,0.0,0
2026-03-31,price_ridge,89941.46095474824,0.0,13,324273.9831898282,0.0,0.0,0
2026-04-01,price_ridge,71072.87147524825,140783.69560321016,6,333946.8149455569,160279.09950003526,680.5133763251058,9
2026-04-02,price_ridge,71072.87147524825,140783.69560321016,6,330881.05017244536,0.0,0.0,0
2026-04-07,price_ridge,211856.5670784584,0.0,6,334581.21103133657,0.0,0.0,0
2026-04-08,price_ridge,211856.5670784584,0.0,6,342158.3405774624,0.0,0.0,0
2026-04-09,price_ridge,211856.5670784584,0.0,6,342134.73666322086,0.0,0.0,0
2026-04-10,price_ridge,211856.5670784584,0.0,6,342562.00143642083,0.0,0.0,0
2026-04-13,price_ridge,211856.5670784584,0.0,6,344703.60926471255,0.0,0.0,0
2026-04-14,price_ridge,211856.5670784584,0.0,6,347050.15838125744,0.0,0.0,0
2026-04-15,price_ridge,211856.5670784584,0.0,6,346998.2388107501,0.0,0.0,0
2026-04-16,price_ridge,211856.5670784584,0.0,6,349062.7348966421,0.0,0.0,0
2026-04-17,price_ridge,211856.5670784584,0.0,6,348356.6779519449,0.0,0.0,0
2026-04-20,price_ridge,211856.5670784584,0.0,6,346773.58186580235,0.0,0.0,0
2026-04-21,price_ridge,211856.5670784584,0.0,6,352146.2622953587,0.0,0.0,0
2026-04-22,price_ridge,211856.5670784584,0.0,6,353421.76229545975,0.0,0.0,0
2026-04-23,price_ridge,211856.5670784584,0.0,6,349304.23881089396,0.0,0.0,0
2026-04-24,price_ridge,211856.5670784584,0.0,6,350625.6566146856,0.0,0.0,0
2026-04-27,price_ridge,211856.5670784584,0.0,6,353301.1939889294,0.0,0.0,0
2026-04-28,price_ridge,211856.5670784584,0.0,6,358532.1331300048,0.0,0.0,0
2026-04-29,price_ridge,211856.5670784584,0.0,6,358987.56052860676,0.0,0.0,0
2026-04-30,price_ridge,211856.5670784584,0.0,6,356671.99575549155,0.0,0.0,0
2026-05-04,price_ridge,192877.2700652084,116972.28534659033,2,360681.555411862,136444.35540487996,546.7870715396399,13
2026-05-05,price_ridge,192877.2700652084,116972.28534659033,2,360594.55541187496,0.0,0.0,0
2026-05-06,price_ridge,309849.55541179876,0.0,2,360147.55541191436,0.0,0.0,0
2026-05-07,price_ridge,309849.55541179876,0.0,2,359463.55541188945,0.0,0.0,0
2026-05-08,price_ridge,309849.55541179876,0.0,2,360747.5554117974,0.0,0.0,0
2026-05-11,price_ridge,309849.55541179876,0.0,2,361959.5554119514,0.0,0.0,0
2026-05-12,price_ridge,309849.55541179876,0.0,2,362001.55541184265,0.0,0.0,0
2026-05-13,price_ridge,309849.55541179876,0.0,2,362658.5554117705,0.0,0.0,0
2026-05-14,price_ridge,309849.55541179876,0.0,2,364569.55541181454,0.0,0.0,0
2026-05-15,price_ridge,309849.55541179876,0.0,2,360693.55541190517,0.0,0.0,0
2026-05-18,price_ridge,309849.55541179876,0.0,2,363123.5554117296,0.0,0.0,0
2026-05-19,price_ridge,309849.55541179876,0.0,2,359529.5554117254,0.0,0.0,0
2026-05-20,price_ridge,309849.55541179876,0.0,2,357165.55541183637,0.0,0.0,0
2026-05-21,price_ridge,309849.55541179876,0.0,2,360429.5554118147,0.0,0.0,0
2026-05-22,price_ridge,309849.55541179876,0.0,2,358461.5554118205,0.0,0.0,0
2026-05-25,price_ridge,309849.55541179876,0.0,2,359415.5554118582,0.0,0.0,0
2026-05-26,price_ridge,309849.55541179876,0.0,2,360798.5554118155,0.0,0.0,0
2026-05-27,price_ridge,309849.55541179876,0.0,2,362796.55541178066,0.0,0.0,0
2026-05-28,price_ridge,309849.55541179876,0.0,2,359091.5554118398,0.0,0.0,0
2026-05-29,price_ridge,309849.55541179876,0.0,2,358272.55541182513,0.0,0.0,0
2026-06-01,price_ridge,240481.5231258113,48677.942722499996,4,358872.71584833495,118163.62349999999,315.0660634875,11
2026-06-02,price_ridge,240481.5231258113,48677.942722499996,4,357192.61584834766,0.0,0.0,0
2026-06-03,price_ridge,289159.4658483113,0.0,4,358268.7658483362,0.0,0.0,0
2026-06-04,price_ridge,289159.4658483113,0.0,4,357851.36584836146,0.0,0.0,0
2026-06-05,price_ridge,289159.4658483113,0.0,4,357733.6658483375,0.0,0.0,0
2026-06-08,price_ridge,289159.4658483113,0.0,4,354355.61584838823,0.0,0.0,0
2026-06-09,price_ridge,289159.4658483113,0.0,4,356696.36584832193,0.0,0.0,0
2026-06-10,price_ridge,289159.4658483113,0.0,4,353381.5158483493,0.0,0.0,0
2026-06-11,price_ridge,289159.4658483113,0.0,4,353841.204741588,0.0,0.0,0
2026-06-12,price_ridge,289159.4658483113,0.0,4,353484.5271120547,0.0,0.0,0
2026-06-15,price_ridge,289159.4658483113,0.0,4,355656.54301348364,0.0,0.0,0
2026-06-16,price_ridge,289159.4658483113,0.0,4,356219.4106678367,0.0,0.0,0
2026-06-17,price_ridge,289159.4658483113,0.0,4,356094.5300752034,0.0,0.0,0
2026-06-18,price_ridge,289159.4658483113,0.0,4,358625.24772955995,0.0,0.0,0
2026-06-22,price_ridge,289159.4658483113,0.0,4,360060.81834700995,0.0,0.0,0
2026-06-23,price_ridge,289159.4658483113,0.0,4,358840.7942235312,0.0,0.0,0
2026-06-24,price_ridge,289159.4658483113,0.0,4,357273.6236060452,0.0,0.0,0
2026-06-25,price_ridge,289159.4658483113,0.0,4,356817.3236059868,0.0,0.0,0
2026-06-26,price_ridge,289159.4658483113,0.0,4,353456.7882973117,0.0,0.0,0
2026-06-29,price_ridge,289159.4658483113,0.0,4,355310.6994825518,0.0,0.0,0
2026-06-30,price_ridge,289159.4658483113,0.0,4,356578.59772959206,0.0,0.0,0
2026-07-01,price_ridge,255616.0895541863,34173.37196900118,4,357439.3204910457,67820.90625003254,199.6205751563476,11
2026-07-02,price_ridge,255616.0895541863,34173.37196900118,4,358361.79332372866,0.0,0.0,0
2026-07-03,price_ridge,289789.46152318746,0.0,4,359068.1287117823,0.0,0.0,0
2026-07-06,price_ridge,289789.46152318746,0.0,4,357319.64323757915,0.0,0.0,0
2026-07-07,price_ridge,289789.46152318746,0.0,4,354036.85266165953,0.0,0.0,0
2026-07-08,price_ridge,289789.46152318746,0.0,4,354110.0838121477,0.0,0.0,0
2026-07-09,price_ridge,289789.46152318746,0.0,4,352517.9402772046,0.0,0.0,0
2026-07-13,price_ridge,289789.46152318746,0.0,4,350294.91178763425,0.0,0.0,0
2026-07-14,price_ridge,289789.46152318746,0.0,4,347437.7253247837,0.0,0.0,0
2026-07-15,price_ridge,289789.46152318746,0.0,4,347766.3899366795,0.0,0.0,0
2026-07-16,price_ridge,289789.46152318746,0.0,4,346959.6374972623,0.0,0.0,0
2026-07-17,price_ridge,289789.46152318746,0.0,4,342307.2986634601,0.0,0.0,0
2026-07-20,price_ridge,289789.46152318746,0.0,4,340828.8624194127,0.0,0.0,0
2026-07-21,price_ridge,289789.46152318746,0.0,4,343875.5459751439,0.0,0.0,0
2026-07-22,price_ridge,289789.46152318746,0.0,4,345897.0684249507,0.0,0.0,0
2026-07-23,price_ridge,289789.46152318746,0.0,4,345194.8740380447,0.0,0.0,0
2026-07-24,price_ridge,289789.46152318746,0.0,4,342417.1356868361,0.0,0.0,0
2026-07-27,price_ridge,289789.46152318746,0.0,4,342065.9788745601,0.0,0.0,0
2026-07-28,price_ridge,289789.46152318746,0.0,4,338276.8031184383,0.0,0.0,0
2026-07-29,price_ridge,289789.46152318746,0.0,4,334865.7822028449,0.0,0.0,0
2026-07-30,price_ridge,289789.46152318746,0.0,4,335304.6932143693,0.0,0.0,0
2026-07-31,price_ridge,289789.46152318746,0.0,4,339821.6491897969,0.0,0.0,0
2026-08-03,price_ridge,103804.26616250623,44207.776128101534,11,343731.9000026968,230113.77571888317,476.76195146289956,4
2026-08-04,price_ridge,103804.26616250623,44207.776128101534,11,347762.0649127263,0.0,0.0,0
2026-08-05,price_ridge,148012.04229060776,0.0,11,352458.6487174395,0.0,0.0,0
2026-08-06,price_ridge,148012.04229060776,0.0,11,355013.8613350908,0.0,0.0,0
2026-08-07,price_ridge,148012.04229060776,0.0,11,350686.347157259,0.0,0.0,0
2026-08-10,price_ridge,148012.04229060776,0.0,11,360235.8586664333,0.0,0.0,0
2026-08-11,price_ridge,148012.04229060776,0.0,11,360939.39453613886,0.0,0.0,0
2026-08-12,price_ridge,148012.04229060776,0.0,11,363976.64654686814,0.0,0.0,0
2026-08-13,price_ridge,148012.04229060776,0.0,11,364229.4711088947,0.0,0.0,0
2026-08-14,price_ridge,148012.04229060776,0.0,11,359836.99352838146,0.0,0.0,0
2026-08-17,price_ridge,148012.04229060776,0.0,11,360189.2039053129,0.0,0.0,0
2026-08-18,price_ridge,148012.04229060776,0.0,11,356971.9510233712,0.0,0.0,0
2026-08-19,price_ridge,148012.04229060776,0.0,11,358527.71742287185,0.0,0.0,0
2026-08-20,price_ridge,148012.04229060776,0.0,11,357715.2588293657,0.0,0.0,0
2026-08-21,price_ridge,148012.04229060776,0.0,11,354249.4404116046,0.0,0.0,0
2026-08-24,price_ridge,148012.04229060776,0.0,11,354190.7511808466,0.0,0.0,0
2026-08-25,price_ridge,148012.04229060776,0.0,11,354996.5484844586,0.0,0.0,0
2026-08-26,price_ridge,148012.04229060776,0.0,11,355868.3341050258,0.0,0.0,0
2026-08-27,price_ridge,148012.04229060776,0.0,11,359359.2371759135,0.0,0.0,0
2026-08-28,price_ridge,148012.04229060776,0.0,11,363846.9751198964,0.0,0.0,0
2026-08-31,price_ridge,148012.04229060776,0.0,11,364963.067323789,0.0,0.0,0
2026-09-01,price_ridge,15152.164674582787,178130.93132816776,10,364929.1960026582,311582.847122573,1021.5414104302191,5
2026-09-02,price_ridge,15152.164674582787,178130.93132816776,10,365254.7960027611,0.0,0.0,0
2026-09-03,price_ridge,193283.09600275054,0.0,10,366352.9960026451,0.0,0.0,0
2026-09-04,price_ridge,193283.09600275054,0.0,10,367794.1460027431,0.0,0.0,0
2026-09-07,price_ridge,193283.09600275054,0.0,10,368328.19600283855,0.0,0.0,0
2026-09-08,price_ridge,193283.09600275054,0.0,10,368705.2460026888,0.0,0.0,0
2026-09-09,price_ridge,193283.09600275054,0.0,10,368838.24600268446,0.0,0.0,0
2026-09-10,price_ridge,193283.09600275054,0.0,10,368781.49600271264,0.0,0.0,0
2026-09-11,price_ridge,193283.09600275054,0.0,10,369653.89600268315,0.0,0.0,0
2026-09-14,price_ridge,193283.09600275054,0.0,10,370754.94600283646,0.0,0.0,0
2026-09-15,price_ridge,193283.09600275054,0.0,10,369836.8460026763,0.0,0.0,0
2026-09-16,price_ridge,193283.09600275054,0.0,10,371810.10747911484,0.0,0.0,0
2026-09-17,price_ridge,193283.09600275054,0.0,10,374694.13605748327,0.0,0.0,0
2026-09-18,price_ridge,193283.09600275054,0.0,10,373331.9582852075,0.0,0.0,0
2026-09-21,price_ridge,193283.09600275054,0.0,10,373769.8209866305,0.0,0.0,0
2026-09-22,price_ridge,193283.09600275054,0.0,10,373058.2082850825,0.0,0.0,0
2026-09-23,price_ridge,193283.09600275054,0.0,10,372515.33368805243,0.0,0.0,0
2026-09-24,price_ridge,193283.09600275054,0.0,10,371607.8678112144,0.0,0.0,0
2026-09-29,price_ridge,193283.09600275054,0.0,10,369212.76781126036,0.0,0.0,0
2026-09-30,price_ridge,193283.09600275054,0.0,10,369254.5709866599,0.0,0.0,0
2026-10-01,price_ridge,61984.16226167553,77130.84276282635,13,367405.99906044325,208603.1467500264,547.0397282750793,2
2026-10-02,price_ridge,61984.16226167553,77130.84276282635,13,367810.1927097788,0.0,0.0,0
2024-01-02,all_ridge,111230.92358986873,0.0,10,299549.3735900511,188500.46324999994,268.61316013125,5
2024-01-03,all_ridge,111230.92358986873,0.0,10,297755.22358992253,0.0,0.0,0
2024-01-04,all_ridge,111230.92358986873,0.0,10,298357.62359004887,0.0,0.0,0
2024-01-05,all_ridge,111230.92358986873,0.0,10,299822.12359001185,0.0,0.0,0
2024-01-08,all_ridge,111230.92358986873,0.0,10,299017.8735899449,0.0,0.0,0
2024-01-09,all_ridge,111230.92358986873,0.0,10,295868.8735899504,0.0,0.0,0
2024-01-10,all_ridge,111230.92358986873,0.0,10,294820.5235901661,0.0,0.0,0
2024-01-11,all_ridge,111230.92358986873,0.0,10,295064.47358989133,0.0,0.0,0
2024-01-12,all_ridge,111230.92358986873,0.0,10,294708.9735898965,0.0,0.0,0
2024-01-15,all_ridge,111230.92358986873,0.0,10,295523.32358972146,0.0,0.0,0
2024-01-16,all_ridge,111230.92358986873,0.0,10,293580.3235900246,0.0,0.0,0
2024-01-17,all_ridge,111230.92358986873,0.0,10,292352.6735900567,0.0,0.0,0
2024-01-18,all_ridge,111230.92358986873,0.0,10,293063.47358992824,0.0,0.0,0
2024-01-19,all_ridge,111230.92358986873,0.0,10,293794.52358991315,0.0,0.0,0
2024-01-22,all_ridge,111230.92358986873,0.0,10,294318.5735898935,0.0,0.0,0
2024-01-23,all_ridge,111230.92358986873,0.0,10,294271.32358989795,0.0,0.0,0
2024-01-24,all_ridge,111230.92358986873,0.0,10,294985.623589858,0.0,0.0,0
2024-01-25,all_ridge,111230.92358986873,0.0,10,295538.52358984185,0.0,0.0,0
2024-01-26,all_ridge,111230.92358986873,0.0,10,295927.3735898599,0.0,0.0,0
2024-01-29,all_ridge,111230.92358986873,0.0,10,298449.47359010356,0.0,0.0,0
2024-01-30,all_ridge,111230.92358986873,0.0,10,298365.52359003224,0.0,0.0,0
2024-01-31,all_ridge,111230.92358986873,0.0,10,297434.6235897761,0.0,0.0,0
2024-02-01,all_ridge,15029.891693368736,165702.077277415,7,296028.0689706273,262486.37550007773,889.6301191627333,8
2024-02-02,all_ridge,15029.891693368736,165702.077277415,7,297979.0689706907,0.0,0.0,0
2024-02-05,all_ridge,180731.96897078372,0.0,7,300232.2689706577,0.0,0.0,0
2024-02-15,all_ridge,180731.96897078372,0.0,7,303758.4689706894,0.0,0.0,0
2024-02-16,all_ridge,180731.96897078372,0.0,7,305809.96897071414,0.0,0.0,0
2024-02-19,all_ridge,180731.96897078372,0.0,7,308404.26897067286,0.0,0.0,0
2024-02-20,all_ridge,180731.96897078372,0.0,7,308261.96897069993,0.0,0.0,0
2024-02-21,all_ridge,180731.96897078372,0.0,7,308455.8689707227,0.0,0.0,0
2024-02-22,all_ridge,180731.96897078372,0.0,7,308716.0689706863,0.0,0.0,0
2024-02-23,all_ridge,180731.96897078372,0.0,7,309539.56897071964,0.0,0.0,0
2024-02-26,all_ridge,180731.96897078372,0.0,7,311053.36897072394,0.0,0.0,0
2024-02-27,all_ridge,180731.96897078372,0.0,7,312833.26897073124,0.0,0.0,0
2024-02-29,all_ridge,180731.96897078372,0.0,7,315511.0689705869,0.0,0.0,0
2024-03-01,all_ridge,48287.92770858998,62250.68806449652,10,314109.46577316197,194785.98474997142,494.19144766866435,5
2024-03-04,all_ridge,48287.92770858998,62250.68806449652,10,318714.7657732208,0.0,0.0,0
2024-03-05,all_ridge,110538.6157730865,0.0,10,318057.7657732491,0.0,0.0,0
2024-03-06,all_ridge,110538.6157730865,0.0,10,320329.21577311977,0.0,0.0,0
2024-03-07,all_ridge,110538.6157730865,0.0,10,319396.6657731635,0.0,0.0,0
2024-03-08,all_ridge,110538.6157730865,0.0,10,313222.26577313046,0.0,0.0,0
2024-03-11,all_ridge,110538.6157730865,0.0,10,315822.5657731622,0.0,0.0,0
2024-03-12,all_ridge,110538.6157730865,0.0,10,321113.965773273,0.0,0.0,0
2024-03-13,all_ridge,110538.6157730865,0.0,10,320638.9657731898,0.0,0.0,0
2024-03-14,all_ridge,110538.6157730865,0.0,10,317497.0157732214,0.0,0.0,0
2024-03-15,all_ridge,110538.6157730865,0.0,10,310640.46577314864,0.0,0.0,0
2024-03-18,all_ridge,110538.6157730865,0.0,10,315157.11577318737,0.0,0.0,0
2024-03-19,all_ridge,110538.6157730865,0.0,10,315426.7157730914,0.0,0.0,0
2024-03-20,all_ridge,110538.6157730865,0.0,10,315654.26577309426,0.0,0.0,0
2024-03-21,all_ridge,110538.6157730865,0.0,10,316226.18257804523,0.0,0.0,0
2024-03-22,all_ridge,110538.6157730865,0.0,10,315254.6947693503,0.0,0.0,0
2024-03-25,all_ridge,110538.6157730865,0.0,10,315054.8545305295,0.0,0.0,0
2024-03-26,all_ridge,110538.6157730865,0.0,10,316307.7837734971,0.0,0.0,0
2024-03-27,all_ridge,110538.6157730865,0.0,10,318357.2313432443,0.0,0.0,0
2024-03-28,all_ridge,110538.6157730865,0.0,10,317283.2337735359,0.0,0.0,0
2024-03-29,all_ridge,110538.6157730865,0.0,10,319862.84719983087,0.0,0.0,0
2024-04-01,all_ridge,15055.087658380253,180373.87910758881,7,318903.2667658321,276500.22863919387,983.0856463113315,8
2024-04-02,all_ridge,15055.087658380253,180373.87910758881,7,318496.6667658971,0.0,0.0,0
2024-04-03,all_ridge,195428.96676596906,0.0,7,318966.8667658557,0.0,0.0,0
2024-04-08,all_ridge,195428.96676596906,0.0,7,319862.51676581096,0.0,0.0,0
2024-04-09,all_ridge,195428.96676596906,0.0,7,319122.8667659592,0.0,0.0,0
2024-04-10,all_ridge,195428.96676596906,0.0,7,319241.2667659076,0.0,0.0,0
2024-04-11,all_ridge,195428.96676596906,0.0,7,320669.11676588154,0.0,0.0,0
2024-04-12,all_ridge,195428.96676596906,0.0,7,323113.16676597483,0.0,0.0,0
2024-04-15,all_ridge,195428.96676596906,0.0,7,322427.6667659561,0.0,0.0,0
2024-04-16,all_ridge,195428.96676596906,0.0,7,316313.66676590004,0.0,0.0,0
2024-04-17,all_ridge,195428.96676596906,0.0,7,319996.26676589885,0.0,0.0,0
2024-04-18,all_ridge,195428.96676596906,0.0,7,323140.81676585844,0.0,0.0,0
2024-04-19,all_ridge,195428.96676596906,0.0,7,320490.5667659636,0.0,0.0,0
2024-04-22,all_ridge,195428.96676596906,0.0,7,318197.41676585743,0.0,0.0,0
2024-04-23,all_ridge,195428.96676596906,0.0,7,318625.51676587923,0.0,0.0,0
2024-04-24,all_ridge,195428.96676596906,0.0,7,319982.66676597245,0.0,0.0,0
2024-04-25,all_ridge,195428.96676596906,0.0,7,319923.2667659204,0.0,0.0,0
2024-04-26,all_ridge,195428.96676596906,0.0,7,319824.9167659127,0.0,0.0,0
2024-04-29,all_ridge,195428.96676596906,0.0,7,322871.8667658804,0.0,0.0,0
2024-04-30,all_ridge,195428.96676596906,0.0,7,324536.4667658509,0.0,0.0,0
2024-05-02,all_ridge,15005.482369087826,125770.91682994603,11,321414.04919895186,306506.57974990824,875.3908168434748,4
2024-05-03,all_ridge,15005.482369087826,125770.91682994603,11,320751.0491989668,0.0,0.0,0
2024-05-06,all_ridge,140776.39919903385,0.0,11,321339.0491990259,0.0,0.0,0
2024-05-07,all_ridge,140776.39919903385,0.0,11,320775.3491990424,0.0,0.0,0
2024-05-08,all_ridge,140776.39919903385,0.0,11,318572.5991989478,0.0,0.0,0
2024-05-09,all_ridge,140776.39919903385,0.0,11,318358.1991989722,0.0,0.0,0
2024-05-10,all_ridge,140776.39919903385,0.0,11,323107.3491989388,0.0,0.0,0
2024-05-13,all_ridge,140776.39919903385,0.0,11,322657.1991989536,0.0,0.0,0
2024-05-14,all_ridge,140776.39919903385,0.0,11,322569.49919911416,0.0,0.0,0
2024-05-15,all_ridge,140776.39919903385,0.0,11,324839.949198993,0.0,0.0,0
2024-05-16,all_ridge,140776.39919903385,0.0,11,322653.34919905185,0.0,0.0,0
2024-05-17,all_ridge,140776.39919903385,0.0,11,325384.49919903,0.0,0.0,0
2024-05-20,all_ridge,140776.39919903385,0.0,11,325951.54919900117,0.0,0.0,0
2024-05-21,all_ridge,140776.39919903385,0.0,11,326954.5991989977,0.0,0.0,0
2024-05-22,all_ridge,140776.39919903385,0.0,11,329888.8491990119,0.0,0.0,0
2024-05-23,all_ridge,140776.39919903385,0.0,11,326736.2491990507,0.0,0.0,0
2024-05-24,all_ridge,140776.39919903385,0.0,11,328947.14919903444,0.0,0.0,0
2024-05-27,all_ridge,140776.39919903385,0.0,11,329982.29919896857,0.0,0.0,0
2024-05-28,all_ridge,140776.39919903385,0.0,11,331408.0491989922,0.0,0.0,0
2024-05-29,all_ridge,140776.39919903385,0.0,11,331495.54919904366,0.0,0.0,0
2024-05-30,all_ridge,140776.39919903385,0.0,11,330245.19919891626,0.0,0.0,0
2024-05-31,all_ridge,140776.39919903385,0.0,11,332209.4491990844,0.0,0.0,0
2024-06-03,all_ridge,15017.378768196339,191505.42969840465,8,332359.4584665152,317938.28074988554,1076.0389823184066,7
2024-06-04,all_ridge,15017.378768196339,191505.42969840465,8,331444.9084665597,0.0,0.0,0
2024-06-05,all_ridge,206522.80846660098,0.0,8,331485.97611360066,0.0,0.0,0
2024-06-06,all_ridge,206522.80846660098,0.0,8,328971.0408195553,0.0,0.0,0
2024-06-07,all_ridge,206522.80846660098,0.0,8,330396.1467018401,0.0,0.0,0
2024-06-11,all_ridge,206522.80846660098,0.0,8,329588.784937205,0.0,0.0,0
2024-06-12,all_ridge,206522.80846660098,0.0,8,331676.57023122354,0.0,0.0,0
2024-06-13,all_ridge,206522.80846660098,0.0,8,332354.91434890346,0.0,0.0,0
2024-06-14,all_ridge,206522.80846660098,0.0,8,332702.3261135621,0.0,0.0,0
2024-06-17,all_ridge,206522.80846660098,0.0,8,331995.39670179336,0.0,0.0,0
2024-06-18,all_ridge,206522.80846660098,0.0,8,332804.3055253893,0.0,0.0,0
2024-06-19,all_ridge,206522.80846660098,0.0,8,332942.9143489217,0.0,0.0,0
2024-06-20,all_ridge,206522.80846660098,0.0,8,333238.56729012076,0.0,0.0,0
2024-06-21,all_ridge,206522.80846660098,0.0,8,334035.3761136471,0.0,0.0,0
2024-06-24,all_ridge,206522.80846660098,0.0,8,334002.61434884905,0.0,0.0,0
2024-06-25,all_ridge,206522.80846660098,0.0,8,333917.1761135586,0.0,0.0,0
2024-06-26,all_ridge,206522.80846660098,0.0,8,336798.1555253302,0.0,0.0,0
2024-06-27,all_ridge,206522.80846660098,0.0,8,336868.9496429916,0.0,0.0,0
2024-06-28,all_ridge,206522.80846660098,0.0,8,336344.2577845699,0.0,0.0,0
2024-07-01,all_ridge,15031.61778563851,128972.72963096983,11,335481.0974164269,320769.17432134633,881.1153713390391,4
2024-07-02,all_ridge,15031.61778563851,128972.72963096983,11,334479.1474165369,0.0,0.0,0
2024-07-03,all_ridge,144004.34741660833,0.0,11,334477.1974165642,0.0,0.0,0
2024-07-04,all_ridge,144004.34741660833,0.0,11,335909.64741644077,0.0,0.0,0
2024-07-05,all_ridge,144004.34741660833,0.0,11,336920.54741641204,0.0,0.0,0
2024-07-08,all_ridge,144004.34741660833,0.0,11,336902.9474165853,0.0,0.0,0
2024-07-09,all_ridge,144004.34741660833,0.0,11,334918.14741661906,0.0,0.0,0
2024-07-10,all_ridge,144004.34741660833,0.0,11,334719.24741657823,0.0,0.0,0
2024-07-11,all_ridge,144004.34741660833,0.0,11,336065.8474165844,0.0,0.0,0
2024-07-12,all_ridge,144004.34741660833,0.0,11,336536.96239191457,0.0,0.0,0
2024-07-15,all_ridge,144004.34741660833,0.0,11,337588.8024903821,0.0,0.0,0
2024-07-16,all_ridge,144004.34741660833,0.0,11,336723.19209632697,0.0,0.0,0
2024-07-17,all_ridge,144004.34741660833,0.0,11,335907.7920963484,0.0,0.0,0
2024-07-18,all_ridge,144004.34741660833,0.0,11,335656.6693771715,0.0,0.0,0
2024-07-19,all_ridge,144004.34741660833,0.0,11,334783.9157930156,0.0,0.0,0
2024-07-22,all_ridge,144004.34741660833,0.0,11,333522.31470681913,0.0,0.0,0
2024-07-23,all_ridge,144004.34741660833,0.0,11,334636.7932556114,0.0,0.0,0
2024-07-26,all_ridge,144004.34741660833,0.0,11,332295.48391777684,0.0,0.0,0
2024-07-29,all_ridge,144004.34741660833,0.0,11,333381.1989923393,0.0,0.0,0
2024-07-30,all_ridge,144004.34741660833,0.0,11,333808.978513289,0.0,0.0,0
2024-07-31,all_ridge,144004.34741660833,0.0,11,333143.0181835331,0.0,0.0,0
2024-08-01,all_ridge,31180.236586127092,112881.56773224373,10,335756.50431845494,226061.12659204483,676.5391902823844,5
2024-08-02,all_ridge,31180.236586127092,112881.56773224373,10,332799.0543184222,0.0,0.0,0
2024-08-05,all_ridge,144061.80431837082,0.0,10,323203.00431842066,0.0,0.0,0
2024-08-06,all_ridge,144061.80431837082,0.0,10,321254.8543184346,0.0,0.0,0
2024-08-07,all_ridge,144061.80431837082,0.0,10,327094.20431851887,0.0,0.0,0
2024-08-08,all_ridge,144061.80431837082,0.0,10,326733.5644687017,0.0,0.0,0
2024-08-09,all_ridge,144061.80431837082,0.0,10,326774.72913043236,0.0,0.0,0
2024-08-12,all_ridge,144061.80431837082,0.0,10,329603.1840176722,0.0,0.0,0
2024-08-13,all_ridge,144061.80431837082,0.0,10,329475.6441681796,0.0,0.0,0
2024-08-14,all_ridge,144061.80431837082,0.0,10,332993.83401757514,0.0,0.0,0
2024-08-15,all_ridge,144061.80431837082,0.0,10,333018.36935611314,0.0,0.0,0
2024-08-16,all_ridge,144061.80431837082,0.0,10,336581.8791303954,0.0,0.0,0
2024-08-19,all_ridge,144061.80431837082,0.0,10,335275.32913043397,0.0,0.0,0
2024-08-20,all_ridge,144061.80431837082,0.0,10,333746.3889049094,0.0,0.0,0
2024-08-21,all_ridge,144061.80431837082,0.0,10,332917.8738673371,0.0,0.0,0
2024-08-22,all_ridge,144061.80431837082,0.0,10,331126.75882957503,0.0,0.0,0
2024-08-23,all_ridge,144061.80431837082,0.0,10,329543.40394252434,0.0,0.0,0
2024-08-26,all_ridge,144061.80431837082,0.0,10,329844.09867939726,0.0,0.0,0
2024-08-27,all_ridge,144061.80431837082,0.0,10,331767.3389048636,0.0,0.0,0
2024-08-28,all_ridge,144061.80431837082,0.0,10,330761.7238672473,0.0,0.0,0
2024-08-29,all_ridge,144061.80431837082,0.0,10,330270.3689801941,0.0,0.0,0
2024-08-30,all_ridge,144061.80431837082,0.0,10,332534.8088297768,0.0,0.0,0
2024-09-02,all_ridge,15009.733374108324,146520.76674595848,10,330969.5501201883,275975.816046078,899.088244381984,5
2024-09-03,all_ridge,15009.733374108324,146520.76674595848,10,330365.8001201522,0.0,0.0,0
2024-09-04,all_ridge,161530.5001200668,0.0,10,325307.6001201984,0.0,0.0,0
2024-09-05,all_ridge,161530.5001200668,0.0,10,326449.05012029386,0.0,0.0,0
2024-09-06,all_ridge,161530.5001200668,0.0,10,327893.20012029656,0.0,0.0,0
2024-09-09,all_ridge,161530.5001200668,0.0,10,326013.8001201442,0.0,0.0,0
2024-09-10,all_ridge,161530.5001200668,0.0,10,325911.85012024076,0.0,0.0,0
2024-09-11,all_ridge,161530.5001200668,0.0,10,324191.00012022525,0.0,0.0,0
2024-09-12,all_ridge,161530.5001200668,0.0,10,326385.0501202267,0.0,0.0,0
2024-09-13,all_ridge,161530.5001200668,0.0,10,326254.2001201567,0.0,0.0,0
2024-09-16,all_ridge,161530.5001200668,0.0,10,326616.050120168,0.0,0.0,0
2024-09-18,all_ridge,161530.5001200668,0.0,10,325896.0501202563,0.0,0.0,0
2024-09-19,all_ridge,161530.5001200668,0.0,10,328167.0001202668,0.0,0.0,0
2024-09-20,all_ridge,161530.5001200668,0.0,10,327530.85012013157,0.0,0.0,0
2024-09-23,all_ridge,161530.5001200668,0.0,10,327218.6001201436,0.0,0.0,0
2024-09-24,all_ridge,161530.5001200668,0.0,10,326226.30012025975,0.0,0.0,0
2024-09-25,all_ridge,161530.5001200668,0.0,10,327391.10012015945,0.0,0.0,0
2024-09-26,all_ridge,161530.5001200668,0.0,10,327335.0501201395,0.0,0.0,0
2024-09-27,all_ridge,161530.5001200668,0.0,10,328173.8001202188,0.0,0.0,0
2024-09-30,all_ridge,161530.5001200668,0.0,10,327700.9001203166,0.0,0.0,0
2024-10-01,all_ridge,15000.74652834185,109849.54235955303,12,325625.4888878707,256688.3585001535,765.9352323254603,3
2024-10-04,all_ridge,15000.74652834185,109849.54235955303,12,324770.23888776137,0.0,0.0,0
2024-10-07,all_ridge,124850.28888789489,0.0,12,327245.4388876866,0.0,0.0,0
2024-10-08,all_ridge,124850.28888789489,0.0,12,325684.43888781144,0.0,0.0,0
2024-10-09,all_ridge,124850.28888789489,0.0,12,323825.03888768784,0.0,0.0,0
2024-10-11,all_ridge,124850.28888789489,0.0,12,321375.9888877142,0.0,0.0,0
2024-10-14,all_ridge,124850.28888789489,0.0,12,321629.0388877748,0.0,0.0,0
2024-10-15,all_ridge,124850.28888789489,0.0,12,322750.33888780326,0.0,0.0,0
2024-10-16,all_ridge,124850.28888789489,0.0,12,324204.68888763,0.0,0.0,0
2024-10-17,all_ridge,124850.28888789489,0.0,12,324586.63888759085,0.0,0.0,0
2024-10-18,all_ridge,124850.28888789489,0.0,12,323803.0388879124,0.0,0.0,0
2024-10-21,all_ridge,124850.28888789489,0.0,12,324291.48888778064,0.0,0.0,0
2024-10-22,all_ridge,124850.28888789489,0.0,12,322787.2388876666,0.0,0.0,0
2024-10-23,all_ridge,124850.28888789489,0.0,12,321160.8388877564,0.0,0.0,0
2024-10-24,all_ridge,124850.28888789489,0.0,12,320222.6888877831,0.0,0.0,0
2024-10-25,all_ridge,124850.28888789489,0.0,12,320039.0388877115,0.0,0.0,0
2024-10-28,all_ridge,124850.28888789489,0.0,12,319032.2888877019,0.0,0.0,0
2024-10-29,all_ridge,124850.28888789489,0.0,12,318135.7888879133,0.0,0.0,0
2024-10-30,all_ridge,124850.28888789489,0.0,12,318077.5888878963,0.0,0.0,0
2024-11-01,all_ridge,15029.131475407412,140672.51906916907,10,317665.40054457623,250978.77749994388,837.4208432623319,5
2024-11-04,all_ridge,15029.131475407412,140672.51906916907,10,313438.9005446265,0.0,0.0,0
2024-11-05,all_ridge,155701.65054457646,0.0,10,313699.0005446,0.0,0.0,0
2024-11-06,all_ridge,155701.65054457646,0.0,10,315092.450544612,0.0,0.0,0
2024-11-07,all_ridge,155701.65054457646,0.0,10,316453.2505445805,0.0,0.0,0
2024-11-08,all_ridge,155701.65054457646,0.0,10,314868.95054454077,0.0,0.0,0
2024-11-11,all_ridge,155701.65054457646,0.0,10,315990.55054457014,0.0,0.0,0
2024-11-12,all_ridge,155701.65054457646,0.0,10,313239.0505445604,0.0,0.0,0
2024-11-13,all_ridge,155701.65054457646,0.0,10,312007.4505446121,0.0,0.0,0
2024-11-14,all_ridge,155701.65054457646,0.0,10,310235.1505445914,0.0,0.0,0
2024-11-15,all_ridge,155701.65054457646,0.0,10,309956.30054457136,0.0,0.0,0
2024-11-18,all_ridge,155701.65054457646,0.0,10,310249.4505445929,0.0,0.0,0
2024-11-19,all_ridge,155701.65054457646,0.0,10,311371.6005445963,0.0,0.0,0
2024-11-20,all_ridge,155701.65054457646,0.0,10,310325.1505445471,0.0,0.0,0
2024-11-21,all_ridge,155701.65054457646,0.0,10,309919.9505445673,0.0,0.0,0
2024-11-22,all_ridge,155701.65054457646,0.0,10,309630.2505445828,0.0,0.0,0
2024-11-25,all_ridge,155701.65054457646,0.0,10,311651.3505445624,0.0,0.0,0
2024-11-26,all_ridge,155701.65054457646,0.0,10,311242.0005446265,0.0,0.0,0
2024-11-27,all_ridge,155701.65054457646,0.0,10,307573.7005445737,0.0,0.0,0
2024-11-28,all_ridge,155701.65054457646,0.0,10,308422.1505445417,0.0,0.0,0
2024-11-29,all_ridge,155701.65054457646,0.0,10,307817.00054460514,0.0,0.0,0
2024-12-02,all_ridge,80002.05311700147,81346.09141996643,8,305932.2945370424,157321.32824998512,491.07625759370535,7
2024-12-03,all_ridge,80002.05311700147,81346.09141996643,8,307027.0445369956,0.0,0.0,0
2024-12-04,all_ridge,161348.1445369679,0.0,8,308688.9445370133,0.0,0.0,0
2024-12-05,all_ridge,161348.1445369679,0.0,8,309036.1945369517,0.0,0.0,0
2024-12-06,all_ridge,161348.1445369679,0.0,8,309228.34453693253,0.0,0.0,0
2024-12-09,all_ridge,161348.1445369679,0.0,8,309182.44453692867,0.0,0.0,0
2024-12-10,all_ridge,161348.1445369679,0.0,8,306993.84453694423,0.0,0.0,0
2024-12-11,all_ridge,161348.1445369679,0.0,8,305363.94453692925,0.0,0.0,0
2024-12-12,all_ridge,161348.1445369679,0.0,8,304883.59453695465,0.0,0.0,0
2024-12-13,all_ridge,161348.1445369679,0.0,8,302170.5945370641,0.0,0.0,0
2024-12-16,all_ridge,161348.1445369679,0.0,8,300768.49453700846,0.0,0.0,0
2024-12-17,all_ridge,161348.1445369679,0.0,8,300706.4945368684,0.0,0.0,0
2024-12-18,all_ridge,161348.1445369679,0.0,8,300937.2945370301,0.0,0.0,0
2024-12-19,all_ridge,161348.1445369679,0.0,8,299578.5445370362,0.0,0.0,0
2024-12-20,all_ridge,161348.1445369679,0.0,8,298844.4445369233,0.0,0.0,0
2024-12-23,all_ridge,161348.1445369679,0.0,8,299617.7445368398,0.0,0.0,0
2024-12-24,all_ridge,161348.1445369679,0.0,8,298624.04453694064,0.0,0.0,0
2024-12-25,all_ridge,161348.1445369679,0.0,8,298039.84453693917,0.0,0.0,0
2024-12-26,all_ridge,161348.1445369679,0.0,8,298218.29453695985,0.0,0.0,0
2024-12-27,all_ridge,161348.1445369679,0.0,8,297644.9945369649,0.0,0.0,0
2024-12-30,all_ridge,161348.1445369679,0.0,8,298501.0945369357,0.0,0.0,0
2024-12-31,all_ridge,161348.1445369679,0.0,8,298709.544536949,0.0,0.0,0
2025-01-02,all_ridge,15069.83131484293,121976.2854494534,9,296401.5167643536,268559.4517499908,779.4350226624725,6
2025-01-03,all_ridge,15069.83131484293,121976.2854494534,9,294086.7167642819,0.0,0.0,0
2025-01-06,all_ridge,137046.1167642963,0.0,9,298496.5667642153,0.0,0.0,0
2025-01-07,all_ridge,137046.1167642963,0.0,9,296969.36676421517,0.0,0.0,0
2025-01-08,all_ridge,137046.1167642963,0.0,9,298825.2667642801,0.0,0.0,0
2025-01-09,all_ridge,137046.1167642963,0.0,9,293891.5667643796,0.0,0.0,0
2025-01-10,all_ridge,137046.1167642963,0.0,9,289553.76676427585,0.0,0.0,0
2025-01-13,all_ridge,137046.1167642963,0.0,9,287098.81676436006,0.0,0.0,0
2025-01-14,all_ridge,137046.1167642963,0.0,9,288400.2667642671,0.0,0.0,0
2025-01-15,all_ridge,137046.1167642963,0.0,9,288428.3667641813,0.0,0.0,0
2025-01-16,all_ridge,137046.1167642963,0.0,9,290211.96676438104,0.0,0.0,0
2025-01-17,all_ridge,137046.1167642963,0.0,9,290070.31676430756,0.0,0.0,0
2025-01-20,all_ridge,137046.1167642963,0.0,9,293497.81676432595,0.0,0.0,0
2025-01-21,all_ridge,137046.1167642963,0.0,9,293185.0667644667,0.0,0.0,0
2025-01-22,all_ridge,137046.1167642963,0.0,9,293376.966764342,0.0,0.0,0
2025-02-03,all_ridge,15028.293984571344,103557.64065104982,11,291477.5346356883,225856.3927501126,702.7658787878379,4
2025-02-04,all_ridge,15028.293984571344,103557.64065104982,11,290347.7346356477,0.0,0.0,0
2025-02-05,all_ridge,118585.93463562116,0.0,11,291254.03463550075,0.0,0.0,0
2025-02-06,all_ridge,118585.93463562116,0.0,11,291383.23463549593,0.0,0.0,0
2025-02-07,all_ridge,118585.93463562116,0.0,11,293206.53463552304,0.0,0.0,0
2025-02-10,all_ridge,118585.93463562116,0.0,11,292778.6346355134,0.0,0.0,0
2025-02-11,all_ridge,118585.93463562116,0.0,11,294419.6346355726,0.0,0.0,0
2025-02-12,all_ridge,118585.93463562116,0.0,11,292375.73463564564,0.0,0.0,0
2025-02-13,all_ridge,118585.93463562116,0.0,11,295484.6346355095,0.0,0.0,0
2025-02-14,all_ridge,118585.93463562116,0.0,11,295832.3346354773,0.0,0.0,0
2025-02-17,all_ridge,118585.93463562116,0.0,11,296737.0346356061,0.0,0.0,0
2025-02-18,all_ridge,118585.93463562116,0.0,11,298222.03463561233,0.0,0.0,0
2025-02-19,all_ridge,118585.93463562116,0.0,11,300902.4746051814,0.0,0.0,0
2025-02-20,all_ridge,118585.93463562116,0.0,11,299235.7630695773,0.0,0.0,0
2025-02-21,all_ridge,118585.93463562116,0.0,11,300151.1746052023,0.0,0.0,0
2025-02-24,all_ridge,118585.93463562116,0.0,11,299902.4592498104,0.0,0.0,0
2025-02-25,all_ridge,118585.93463562116,0.0,11,297618.68232087494,0.0,0.0,0
2025-02-26,all_ridge,118585.93463562116,0.0,11,298671.22464312206,0.0,0.0,0
2025-02-27,all_ridge,118585.93463562116,0.0,11,294905.93235883117,0.0,0.0,0
2025-03-03,all_ridge,15021.56263751492,140402.73468471805,9,289887.19732224173,244451.481484647,831.6552980351911,6
2025-03-04,all_ridge,15021.56263751492,140402.73468471805,9,288465.2473222144,0.0,0.0,0
2025-03-05,all_ridge,155424.29732223297,0.0,9,290091.1973222387,0.0,0.0,0
2025-03-06,all_ridge,155424.29732223297,0.0,9,289449.8473222917,0.0,0.0,0
2025-03-07,all_ridge,155424.29732223297,0.0,9,288851.2473222072,0.0,0.0,0
2025-03-10,all_ridge,155424.29732223297,0.0,9,288581.4973222568,0.0,0.0,0
2025-03-11,all_ridge,155424.29732223297,0.0,9,287163.24732219835,0.0,0.0,0
2025-03-12,all_ridge,155424.29732223297,0.0,9,289611.0973221692,0.0,0.0,0
2025-03-13,all_ridge,155424.29732223297,0.0,9,285571.097322212,0.0,0.0,0
2025-03-14,all_ridge,155424.29732223297,0.0,9,285249.3473222515,0.0,0.0,0
2025-03-17,all_ridge,155424.29732223297,0.0,9,284684.5473222039,0.0,0.0,0
2025-03-18,all_ridge,155424.29732223297,0.0,9,284230.84732218203,0.0,0.0,0
2025-03-19,all_ridge,155424.29732223297,0.0,9,283039.64732221497,0.0,0.0,0
2025-03-20,all_ridge,155424.29732223297,0.0,9,283566.19732215797,0.0,0.0,0
2025-03-21,all_ridge,155424.29732223297,0.0,9,284522.24732225994,0.0,0.0,0
2025-03-24,all_ridge,155424.29732223297,0.0,9,283853.49732222327,0.0,0.0,0
2025-03-25,all_ridge,155424.29732223297,0.0,9,282632.7473222596,0.0,0.0,0
2025-03-26,all_ridge,155424.29732223297,0.0,9,283378.4473221983,0.0,0.0,0
2025-03-27,all_ridge,155424.29732223297,0.0,9,284070.8473221933,0.0,0.0,0
2025-03-28,all_ridge,155424.29732223297,0.0,9,280802.69732215465,0.0,0.0,0
2025-03-31,all_ridge,155424.29732223297,0.0,9,275358.3973222285,0.0,0.0,0
2025-04-01,all_ridge,15090.98989713924,118996.99281290185,8,277192.48271007097,259687.22899995797,772.560112149874,7
2025-04-02,all_ridge,15090.98989713924,118996.99281290185,8,279367.2827101262,0.0,0.0,0
2025-04-07,all_ridge,134087.9827100411,0.0,8,267307.7327100328,0.0,0.0,0
2025-04-08,all_ridge,134087.9827100411,0.0,8,255160.1827100219,0.0,0.0,0
2025-04-09,all_ridge,134087.9827100411,0.0,8,243399.88271005912,0.0,0.0,0
2025-04-10,all_ridge,134087.9827100411,0.0,8,253846.38271004363,0.0,0.0,0
2025-04-11,all_ridge,134087.9827100411,0.0,8,252423.68271005736,0.0,0.0,0
2025-04-14,all_ridge,134087.9827100411,0.0,8,254834.4827100723,0.0,0.0,0
2025-04-15,all_ridge,134087.9827100411,0.0,8,261380.38271010213,0.0,0.0,0
2025-04-16,all_ridge,134087.9827100411,0.0,8,261112.382710036,0.0,0.0,0
2025-04-17,all_ridge,134087.9827100411,0.0,8,261199.28271005652,0.0,0.0,0
2025-04-18,all_ridge,134087.9827100411,0.0,8,260936.9827100572,0.0,0.0,0
2025-04-21,all_ridge,134087.9827100411,0.0,8,255896.73271007894,0.0,0.0,0
2025-04-22,all_ridge,134087.9827100411,0.0,8,253750.18271013274,0.0,0.0,0
2025-04-23,all_ridge,134087.9827100411,0.0,8,259139.18271006976,0.0,0.0,0
2025-04-24,all_ridge,134087.9827100411,0.0,8,260801.88271008557,0.0,0.0,0
2025-04-25,all_ridge,134087.9827100411,0.0,8,264019.73271004617,0.0,0.0,0
2025-04-28,all_ridge,134087.9827100411,0.0,8,267312.1827100542,0.0,0.0,0
2025-04-29,all_ridge,134087.9827100411,0.0,8,268449.43271005515,0.0,0.0,0
2025-04-30,all_ridge,134087.9827100411,0.0,8,267360.5827100508,0.0,0.0,0
2025-05-02,all_ridge,58361.601748541114,133423.82710573645,4,268933.6288543788,209629.84449999264,724.0178557562281,11
2025-05-05,all_ridge,58361.601748541114,133423.82710573645,4,269494.7788542673,0.0,0.0,0
2025-05-06,all_ridge,191785.42885427756,0.0,4,268928.47885427927,0.0,0.0,0
2025-05-07,all_ridge,191785.42885427756,0.0,4,268154.2788542819,0.0,0.0,0
2025-05-08,all_ridge,191785.42885427756,0.0,4,268167.67885431723,0.0,0.0,0
2025-05-09,all_ridge,191785.42885427756,0.0,4,268743.1788542451,0.0,0.0,0
2025-05-12,all_ridge,191785.42885427756,0.0,4,268905.4788542605,0.0,0.0,0
2025-05-13,all_ridge,191785.42885427756,0.0,4,269199.82885435043,0.0,0.0,0
2025-05-14,all_ridge,191785.42885427756,0.0,4,269380.72885433584,0.0,0.0,0
2025-05-15,all_ridge,191785.42885427756,0.0,4,268792.8788542658,0.0,0.0,0
2025-05-16,all_ridge,191785.42885427756,0.0,4,269441.22885434073,0.0,0.0,0
2025-05-19,all_ridge,191785.42885427756,0.0,4,269078.47885426675,0.0,0.0,0
2025-05-20,all_ridge,191785.42885427756,0.0,4,269199.6288543885,0.0,0.0,0
2025-05-21,all_ridge,191785.42885427756,0.0,4,269713.7788542723,0.0,0.0,0
2025-05-22,all_ridge,191785.42885427756,0.0,4,269678.528854333,0.0,0.0,0
2025-05-23,all_ridge,191785.42885427756,0.0,4,269940.9788542836,0.0,0.0,0
2025-05-26,all_ridge,191785.42885427756,0.0,4,270005.72885435645,0.0,0.0,0
2025-05-27,all_ridge,191785.42885427756,0.0,4,269110.27885427454,0.0,0.0,0
2025-05-28,all_ridge,191785.42885427756,0.0,4,268614.2788542727,0.0,0.0,0
2025-05-29,all_ridge,191785.42885427756,0.0,4,268697.9288542943,0.0,0.0,0
2025-06-02,all_ridge,15017.387002477568,75957.4583071774,10,265358.5453096341,252816.68100007763,612.773544700233,5
2025-06-03,all_ridge,15017.387002477568,75957.4583071774,10,266145.34530961426,0.0,0.0,0
2025-06-04,all_ridge,90974.84530965496,0.0,10,269816.6453097341,0.0,0.0,0
2025-06-05,all_ridge,90974.84530965496,0.0,10,271096.04530976195,0.0,0.0,0
2025-06-06,all_ridge,90974.84530965496,0.0,10,273608.84530976636,0.0,0.0,0
2025-06-09,all_ridge,90974.84530965496,0.0,10,273935.94530962757,0.0,0.0,0
2025-06-10,all_ridge,90974.84530965496,0.0,10,273863.2453096893,0.0,0.0,0
2025-06-11,all_ridge,90974.84530965496,0.0,10,275739.5453096425,0.0,0.0,0
2025-06-12,all_ridge,90974.84530965496,0.0,10,275125.74530963995,0.0,0.0,0
2025-06-13,all_ridge,90974.84530965496,0.0,10,271849.64530967455,0.0,0.0,0
2025-06-16,all_ridge,90974.84530965496,0.0,10,270334.54530961055,0.0,0.0,0
2025-06-17,all_ridge,90974.84530965496,0.0,10,272641.88930962194,0.0,0.0,0
2025-06-18,all_ridge,90974.84530965496,0.0,10,271709.54930972605,0.0,0.0,0
2025-06-19,all_ridge,90974.84530965496,0.0,10,267270.53330968233,0.0,0.0,0
2025-06-20,all_ridge,90974.84530965496,0.0,10,267985.41330972867,0.0,0.0,0
2025-06-23,all_ridge,90974.84530965496,0.0,10,266753.66330968495,0.0,0.0,0
2025-06-24,all_ridge,90974.84530965496,0.0,10,269819.5333097307,0.0,0.0,0
2025-06-25,all_ridge,90974.84530965496,0.0,10,269941.10130968847,0.0,0.0,0
2025-06-26,all_ridge,90974.84530965496,0.0,10,271237.4117976516,0.0,0.0,0
2025-06-27,all_ridge,90974.84530965496,0.0,10,273701.96819963004,0.0,0.0,0
2025-06-30,all_ridge,90974.84530965496,0.0,10,272987.8496349597,0.0,0.0,0
2025-07-01,all_ridge,15005.424034842463,158084.28733461077,8,275931.71136958373,234589.25060760858,869.5315478103258,7
2025-07-02,all_ridge,15005.424034842463,158084.28733461077,8,276427.1113695262,0.0,0.0,0
2025-07-03,all_ridge,173089.71136945323,0.0,8,276852.7113694902,0.0,0.0,0
2025-07-04,all_ridge,173089.71136945323,0.0,8,275141.4113695334,0.0,0.0,0
2025-07-07,all_ridge,173089.71136945323,0.0,8,274697.6613696022,0.0,0.0,0
2025-07-08,all_ridge,173089.71136945323,0.0,8,273221.86136954546,0.0,0.0,0
2025-07-09,all_ridge,173089.71136945323,0.0,8,271874.4190400195,0.0,0.0,0
2025-07-10,all_ridge,173089.71136945323,0.0,8,272149.7136421823,0.0,0.0,0
2025-07-11,all_ridge,173089.71136945323,0.0,8,272953.6005740739,0.0,0.0,0
2025-07-14,all_ridge,173089.71136945323,0.0,8,272528.4872314036,0.0,0.0,0
2025-07-15,all_ridge,173089.71136945323,0.0,8,272897.13793094177,0.0,0.0,0
2025-07-16,all_ridge,173089.71136945323,0.0,8,274246.1376906463,0.0,0.0,0
2025-07-17,all_ridge,173089.71136945323,0.0,8,274891.2554570293,0.0,0.0,0
2025-07-18,all_ridge,173089.71136945323,0.0,8,274406.939963414,0.0,0.0,0
2025-07-21,all_ridge,173089.71136945323,0.0,8,274288.29199580307,0.0,0.0,0
2025-07-22,all_ridge,173089.71136945323,0.0,8,272837.1426522257,0.0,0.0,0
2025-07-23,all_ridge,173089.71136945323,0.0,8,273983.7410127717,0.0,0.0,0
2025-07-24,all_ridge,173089.71136945323,0.0,8,273086.02296290465,0.0,0.0,0
2025-07-25,all_ridge,173089.71136945323,0.0,8,273178.1538637318,0.0,0.0,0
2025-07-28,all_ridge,173089.71136945323,0.0,8,273294.73504810483,0.0,0.0,0
2025-07-29,all_ridge,173089.71136945323,0.0,8,272493.3685050429,0.0,0.0,0
2025-07-30,all_ridge,173089.71136945323,0.0,8,273037.79236877547,0.0,0.0,0
2025-07-31,all_ridge,173089.71136945323,0.0,8,271833.6093922,0.0,0.0,0
2025-08-01,all_ridge,15009.585745203227,80313.88038587115,11,274057.4661309884,238540.0335735668,705.3248119457005,4
2025-08-04,all_ridge,15009.585745203227,80313.88038587115,11,276092.0161310104,0.0,0.0,0
2025-08-05,all_ridge,95323.46613107437,0.0,11,275735.2661310094,0.0,0.0,0
2025-08-06,all_ridge,95323.46613107437,0.0,11,277371.06613106217,0.0,0.0,0
2025-08-07,all_ridge,95323.46613107437,0.0,11,277279.46613114205,0.0,0.0,0
2025-08-08,all_ridge,95323.46613107437,0.0,11,277452.9661310099,0.0,0.0,0
2025-08-11,all_ridge,95323.46613107437,0.0,11,275106.11613113614,0.0,0.0,0
2025-08-12,all_ridge,95323.46613107437,0.0,11,274986.6161311024,0.0,0.0,0
2025-08-13,all_ridge,95323.46613107437,0.0,11,277546.3161311025,0.0,0.0,0
2025-08-14,all_ridge,95323.46613107437,0.0,11,279403.9661309281,0.0,0.0,0
2025-08-15,all_ridge,95323.46613107437,0.0,11,282659.1661309745,0.0,0.0,0
2025-08-18,all_ridge,95323.46613107437,0.0,11,286493.76613102795,0.0,0.0,0
2025-08-19,all_ridge,95323.46613107437,0.0,11,285418.4661309938,0.0,0.0,0
2025-08-20,all_ridge,95323.46613107437,0.0,11,281693.46613097726,0.0,0.0,0
2025-08-21,all_ridge,95323.46613107437,0.0,11,282729.2661310093,0.0,0.0,0
2025-08-22,all_ridge,95323.46613107437,0.0,11,283248.1661309975,0.0,0.0,0
2025-08-25,all_ridge,95323.46613107437,0.0,11,284075.2161310749,0.0,0.0,0
2025-08-26,all_ridge,95323.46613107437,0.0,11,283038.46613118,0.0,0.0,0
2025-08-27,all_ridge,95323.46613107437,0.0,11,286575.6161310162,0.0,0.0,0
2025-08-28,all_ridge,95323.46613107437,0.0,11,286116.71613094164,0.0,0.0,0
2025-08-29,all_ridge,95323.46613107437,0.0,11,285152.4661309474,0.0,0.0,0
2025-09-01,all_ridge,15001.660002736886,188392.26149352916,6,281332.47149624344,269432.86799996655,1066.0181347748999,9
2025-09-02,all_ridge,15001.660002736886,188392.26149352916,6,280764.8714963838,0.0,0.0,0
2025-09-03,all_ridge,203393.92149626606,0.0,6,281172.92149637523,0.0,0.0,0
2025-09-04,all_ridge,203393.92149626606,0.0,6,282381.67149637674,0.0,0.0,0
2025-09-05,all_ridge,203393.92149626606,0.0,6,284195.3714963258,0.0,0.0,0
2025-09-08,all_ridge,203393.92149626606,0.0,6,284139.42149635585,0.0,0.0,0
2025-09-09,all_ridge,203393.92149626606,0.0,6,284582.8214963137,0.0,0.0,0
2025-09-10,all_ridge,203393.92149626606,0.0,6,285787.871496339,0.0,0.0,0
2025-09-11,all_ridge,203393.92149626606,0.0,6,285259.32149622915,0.0,0.0,0
2025-09-12,all_ridge,203393.92149626606,0.0,6,286251.77149636473,0.0,0.0,0
2025-09-15,all_ridge,203393.92149626606,0.0,6,284966.17149622756,0.0,0.0,0
2025-09-16,all_ridge,203393.92149626606,0.0,6,285798.0714963269,0.0,0.0,0
2025-09-17,all_ridge,203393.92149626606,0.0,6,285322.4214962894,0.0,0.0,0
2025-09-18,all_ridge,203393.92149626606,0.0,6,287475.6214963008,0.0,0.0,0
2025-09-19,all_ridge,203393.92149626606,0.0,6,286817.0714962597,0.0,0.0,0
2025-09-22,all_ridge,203393.92149626606,0.0,6,286819.8214962863,0.0,0.0,0
2025-09-23,all_ridge,203393.92149626606,0.0,6,286700.3714962907,0.0,0.0,0
2025-09-24,all_ridge,203393.92149626606,0.0,6,285834.1714963495,0.0,0.0,0
2025-09-25,all_ridge,203393.92149626606,0.0,6,286681.7149622183,0.0,0.0,0
2025-09-26,all_ridge,203393.92149626606,0.0,6,285694.57077172014,0.0,0.0,0
2025-09-30,all_ridge,203393.92149626606,0.0,6,285933.93477315095,0.0,0.0,0
2025-10-01,all_ridge,34948.498590122304,62685.5357050369,10,285459.2842952735,231203.18988456554,583.2455856724469,5
2025-10-02,all_ridge,34948.498590122304,62685.5357050369,10,284260.8842952297,0.0,0.0,0
2025-10-03,all_ridge,97634.0342951592,0.0,10,285862.434295193,0.0,0.0,0
2025-10-07,all_ridge,97634.0342951592,0.0,10,284241.5842951598,0.0,0.0,0
2025-10-08,all_ridge,97634.0342951592,0.0,10,284174.5342951974,0.0,0.0,0
2025-10-09,all_ridge,97634.0342951592,0.0,10,284133.33429525973,0.0,0.0,0
2025-10-13,all_ridge,97634.0342951592,0.0,10,282347.8342952235,0.0,0.0,0
2025-10-14,all_ridge,97634.0342951592,0.0,10,277980.63429517666,0.0,0.0,0
2025-10-15,all_ridge,97634.0342951592,0.0,10,280372.53429526323,0.0,0.0,0
2025-10-16,all_ridge,97634.0342951592,0.0,10,281606.43429517624,0.0,0.0,0
2025-10-17,all_ridge,97634.0342951592,0.0,10,281084.1342952223,0.0,0.0,0
2025-10-20,all_ridge,97634.0342951592,0.0,10,281046.9342952275,0.0,0.0,0
2025-10-21,all_ridge,97634.0342951592,0.0,10,284410.1842952835,0.0,0.0,0
2025-10-22,all_ridge,97634.0342951592,0.0,10,284258.68429522525,0.0,0.0,0
2025-10-23,all_ridge,97634.0342951592,0.0,10,281374.4342952724,0.0,0.0,0
2025-10-27,all_ridge,97634.0342951592,0.0,10,283137.8842952671,0.0,0.0,0
2025-10-28,all_ridge,97634.0342951592,0.0,10,280528.8842953517,0.0,0.0,0
2025-10-29,all_ridge,97634.0342951592,0.0,10,280257.3842952305,0.0,0.0,0
2025-10-30,all_ridge,97634.0342951592,0.0,10,278116.6842951928,0.0,0.0,0
2025-10-31,all_ridge,97634.0342951592,0.0,10,279071.184295247,0.0,0.0,0
2025-11-03,all_ridge,15002.262368452952,129047.75935598438,10,278820.27172447275,212101.42800005325,756.6995707751599,5
2025-11-04,all_ridge,15002.262368452952,129047.75935598438,10,276424.9217244515,0.0,0.0,0
2025-11-05,all_ridge,144050.02172443733,0.0,10,274658.021724398,0.0,0.0,0
2025-11-06,all_ridge,144050.02172443733,0.0,10,276070.67172449926,0.0,0.0,0
2025-11-07,all_ridge,144050.02172443733,0.0,10,275463.5217245136,0.0,0.0,0
2025-11-10,all_ridge,144050.02172443733,0.0,10,273937.5217244546,0.0,0.0,0
2025-11-11,all_ridge,144050.02172443733,0.0,10,272916.97172447364,0.0,0.0,0
2025-11-12,all_ridge,144050.02172443733,0.0,10,276062.1717245142,0.0,0.0,0
2025-11-13,all_ridge,144050.02172443733,0.0,10,274508.7217243774,0.0,0.0,0
2025-11-14,all_ridge,144050.02172443733,0.0,10,274679.0717244361,0.0,0.0,0
2025-11-17,all_ridge,144050.02172443733,0.0,10,273052.0717244773,0.0,0.0,0
2025-11-18,all_ridge,144050.02172443733,0.0,10,268887.6717243872,0.0,0.0,0
2025-11-19,all_ridge,144050.02172443733,0.0,10,269129.0217245206,0.0,0.0,0
2025-11-20,all_ridge,144050.02172443733,0.0,10,272134.32172440906,0.0,0.0,0
2025-11-21,all_ridge,144050.02172443733,0.0,10,267651.0717244703,0.0,0.0,0
2025-11-24,all_ridge,144050.02172443733,0.0,10,270641.5717243934,0.0,0.0,0
2025-11-25,all_ridge,144050.02172443733,0.0,10,270260.5717244281,0.0,0.0,0
2025-11-26,all_ridge,144050.02172443733,0.0,10,274900.8717244391,0.0,0.0,0
2025-11-27,all_ridge,144050.02172443733,0.0,10,279382.3717244897,0.0,0.0,0
2025-11-28,all_ridge,144050.02172443733,0.0,10,280578.22172442736,0.0,0.0,0
2025-12-01,all_ridge,15025.945527574853,80599.4271505281,11,281135.9726781114,209829.76725005326,613.2192963876599,4
2025-12-02,all_ridge,15025.945527574853,80599.4271505281,11,280448.37267802726,0.0,0.0,0
2025-12-03,all_ridge,95625.37267810295,0.0,11,280316.47267807194,0.0,0.0,0
2025-12-04,all_ridge,95625.37267810295,0.0,11,280769.8726779388,0.0,0.0,0
2025-12-05,all_ridge,95625.37267810295,0.0,11,282792.67267802916,0.0,0.0,0
2025-12-08,all_ridge,95625.37267810295,0.0,11,288447.17267793283,0.0,0.0,0
2025-12-09,all_ridge,95625.37267810295,0.0,11,289686.7726780365,0.0,0.0,0
2025-12-10,all_ridge,95625.37267810295,0.0,11,288049.1726780534,0.0,0.0,0
2025-12-11,all_ridge,95625.37267810295,0.0,11,291436.27267796575,0.0,0.0,0
2025-12-12,all_ridge,95625.37267810295,0.0,11,292933.3726779526,0.0,0.0,0
2025-12-15,all_ridge,95625.37267810295,0.0,11,293733.47267806187,0.0,0.0,0
2025-12-16,all_ridge,95625.37267810295,0.0,11,288124.5726779994,0.0,0.0,0
2025-12-17,all_ridge,95625.37267810295,0.0,11,291014.4726781654,0.0,0.0,0
2025-12-18,all_ridge,95625.37267810295,0.0,11,291923.2726779906,0.0,0.0,0
2025-12-19,all_ridge,95625.37267810295,0.0,11,295737.97267804656,0.0,0.0,0
2025-12-22,all_ridge,95625.37267810295,0.0,11,298630.8363509014,0.0,0.0,0
2025-12-23,all_ridge,95625.37267810295,0.0,11,299257.9871406971,0.0,0.0,0
2025-12-24,all_ridge,95625.37267810295,0.0,11,302243.4125357813,0.0,0.0,0
2025-12-26,all_ridge,95625.37267810295,0.0,11,301159.6519905555,0.0,0.0,0
2025-12-29,all_ridge,95625.37267810295,0.0,11,301405.74496039294,0.0,0.0,0
2025-12-30,all_ridge,95625.37267810295,0.0,11,304783.533625645,0.0,0.0,0
2025-12-31,all_ridge,95625.37267810295,0.0,11,303118.33362577844,0.0,0.0,0
2026-01-02,all_ridge,15031.659259740467,150607.19919440427,7,308062.1584541348,231778.9201480484,832.5733720066453,8
2026-01-05,all_ridge,15031.659259740467,150607.19919440427,7,312334.0584540384,0.0,0.0,0
2026-01-06,all_ridge,165638.85845414473,0.0,7,319830.9584541795,0.0,0.0,0
2026-01-07,all_ridge,165638.85845414473,0.0,7,323858.7584541538,0.0,0.0,0
2026-01-08,all_ridge,165638.85845414473,0.0,7,323728.55845424696,0.0,0.0,0
2026-01-09,all_ridge,165638.85845414473,0.0,7,317568.7584540786,0.0,0.0,0
2026-01-12,all_ridge,165638.85845414473,0.0,7,323001.8584542167,0.0,0.0,0
2026-01-13,all_ridge,165638.85845414473,0.0,7,324343.3584540801,0.0,0.0,0
2026-01-14,all_ridge,165638.85845414473,0.0,7,327418.75845407636,0.0,0.0,0
2026-01-15,all_ridge,165638.85845414473,0.0,7,327484.1584541565,0.0,0.0,0
2026-01-16,all_ridge,165638.85845414473,0.0,7,331358.25845426903,0.0,0.0,0
2026-01-19,all_ridge,165638.85845414473,0.0,7,340726.75845412974,0.0,0.0,0
2026-01-20,all_ridge,165638.85845414473,0.0,7,337168.8584542029,0.0,0.0,0
2026-01-21,all_ridge,165638.85845414473,0.0,7,328639.358454222,0.0,0.0,0
2026-01-22,all_ridge,165638.85845414473,0.0,7,329328.0584542521,0.0,0.0,0
2026-01-23,all_ridge,165638.85845414473,0.0,7,329003.9584542851,0.0,0.0,0
2026-01-26,all_ridge,165638.85845414473,0.0,7,337821.7584541794,0.0,0.0,0
2026-01-27,all_ridge,165638.85845414473,0.0,7,336818.3584540998,0.0,0.0,0
2026-01-28,all_ridge,165638.85845414473,0.0,7,343232.858453979,0.0,0.0,0
2026-01-29,all_ridge,165638.85845414473,0.0,7,343102.45845399663,0.0,0.0,0
2026-01-30,all_ridge,165638.85845414473,0.0,7,344920.5584540031,0.0,0.0,0
2026-02-02,all_ridge,15011.883838207263,133856.40300368305,11,331899.18684174196,284840.44299992034,858.1316121747608,4
2026-02-03,all_ridge,15011.883838207263,133856.40300368305,11,329916.48684184597,0.0,0.0,0
2026-02-04,all_ridge,148868.2868418903,0.0,11,331151.0868418226,0.0,0.0,0
2026-02-05,all_ridge,148868.2868418903,0.0,11,325534.4868418104,0.0,0.0,0
2026-02-06,all_ridge,148868.2868418903,0.0,11,320385.5868419143,0.0,0.0,0
2026-02-09,all_ridge,148868.2868418903,0.0,11,325248.1868417836,0.0,0.0,0
2026-02-10,all_ridge,148868.2868418903,0.0,11,325402.78684192017,0.0,0.0,0
2026-02-11,all_ridge,148868.2868418903,0.0,11,329393.98684195173,0.0,0.0,0
2026-02-23,all_ridge,148868.2868418903,0.0,11,334081.4868418913,0.0,0.0,0
2026-02-24,all_ridge,148868.2868418903,0.0,11,342207.9868419497,0.0,0.0,0
2026-02-25,all_ridge,148868.2868418903,0.0,11,342591.08684181917,0.0,0.0,0
2026-02-26,all_ridge,148868.2868418903,0.0,11,346276.48684200656,0.0,0.0,0
2026-03-02,all_ridge,15016.863982440325,168101.6039915592,9,342238.91797403625,302516.1117499341,1003.9691178248022,6
2026-03-03,all_ridge,15016.863982440325,168101.6039915592,9,340045.11797394877,0.0,0.0,0
2026-03-04,all_ridge,183118.46797399953,0.0,9,333045.7179739936,0.0,0.0,0
2026-03-05,all_ridge,183118.46797399953,0.0,9,338026.4679739978,0.0,0.0,0
2026-03-06,all_ridge,183118.46797399953,0.0,9,336521.717973926,0.0,0.0,0
2026-03-09,all_ridge,183118.46797399953,0.0,9,331033.7679740386,0.0,0.0,0
2026-03-10,all_ridge,183118.46797399953,0.0,9,332273.5679739896,0.0,0.0,0
2026-03-11,all_ridge,183118.46797399953,0.0,9,339420.86797401356,0.0,0.0,0
2026-03-12,all_ridge,183118.46797399953,0.0,9,339181.91797404445,0.0,0.0,0
2026-03-13,all_ridge,183118.46797399953,0.0,9,340124.7679739772,0.0,0.0,0
2026-03-16,all_ridge,183118.46797399953,0.0,9,344350.4679740048,0.0,0.0,0
2026-03-17,all_ridge,183118.46797399953,0.0,9,346133.9179739652,0.0,0.0,0
2026-03-18,all_ridge,183118.46797399953,0.0,9,346583.41797398543,0.0,0.0,0
2026-03-19,all_ridge,183118.46797399953,0.0,9,344489.7679739763,0.0,0.0,0
2026-03-20,all_ridge,183118.46797399953,0.0,9,344088.2679739373,0.0,0.0,0
2026-03-23,all_ridge,183118.46797399953,0.0,9,338392.86797402054,0.0,0.0,0
2026-03-24,all_ridge,183118.46797399953,0.0,9,336726.0679739723,0.0,0.0,0
2026-03-25,all_ridge,183118.46797399953,0.0,9,342029.16797406867,0.0,0.0,0
2026-03-26,all_ridge,183118.46797399953,0.0,9,342325.4179740184,0.0,0.0,0
2026-03-27,all_ridge,183118.46797399953,0.0,9,341469.1679740179,0.0,0.0,0
2026-03-30,all_ridge,183118.46797399953,0.0,9,338419.86797399767,0.0,0.0,0
2026-03-31,all_ridge,183118.46797399953,0.0,9,334007.5179740031,0.0,0.0,0
2026-04-01,all_ridge,164206.60191312453,153301.01725556413,1,336275.61916870344,172897.8209999828,738.7598052936985,14
2026-04-02,all_ridge,164206.60191312453,153301.01725556413,1,336275.61916870344,0.0,0.0,0
2026-04-07,all_ridge,317507.61916868866,0.0,1,336252.6191687182,0.0,0.0,0
2026-04-08,all_ridge,317507.61916868866,0.0,1,336252.6191687182,0.0,0.0,0
2026-04-09,all_ridge,317507.61916868866,0.0,1,336229.61916869326,0.0,0.0,0
2026-04-10,all_ridge,317507.61916868866,0.0,1,336252.6191687182,0.0,0.0,0
2026-04-13,all_ridge,317507.61916868866,0.0,1,336229.61916869326,0.0,0.0,0
2026-04-14,all_ridge,317507.61916868866,0.0,1,336252.6191687182,0.0,0.0,0
2026-04-15,all_ridge,317507.61916868866,0.0,1,336275.61916870344,0.0,0.0,0
2026-04-16,all_ridge,317507.61916868866,0.0,1,336252.6191687182,0.0,0.0,0
2026-04-17,all_ridge,317507.61916868866,0.0,1,336252.6191687182,0.0,0.0,0
2026-04-20,all_ridge,317507.61916868866,0.0,1,336206.6191687081,0.0,0.0,0
2026-04-21,all_ridge,317507.61916868866,0.0,1,336183.61916868313,0.0,0.0,0
2026-04-22,all_ridge,317507.61916868866,0.0,1,336183.61916868313,0.0,0.0,0
2026-04-23,all_ridge,317507.61916868866,0.0,1,336160.6191686979,0.0,0.0,0
2026-04-24,all_ridge,317507.61916868866,0.0,1,336137.6191687127,0.0,0.0,0
2026-04-27,all_ridge,317507.61916868866,0.0,1,336068.6191687173,0.0,0.0,0
2026-04-28,all_ridge,317507.61916868866,0.0,1,336045.6191686924,0.0,0.0,0
2026-04-29,all_ridge,317507.61916868866,0.0,1,336045.6191686924,0.0,0.0,0
2026-04-30,all_ridge,317507.61916868866,0.0,1,336045.6191686924,0.0,0.0,0
2026-05-04,all_ridge,260770.87058516368,18363.689503253667,3,335854.96008842567,75082.08500000367,181.594080275011,12
2026-05-05,all_ridge,260770.87058516368,18363.689503253667,3,336185.5600884054,0.0,0.0,0
2026-05-06,all_ridge,279134.5600884173,0.0,3,336247.96008836414,0.0,0.0,0
2026-05-07,all_ridge,279134.5600884173,0.0,3,336629.96008829423,0.0,0.0,0
2026-05-08,all_ridge,279134.5600884173,0.0,3,336499.36008834,0.0,0.0,0
2026-05-11,all_ridge,279134.5600884173,0.0,3,336679.9600883679,0.0,0.0,0
2026-05-12,all_ridge,279134.5600884173,0.0,3,336327.1600883525,0.0,0.0,0
2026-05-13,all_ridge,279134.5600884173,0.0,3,335731.160088344,0.0,0.0,0
2026-05-14,all_ridge,279134.5600884173,0.0,3,335194.96008841187,0.0,0.0,0
2026-05-15,all_ridge,279134.5600884173,0.0,3,335068.56008840643,0.0,0.0,0
2026-05-18,all_ridge,279134.5600884173,0.0,3,335124.1600882716,0.0,0.0,0
2026-05-19,all_ridge,279134.5600884173,0.0,3,334818.5600883962,0.0,0.0,0
2026-05-20,all_ridge,279134.5600884173,0.0,3,335018.5600882906,0.0,0.0,0
2026-05-21,all_ridge,279134.5600884173,0.0,3,335329.7600884432,0.0,0.0,0
2026-05-22,all_ridge,279134.5600884173,0.0,3,334843.5600883273,0.0,0.0,0
2026-05-25,all_ridge,279134.5600884173,0.0,3,334357.36008841184,0.0,0.0,0
2026-05-26,all_ridge,279134.5600884173,0.0,3,334201.76008836157,0.0,0.0,0
2026-05-27,all_ridge,279134.5600884173,0.0,3,333797.5600883555,0.0,0.0,0
2026-05-28,all_ridge,279134.5600884173,0.0,3,334379.5600883588,0.0,0.0,0
2026-05-29,all_ridge,279134.5600884173,0.0,3,334435.16008826613,0.0,0.0,0
2026-06-01,all_ridge,128259.01316304857,54863.28785350516,8,334380.75101658155,205738.5472498547,526.4778217183142,7
2026-06-02,all_ridge,128259.01316304857,54863.28785350516,8,335469.5010164753,0.0,0.0,0
2026-06-03,all_ridge,183122.3010165537,0.0,8,336742.75101659715,0.0,0.0,0
2026-06-04,all_ridge,183122.3010165537,0.0,8,335553.6010166218,0.0,0.0,0
2026-06-05,all_ridge,183122.3010165537,0.0,8,335515.651016635,0.0,0.0,0
2026-06-08,all_ridge,183122.3010165537,0.0,8,329615.8968437661,0.0,0.0,0
2026-06-09,all_ridge,183122.3010165537,0.0,8,333950.29684385465,0.0,0.0,0
2026-06-10,all_ridge,183122.3010165537,0.0,8,333482.96111905074,0.0,0.0,0
2026-06-11,all_ridge,183122.3010165537,0.0,8,330627.57063578453,0.0,0.0,0
2026-06-12,all_ridge,183122.3010165537,0.0,8,331317.2475025755,0.0,0.0,0
2026-06-15,all_ridge,183122.3010165537,0.0,8,333287.15804448293,0.0,0.0,0
2026-06-16,all_ridge,183122.3010165537,0.0,8,333092.4675609877,0.0,0.0,0
2026-06-17,all_ridge,183122.3010165537,0.0,8,334004.69647752517,0.0,0.0,0
2026-06-18,all_ridge,183122.3010165537,0.0,8,334761.91280274285,0.0,0.0,0
2026-06-22,all_ridge,183122.3010165537,0.0,8,333263.60226107395,0.0,0.0,0
2026-06-23,all_ridge,183122.3010165537,0.0,8,333454.20123603934,0.0,0.0,0
2026-06-24,all_ridge,183122.3010165537,0.0,8,335761.81756134145,0.0,0.0,0
2026-06-25,all_ridge,183122.3010165537,0.0,8,338621.9838862895,0.0,0.0,0
2026-06-26,all_ridge,183122.3010165537,0.0,8,339413.67231973936,0.0,0.0,0
2026-06-29,all_ridge,183122.3010165537,0.0,8,341340.0097282027,0.0,0.0,0
2026-06-30,all_ridge,183122.3010165537,0.0,8,345354.53864468343,0.0,0.0,0
2026-07-01,all_ridge,109628.85312858497,164913.78186012537,4,348232.68498878356,239075.92545311595,877.8539809593478,11
2026-07-02,all_ridge,109628.85312858497,164913.78186012537,4,350589.23498867924,0.0,0.0,0
2026-07-03,all_ridge,274542.63498871034,0.0,4,350306.68498861475,0.0,0.0,0
2026-07-06,all_ridge,274542.63498871034,0.0,4,348873.6349886569,0.0,0.0,0
2026-07-07,all_ridge,274542.63498871034,0.0,4,348045.73498874437,0.0,0.0,0
2026-07-08,all_ridge,274542.63498871034,0.0,4,346980.7102734828,0.0,0.0,0
2026-07-09,all_ridge,274542.63498871034,0.0,4,347593.21719962993,0.0,0.0,0
2026-07-13,all_ridge,274542.63498871034,0.0,4,347722.43809883855,0.0,0.0,0
2026-07-14,all_ridge,274542.63498871034,0.0,4,345690.00091776496,0.0,0.0,0
2026-07-15,all_ridge,274542.63498871034,0.0,4,345985.95553511195,0.0,0.0,0
2026-07-16,all_ridge,274542.63498871034,0.0,4,346408.49028651207,0.0,0.0,0
2026-07-17,all_ridge,274542.63498871034,0.0,4,345558.06464900734,0.0,0.0,0
2026-07-20,all_ridge,274542.63498871034,0.0,4,345593.57042066567,0.0,0.0,0
2026-07-21,all_ridge,274542.63498871034,0.0,4,345898.0774677422,0.0,0.0,0
2026-07-22,all_ridge,274542.63498871034,0.0,4,346086.56464897085,0.0,0.0,0
2026-07-23,all_ridge,274542.63498871034,0.0,4,345549.99605836836,0.0,0.0,0
2026-07-24,all_ridge,274542.63498871034,0.0,4,345676.85760189826,0.0,0.0,0
2026-07-27,all_ridge,274542.63498871034,0.0,4,346705.0819641592,0.0,0.0,0
2026-07-28,all_ridge,274542.63498871034,0.0,4,344575.1261925022,0.0,0.0,0
2026-07-29,all_ridge,274542.63498871034,0.0,4,343429.0447829333,0.0,0.0,0
2026-07-30,all_ridge,274542.63498871034,0.0,4,343789.4576018542,0.0,0.0,0
2026-07-31,all_ridge,274542.63498871034,0.0,4,345707.7390113028,0.0,0.0,0
2026-08-03,all_ridge,69148.77920716035,50985.030484184965,12,346742.4579422165,256283.336250035,553.9730474001053,3
2026-08-04,all_ridge,69148.77920716035,50985.030484184965,12,347838.01498910843,0.0,0.0,0
2026-08-05,all_ridge,120133.80969134532,0.0,12,353452.3649890395,0.0,0.0,0
2026-08-06,all_ridge,120133.80969134532,0.0,12,356447.60217036743,0.0,0.0,0
2026-08-07,all_ridge,120133.80969134532,0.0,12,356752.9393514903,0.0,0.0,0
2026-08-10,all_ridge,120133.80969134532,0.0,12,363000.5835796632,0.0,0.0,0
2026-08-11,all_ridge,120133.80969134532,0.0,12,362526.9649889781,0.0,0.0,0
2026-08-12,all_ridge,120133.80969134532,0.0,12,364996.1649889981,0.0,0.0,0
2026-08-13,all_ridge,120133.80969134532,0.0,12,363676.8092174708,0.0,0.0,0
2026-08-14,all_ridge,120133.80969134532,0.0,12,360224.0906267427,0.0,0.0,0
2026-08-17,all_ridge,120133.80969134532,0.0,12,364391.5963986914,0.0,0.0,0
2026-08-18,all_ridge,120133.80969134532,0.0,12,362260.0835796446,0.0,0.0,0
2026-08-19,all_ridge,120133.80969134532,0.0,12,362492.13357961545,0.0,0.0,0
2026-08-20,all_ridge,120133.80969134532,0.0,12,363688.3021701759,0.0,0.0,0
2026-08-21,all_ridge,120133.80969134532,0.0,12,361091.5707608439,0.0,0.0,0
2026-08-24,all_ridge,120133.80969134532,0.0,12,361035.93357962254,0.0,0.0,0
2026-08-25,all_ridge,120133.80969134532,0.0,12,361180.5207609013,0.0,0.0,0
2026-08-26,all_ridge,120133.80969134532,0.0,12,361552.16498907784,0.0,0.0,0
2026-08-27,all_ridge,120133.80969134532,0.0,12,364301.88357972517,0.0,0.0,0
2026-08-28,all_ridge,120133.80969134532,0.0,12,366159.69639855897,0.0,0.0,0
2026-08-31,all_ridge,120133.80969134532,0.0,12,365710.66498914297,0.0,0.0,0
2026-09-01,all_ridge,15002.999080020321,225137.2449739851,9,362735.4993517392,331090.2909998284,1236.8416371682351,6
2026-09-02,all_ridge,15002.999080020321,225137.2449739851,9,362807.8051236134,0.0,0.0,0
2026-09-03,all_ridge,240140.24405400542,0.0,9,361854.99230486766,0.0,0.0,0
2026-09-04,all_ridge,240140.24405400542,0.0,9,363059.31089534215,0.0,0.0,0
2026-09-07,all_ridge,240140.24405400542,0.0,9,362271.7865329499,0.0,0.0,0
2026-09-08,all_ridge,240140.24405400542,0.0,9,364181.21089534735,0.0,0.0,0
2026-09-09,all_ridge,240140.24405400542,0.0,9,366103.3108952738,0.0,0.0,0
2026-09-10,all_ridge,240140.24405400542,0.0,9,365722.529485918,0.0,0.0,0
2026-09-11,all_ridge,240140.24405400542,0.0,9,367357.6666671549,0.0,0.0,0
2026-09-14,all_ridge,240140.24405400542,0.0,9,366805.4852577008,0.0,0.0,0
2026-09-15,all_ridge,240140.24405400542,0.0,9,364126.80384815426,0.0,0.0,0
2026-09-16,all_ridge,240140.24405400542,0.0,9,364509.3617773294,0.0,0.0,0
2026-09-17,all_ridge,240140.24405400542,0.0,9,365598.29816526046,0.0,0.0,0
2026-09-18,all_ridge,240140.24405400542,0.0,9,368110.32945742377,0.0,0.0,0
2026-09-21,all_ridge,240140.24405400542,0.0,9,366349.378105696,0.0,0.0,0
2026-09-22,all_ridge,240140.24405400542,0.0,9,365199.1236856666,0.0,0.0,0
2026-09-23,all_ridge,240140.24405400542,0.0,9,364633.6453445023,0.0,0.0,0
2026-09-24,all_ridge,240140.24405400542,0.0,9,363588.60055773077,0.0,0.0,0
2026-09-29,all_ridge,240140.24405400542,0.0,9,363076.36337654485,0.0,0.0,0
2026-09-30,all_ridge,240140.24405400542,0.0,9,364487.68515284365,0.0,0.0,0
2026-10-01,all_ridge,16970.016245655443,113584.05190592354,13,362362.0647436145,336975.9417596525,895.2696620789573,2
2026-10-02,all_ridge,16970.016245655443,113584.05190592354,13,362075.646828939,0.0,0.0,0
2024-01-02,price_tree,92897.60043062505,0.0,11,297900.00043092505,206794.37774999999,308.02181937499995,4
2024-01-03,price_tree,92897.60043062505,0.0,11,294875.45043080125,0.0,0.0,0
2024-01-04,price_tree,92897.60043062505,0.0,11,294204.5596509578,0.0,0.0,0
2024-01-05,price_tree,92897.60043062505,0.0,11,292811.0710036986,0.0,0.0,0
2024-01-08,price_tree,92897.60043062505,0.0,11,291676.8940542242,0.0,0.0,0
2024-01-09,price_tree,92897.60043062505,0.0,11,289520.6096508062,0.0,0.0,0
2024-01-10,price_tree,92897.60043062505,0.0,11,286055.55185255,0.0,0.0,0
2024-01-11,price_tree,92897.60043062505,0.0,11,287662.5440541572,0.0,0.0,0
2024-01-12,price_tree,92897.60043062505,0.0,11,286210.20575172827,0.0,0.0,0
2024-01-15,price_tree,92897.60043062505,0.0,11,288001.04795316455,0.0,0.0,0
2024-01-16,price_tree,92897.60043062505,0.0,11,284883.5703144955,0.0,0.0,0
2024-01-17,price_tree,92897.60043062505,0.0,11,282621.13912109483,0.0,0.0,0
2024-01-18,price_tree,92897.60043062505,0.0,11,282945.7242135911,0.0,0.0,0
2024-01-19,price_tree,92897.60043062505,0.0,11,286490.1440540692,0.0,0.0,0
2024-01-22,price_tree,92897.60043062505,0.0,11,290459.94795343175,0.0,0.0,0
2024-01-23,price_tree,92897.60043062505,0.0,11,291668.20150789287,0.0,0.0,0
2024-01-24,price_tree,92897.60043062505,0.0,11,292110.72524772247,0.0,0.0,0
2024-01-25,price_tree,92897.60043062505,0.0,11,292436.66389485745,0.0,0.0,0
2024-01-26,price_tree,92897.60043062505,0.0,11,291554.325247767,0.0,0.0,0
2024-01-29,price_tree,92897.60043062505,0.0,11,294264.7291470141,0.0,0.0,0
2024-01-30,price_tree,92897.60043062505,0.0,11,295783.3028867652,0.0,0.0,0
2024-01-31,price_tree,92897.60043062505,0.0,11,294454.23373529466,0.0,0.0,0
2024-02-01,price_tree,15004.421195700072,161689.29950612033,8,294281.5838212741,240173.29500013945,881.8662289441685,7
2024-02-02,price_tree,15004.421195700072,161689.29950612033,8,296448.6955188466,0.0,0.0,0
2024-02-05,price_tree,176693.7207018204,0.0,8,295701.1724684153,0.0,0.0,0
2024-02-15,price_tree,176693.7207018204,0.0,8,296588.8657040857,0.0,0.0,0
2024-02-16,price_tree,176693.7207018204,0.0,8,294999.76180492603,0.0,0.0,0
2024-02-19,price_tree,176693.7207018204,0.0,8,293942.6231577946,0.0,0.0,0
2024-02-20,price_tree,176693.7207018204,0.0,8,292789.9851999535,0.0,0.0,0
2024-02-21,price_tree,176693.7207018204,0.0,8,292594.6582503471,0.0,0.0,0
2024-02-22,price_tree,176693.7207018204,0.0,8,293985.77453653514,0.0,0.0,0
2024-02-23,price_tree,176693.7207018204,0.0,8,294618.41525181965,0.0,0.0,0
2024-02-26,price_tree,176693.7207018204,0.0,8,295659.66949568567,0.0,0.0,0
2024-02-27,price_tree,176693.7207018204,0.0,8,294864.41949564504,0.0,0.0,0
2024-02-29,price_tree,176693.7207018204,0.0,8,299370.3432353406,0.0,0.0,0
2024-03-01,price_tree,15004.028452182898,104585.99899555194,11,300702.7274477894,266511.0970419277,762.3592960132833,4
2024-03-04,price_tree,15004.028452182898,104585.99899555194,11,303719.3274476466,0.0,0.0,0
2024-03-05,price_tree,119590.02744773484,0.0,11,307320.6274476841,0.0,0.0,0
2024-03-06,price_tree,119590.02744773484,0.0,11,307629.5274476098,0.0,0.0,0
2024-03-07,price_tree,119590.02744773484,0.0,11,303386.0274477108,0.0,0.0,0
2024-03-08,price_tree,119590.02744773484,0.0,11,300503.12744770094,0.0,0.0,0
2024-03-11,price_tree,119590.02744773484,0.0,11,302591.527447777,0.0,0.0,0
2024-03-12,price_tree,119590.02744773484,0.0,11,304393.6274476299,0.0,0.0,0
2024-03-13,price_tree,119590.02744773484,0.0,11,301056.62744777417,0.0,0.0,0
2024-03-14,price_tree,119590.02744773484,0.0,11,296738.12744777254,0.0,0.0,0
2024-03-15,price_tree,119590.02744773484,0.0,11,293597.12744768226,0.0,0.0,0
2024-03-18,price_tree,119590.02744773484,0.0,11,298058.7274476596,0.0,0.0,0
2024-03-19,price_tree,119590.02744773484,0.0,11,298500.62744779454,0.0,0.0,0
2024-03-20,price_tree,119590.02744773484,0.0,11,298757.2274477928,0.0,0.0,0
2024-03-21,price_tree,119590.02744773484,0.0,11,302766.827447658,0.0,0.0,0
2024-03-22,price_tree,119590.02744773484,0.0,11,303892.8274477378,0.0,0.0,0
2024-03-25,price_tree,119590.02744773484,0.0,11,304334.22744773456,0.0,0.0,0
2024-03-26,price_tree,119590.02744773484,0.0,11,300339.72744775494,0.0,0.0,0
2024-03-27,price_tree,119590.02744773484,0.0,11,302331.92744772683,0.0,0.0,0
2024-03-28,price_tree,119590.02744773484,0.0,11,303992.2274476305,0.0,0.0,0
2024-03-29,price_tree,119590.02744773484,0.0,11,304280.9274477732,0.0,0.0,0
2024-04-01,price_tree,15016.950254572364,183987.09637679008,7,304460.69663118676,289239.74800007785,1028.1348164502333,8
2024-04-02,price_tree,15016.950254572364,183987.09637679008,7,304704.1466312811,0.0,0.0,0
2024-04-03,price_tree,199004.04663136243,0.0,7,304625.496631354,0.0,0.0,0
2024-04-08,price_tree,199004.04663136243,0.0,7,308144.04663122166,0.0,0.0,0
2024-04-09,price_tree,199004.04663136243,0.0,7,308234.09663128614,0.0,0.0,0
2024-04-10,price_tree,199004.04663136243,0.0,7,308102.7466312606,0.0,0.0,0
2024-04-11,price_tree,199004.04663136243,0.0,7,308749.6466312645,0.0,0.0,0
2024-04-12,price_tree,199004.04663136243,0.0,7,309938.7466312677,0.0,0.0,0
2024-04-15,price_tree,199004.04663136243,0.0,7,310182.8966312845,0.0,0.0,0
2024-04-16,price_tree,199004.04663136243,0.0,7,307958.3466311998,0.0,0.0,0
2024-04-17,price_tree,199004.04663136243,0.0,7,312514.09663119615,0.0,0.0,0
2024-04-18,price_tree,199004.04663136243,0.0,7,316436.2966311641,0.0,0.0,0
2024-04-19,price_tree,199004.04663136243,0.0,7,313913.7466312203,0.0,0.0,0
2024-04-22,price_tree,199004.04663136243,0.0,7,312385.5466312071,0.0,0.0,0
2024-04-23,price_tree,199004.04663136243,0.0,7,314450.2466311728,0.0,0.0,0
2024-04-24,price_tree,199004.04663136243,0.0,7,316261.7466312194,0.0,0.0,0
2024-04-25,price_tree,199004.04663136243,0.0,7,318126.19663125003,0.0,0.0,0
2024-04-26,price_tree,199004.04663136243,0.0,7,321738.8466311383,0.0,0.0,0
2024-04-29,price_tree,199004.04663136243,0.0,7,324741.0966311658,0.0,0.0,0
2024-04-30,price_tree,199004.04663136243,0.0,7,324173.8966312979,0.0,0.0,0
2024-05-02,price_tree,15053.465306093685,67231.01388149978,13,325936.72918762284,251238.67824987444,580.5961936433732,2
2024-05-03,price_tree,15053.465306093685,67231.01388149978,13,325460.42918769387,0.0,0.0,0
2024-05-06,price_tree,82284.47918759346,0.0,13,327694.6791876174,0.0,0.0,0
2024-05-07,price_tree,82284.47918759346,0.0,13,325554.77918772213,0.0,0.0,0
2024-05-08,price_tree,82284.47918759346,0.0,13,319973.5291875952,0.0,0.0,0
2024-05-09,price_tree,82284.47918759346,0.0,13,314803.92918759276,0.0,0.0,0
2024-05-10,price_tree,82284.47918759346,0.0,13,316421.72918769077,0.0,0.0,0
2024-05-13,price_tree,82284.47918759346,0.0,13,314687.429187643,0.0,0.0,0
2024-05-14,price_tree,82284.47918759346,0.0,13,314089.32918777043,0.0,0.0,0
2024-05-15,price_tree,82284.47918759346,0.0,13,317962.67918766354,0.0,0.0,0
2024-05-16,price_tree,82284.47918759346,0.0,13,319395.57918768394,0.0,0.0,0
2024-05-17,price_tree,82284.47918759346,0.0,13,320693.8291877435,0.0,0.0,0
2024-05-20,price_tree,82284.47918759346,0.0,13,319257.67918761837,0.0,0.0,0
2024-05-21,price_tree,82284.47918759346,0.0,13,317529.17918760865,0.0,0.0,0
2024-05-22,price_tree,82284.47918759346,0.0,13,318075.2791877567,0.0,0.0,0
2024-05-23,price_tree,82284.47918759346,0.0,13,313107.82918771106,0.0,0.0,0
2024-05-24,price_tree,82284.47918759346,0.0,13,315869.9791877232,0.0,0.0,0
2024-05-27,price_tree,82284.47918759346,0.0,13,317224.6791877874,0.0,0.0,0
2024-05-28,price_tree,82284.47918759346,0.0,13,320128.57918761024,0.0,0.0,0
2024-05-29,price_tree,82284.47918759346,0.0,13,319029.1291876359,0.0,0.0,0
2024-05-30,price_tree,82284.47918759346,0.0,13,317535.02918762143,0.0,0.0,0
2024-05-31,price_tree,82284.47918759346,0.0,13,318710.1791876972,0.0,0.0,0
2024-06-03,price_tree,15010.844971212218,210625.4680650332,6,318212.663036159,278703.93025005836,1074.9509014064251,9
2024-06-04,price_tree,15010.844971212218,210625.4680650332,6,318279.9130362326,0.0,0.0,0
2024-06-05,price_tree,225636.3130362454,0.0,6,319716.0130362103,0.0,0.0,0
2024-06-06,price_tree,225636.3130362454,0.0,6,318568.76303611835,0.0,0.0,0
2024-06-07,price_tree,225636.3130362454,0.0,6,320073.2630362801,0.0,0.0,0
2024-06-11,price_tree,225636.3130362454,0.0,6,317724.2630362144,0.0,0.0,0
2024-06-12,price_tree,225636.3130362454,0.0,6,317139.2130362759,0.0,0.0,0
2024-06-13,price_tree,225636.3130362454,0.0,6,317707.9130363173,0.0,0.0,0
2024-06-14,price_tree,225636.3130362454,0.0,6,318988.5130361951,0.0,0.0,0
2024-06-17,price_tree,225636.3130362454,0.0,6,318156.96303627826,0.0,0.0,0
2024-06-18,price_tree,225636.3130362454,0.0,6,318203.813036261,0.0,0.0,0
2024-06-19,price_tree,225636.3130362454,0.0,6,318958.2630362697,0.0,0.0,0
2024-06-20,price_tree,225636.3130362454,0.0,6,319390.1630362004,0.0,0.0,0
2024-06-21,price_tree,225636.3130362454,0.0,6,319992.71303622646,0.0,0.0,0
2024-06-24,price_tree,225636.3130362454,0.0,6,320520.2630363108,0.0,0.0,0
2024-06-25,price_tree,225636.3130362454,0.0,6,320074.4130361632,0.0,0.0,0
2024-06-26,price_tree,225636.3130362454,0.0,6,320917.7130361852,0.0,0.0,0
2024-06-27,price_tree,225636.3130362454,0.0,6,320563.96303627745,0.0,0.0,0
2024-06-28,price_tree,225636.3130362454,0.0,6,322197.0630362723,0.0,0.0,0
2024-07-01,price_tree,113130.38572208292,98581.92668369997,6,324454.3624057493,211406.89024998745,639.2218804499624,9
2024-07-02,price_tree,113130.38572208292,98581.92668369997,6,323474.8124057908,0.0,0.0,0
2024-07-03,price_tree,211712.3124057829,0.0,6,324985.81240574404,0.0,0.0,0
2024-07-04,price_tree,211712.3124057829,0.0,6,326636.91240569245,0.0,0.0,0
2024-07-05,price_tree,211712.3124057829,0.0,6,328917.912405734,0.0,0.0,0
2024-07-08,price_tree,211712.3124057829,0.0,6,326298.1298496011,0.0,0.0,0
2024-07-09,price_tree,211712.3124057829,0.0,6,322781.82466828,0.0,0.0,0
2024-07-10,price_tree,211712.3124057829,0.0,6,325115.76663717674,0.0,0.0,0
2024-07-11,price_tree,211712.3124057829,0.0,6,323655.3949158543,0.0,0.0,0
2024-07-12,price_tree,211712.3124057829,0.0,6,324090.65584126196,0.0,0.0,0
2024-07-15,price_tree,211712.3124057829,0.0,6,324413.9335464318,0.0,0.0,0
2024-07-16,price_tree,211712.3124057829,0.0,6,325074.64674830163,0.0,0.0,0
2024-07-17,price_tree,211712.3124057829,0.0,6,327166.7636755406,0.0,0.0,0
2024-07-18,price_tree,211712.3124057829,0.0,6,325626.98898887384,0.0,0.0,0
2024-07-19,price_tree,211712.3124057829,0.0,6,322911.37030598236,0.0,0.0,0
2024-07-22,price_tree,211712.3124057829,0.0,6,323152.30577835,0.0,0.0,0
2024-07-23,price_tree,211712.3124057829,0.0,6,323635.9349117158,0.0,0.0,0
2024-07-26,price_tree,211712.3124057829,0.0,6,322052.7660077816,0.0,0.0,0
2024-07-29,price_tree,211712.3124057829,0.0,6,320486.3126162254,0.0,0.0,0
2024-07-30,price_tree,211712.3124057829,0.0,6,322680.93973011774,0.0,0.0,0
2024-07-31,price_tree,211712.3124057829,0.0,6,324068.6234188958,0.0,0.0,0
2024-08-01,price_tree,174175.4134396579,56712.87524287345,5,325498.5703436073,94448.41817745582,305.47190070736747,10
2024-08-02,price_tree,174175.4134396579,56712.87524287345,5,322821.6347341302,0.0,0.0,0
2024-08-05,price_tree,230888.28868253133,0.0,5,314133.2783539451,0.0,0.0,0
2024-08-06,price_tree,230888.28868253133,0.0,5,310731.3775237304,0.0,0.0,0
2024-08-07,price_tree,230888.28868253133,0.0,5,315188.7070086072,0.0,0.0,0
2024-08-08,price_tree,230888.28868253133,0.0,5,314405.6288251897,0.0,0.0,0
2024-08-09,price_tree,230888.28868253133,0.0,5,316901.61867354787,0.0,0.0,0
2024-08-12,price_tree,230888.28868253133,0.0,5,318963.3367216705,0.0,0.0,0
2024-08-13,price_tree,230888.28868253133,0.0,5,321525.592806021,0.0,0.0,0
2024-08-14,price_tree,230888.28868253133,0.0,5,321095.8422567079,0.0,0.0,0
2024-08-15,price_tree,230888.28868253133,0.0,5,320743.1629754311,0.0,0.0,0
2024-08-16,price_tree,230888.28868253133,0.0,5,324469.52576193726,0.0,0.0,0
2024-08-19,price_tree,230888.28868253133,0.0,5,325972.6970581985,0.0,0.0,0
2024-08-20,price_tree,230888.28868253133,0.0,5,327980.9508184185,0.0,0.0,0
2024-08-21,price_tree,230888.28868253133,0.0,5,330243.1715757981,0.0,0.0,0
2024-08-22,price_tree,230888.28868253133,0.0,5,330248.2144530425,0.0,0.0,0
2024-08-23,price_tree,230888.28868253133,0.0,5,329138.728287549,0.0,0.0,0
2024-08-26,price_tree,230888.28868253133,0.0,5,325851.57861829374,0.0,0.0,0
2024-08-27,price_tree,230888.28868253133,0.0,5,326669.33821102144,0.0,0.0,0
2024-08-28,price_tree,230888.28868253133,0.0,5,325534.4401108452,0.0,0.0,0
2024-08-29,price_tree,230888.28868253133,0.0,5,324329.65041113197,0.0,0.0,0
2024-08-30,price_tree,230888.28868253133,0.0,5,325715.4471533378,0.0,0.0,0
2024-09-02,price_tree,99777.00421116261,76870.82228590178,8,324501.2764969493,208137.08698084432,528.115666311283,7
2024-09-03,price_tree,99777.00421116261,76870.82228590178,8,322127.2264970994,0.0,0.0,0
2024-09-04,price_tree,176647.82649706438,0.0,8,316357.02649707254,0.0,0.0,0
2024-09-05,price_tree,176647.82649706438,0.0,8,315427.07649699284,0.0,0.0,0
2024-09-06,price_tree,176647.82649706438,0.0,8,313769.7764970719,0.0,0.0,0
2024-09-09,price_tree,176647.82649706438,0.0,8,313688.0764970874,0.0,0.0,0
2024-09-10,price_tree,176647.82649706438,0.0,8,310523.32649701316,0.0,0.0,0
2024-09-11,price_tree,176647.82649706438,0.0,8,313641.37649695575,0.0,0.0,0
2024-09-12,price_tree,176647.82649706438,0.0,8,314180.6264970214,0.0,0.0,0
2024-09-13,price_tree,176647.82649706438,0.0,8,318069.62649701163,0.0,0.0,0
2024-09-16,price_tree,176647.82649706438,0.0,8,317076.47649696696,0.0,0.0,0
2024-09-18,price_tree,176647.82649706438,0.0,8,315301.0264971327,0.0,0.0,0
2024-09-19,price_tree,176647.82649706438,0.0,8,315506.57649705716,0.0,0.0,0
2024-09-20,price_tree,176647.82649706438,0.0,8,317642.47649702325,0.0,0.0,0
2024-09-23,price_tree,176647.82649706438,0.0,8,318320.1764971004,0.0,0.0,0
2024-09-24,price_tree,176647.82649706438,0.0,8,316945.97649713815,0.0,0.0,0
2024-09-25,price_tree,176647.82649706438,0.0,8,317473.7764971149,0.0,0.0,0
2024-09-26,price_tree,176647.82649706438,0.0,8,316867.0264970233,0.0,0.0,0
2024-09-27,price_tree,176647.82649706438,0.0,8,319396.97649704455,0.0,0.0,0
2024-09-30,price_tree,176647.82649706438,0.0,8,317857.976497019,0.0,0.0,0
2024-10-01,price_tree,44385.233996301904,139701.02633481123,7,315069.860331056,272397.44550003635,810.238665987609,8
2024-10-04,price_tree,44385.233996301904,139701.02633481123,7,312446.9603310779,0.0,0.0,0
2024-10-07,price_tree,184086.26033111312,0.0,7,314676.3603310726,0.0,0.0,0
2024-10-08,price_tree,184086.26033111312,0.0,7,311104.9603310608,0.0,0.0,0
2024-10-09,price_tree,184086.26033111312,0.0,7,309239.1603310229,0.0,0.0,0
2024-10-11,price_tree,184086.26033111312,0.0,7,307874.4103310068,0.0,0.0,0
2024-10-14,price_tree,184086.26033111312,0.0,7,309892.51033099974,0.0,0.0,0
2024-10-15,price_tree,184086.26033111312,0.0,7,310151.21033104474,0.0,0.0,0
2024-10-16,price_tree,184086.26033111312,0.0,7,311685.51033099904,0.0,0.0,0
2024-10-17,price_tree,184086.26033111312,0.0,7,312130.4603310016,0.0,0.0,0
2024-10-18,price_tree,184086.26033111312,0.0,7,310191.5103310313,0.0,0.0,0
2024-10-21,price_tree,184086.26033111312,0.0,7,310890.0603309914,0.0,0.0,0
2024-10-22,price_tree,184086.26033111312,0.0,7,311644.7103310505,0.0,0.0,0
2024-10-23,price_tree,184086.26033111312,0.0,7,312027.5603310385,0.0,0.0,0
2024-10-24,price_tree,184086.26033111312,0.0,7,311457.61033099925,0.0,0.0,0
2024-10-25,price_tree,184086.26033111312,0.0,7,310690.7103309743,0.0,0.0,0
2024-10-28,price_tree,184086.26033111312,0.0,7,308288.4603310862,0.0,0.0,0
2024-10-29,price_tree,184086.26033111312,0.0,7,309611.41033103544,0.0,0.0,0
2024-10-30,price_tree,184086.26033111312,0.0,7,310848.6603310938,0.0,0.0,0
2024-11-01,price_tree,15030.07854858191,104044.99159126627,12,308779.0201398039,273286.13199999125,739.9321912562239,3
2024-11-04,price_tree,15030.07854858191,104044.99159126627,12,306780.6701398424,0.0,0.0,0
2024-11-05,price_tree,119075.07013984818,0.0,12,308840.77013987856,0.0,0.0,0
2024-11-06,price_tree,119075.07013984818,0.0,12,308146.2190594563,0.0,0.0,0
2024-11-07,price_tree,119075.07013984818,0.0,12,311100.99096773105,0.0,0.0,0
2024-11-08,price_tree,119075.07013984818,0.0,12,311899.0591661907,0.0,0.0,0
2024-11-11,price_tree,119075.07013984818,0.0,12,312250.8281716343,0.0,0.0,0
2024-11-12,price_tree,119075.07013984818,0.0,12,305746.1587366234,0.0,0.0,0
2024-11-13,price_tree,119075.07013984818,0.0,12,307202.12693498645,0.0,0.0,0
2024-11-14,price_tree,119075.07013984818,0.0,12,305362.8372838079,0.0,0.0,0
2024-11-15,price_tree,119075.07013984818,0.0,12,307386.1438965682,0.0,0.0,0
2024-11-18,price_tree,119075.07013984818,0.0,12,303277.3418269049,0.0,0.0,0
2024-11-19,price_tree,119075.07013984818,0.0,12,306577.16042884206,0.0,0.0,0
2024-11-20,price_tree,119075.07013984818,0.0,12,305040.20174624055,0.0,0.0,0
2024-11-21,price_tree,119075.07013984818,0.0,12,306374.2360471972,0.0,0.0,0
2024-11-22,price_tree,119075.07013984818,0.0,12,306100.04801020474,0.0,0.0,0
2024-11-25,price_tree,119075.07013984818,0.0,12,307722.93518797,0.0,0.0,0
2024-11-26,price_tree,119075.07013984818,0.0,12,307192.72526874393,0.0,0.0,0
2024-11-27,price_tree,119075.07013984818,0.0,12,301639.9678226885,0.0,0.0,0
2024-11-28,price_tree,119075.07013984818,0.0,12,300012.7244356571,0.0,0.0,0
2024-11-29,price_tree,119075.07013984818,0.0,12,302146.8599732411,0.0,0.0,0
2024-12-02,price_tree,24848.888015316923,164811.80589951624,6,302147.2939147493,259643.69007396937,932.719298984408,9
2024-12-03,price_tree,24848.888015316923,164811.80589951624,6,304232.3939147545,0.0,0.0,0
2024-12-04,price_tree,189660.69391483316,0.0,6,305027.99391469243,0.0,0.0,0
2024-12-05,price_tree,189660.69391483316,0.0,6,304932.9939148867,0.0,0.0,0
2024-12-06,price_tree,189660.69391483316,0.0,6,304482.74391488475,0.0,0.0,0
2024-12-09,price_tree,189660.69391483316,0.0,6,305100.7939147703,0.0,0.0,0
2024-12-10,price_tree,189660.69391483316,0.0,6,304548.0939147408,0.0,0.0,0
2024-12-11,price_tree,189660.69391483316,0.0,6,306764.1439147108,0.0,0.0,0
2024-12-12,price_tree,189660.69391483316,0.0,6,307445.24391485116,0.0,0.0,0
2024-12-13,price_tree,189660.69391483316,0.0,6,306056.44391476957,0.0,0.0,0
2024-12-16,price_tree,189660.69391483316,0.0,6,303345.74391474295,0.0,0.0,0
2024-12-17,price_tree,189660.69391483316,0.0,6,303168.19391479867,0.0,0.0,0
2024-12-18,price_tree,189660.69391483316,0.0,6,305453.4939148785,0.0,0.0,0
2024-12-19,price_tree,189660.69391483316,0.0,6,306650.59391472745,0.0,0.0,0
2024-12-20,price_tree,189660.69391483316,0.0,6,307205.6439146701,0.0,0.0,0
2024-12-23,price_tree,189660.69391483316,0.0,6,307640.29391478654,0.0,0.0,0
2024-12-24,price_tree,189660.69391483316,0.0,6,309296.6939147489,0.0,0.0,0
2024-12-25,price_tree,189660.69391483316,0.0,6,311505.7439147773,0.0,0.0,0
2024-12-26,price_tree,189660.69391483316,0.0,6,309867.7939148366,0.0,0.0,0
2024-12-27,price_tree,189660.69391483316,0.0,6,309670.14391482377,0.0,0.0,0
2024-12-30,price_tree,189660.69391483316,0.0,6,311380.04391476087,0.0,0.0,0
2024-12-31,price_tree,189660.69391483316,0.0,6,313690.19391476,0.0,0.0,0
2025-01-02,price_tree,15010.806909208188,122596.62315933709,11,310300.63006851263,297453.4812498366,940.9870961245098,4
2025-01-03,price_tree,15010.806909208188,122596.62315933709,11,308863.48006859527,0.0,0.0,0
2025-01-06,price_tree,137607.43006854528,0.0,11,311639.080068714,0.0,0.0,0
2025-01-07,price_tree,137607.43006854528,0.0,11,308806.8800685571,0.0,0.0,0
2025-01-08,price_tree,137607.43006854528,0.0,11,308525.0300685663,0.0,0.0,0
2025-01-09,price_tree,137607.43006854528,0.0,11,304799.7300686042,0.0,0.0,0
2025-01-10,price_tree,137607.43006854528,0.0,11,303298.13006867364,0.0,0.0,0
2025-01-13,price_tree,137607.43006854528,0.0,11,302122.6800685235,0.0,0.0,0
2025-01-14,price_tree,137607.43006854528,0.0,11,304341.8300683998,0.0,0.0,0
2025-01-15,price_tree,137607.43006854528,0.0,11,307079.43006865133,0.0,0.0,0
2025-01-16,price_tree,137607.43006854528,0.0,11,308760.2300685957,0.0,0.0,0
2025-01-17,price_tree,137607.43006854528,0.0,11,309173.73006866395,0.0,0.0,0
2025-01-20,price_tree,137607.43006854528,0.0,11,310508.6800686257,0.0,0.0,0
2025-01-21,price_tree,137607.43006854528,0.0,11,308836.78006859415,0.0,0.0,0
2025-01-22,price_tree,137607.43006854528,0.0,11,310168.4800686912,0.0,0.0,0
2025-02-03,price_tree,15017.549060457795,93716.2179936489,14,307139.1670541015,216536.85950002394,679.7565144625719,1
2025-02-04,price_tree,15017.549060457795,93716.2179936489,14,309845.61705402145,0.0,0.0,0
2025-02-05,price_tree,108733.76705410669,0.0,14,313173.9170539639,0.0,0.0,0
2025-02-06,price_tree,108733.76705410669,0.0,14,317726.0670542835,0.0,0.0,0
2025-02-07,price_tree,108733.76705410669,0.0,14,318150.7170541909,0.0,0.0,0
2025-02-10,price_tree,108733.76705410669,0.0,14,320038.2670540703,0.0,0.0,0
2025-02-11,price_tree,108733.76705410669,0.0,14,323341.6670540995,0.0,0.0,0
2025-02-12,price_tree,108733.76705410669,0.0,14,325773.46705410664,0.0,0.0,0
2025-02-13,price_tree,108733.76705410669,0.0,14,331354.4670541856,0.0,0.0,0
2025-02-14,price_tree,108733.76705410669,0.0,14,331182.917054252,0.0,0.0,0
2025-02-17,price_tree,108733.76705410669,0.0,14,331943.61705413234,0.0,0.0,0
2025-02-18,price_tree,108733.76705410669,0.0,14,329647.61705406907,0.0,0.0,0
2025-02-19,price_tree,108733.76705410669,0.0,14,332838.7170541503,0.0,0.0,0
2025-02-20,price_tree,108733.76705410669,0.0,14,333248.117054092,0.0,0.0,0
2025-02-21,price_tree,108733.76705410669,0.0,14,332486.7170542436,0.0,0.0,0
2025-02-24,price_tree,108733.76705410669,0.0,14,330397.5670542845,0.0,0.0,0
2025-02-25,price_tree,108733.76705410669,0.0,14,330816.2670542415,0.0,0.0,0
2025-02-26,price_tree,108733.76705410669,0.0,14,328886.2670540848,0.0,0.0,0
2025-02-27,price_tree,108733.76705410669,0.0,14,322670.06705414184,0.0,0.0,0
2025-03-03,price_tree,15033.6909286317,185326.25428120478,8,315379.7541219176,279811.07575002365,1087.2635942938207,7
2025-03-04,price_tree,15033.6909286317,185326.25428120478,8,316464.84438824456,0.0,0.0,0
2025-03-05,price_tree,200359.94520983647,0.0,8,317100.6883432415,0.0,0.0,0
2025-03-06,price_tree,200359.94520983647,0.0,8,315913.31754400925,0.0,0.0,0
2025-03-07,price_tree,200359.94520983647,0.0,8,315278.42963436234,0.0,0.0,0
2025-03-10,price_tree,200359.94520983647,0.0,8,314422.3625237063,0.0,0.0,0
2025-03-11,price_tree,200359.94520983647,0.0,8,312691.3454131002,0.0,0.0,0
2025-03-12,price_tree,200359.94520983647,0.0,8,313682.4356794184,0.0,0.0,0
2025-03-13,price_tree,200359.94520983647,0.0,8,311990.8954131194,0.0,0.0,0
2025-03-14,price_tree,200359.94520983647,0.0,8,312174.22896842816,0.0,0.0,0
2025-03-17,price_tree,200359.94520983647,0.0,8,312385.4289685277,0.0,0.0,0
2025-03-18,price_tree,200359.94520983647,0.0,8,312123.45178858214,0.0,0.0,0
2025-03-19,price_tree,200359.94520983647,0.0,8,313568.56153105816,0.0,0.0,0
2025-03-20,price_tree,200359.94520983647,0.0,8,316004.13786355767,0.0,0.0,0
2025-03-21,price_tree,200359.94520983647,0.0,8,316805.1473175424,0.0,0.0,0
2025-03-24,price_tree,200359.94520983647,0.0,8,318513.1704734439,0.0,0.0,0
2025-03-25,price_tree,200359.94520983647,0.0,8,317466.30075480085,0.0,0.0,0
2025-03-26,price_tree,200359.94520983647,0.0,8,319842.430351218,0.0,0.0,0
2025-03-27,price_tree,200359.94520983647,0.0,8,317088.56705176743,0.0,0.0,0
2025-03-28,price_tree,200359.94520983647,0.0,8,311966.9663395706,0.0,0.0,0
2025-03-31,price_tree,200359.94520983647,0.0,8,308551.06571302185,0.0,0.0,0
2025-04-01,price_tree,86908.33845276147,103029.22348489074,7,309260.450401035,216732.34023414316,704.6060063274294,8
2025-04-02,price_tree,86908.33845276147,103029.22348489074,7,310179.6630313324,0.0,0.0,0
2025-04-07,price_tree,189937.5619376522,0.0,7,298271.3566589899,0.0,0.0,0
2025-04-08,price_tree,189937.5619376522,0.0,7,288216.35874499526,0.0,0.0,0
2025-04-09,price_tree,189937.5619376522,0.0,7,278904.42951573466,0.0,0.0,0
2025-04-10,price_tree,189937.5619376522,0.0,7,287736.68693108397,0.0,0.0,0
2025-04-11,price_tree,189937.5619376522,0.0,7,284931.6727362249,0.0,0.0,0
2025-04-14,price_tree,189937.5619376522,0.0,7,286523.52430079324,0.0,0.0,0
2025-04-15,price_tree,189937.5619376522,0.0,7,292901.248518534,0.0,0.0,0
2025-04-16,price_tree,189937.5619376522,0.0,7,290098.38745264837,0.0,0.0,0
2025-04-17,price_tree,189937.5619376522,0.0,7,291264.68797404453,0.0,0.0,0
2025-04-18,price_tree,189937.5619376522,0.0,7,290167.4440284936,0.0,0.0,0
2025-04-21,price_tree,189937.5619376522,0.0,7,286156.163756327,0.0,0.0,0
2025-04-22,price_tree,189937.5619376522,0.0,7,285471.85874494957,0.0,0.0,0
2025-04-23,price_tree,189937.5619376522,0.0,7,290912.8737792568,0.0,0.0,0
2025-04-24,price_tree,189937.5619376522,0.0,7,292980.45561585994,0.0,0.0,0
2025-04-25,price_tree,189937.5619376522,0.0,7,297519.45405147853,0.0,0.0,0
2025-04-28,price_tree,189937.5619376522,0.0,7,301750.5722147498,0.0,0.0,0
2025-04-29,price_tree,189937.5619376522,0.0,7,303573.06563882733,0.0,0.0,0
2025-04-30,price_tree,189937.5619376522,0.0,7,301712.8277477739,0.0,0.0,0
2025-05-02,price_tree,152220.6122643647,108700.2163817875,3,302106.57921846706,146915.17499998744,605.3492914874624,12
2025-05-05,price_tree,152220.6122643647,108700.2163817875,3,302425.95500063675,0.0,0.0,0
2025-05-06,price_tree,260920.8286461522,0.0,3,302240.6186739547,0.0,0.0,0
2025-05-07,price_tree,260920.8286461522,0.0,3,302232.2681525498,0.0,0.0,0
2025-05-08,price_tree,260920.8286461522,0.0,3,302679.4813043609,0.0,0.0,0
2025-05-09,price_tree,260920.8286461522,0.0,3,302873.16053359007,0.0,0.0,0
2025-05-12,price_tree,260920.8286461522,0.0,3,303090.81001210987,0.0,0.0,0
2025-05-13,price_tree,260920.8286461522,0.0,3,302956.9342298044,0.0,0.0,0
2025-05-14,price_tree,260920.8286461522,0.0,3,302930.7947742184,0.0,0.0,0
2025-05-15,price_tree,260920.8286461522,0.0,3,303198.3826653737,0.0,0.0,0
2025-05-16,price_tree,260920.8286461522,0.0,3,303515.27608942444,0.0,0.0,0
2025-05-19,price_tree,260920.8286461522,0.0,3,303273.5145020669,0.0,0.0,0
2025-05-20,price_tree,260920.8286461522,0.0,3,303062.20239313436,0.0,0.0,0
2025-05-21,price_tree,260920.8286461522,0.0,3,303255.4266109727,0.0,0.0,0
2025-05-22,price_tree,260920.8286461522,0.0,3,303184.47713243257,0.0,0.0,0
2025-05-23,price_tree,260920.8286461522,0.0,3,303563.51450207055,0.0,0.0,0
2025-05-26,price_tree,260920.8286461522,0.0,3,303197.46502357704,0.0,0.0,0
2025-05-27,price_tree,260920.8286461522,0.0,3,302676.05949059606,0.0,0.0,0
2025-05-28,price_tree,260920.8286461522,0.0,3,302867.8968601669,0.0,0.0,0
2025-05-29,price_tree,260920.8286461522,0.0,3,302579.59686021594,0.0,0.0,0
2025-06-02,price_tree,95210.4709031397,22468.74449429039,10,300057.6153973051,188057.77305049184,350.27329921397563,5
2025-06-03,price_tree,95210.4709031397,22468.74449429039,10,300567.5153972219,0.0,0.0,0
2025-06-04,price_tree,117679.21539743009,0.0,10,302934.61539741175,0.0,0.0,0
2025-06-05,price_tree,117679.21539743009,0.0,10,301709.3153974295,0.0,0.0,0
2025-06-06,price_tree,117679.21539743009,0.0,10,301129.11539738876,0.0,0.0,0
2025-06-09,price_tree,117679.21539743009,0.0,10,302010.01539741363,0.0,0.0,0
2025-06-10,price_tree,117679.21539743009,0.0,10,304219.9153974501,0.0,0.0,0
2025-06-11,price_tree,117679.21539743009,0.0,10,308348.8153972432,0.0,0.0,0
2025-06-12,price_tree,117679.21539743009,0.0,10,312024.41539728903,0.0,0.0,0
2025-06-13,price_tree,117679.21539743009,0.0,10,307458.4153973849,0.0,0.0,0
2025-06-16,price_tree,117679.21539743009,0.0,10,310825.4153972415,0.0,0.0,0
2025-06-17,price_tree,117679.21539743009,0.0,10,316701.7153974273,0.0,0.0,0
2025-06-18,price_tree,117679.21539743009,0.0,10,319113.3653973745,0.0,0.0,0
2025-06-19,price_tree,117679.21539743009,0.0,10,315677.2153973578,0.0,0.0,0
2025-06-20,price_tree,117679.21539743009,0.0,10,314719.2153974669,0.0,0.0,0
2025-06-23,price_tree,117679.21539743009,0.0,10,312990.12053766014,0.0,0.0,0
2025-06-24,price_tree,117679.21539743009,0.0,10,315439.38760896586,0.0,0.0,0
2025-06-25,price_tree,117679.21539743009,0.0,10,318327.4411911138,0.0,0.0,0
2025-06-26,price_tree,117679.21539743009,0.0,10,316901.5824058197,0.0,0.0,0
2025-06-27,price_tree,117679.21539743009,0.0,10,316585.9451669303,0.0,0.0,0
2025-06-30,price_tree,117679.21539743009,0.0,10,312435.1754717203,0.0,0.0,0
2025-07-01,price_tree,15053.981219273846,130131.94367277304,9,311934.8748919709,233167.78338596842,744.4883913516553,6
2025-07-02,price_tree,15053.981219273846,130131.94367277304,9,313234.5986864995,0.0,0.0,0
2025-07-03,price_tree,145185.9248920469,0.0,9,313596.3449427169,0.0,0.0,0
2025-07-04,price_tree,145185.9248920469,0.0,9,310266.30512925715,0.0,0.0,0
2025-07-07,price_tree,145185.9248920469,0.0,9,307858.0994759622,0.0,0.0,0
2025-07-08,price_tree,145185.9248920469,0.0,9,306330.8472042593,0.0,0.0,0
2025-07-09,price_tree,145185.9248920469,0.0,9,309506.5002272388,0.0,0.0,0
2025-07-10,price_tree,145185.9248920469,0.0,9,309356.3326166194,0.0,0.0,0
2025-07-11,price_tree,145185.9248920469,0.0,9,311455.5757740191,0.0,0.0,0
2025-07-14,price_tree,145185.9248920469,0.0,9,309522.94513200095,0.0,0.0,0
2025-07-15,price_tree,145185.9248920469,0.0,9,309808.51207654463,0.0,0.0,0
2025-07-16,price_tree,145185.9248920469,0.0,9,309735.6858381785,0.0,0.0,0
2025-07-17,price_tree,145185.9248920469,0.0,9,310859.84870789375,0.0,0.0,0
2025-07-18,price_tree,145185.9248920469,0.0,9,312032.78272188833,0.0,0.0,0
2025-07-21,price_tree,145185.9248920469,0.0,9,311585.32742178976,0.0,0.0,0
2025-07-22,price_tree,145185.9248920469,0.0,9,308449.71491235675,0.0,0.0,0
2025-07-23,price_tree,145185.9248920469,0.0,9,310764.73223209544,0.0,0.0,0
2025-07-24,price_tree,145185.9248920469,0.0,9,312466.5842116894,0.0,0.0,0
2025-07-25,price_tree,145185.9248920469,0.0,9,311476.3551086397,0.0,0.0,0
2025-07-28,price_tree,145185.9248920469,0.0,9,312838.2607817957,0.0,0.0,0
2025-07-29,price_tree,145185.9248920469,0.0,9,311944.1279425692,0.0,0.0,0
2025-07-30,price_tree,145185.9248920469,0.0,9,,0.0,0.0,0
2025-07-31,price_tree,145185.9248920469,0.0,9,313328.990856315,0.0,0.0,0
2025-08-01,price_tree,15023.877229353147,164354.3209828178,8,313096.9982121602,295065.9126243596,958.2278042355788,7
2025-08-04,price_tree,15023.877229353147,164354.3209828178,8,312530.8982121947,0.0,0.0,0
2025-08-05,price_tree,179378.19821217094,0.0,8,314517.44821205875,0.0,0.0,0
2025-08-06,price_tree,179378.19821217094,0.0,8,313830.4482121563,0.0,0.0,0
2025-08-07,price_tree,179378.19821217094,0.0,8,315572.3482119958,0.0,0.0,0
2025-08-08,price_tree,179378.19821217094,0.0,8,317058.6982121058,0.0,0.0,0
2025-08-11,price_tree,179378.19821217094,0.0,8,318429.1982120293,0.0,0.0,0
2025-08-12,price_tree,179378.19821217094,0.0,8,320500.69821211905,0.0,0.0,0
2025-08-13,price_tree,179378.19821217094,0.0,8,320699.6982122486,0.0,0.0,0
2025-08-14,price_tree,179378.19821217094,0.0,8,319641.7982120492,0.0,0.0,0
2025-08-15,price_tree,179378.19821217094,0.0,8,321795.0482121484,0.0,0.0,0
2025-08-18,price_tree,179378.19821217094,0.0,8,324450.1482121377,0.0,0.0,0
2025-08-19,price_tree,179378.19821217094,0.0,8,323452.8032833645,0.0,0.0,0
2025-08-20,price_tree,179378.19821217094,0.0,8,317211.21886302583,0.0,0.0,0
2025-08-21,price_tree,179378.19821217094,0.0,8,319411.3003847053,0.0,0.0,0
2025-08-22,price_tree,179378.19821217094,0.0,8,318709.19748610887,0.0,0.0,0
2025-08-25,price_tree,179378.19821217094,0.0,8,321782.9518338592,0.0,0.0,0
2025-08-26,price_tree,179378.19821217094,0.0,8,319918.72176154854,0.0,0.0,0
2025-08-27,price_tree,179378.19821217094,0.0,8,323926.50038470165,0.0,0.0,0
2025-08-28,price_tree,179378.19821217094,0.0,8,324305.37031219585,0.0,0.0,0
2025-08-29,price_tree,179378.19821217094,0.0,8,323959.74458768475,0.0,0.0,0
2025-09-01,price_tree,47329.57473387096,100488.09419611352,10,316753.01893012866,232748.0231827869,681.4749649733607,5
2025-09-02,price_tree,47329.57473387096,100488.09419611352,10,313895.01892995625,0.0,0.0,0
2025-09-03,price_tree,147817.6689299845,0.0,10,313900.71893008344,0.0,0.0,0
2025-09-04,price_tree,147817.6689299845,0.0,10,315873.4189300528,0.0,0.0,0
2025-09-05,price_tree,147817.6689299845,0.0,10,315736.2189299734,0.0,0.0,0
2025-09-08,price_tree,147817.6689299845,0.0,10,315127.76892993296,0.0,0.0,0
2025-09-09,price_tree,147817.6689299845,0.0,10,313443.8189300163,0.0,0.0,0
2025-09-10,price_tree,147817.6689299845,0.0,10,313893.41893001774,0.0,0.0,0
2025-09-11,price_tree,147817.6689299845,0.0,10,307083.66893008235,0.0,0.0,0
2025-09-12,price_tree,147817.6689299845,0.0,10,305517.8189300755,0.0,0.0,0
2025-09-15,price_tree,147817.6689299845,0.0,10,304727.5689300643,0.0,0.0,0
2025-09-16,price_tree,147817.6689299845,0.0,10,305642.1689299963,0.0,0.0,0
2025-09-17,price_tree,147817.6689299845,0.0,10,305740.9719787459,0.0,0.0,0
2025-09-18,price_tree,147817.6689299845,0.0,10,306537.67441781925,0.0,0.0,0
2025-09-19,price_tree,147817.6689299845,0.0,10,307293.1725885973,0.0,0.0,0
2025-09-22,price_tree,147817.6689299845,0.0,10,307939.9664910174,0.0,0.0,0
2025-09-23,price_tree,147817.6689299845,0.0,10,306820.9677104779,0.0,0.0,0
2025-09-24,price_tree,147817.6689299845,0.0,10,306381.26344228885,0.0,0.0,0
2025-09-25,price_tree,147817.6689299845,0.0,10,306474.512832467,0.0,0.0,0
2025-09-26,price_tree,147817.6689299845,0.0,10,303841.1183203956,0.0,0.0,0
2025-09-30,price_tree,147817.6689299845,0.0,10,306616.71893006214,0.0,0.0,0
2025-10-01,price_tree,15020.840162334505,104661.13732026379,11,303703.87748256454,237784.96942990346,743.1698772897105,4
2025-10-02,price_tree,15020.840162334505,104661.13732026379,11,304427.67748247803,0.0,0.0,0
2025-10-03,price_tree,119681.9774825983,0.0,11,302038.77748261637,0.0,0.0,0
2025-10-07,price_tree,119681.9774825983,0.0,11,303040.8774825467,0.0,0.0,0
2025-10-08,price_tree,119681.9774825983,0.0,11,301014.3774825454,0.0,0.0,0
2025-10-09,price_tree,119681.9774825983,0.0,11,300658.6774826019,0.0,0.0,0
2025-10-13,price_tree,119681.9774825983,0.0,11,298317.0274826955,0.0,0.0,0
2025-10-14,price_tree,119681.9774825983,0.0,11,296508.17748259485,0.0,0.0,0
2025-10-15,price_tree,119681.9774825983,0.0,11,298552.87748260534,0.0,0.0,0
2025-10-16,price_tree,119681.9774825983,0.0,11,300554.82748253155,0.0,0.0,0
2025-10-17,price_tree,119681.9774825983,0.0,11,298338.07748251315,0.0,0.0,0
2025-10-20,price_tree,119681.9774825983,0.0,11,300089.82748255215,0.0,0.0,0
2025-10-21,price_tree,119681.9774825983,0.0,11,302179.92748252815,0.0,0.0,0
2025-10-22,price_tree,119681.9774825983,0.0,11,,0.0,0.0,0
2025-10-23,price_tree,119681.9774825983,0.0,11,,0.0,0.0,0
2025-10-27,price_tree,119681.9774825983,0.0,11,,0.0,0.0,0
2025-10-28,price_tree,119681.9774825983,0.0,11,,0.0,0.0,0
2025-10-29,price_tree,119681.9774825983,0.0,11,,0.0,0.0,0
2025-10-30,price_tree,119681.9774825983,0.0,11,,0.0,0.0,0
2025-10-31,price_tree,119681.9774825983,0.0,11,,0.0,0.0,0
2025-11-03,price_tree,119681.9774825983,164203.94325120834,1,296125.9207337747,164953.08373104522,749.1404798368858,14
2025-11-04,price_tree,119681.9774825983,164203.94325120834,1,296278.9207337671,0.0,0.0,0
2025-11-05,price_tree,283885.9207338067,0.0,1,296110.62073376804,0.0,0.0,0
2025-11-06,price_tree,283885.9207338067,0.0,1,297013.320733775,0.0,0.0,0
2025-11-07,price_tree,283885.9207338067,0.0,1,296431.9207337743,0.0,0.0,0
2025-11-10,price_tree,283885.9207338067,0.0,1,296630.8207337718,0.0,0.0,0
2025-11-11,price_tree,283885.9207338067,0.0,1,296233.0207337768,0.0,0.0,0
2025-11-12,price_tree,283885.9207338067,0.0,1,296615.5207337651,0.0,0.0,0
2025-11-13,price_tree,283885.9207338067,0.0,1,296431.9207337743,0.0,0.0,0
2025-11-14,price_tree,283885.9207338067,0.0,1,296125.9207337747,0.0,0.0,0
2025-11-17,price_tree,283885.9207338067,0.0,1,295682.2207337746,0.0,0.0,0
2025-11-18,price_tree,283885.9207338067,0.0,1,295284.4207337796,0.0,0.0,0
2025-11-19,price_tree,283885.9207338067,0.0,1,295207.920733776,0.0,0.0,0
2025-11-20,price_tree,283885.9207338067,0.0,1,295360.9207337684,0.0,0.0,0
2025-11-21,price_tree,283885.9207338067,0.0,1,295085.5207337821,0.0,0.0,0
2025-11-24,price_tree,283885.9207338067,0.0,1,294917.2207337831,0.0,0.0,0
2025-11-25,price_tree,283885.9207338067,0.0,1,295116.1207337806,0.0,0.0,0
2025-11-26,price_tree,283885.9207338067,0.0,1,295529.2207337674,0.0,0.0,0
2025-11-27,price_tree,283885.9207338067,0.0,1,295712.82073377306,0.0,0.0,0
2025-11-28,price_tree,283885.9207338067,0.0,1,295804.6207337685,0.0,0.0,0
2025-12-01,price_tree,95327.74217546922,0.0,11,292009.09217558196,188289.86549999996,268.31305833749997,4
2025-12-02,price_tree,95327.74217546922,0.0,11,292628.6421754902,0.0,0.0,0
2025-12-03,price_tree,95327.74217546922,0.0,11,293755.29217538575,0.0,0.0,0
2025-12-04,price_tree,95327.74217546922,0.0,11,296184.6421754945,0.0,0.0,0
2025-12-05,price_tree,95327.74217546922,0.0,11,298489.8921754132,0.0,0.0,0
2025-12-08,price_tree,95327.74217546922,0.0,11,295874.9921753701,0.0,0.0,0
2025-12-09,price_tree,95327.74217546922,0.0,11,294738.69217537466,0.0,0.0,0
2025-12-10,price_tree,95327.74217546922,0.0,11,296068.04217545176,0.0,0.0,0
2025-12-11,price_tree,95327.74217546922,0.0,11,298424.99217543495,0.0,0.0,0
2025-12-12,price_tree,95327.74217546922,0.0,11,301505.44217533123,0.0,0.0,0
2025-12-15,price_tree,95327.74217546922,0.0,11,303510.7421753885,0.0,0.0,0
2025-12-16,price_tree,95327.74217546922,0.0,11,300390.6921755694,0.0,0.0,0
2025-12-17,price_tree,95327.74217546922,0.0,11,301185.29217539536,0.0,0.0,0
2025-12-18,price_tree,95327.74217546922,0.0,11,297790.5921754476,0.0,0.0,0
2025-12-19,price_tree,95327.74217546922,0.0,11,300391.6921754501,0.0,0.0,0
2025-12-22,price_tree,95327.74217546922,0.0,11,302734.5921754588,0.0,0.0,0
2025-12-23,price_tree,95327.74217546922,0.0,11,305414.09217541595,0.0,0.0,0
2025-12-24,price_tree,95327.74217546922,0.0,11,308333.7921755085,0.0,0.0,0
2025-12-26,price_tree,95327.74217546922,0.0,11,309721.09217540856,0.0,0.0,0
2025-12-29,price_tree,95327.74217546922,0.0,11,310117.5421754293,0.0,0.0,0
2025-12-30,price_tree,95327.74217546922,0.0,11,312026.09217543184,0.0,0.0,0
2025-12-31,price_tree,95327.74217546922,0.0,11,313108.8921753675,0.0,0.0,0
2026-01-02,price_tree,15036.661243869221,189731.68597354065,6,308160.34721734666,270743.45249995915,972.383458018628,9
2026-01-05,price_tree,15036.661243869221,189731.68597354065,6,307237.54721744393,0.0,0.0,0
2026-01-06,price_tree,204768.34721740987,0.0,6,310358.14721737127,0.0,0.0,0
2026-01-07,price_tree,204768.34721740987,0.0,6,312539.74721737864,0.0,0.0,0
2026-01-08,price_tree,204768.34721740987,0.0,6,313086.34721743304,0.0,0.0,0
2026-01-09,price_tree,204768.34721740987,0.0,6,313763.14721742435,0.0,0.0,0
2026-01-12,price_tree,204768.34721740987,0.0,6,315758.74721735634,0.0,0.0,0
2026-01-13,price_tree,204768.34721740987,0.0,6,314847.58970489446,0.0,0.0,0
2026-01-14,price_tree,204768.34721740987,0.0,6,317013.02413205116,0.0,0.0,0
2026-01-15,price_tree,204768.34721740987,0.0,6,318910.27921492694,0.0,0.0,0
2026-01-16,price_tree,204768.34721740987,0.0,6,321055.27232960553,0.0,0.0,0
2026-01-19,price_tree,204768.34721740987,0.0,6,320585.4551161347,0.0,0.0,0
2026-01-20,price_tree,204768.34721740987,0.0,6,320700.6964284371,0.0,0.0,0
2026-01-21,price_tree,204768.34721740987,0.0,6,317866.2620015484,0.0,0.0,0
2026-01-22,price_tree,204768.34721740987,0.0,6,323828.01347994327,0.0,0.0,0
2026-01-23,price_tree,204768.34721740987,0.0,6,323826.75151145976,0.0,0.0,0
2026-01-26,price_tree,204768.34721740987,0.0,6,325230.7274126165,0.0,0.0,0
2026-01-27,price_tree,204768.34721740987,0.0,6,326008.33774080104,0.0,0.0,0
2026-01-28,price_tree,204768.34721740987,0.0,6,327438.7411833485,0.0,0.0,0
2026-01-29,price_tree,204768.34721740987,0.0,6,324112.26888693316,0.0,0.0,0
2026-01-30,price_tree,204768.34721740987,0.0,6,320739.55872075225,0.0,0.0,0
2026-02-02,price_tree,15065.412121653664,73186.86219184361,13,316016.52431340015,262943.9444627443,615.9208666569831,2
2026-02-03,price_tree,15065.412121653664,73186.86219184361,13,323664.4243133913,0.0,0.0,0
2026-02-04,price_tree,88252.27431349727,0.0,13,329199.5243132756,0.0,0.0,0
2026-02-05,price_tree,88252.27431349727,0.0,13,322857.6743133252,0.0,0.0,0
2026-02-06,price_tree,88252.27431349727,0.0,13,319677.1243133611,0.0,0.0,0
2026-02-09,price_tree,88252.27431349727,0.0,13,321430.574313383,0.0,0.0,0
2026-02-10,price_tree,88252.27431349727,0.0,13,327516.2243132816,0.0,0.0,0
2026-02-11,price_tree,88252.27431349727,0.0,13,327635.02431321517,0.0,0.0,0
2026-02-23,price_tree,88252.27431349727,0.0,13,331812.5243133893,0.0,0.0,0
2026-02-24,price_tree,88252.27431349727,0.0,13,339955.7243133484,0.0,0.0,0
2026-02-25,price_tree,88252.27431349727,0.0,13,348423.12431337865,0.0,0.0,0
2026-02-26,price_tree,88252.27431349727,0.0,13,353580.5743133455,0.0,0.0,0
2026-03-02,price_tree,15036.272446466033,187433.3851699949,10,351011.85761635244,261341.19349988204,974.2981969183963,5
2026-03-03,price_tree,15036.272446466033,187433.3851699949,10,350581.2576163737,0.0,0.0,0
2026-03-04,price_tree,202469.65761646093,0.0,10,343481.1576163238,0.0,0.0,0
2026-03-05,price_tree,202469.65761646093,0.0,10,349557.4076164537,0.0,0.0,0
2026-03-06,price_tree,202469.65761646093,0.0,10,352581.95761625667,0.0,0.0,0
2026-03-09,price_tree,202469.65761646093,0.0,10,343838.90761634806,0.0,0.0,0
2026-03-10,price_tree,202469.65761646093,0.0,10,347415.4076163871,0.0,0.0,0
2026-03-11,price_tree,202469.65761646093,0.0,10,356734.4076162103,0.0,0.0,0
2026-03-12,price_tree,202469.65761646093,0.0,10,355668.00761629455,0.0,0.0,0
2026-03-13,price_tree,202469.65761646093,0.0,10,353956.45761632203,0.0,0.0,0
2026-03-16,price_tree,202469.65761646093,0.0,10,354102.8076163082,0.0,0.0,0
2026-03-17,price_tree,202469.65761646093,0.0,10,356175.14374103525,0.0,0.0,0
2026-03-18,price_tree,202469.65761646093,0.0,10,359649.11634219845,0.0,0.0,0
2026-03-19,price_tree,202469.65761646093,0.0,10,361882.0093972967,0.0,0.0,0
2026-03-20,price_tree,202469.65761646093,0.0,10,362531.8172257588,0.0,0.0,0
2026-03-23,price_tree,202469.65761646093,0.0,10,356035.9407102235,0.0,0.0,0
2026-03-24,price_tree,202469.65761646093,0.0,10,353506.2907103844,0.0,0.0,0
2026-03-25,price_tree,202469.65761646093,0.0,10,359160.96331157105,0.0,0.0,0
2026-03-26,price_tree,202469.65761646093,0.0,10,359623.5672257346,0.0,0.0,0
2026-03-27,price_tree,202469.65761646093,0.0,10,362597.2328821265,0.0,0.0,0
2026-03-30,price_tree,202469.65761646093,0.0,10,358053.6641949391,0.0,0.0,0
2026-03-31,price_tree,202469.65761646093,0.0,10,352201.37985136535,0.0,0.0,0
2026-04-01,price_tree,202469.65761646093,126204.03645998018,2,359849.69407645974,126802.46131127651,598.4248512963295,13
2026-04-02,price_tree,202469.65761646093,126204.03645998018,2,359448.694076462,0.0,0.0,0
2026-04-07,price_tree,328673.6940764411,0.0,2,359241.6940765103,0.0,0.0,0
2026-04-08,price_tree,328673.6940764411,0.0,2,361051.6940765096,0.0,0.0,0
2026-04-09,price_tree,328673.6940764411,0.0,2,361433.6940764394,0.0,0.0,0
2026-04-10,price_tree,328673.6940764411,0.0,2,362428.6940764106,0.0,0.0,0
2026-04-13,price_tree,328673.6940764411,0.0,2,362684.6940764493,0.0,0.0,0
2026-04-14,price_tree,328673.6940764411,0.0,2,363510.6940764775,0.0,0.0,0
2026-04-15,price_tree,328673.6940764411,0.0,2,363077.6940763792,0.0,0.0,0
2026-04-16,price_tree,328673.6940764411,0.0,2,364540.69407638395,0.0,0.0,0
2026-04-17,price_tree,328673.6940764411,0.0,2,365085.6940764757,0.0,0.0,0
2026-04-20,price_tree,328673.6940764411,0.0,2,366187.6940763971,0.0,0.0,0
2026-04-21,price_tree,328673.6940764411,0.0,2,368539.6940764635,0.0,0.0,0
2026-04-22,price_tree,328673.6940764411,0.0,2,368870.6940765277,0.0,0.0,0
2026-04-23,price_tree,328673.6940764411,0.0,2,367824.694076388,0.0,0.0,0
2026-04-24,price_tree,328673.6940764411,0.0,2,369275.69407640083,0.0,0.0,0
2026-04-27,price_tree,328673.6940764411,0.0,2,369138.6940764314,0.0,0.0,0
2026-04-28,price_tree,328673.6940764411,0.0,2,368062.6940763996,0.0,0.0,0
2026-04-29,price_tree,328673.6940764411,0.0,2,368087.69407642435,0.0,0.0,0
2026-04-30,price_tree,328673.6940764411,0.0,2,368254.69407641294,0.0,0.0,0
2026-05-04,price_tree,272178.53252847865,21248.308331264947,4,369291.44085970265,77757.52050001497,174.83271671254496,11
2026-05-05,price_tree,272178.53252847865,21248.308331264947,4,370218.64085980516,0.0,0.0,0
2026-05-06,price_tree,293426.8408597436,0.0,4,370696.1408596897,0.0,0.0,0
2026-05-07,price_tree,293426.8408597436,0.0,4,372943.34085968096,0.0,0.0,0
2026-05-08,price_tree,293426.8408597436,0.0,4,371769.2408597018,0.0,0.0,0
2026-05-11,price_tree,293426.8408597436,0.0,4,368643.24085967534,0.0,0.0,0
2026-05-12,price_tree,293426.8408597436,0.0,4,369554.240859703,0.0,0.0,0
2026-05-13,price_tree,293426.8408597436,0.0,4,369485.6408597198,0.0,0.0,0
2026-05-14,price_tree,293426.8408597436,0.0,4,367592.9408597227,0.0,0.0,0
2026-05-15,price_tree,293426.8408597436,0.0,4,366058.84085975355,0.0,0.0,0
2026-05-18,price_tree,293426.8408597436,0.0,4,365540.9408597629,0.0,0.0,0
2026-05-19,price_tree,293426.8408597436,0.0,4,364611.0408597166,0.0,0.0,0
2026-05-20,price_tree,293426.8408597436,0.0,4,364666.44085975084,0.0,0.0,0
2026-05-21,price_tree,293426.8408597436,0.0,4,366608.3408597721,0.0,0.0,0
2026-05-22,price_tree,293426.8408597436,0.0,4,367388.14085970755,0.0,0.0,0
2026-05-25,price_tree,293426.8408597436,0.0,4,367401.6408597621,0.0,0.0,0
2026-05-26,price_tree,293426.8408597436,0.0,4,366589.44085969566,0.0,0.0,0
2026-05-27,price_tree,293426.8408597436,0.0,4,367018.84085969557,0.0,0.0,0
2026-05-28,price_tree,293426.8408597436,0.0,4,370569.7408597347,0.0,0.0,0
2026-05-29,price_tree,293426.8408597436,0.0,4,374233.1408597675,0.0,0.0,0
2026-06-01,price_tree,165147.6592360311,81482.70076586159,7,375633.0100019264,209927.1449999803,558.9748578311908,8
2026-06-02,price_tree,165147.6592360311,81482.70076586159,7,375208.3100018966,0.0,0.0,0
2026-06-03,price_tree,246630.36000189267,0.0,7,381347.66000180633,0.0,0.0,0
2026-06-04,price_tree,246630.36000189267,0.0,7,378284.86000181676,0.0,0.0,0
2026-06-05,price_tree,246630.36000189267,0.0,7,374074.1600019091,0.0,0.0,0
2026-06-08,price_tree,246630.36000189267,0.0,7,369603.11000176717,0.0,0.0,0
2026-06-09,price_tree,246630.36000189267,0.0,7,372219.06000178156,0.0,0.0,0
2026-06-10,price_tree,246630.36000189267,0.0,7,366552.51000181463,0.0,0.0,0
2026-06-11,price_tree,246630.36000189267,0.0,7,365076.61000188056,0.0,0.0,0
2026-06-12,price_tree,246630.36000189267,0.0,7,367483.21000180364,0.0,0.0,0
2026-06-15,price_tree,246630.36000189267,0.0,7,370279.4100018054,0.0,0.0,0
2026-06-16,price_tree,246630.36000189267,0.0,7,370454.8100018475,0.0,0.0,0
2026-06-17,price_tree,246630.36000189267,0.0,7,372123.21000187285,0.0,0.0,0
2026-06-18,price_tree,246630.36000189267,0.0,7,374407.4600018927,0.0,0.0,0
2026-06-22,price_tree,246630.36000189267,0.0,7,374485.96000177163,0.0,0.0,0
2026-06-23,price_tree,246630.36000189267,0.0,7,371206.1100017944,0.0,0.0,0
2026-06-24,price_tree,246630.36000189267,0.0,7,369976.81000180246,0.0,0.0,0
2026-06-25,price_tree,246630.36000189267,0.0,7,367101.91000188433,0.0,0.0,0
2026-06-26,price_tree,246630.36000189267,0.0,7,363382.51000182633,0.0,0.0,0
2026-06-29,price_tree,246630.36000189267,0.0,7,364579.66000183334,0.0,0.0,0
2026-06-30,price_tree,246630.36000189267,0.0,7,365231.31000180764,0.0,0.0,0
2026-07-01,price_tree,191656.01803801768,100909.13904543695,4,364593.6570833159,156272.7347499681,545.7076684061544,11
2026-07-02,price_tree,191656.01803801768,100909.13904543695,4,364398.35708347283,0.0,0.0,0
2026-07-03,price_tree,292565.15708345466,0.0,4,365929.5570834685,0.0,0.0,0
2026-07-06,price_tree,292565.15708345466,0.0,4,365926.65708333475,0.0,0.0,0
2026-07-07,price_tree,292565.15708345466,0.0,4,364410.4570833824,0.0,0.0,0
2026-07-08,price_tree,292565.15708345466,0.0,4,363607.75708341436,0.0,0.0,0
2026-07-09,price_tree,292565.15708345466,0.0,4,364612.557083354,0.0,0.0,0
2026-07-13,price_tree,292565.15708345466,0.0,4,362318.0402077989,0.0,0.0,0
2026-07-14,price_tree,292565.15708345466,0.0,4,360755.4027921795,0.0,0.0,0
2026-07-15,price_tree,292565.15708345466,0.0,4,362047.552840407,0.0,0.0,0
2026-07-16,price_tree,292565.15708345466,0.0,4,361995.7154248785,0.0,0.0,0
2026-07-17,price_tree,292565.15708345466,0.0,4,359790.37791275984,0.0,0.0,0
2026-07-20,price_tree,292565.15708345466,0.0,4,358609.3279609568,0.0,0.0,0
2026-07-21,price_tree,292565.15708345466,0.0,4,362466.8778163318,0.0,0.0,0
2026-07-22,price_tree,292565.15708345466,0.0,4,363064.8316916809,0.0,0.0,0
2026-07-23,price_tree,292565.15708345466,0.0,4,364065.5039637191,0.0,0.0,0
2026-07-24,price_tree,292565.15708345466,0.0,4,363000.0450808833,0.0,0.0,0
2026-07-27,price_tree,292565.15708345466,0.0,4,363414.77053838415,0.0,0.0,0
2026-07-28,price_tree,292565.15708345466,0.0,4,361003.4440763312,0.0,0.0,0
2026-07-29,price_tree,292565.15708345466,0.0,4,361243.1555114293,0.0,0.0,0
2026-07-30,price_tree,292565.15708345466,0.0,4,358850.1205177236,0.0,0.0,0
2026-07-31,price_tree,292565.15708345466,0.0,4,363304.1485624684,0.0,0.0,0
2026-08-03,price_tree,199516.7330067359,70725.14088413418,5,371936.3738907974,163955.26865003427,446.5143426188528,10
2026-08-04,price_tree,199516.7330067359,70725.14088413418,5,378343.7738907011,0.0,0.0,0
2026-08-05,price_tree,270241.8738908701,0.0,5,385598.2738908604,0.0,0.0,0
2026-08-06,price_tree,270241.8738908701,0.0,5,388582.92389089084,0.0,0.0,0
2026-08-07,price_tree,270241.8738908701,0.0,5,387266.7738908792,0.0,0.0,0
2026-08-10,price_tree,270241.8738908701,0.0,5,390828.37389070913,0.0,0.0,0
2026-08-11,price_tree,270241.8738908701,0.0,5,388438.923890888,0.0,0.0,0
2026-08-12,price_tree,270241.8738908701,0.0,5,391676.923890892,0.0,0.0,0
2026-08-13,price_tree,270241.8738908701,0.0,5,391119.0738908871,0.0,0.0,0
2026-08-14,price_tree,270241.8738908701,0.0,5,390652.07389077736,0.0,0.0,0
2026-08-17,price_tree,270241.8738908701,0.0,5,391366.0738908421,0.0,0.0,0
2026-08-18,price_tree,270241.8738908701,0.0,5,387674.1738907523,0.0,0.0,0
2026-08-19,price_tree,270241.8738908701,0.0,5,385039.57389072527,0.0,0.0,0
2026-08-20,price_tree,270241.8738908701,0.0,5,387778.6238908198,0.0,0.0,0
2026-08-21,price_tree,270241.8738908701,0.0,5,384971.8238907098,0.0,0.0,0
2026-08-24,price_tree,270241.8738908701,0.0,5,383606.0238907314,0.0,0.0,0
2026-08-25,price_tree,270241.8738908701,0.0,5,385230.4738908734,0.0,0.0,0
2026-08-26,price_tree,270241.8738908701,0.0,5,391561.27389068785,0.0,0.0,0
2026-08-27,price_tree,270241.8738908701,0.0,5,390004.49668068317,0.0,0.0,0
2026-08-28,price_tree,270241.8738908701,0.0,5,390493.70817372785,0.0,0.0,0
2026-08-31,price_tree,270241.8738908701,0.0,5,392541.0779183676,0.0,0.0,0
2026-09-01,price_tree,83812.90313618259,71614.6344445879,12,396054.4375809086,258096.55812605977,583.5194361594295,3
2026-09-02,price_tree,83812.90313618259,71614.6344445879,12,395702.9375808073,0.0,0.0,0
2026-09-03,price_tree,155427.5375807705,0.0,12,387562.8375806506,0.0,0.0,0
2026-09-04,price_tree,155427.5375807705,0.0,12,391995.8375806007,0.0,0.0,0
2026-09-07,price_tree,155427.5375807705,0.0,12,396828.137580512,0.0,0.0,0
2026-09-08,price_tree,155427.5375807705,0.0,12,392910.73758054257,0.0,0.0,0
2026-09-09,price_tree,155427.5375807705,0.0,12,395758.13758047915,0.0,0.0,0
2026-09-10,price_tree,155427.5375807705,0.0,12,396432.33758072107,0.0,0.0,0
2026-09-11,price_tree,155427.5375807705,0.0,12,387932.1375808583,0.0,0.0,0
2026-09-14,price_tree,155427.5375807705,0.0,12,386889.4375806349,0.0,0.0,0
2026-09-15,price_tree,155427.5375807705,0.0,12,379312.53758076974,0.0,0.0,0
2026-09-16,price_tree,155427.5375807705,0.0,12,388521.03758077056,0.0,0.0,0
2026-09-17,price_tree,155427.5375807705,0.0,12,385235.5375807509,0.0,0.0,0
2026-09-18,price_tree,155427.5375807705,0.0,12,393909.43758079957,0.0,0.0,0
2026-09-21,price_tree,155427.5375807705,0.0,12,394283.83758039866,0.0,0.0,0
2026-09-22,price_tree,155427.5375807705,0.0,12,396853.4375806729,0.0,0.0,0
2026-09-23,price_tree,155427.5375807705,0.0,12,398750.83758073836,0.0,0.0,0
2026-09-24,price_tree,155427.5375807705,0.0,12,402683.23758070957,0.0,0.0,0
2026-09-29,price_tree,155427.5375807705,0.0,12,397448.3375805996,0.0,0.0,0
2026-09-30,price_tree,155427.5375807705,0.0,12,399953.2375807556,0.0,0.0,0
2026-10-01,price_tree,44553.94253014552,208072.44961332213,8,401008.8921434183,319713.08749988425,1082.5829371871528,7
2026-10-02,price_tree,44553.94253014552,208072.44961332213,8,401914.392143463,0.0,0.0,0
2024-01-02,all_tree,54941.46091688126,0.0,13,298240.8109169418,244694.23424999995,364.30483311874997,2
2024-01-03,all_tree,54941.46091688126,0.0,13,297181.51091686904,0.0,0.0,0
2024-01-04,all_tree,54941.46091688126,0.0,13,298558.96091693133,0.0,0.0,0
2024-01-05,all_tree,54941.46091688126,0.0,13,299736.3109169508,0.0,0.0,0
2024-01-08,all_tree,54941.46091688126,0.0,13,300966.0109169976,0.0,0.0,0
2024-01-09,all_tree,54941.46091688126,0.0,13,298767.76091699733,0.0,0.0,0
2024-01-10,all_tree,54941.46091688126,0.0,13,297780.06091705116,0.0,0.0,0
2024-01-11,all_tree,54941.46091688126,0.0,13,298445.51091686246,0.0,0.0,0
2024-01-12,all_tree,54941.46091688126,0.0,13,297338.1109168736,0.0,0.0,0
2024-01-15,all_tree,54941.46091688126,0.0,13,299617.0109168723,0.0,0.0,0
2024-01-16,all_tree,54941.46091688126,0.0,13,295619.8109167985,0.0,0.0,0
2024-01-17,all_tree,54941.46091688126,0.0,13,292173.61091688916,0.0,0.0,0
2024-01-18,all_tree,54941.46091688126,0.0,13,291537.5609169324,0.0,0.0,0
2024-01-19,all_tree,54941.46091688126,0.0,13,292215.81091686606,0.0,0.0,0
2024-01-22,all_tree,54941.46091688126,0.0,13,293068.2109168303,0.0,0.0,0
2024-01-23,all_tree,54941.46091688126,0.0,13,293346.86091694026,0.0,0.0,0
2024-01-24,all_tree,54941.46091688126,0.0,13,295801.51091694407,0.0,0.0,0
2024-01-25,all_tree,54941.46091688126,0.0,13,294732.31091693585,0.0,0.0,0
2024-01-26,all_tree,54941.46091688126,0.0,13,295108.16091694176,0.0,0.0,0
2024-01-29,all_tree,54941.46091688126,0.0,13,298406.11091699265,0.0,0.0,0
2024-01-30,all_tree,54941.46091688126,0.0,13,297469.2109170536,0.0,0.0,0
2024-01-31,all_tree,54941.46091688126,0.0,13,296423.4609168252,0.0,0.0,0
2024-02-01,all_tree,15010.45698450001,162480.56364424215,8,295386.3206288212,203040.58399993565,815.3277880748072,7
2024-02-02,all_tree,15010.45698450001,162480.56364424215,8,296969.2706288685,0.0,0.0,0
2024-02-05,all_tree,177491.02062874218,0.0,8,299471.1706288138,0.0,0.0,0
2024-02-15,all_tree,177491.02062874218,0.0,8,302354.7706287989,0.0,0.0,0
2024-02-16,all_tree,177491.02062874218,0.0,8,304659.0706287314,0.0,0.0,0
2024-02-19,all_tree,177491.02062874218,0.0,8,309397.5206288466,0.0,0.0,0
2024-02-20,all_tree,177491.02062874218,0.0,8,308498.0706288614,0.0,0.0,0
2024-02-21,all_tree,177491.02062874218,0.0,8,309239.8206287406,0.0,0.0,0
2024-02-22,all_tree,177491.02062874218,0.0,8,308543.1206288416,0.0,0.0,0
2024-02-23,all_tree,177491.02062874218,0.0,8,309151.77062877745,0.0,0.0,0
2024-02-26,all_tree,177491.02062874218,0.0,8,309850.87062877434,0.0,0.0,0
2024-02-27,all_tree,177491.02062874218,0.0,8,311219.92062877136,0.0,0.0,0
2024-02-29,all_tree,177491.02062874218,0.0,8,314600.0706287605,0.0,0.0,0
2024-03-01,all_tree,15144.353518735932,81191.46289149547,11,313352.11641023133,243716.7549999954,647.6027185062363,4
2024-03-04,all_tree,15144.353518735932,81191.46289149547,11,316164.86641020305,0.0,0.0,0
2024-03-05,all_tree,96335.8164102314,0.0,11,314493.2664102714,0.0,0.0,0
2024-03-06,all_tree,96335.8164102314,0.0,11,315965.26641012524,0.0,0.0,0
2024-03-07,all_tree,96335.8164102314,0.0,11,311375.6664101854,0.0,0.0,0
2024-03-08,all_tree,96335.8164102314,0.0,11,303887.916410267,0.0,0.0,0
2024-03-11,all_tree,96335.8164102314,0.0,11,304911.2664102467,0.0,0.0,0
2024-03-12,all_tree,96335.8164102314,0.0,11,311264.1664103277,0.0,0.0,0
2024-03-13,all_tree,96335.8164102314,0.0,11,310715.9164102674,0.0,0.0,0
2024-03-14,all_tree,96335.8164102314,0.0,11,306263.6164102532,0.0,0.0,0
2024-03-15,all_tree,96335.8164102314,0.0,11,302610.816410235,0.0,0.0,0
2024-03-18,all_tree,96335.8164102314,0.0,11,305893.01641024277,0.0,0.0,0
2024-03-19,all_tree,96335.8164102314,0.0,11,304989.7664102216,0.0,0.0,0
2024-03-20,all_tree,96335.8164102314,0.0,11,303162.6164100796,0.0,0.0,0
2024-03-21,all_tree,96335.8164102314,0.0,11,303455.73570485006,0.0,0.0,0
2024-03-22,all_tree,96335.8164102314,0.0,11,302488.62924368755,0.0,0.0,0
2024-03-25,all_tree,96335.8164102314,0.0,11,302449.2123201662,0.0,0.0,0
2024-03-26,all_tree,96335.8164102314,0.0,11,302786.7203224125,0.0,0.0,0
2024-03-27,all_tree,96335.8164102314,0.0,11,303366.8598602214,0.0,0.0,0
2024-03-28,all_tree,96335.8164102314,0.0,11,301820.4703224845,0.0,0.0,0
2024-03-29,all_tree,96335.8164102314,0.0,11,302374.83970607654,0.0,0.0,0
2024-04-01,all_tree,15010.93002917516,154785.2584683732,9,302704.4045615151,236650.94675006086,835.1361627439328,6
2024-04-02,all_tree,15010.93002917516,154785.2584683732,9,304978.9204979622,0.0,0.0,0
2024-04-03,all_tree,169796.18849754837,0.0,9,305189.33698279125,0.0,0.0,0
2024-04-08,all_tree,169796.18849754837,0.0,9,306937.2202812203,0.0,0.0,0
2024-04-09,all_tree,169796.18849754837,0.0,9,306814.6329956835,0.0,0.0,0
2024-04-10,all_tree,169796.18849754837,0.0,9,307995.7092005793,0.0,0.0,0
2024-04-11,all_tree,169796.18849754837,0.0,9,306989.4272037996,0.0,0.0,0
2024-04-12,all_tree,169796.18849754837,0.0,9,307371.7056608988,0.0,0.0,0
2024-04-15,all_tree,169796.18849754837,0.0,9,307579.1202169736,0.0,0.0,0
2024-04-16,all_tree,169796.18849754837,0.0,9,304699.45301578054,0.0,0.0,0
2024-04-17,all_tree,169796.18849754837,0.0,9,308749.6760369389,0.0,0.0,0
2024-04-18,all_tree,169796.18849754837,0.0,9,310960.88941213116,0.0,0.0,0
2024-04-19,all_tree,169796.18849754837,0.0,9,307648.04891866964,0.0,0.0,0
2024-04-22,all_tree,169796.18849754837,0.0,9,308231.971887588,0.0,0.0,0
2024-04-23,all_tree,169796.18849754837,0.0,9,310201.4558829167,0.0,0.0,0
2024-04-24,all_tree,169796.18849754837,0.0,9,310332.84706298495,0.0,0.0,0
2024-04-25,all_tree,169796.18849754837,0.0,9,310628.4070779445,0.0,0.0,0
2024-04-26,all_tree,169796.18849754837,0.0,9,310644.7229076538,0.0,0.0,0
2024-04-29,all_tree,169796.18849754837,0.0,9,312907.51473427826,0.0,0.0,0
2024-04-30,all_tree,169796.18849754837,0.0,9,313246.0148495951,0.0,0.0,0
2024-05-02,all_tree,15016.102282360884,102983.63864304301,11,309949.0409253584,258016.86634480243,722.3479169469074,4
2024-05-03,all_tree,15016.102282360884,102983.63864304301,11,309157.7409253689,0.0,0.0,0
2024-05-06,all_tree,117999.7409254039,0.0,11,311788.04092541215,0.0,0.0,0
2024-05-07,all_tree,117999.7409254039,0.0,11,310135.89092527714,0.0,0.0,0
2024-05-08,all_tree,117999.7409254039,0.0,11,311330.6409253373,0.0,0.0,0
2024-05-09,all_tree,117999.7409254039,0.0,11,308342.64092521707,0.0,0.0,0
2024-05-10,all_tree,117999.7409254039,0.0,11,307791.6409253265,0.0,0.0,0
2024-05-13,all_tree,117999.7409254039,0.0,11,307899.94092528627,0.0,0.0,0
2024-05-14,all_tree,117999.7409254039,0.0,11,309125.9909252506,0.0,0.0,0
2024-05-15,all_tree,117999.7409254039,0.0,11,310361.8409251997,0.0,0.0,0
2024-05-16,all_tree,117999.7409254039,0.0,11,311113.0409253147,0.0,0.0,0
2024-05-17,all_tree,117999.7409254039,0.0,11,313763.9409253609,0.0,0.0,0
2024-05-20,all_tree,117999.7409254039,0.0,11,314047.99092527933,0.0,0.0,0
2024-05-21,all_tree,117999.7409254039,0.0,11,313106.090925277,0.0,0.0,0
2024-05-22,all_tree,117999.7409254039,0.0,11,315089.94092531723,0.0,0.0,0
2024-05-23,all_tree,117999.7409254039,0.0,11,311527.14092530194,0.0,0.0,0
2024-05-24,all_tree,117999.7409254039,0.0,11,314165.39092534187,0.0,0.0,0
2024-05-27,all_tree,117999.7409254039,0.0,11,317950.29092536104,0.0,0.0,0
2024-05-28,all_tree,117999.7409254039,0.0,11,319296.19092529063,0.0,0.0,0
2024-05-29,all_tree,117999.7409254039,0.0,11,316090.3909252812,0.0,0.0,0
2024-05-30,all_tree,117999.7409254039,0.0,11,314276.3909252228,0.0,0.0,0
2024-05-31,all_tree,117999.7409254039,0.0,11,316196.5909252712,0.0,0.0,0
2024-06-03,all_tree,23705.5065135539,197224.96895750586,5,314762.92547111283,292258.26074978645,1043.1882041306094,10
2024-06-04,all_tree,23705.5065135539,197224.96895750586,5,314498.5754710507,0.0,0.0,0
2024-06-05,all_tree,220930.47547105976,0.0,5,313650.87547109154,0.0,0.0,0
2024-06-06,all_tree,220930.47547105976,0.0,5,313397.07547113637,0.0,0.0,0
2024-06-07,all_tree,220930.47547105976,0.0,5,313740.0254710409,0.0,0.0,0
2024-06-11,all_tree,220930.47547105976,0.0,5,312708.025471096,0.0,0.0,0
2024-06-12,all_tree,220930.47547105976,0.0,5,312615.07547113934,0.0,0.0,0
2024-06-13,all_tree,220930.47547105976,0.0,5,313692.1254710499,0.0,0.0,0
2024-06-14,all_tree,220930.47547105976,0.0,5,314293.0254711264,0.0,0.0,0
2024-06-17,all_tree,220930.47547105976,0.0,5,313991.0254710344,0.0,0.0,0
2024-06-18,all_tree,220930.47547105976,0.0,5,313290.42547109356,0.0,0.0,0
2024-06-19,all_tree,220930.47547105976,0.0,5,313459.47547105385,0.0,0.0,0
2024-06-20,all_tree,220930.47547105976,0.0,5,312759.27547111106,0.0,0.0,0
2024-06-21,all_tree,220930.47547105976,0.0,5,312549.775471042,0.0,0.0,0
2024-06-24,all_tree,220930.47547105976,0.0,5,311573.0754710883,0.0,0.0,0
2024-06-25,all_tree,220930.47547105976,0.0,5,311751.2754710753,0.0,0.0,0
2024-06-26,all_tree,220930.47547105976,0.0,5,310829.82547106734,0.0,0.0,0
2024-06-27,all_tree,220930.47547105976,0.0,5,310914.2254710543,0.0,0.0,0
2024-06-28,all_tree,220930.47547105976,0.0,5,311640.74610746413,0.0,0.0,0
2024-07-01,all_tree,50926.1750667348,73488.06689847069,10,310588.77674779436,243595.09463829806,586.5501441523943,5
2024-07-02,all_tree,50926.1750667348,73488.06689847069,10,313198.97674765205,0.0,0.0,0
2024-07-03,all_tree,124414.2419652055,0.0,10,312309.64703760657,0.0,0.0,0
2024-07-04,all_tree,124414.2419652055,0.0,10,313260.02095063427,0.0,0.0,0
2024-07-05,all_tree,124414.2419652055,0.0,10,312540.59124049154,0.0,0.0,0
2024-07-08,all_tree,124414.2419652055,0.0,10,311124.667327394,0.0,0.0,0
2024-07-09,all_tree,124414.2419652055,0.0,10,310029.90428403404,0.0,0.0,0
2024-07-10,all_tree,124414.2419652055,0.0,10,311691.5542839847,0.0,0.0,0
2024-07-11,all_tree,124414.2419652055,0.0,10,312250.115310564,0.0,0.0,0
2024-07-12,all_tree,124414.2419652055,0.0,10,312940.02441671916,0.0,0.0,0
2024-07-15,all_tree,124414.2419652055,0.0,10,312740.1716753518,0.0,0.0,0
2024-07-16,all_tree,124414.2419652055,0.0,10,311678.0484216129,0.0,0.0,0
2024-07-17,all_tree,124414.2419652055,0.0,10,315800.60981404653,0.0,0.0,0
2024-07-18,all_tree,124414.2419652055,0.0,10,315431.76171503915,0.0,0.0,0
2024-07-19,all_tree,124414.2419652055,0.0,10,313838.5208302101,0.0,0.0,0
2024-07-22,all_tree,124414.2419652055,0.0,10,310121.3317790029,0.0,0.0,0
2024-07-23,all_tree,124414.2419652055,0.0,10,311133.87456273334,0.0,0.0,0
2024-07-26,all_tree,124414.2419652055,0.0,10,308381.3141534687,0.0,0.0,0
2024-07-29,all_tree,124414.2419652055,0.0,10,307568.15750524215,0.0,0.0,0
2024-07-30,all_tree,124414.2419652055,0.0,10,310516.4791890803,0.0,0.0,0
2024-07-31,all_tree,124414.2419652055,0.0,10,309363.2876414339,0.0,0.0,0
2024-08-01,all_tree,67779.79021114302,105737.8596782166,7,310957.9415468152,162761.58973169292,550.4568075388288,8
2024-08-02,all_tree,67779.79021114302,105737.8596782166,7,306466.8519748412,0.0,0.0,0
2024-08-05,all_tree,173517.6498893596,0.0,7,296258.2098784336,0.0,0.0,0
2024-08-06,all_tree,173517.6498893596,0.0,7,295175.74818784505,0.0,0.0,0
2024-08-07,all_tree,173517.6498893596,0.0,7,300029.8909980356,0.0,0.0,0
2024-08-08,all_tree,173517.6498893596,0.0,7,298940.4059266454,0.0,0.0,0
2024-08-09,all_tree,173517.6498893596,0.0,7,301192.04549852124,0.0,0.0,0
2024-08-12,all_tree,173517.6498893596,0.0,7,303776.8104271182,0.0,0.0,0
2024-08-13,all_tree,173517.6498893596,0.0,7,304435.1721176589,0.0,0.0,0
2024-08-14,all_tree,173517.6498893596,0.0,7,305350.13704620337,0.0,0.0,0
2024-08-15,all_tree,173517.6498893596,0.0,7,305245.1954984952,0.0,0.0,0
2024-08-16,all_tree,173517.6498893596,0.0,7,308908.00197490887,0.0,0.0,0
2024-08-19,all_tree,173517.6498893596,0.0,7,308688.26033210475,0.0,0.0,0
2024-08-20,all_tree,173517.6498893596,0.0,7,306631.4820224914,0.0,0.0,0
2024-08-21,all_tree,173517.6498893596,0.0,7,306277.8854510209,0.0,0.0,0
2024-08-22,all_tree,173517.6498893596,0.0,7,304611.1288318387,0.0,0.0,0
2024-08-23,all_tree,173517.6498893596,0.0,7,304036.5370462559,0.0,0.0,0
2024-08-26,all_tree,173517.6498893596,0.0,7,304794.7521176693,0.0,0.0,0
2024-08-27,all_tree,173517.6498893596,0.0,7,305589.398926986,0.0,0.0,0
2024-08-28,all_tree,173517.6498893596,0.0,7,305385.54733159347,0.0,0.0,0
2024-08-29,all_tree,173517.6498893596,0.0,7,304596.4308077032,0.0,0.0,0
2024-08-30,all_tree,173517.6498893596,0.0,7,307098.2556411315,0.0,0.0,0
2024-09-02,all_tree,22741.504630922096,115232.16323251047,9,305319.06786353874,266292.7571397359,739.7441656629577,6
2024-09-03,all_tree,22741.504630922096,115232.16323251047,9,305707.81786344957,0.0,0.0,0
2024-09-04,all_tree,137973.66786343258,0.0,9,302579.06786331104,0.0,0.0,0
2024-09-05,all_tree,137973.66786343258,0.0,9,305376.717863495,0.0,0.0,0
2024-09-06,all_tree,137973.66786343258,0.0,9,303197.16786338453,0.0,0.0,0
2024-09-09,all_tree,137973.66786343258,0.0,9,302084.76786346326,0.0,0.0,0
2024-09-10,all_tree,137973.66786343258,0.0,9,296639.4678635093,0.0,0.0,0
2024-09-11,all_tree,137973.66786343258,0.0,9,297006.5678634,0.0,0.0,0
2024-09-12,all_tree,137973.66786343258,0.0,9,297564.5178634573,0.0,0.0,0
2024-09-13,all_tree,137973.66786343258,0.0,9,300939.017863651,0.0,0.0,0
2024-09-16,all_tree,137973.66786343258,0.0,9,301643.4178634596,0.0,0.0,0
2024-09-18,all_tree,137973.66786343258,0.0,9,303544.46786337474,0.0,0.0,0
2024-09-19,all_tree,137973.66786343258,0.0,9,306472.91786345374,0.0,0.0,0
2024-09-20,all_tree,137973.66786343258,0.0,9,305657.9678633397,0.0,0.0,0
2024-09-23,all_tree,137973.66786343258,0.0,9,305596.01786349516,0.0,0.0,0
2024-09-24,all_tree,137973.66786343258,0.0,9,303814.717863412,0.0,0.0,0
2024-09-25,all_tree,137973.66786343258,0.0,9,306128.2678633982,0.0,0.0,0
2024-09-26,all_tree,137973.66786343258,0.0,9,307301.2678634302,0.0,0.0,0
2024-09-27,all_tree,137973.66786343258,0.0,9,308094.3178633856,0.0,0.0,0
2024-09-30,all_tree,137973.66786343258,0.0,9,307095.76786334754,0.0,0.0,0
2024-10-01,all_tree,15025.891387163852,104132.97459692242,11,305947.26598406886,227337.8657500789,695.3871294252368,4
2024-10-04,all_tree,15025.891387163852,104132.97459692242,11,303213.4659840584,0.0,0.0,0
2024-10-07,all_tree,119158.86598408627,0.0,11,307310.91598398803,0.0,0.0,0
2024-10-08,all_tree,119158.86598408627,0.0,11,302761.4659840034,0.0,0.0,0
2024-10-09,all_tree,119158.86598408627,0.0,11,301214.86598400876,0.0,0.0,0
2024-10-11,all_tree,119158.86598408627,0.0,11,298024.315984034,0.0,0.0,0
2024-10-14,all_tree,119158.86598408627,0.0,11,301795.2159839913,0.0,0.0,0
2024-10-15,all_tree,119158.86598408627,0.0,11,300285.91598400084,0.0,0.0,0
2024-10-16,all_tree,119158.86598408627,0.0,11,300974.965984113,0.0,0.0,0
2024-10-17,all_tree,119158.86598408627,0.0,11,303026.6659840031,0.0,0.0,0
2024-10-18,all_tree,119158.86598408627,0.0,11,302396.41598404886,0.0,0.0,0
2024-10-21,all_tree,119158.86598408627,0.0,11,306986.6659840268,0.0,0.0,0
2024-10-22,all_tree,119158.86598408627,0.0,11,309527.5159840056,0.0,0.0,0
2024-10-23,all_tree,119158.86598408627,0.0,11,311322.16598400567,0.0,0.0,0
2024-10-24,all_tree,119158.86598408627,0.0,11,309539.31598402275,0.0,0.0,0
2024-10-25,all_tree,119158.86598408627,0.0,11,308997.4659840093,0.0,0.0,0
2024-10-28,all_tree,119158.86598408627,0.0,11,302917.5659840646,0.0,0.0,0
2024-10-29,all_tree,119158.86598408627,0.0,11,301120.06598411093,0.0,0.0,0
2024-10-30,all_tree,119158.86598408627,0.0,11,302475.9659841142,0.0,0.0,0
2024-11-01,all_tree,15027.965296511282,133452.6554693593,9,301875.42076570226,238034.4234737368,824.7001919524602,6
2024-11-04,all_tree,15027.965296511282,133452.6554693593,9,301202.6707656768,0.0,0.0,0
2024-11-05,all_tree,148480.62076587058,0.0,9,304264.27076573716,0.0,0.0,0
2024-11-06,all_tree,148480.62076587058,0.0,9,303950.0207656506,0.0,0.0,0
2024-11-07,all_tree,148480.62076587058,0.0,9,305566.3207657084,0.0,0.0,0
2024-11-08,all_tree,148480.62076587058,0.0,9,303195.92076564836,0.0,0.0,0
2024-11-11,all_tree,148480.62076587058,0.0,9,301496.47076571314,0.0,0.0,0
2024-11-12,all_tree,148480.62076587058,0.0,9,300925.5207658382,0.0,0.0,0
2024-11-13,all_tree,148480.62076587058,0.0,9,301255.12076581444,0.0,0.0,0
2024-11-14,all_tree,148480.62076587058,0.0,9,303004.070765659,0.0,0.0,0
2024-11-15,all_tree,148480.62076587058,0.0,9,302472.270765746,0.0,0.0,0
2024-11-18,all_tree,148480.62076587058,0.0,9,300707.82076572237,0.0,0.0,0
2024-11-19,all_tree,148480.62076587058,0.0,9,303942.77076574287,0.0,0.0,0
2024-11-20,all_tree,148480.62076587058,0.0,9,302551.47076569835,0.0,0.0,0
2024-11-21,all_tree,148480.62076587058,0.0,9,305235.72076579113,0.0,0.0,0
2024-11-22,all_tree,148480.62076587058,0.0,9,307675.8207657926,0.0,0.0,0
2024-11-25,all_tree,148480.62076587058,0.0,9,308970.0207656824,0.0,0.0,0
2024-11-26,all_tree,148480.62076587058,0.0,9,307414.3707656714,0.0,0.0,0
2024-11-27,all_tree,148480.62076587058,0.0,9,303531.0207657771,0.0,0.0,0
2024-11-28,all_tree,148480.62076587058,0.0,9,302056.2707657474,0.0,0.0,0
2024-11-29,all_tree,148480.62076587058,0.0,9,305458.27076570794,0.0,0.0,0
2024-12-02,all_tree,72868.9855060206,86580.9773939801,7,306422.4628999694,162493.90699991735,516.480865787252,8
2024-12-03,all_tree,72868.9855060206,86580.9773939801,7,308246.1628998703,0.0,0.0,0
2024-12-04,all_tree,159449.96290000068,0.0,7,305457.7128999297,0.0,0.0,0
2024-12-05,all_tree,159449.96290000068,0.0,7,302665.16289987485,0.0,0.0,0
2024-12-06,all_tree,159449.96290000068,0.0,7,302782.762899935,0.0,0.0,0
2024-12-09,all_tree,159449.96290000068,0.0,7,299055.1128999345,0.0,0.0,0
2024-12-10,all_tree,159449.96290000068,0.0,7,299031.5128999632,0.0,0.0,0
2024-12-11,all_tree,159449.96290000068,0.0,7,296811.21289998654,0.0,0.0,0
2024-12-12,all_tree,159449.96290000068,0.0,7,296532.16289993393,0.0,0.0,0
2024-12-13,all_tree,159449.96290000068,0.0,7,294243.8628999454,0.0,0.0,0
2024-12-16,all_tree,159449.96290000068,0.0,7,294249.61289996596,0.0,0.0,0
2024-12-17,all_tree,159449.96290000068,0.0,7,292943.112900003,0.0,0.0,0
2024-12-18,all_tree,159449.96290000068,0.0,7,293165.86289996316,0.0,0.0,0
2024-12-19,all_tree,159449.96290000068,0.0,7,291243.7628999422,0.0,0.0,0
2024-12-20,all_tree,159449.96290000068,0.0,7,289948.3628999841,0.0,0.0,0
2024-12-23,all_tree,159449.96290000068,0.0,7,292159.8628999259,0.0,0.0,0
2024-12-24,all_tree,159449.96290000068,0.0,7,293308.6628999691,0.0,0.0,0
2024-12-25,all_tree,159449.96290000068,0.0,7,295667.61289995647,0.0,0.0,0
2024-12-26,all_tree,159449.96290000068,0.0,7,296035.8128999331,0.0,0.0,0
2024-12-27,all_tree,159449.96290000068,0.0,7,294840.2128999604,0.0,0.0,0
2024-12-30,all_tree,159449.96290000068,0.0,7,292934.0128998932,0.0,0.0,0
2024-12-31,all_tree,159449.96290000068,0.0,7,292760.512899971,0.0,0.0,0
2025-01-02,all_tree,15011.258525700718,87555.4127888029,11,291317.7713145786,232155.83649999034,616.5900854874711,4
2025-01-03,all_tree,15011.258525700718,87555.4127888029,11,289646.1713145183,0.0,0.0,0
2025-01-06,all_tree,102566.67131450362,0.0,11,291387.52131449233,0.0,0.0,0
2025-01-07,all_tree,102566.67131450362,0.0,11,289553.27131445834,0.0,0.0,0
2025-01-08,all_tree,102566.67131450362,0.0,11,291766.5213145524,0.0,0.0,0
2025-01-09,all_tree,102566.67131450362,0.0,11,287802.8713145427,0.0,0.0,0
2025-01-10,all_tree,102566.67131450362,0.0,11,283329.57131453307,0.0,0.0,0
2025-01-13,all_tree,102566.67131450362,0.0,11,277157.65131449,0.0,0.0,0
2025-01-14,all_tree,102566.67131450362,0.0,11,278736.0313144872,0.0,0.0,0
2025-01-15,all_tree,102566.67131450362,0.0,11,278299.62131445657,0.0,0.0,0
2025-01-16,all_tree,102566.67131450362,0.0,11,281897.0213145605,0.0,0.0,0
2025-01-17,all_tree,102566.67131450362,0.0,11,282937.5213145387,0.0,0.0,0
2025-01-20,all_tree,102566.67131450362,0.0,11,285886.4713144533,0.0,0.0,0
2025-01-21,all_tree,102566.67131450362,0.0,11,285383.571314606,0.0,0.0,0
2025-01-22,all_tree,102566.67131450362,0.0,11,287308.82131447707,0.0,0.0,0
2025-02-03,all_tree,15033.701898184898,125792.18485421318,10,285253.4367524471,213756.73849994424,763.2985620498326,5
2025-02-04,all_tree,15033.701898184898,125792.18485421318,10,284424.2367524534,0.0,0.0,0
2025-02-05,all_tree,140825.88675239807,0.0,10,287802.53675242874,0.0,0.0,0
2025-02-06,all_tree,140825.88675239807,0.0,10,288725.48675245815,0.0,0.0,0
2025-02-07,all_tree,140825.88675239807,0.0,10,288486.2367523995,0.0,0.0,0
2025-02-10,all_tree,140825.88675239807,0.0,10,288107.1367524677,0.0,0.0,0
2025-02-11,all_tree,140825.88675239807,0.0,10,287711.03675243503,0.0,0.0,0
2025-02-12,all_tree,140825.88675239807,0.0,10,289499.7367524826,0.0,0.0,0
2025-02-13,all_tree,140825.88675239807,0.0,10,291081.4867524478,0.0,0.0,0
2025-02-14,all_tree,140825.88675239807,0.0,10,292768.03675245075,0.0,0.0,0
2025-02-17,all_tree,140825.88675239807,0.0,10,293744.0867524658,0.0,0.0,0
2025-02-18,all_tree,140825.88675239807,0.0,10,293213.2867523924,0.0,0.0,0
2025-02-19,all_tree,140825.88675239807,0.0,10,294240.88675247424,0.0,0.0,0
2025-02-20,all_tree,140825.88675239807,0.0,10,294303.436752536,0.0,0.0,0
2025-02-21,all_tree,140825.88675239807,0.0,10,295679.63675243594,0.0,0.0,0
2025-02-24,all_tree,140825.88675239807,0.0,10,296568.9367523942,0.0,0.0,0
2025-02-25,all_tree,140825.88675239807,0.0,10,295139.63675245916,0.0,0.0,0
2025-02-26,all_tree,140825.88675239807,0.0,10,294981.5867524219,0.0,0.0,0
2025-02-27,all_tree,140825.88675239807,0.0,10,292706.08675238746,0.0,0.0,0
2025-03-03,all_tree,15035.917444523102,110513.52177938534,10,287342.53922388225,236621.50274996017,743.1237784498808,5
2025-03-04,all_tree,15035.917444523102,110513.52177938534,10,286991.73922397255,0.0,0.0,0
2025-03-05,all_tree,125549.43922390844,0.0,10,288761.1892238903,0.0,0.0,0
2025-03-06,all_tree,125549.43922390844,0.0,10,287140.5392240882,0.0,0.0,0
2025-03-07,all_tree,125549.43922390844,0.0,10,284984.9192239697,0.0,0.0,0
2025-03-10,all_tree,125549.43922390844,0.0,10,284609.93922392005,0.0,0.0,0
2025-03-11,all_tree,125549.43922390844,0.0,10,282119.2192239184,0.0,0.0,0
2025-03-12,all_tree,125549.43922390844,0.0,10,285320.6292239795,0.0,0.0,0
2025-03-13,all_tree,125549.43922390844,0.0,10,283480.8192239462,0.0,0.0,0
2025-03-14,all_tree,125549.43922390844,0.0,10,285494.0684147518,0.0,0.0,0
2025-03-17,all_tree,125549.43922390844,0.0,10,286768.85743211594,0.0,0.0,0
2025-03-18,all_tree,125549.43922390844,0.0,10,288152.0082411799,0.0,0.0,0
2025-03-19,all_tree,125549.43922390844,0.0,10,286355.30032220925,0.0,0.0,0
2025-03-20,all_tree,125549.43922390844,0.0,10,288375.8650043057,0.0,0.0,0
2025-03-21,all_tree,125549.43922390844,0.0,10,288522.73905052745,0.0,0.0,0
2025-03-24,all_tree,125549.43922390844,0.0,10,285920.7284145824,0.0,0.0,0
2025-03-25,all_tree,125549.43922390844,0.0,10,285327.19454183755,0.0,0.0,0
2025-03-26,all_tree,125549.43922390844,0.0,10,286368.48003323376,0.0,0.0,0
2025-03-27,all_tree,125549.43922390844,0.0,10,284047.3522875084,0.0,0.0,0
2025-03-28,all_tree,125549.43922390844,0.0,10,278557.03274997923,0.0,0.0,0
2025-03-31,all_tree,125549.43922390844,0.0,10,269831.0330389424,0.0,0.0,0
2025-04-01,all_tree,31290.981803302213,78821.11673378898,10,272723.52397057286,173317.0867000767,505.7668868939802,5
2025-04-02,all_tree,31290.981803302213,78821.11673378898,10,274735.88928849436,0.0,0.0,0
2025-04-07,all_tree,110112.0985370912,0.0,10,260748.18437515842,0.0,0.0,0
2025-04-08,all_tree,110112.0985370912,0.0,10,246317.33495328837,0.0,0.0,0
2025-04-09,all_tree,110112.0985370912,0.0,10,232990.73119603645,0.0,0.0,0
2025-04-10,all_tree,110112.0985370912,0.0,10,242241.09738100745,0.0,0.0,0
2025-04-11,all_tree,110112.0985370912,0.0,10,241337.69882607853,0.0,0.0,0
2025-04-14,all_tree,110112.0985370912,0.0,10,244433.25431745857,0.0,0.0,0
2025-04-15,all_tree,110112.0985370912,0.0,10,253156.14304573822,0.0,0.0,0
2025-04-16,all_tree,110112.0985370912,0.0,10,250647.48755446138,0.0,0.0,0
2025-04-17,all_tree,110112.0985370912,0.0,10,250705.63061803376,0.0,0.0,0
2025-04-18,all_tree,110112.0985370912,0.0,10,249804.73755439962,0.0,0.0,0
2025-04-21,all_tree,110112.0985370912,0.0,10,243873.5751266699,0.0,0.0,0
2025-04-22,all_tree,110112.0985370912,0.0,10,243675.52801685926,0.0,0.0,0
2025-04-23,all_tree,110112.0985370912,0.0,10,249532.4320630915,0.0,0.0,0
2025-04-24,all_tree,110112.0985370912,0.0,10,250721.1083637134,0.0,0.0,0
2025-04-25,all_tree,110112.0985370912,0.0,10,254558.29304575716,0.0,0.0,0
2025-04-28,all_tree,110112.0985370912,0.0,10,258582.53032900998,0.0,0.0,0
2025-04-29,all_tree,110112.0985370912,0.0,10,262016.98582035207,0.0,0.0,0
2025-04-30,all_tree,110112.0985370912,0.0,10,258612.25113822092,0.0,0.0,0
2025-05-02,all_tree,91251.7618010162,93526.75659367297,4,259358.91839465473,112796.21184685729,462.7939892593219,11
2025-05-05,all_tree,91251.7618010162,93526.75659367297,4,255916.81839467323,0.0,0.0,0
2025-05-06,all_tree,184778.51839468916,0.0,4,257779.1183946731,0.0,0.0,0
2025-05-07,all_tree,184778.51839468916,0.0,4,257695.8183946578,0.0,0.0,0
2025-05-08,all_tree,184778.51839468916,0.0,4,258227.1183946603,0.0,0.0,0
2025-05-09,all_tree,184778.51839468916,0.0,4,259750.31839461642,0.0,0.0,0
2025-05-12,all_tree,184778.51839468916,0.0,4,259579.31839458193,0.0,0.0,0
2025-05-13,all_tree,184778.51839468916,0.0,4,259807.5183946753,0.0,0.0,0
2025-05-14,all_tree,184778.51839468916,0.0,4,260302.21839476138,0.0,0.0,0
2025-05-15,all_tree,184778.51839468916,0.0,4,259203.3183946121,0.0,0.0,0
2025-05-16,all_tree,184778.51839468916,0.0,4,259406.41839461733,0.0,0.0,0
2025-05-19,all_tree,184778.51839468916,0.0,4,257708.81839466144,0.0,0.0,0
2025-05-20,all_tree,184778.51839468916,0.0,4,257635.01839467976,0.0,0.0,0
2025-05-21,all_tree,184778.51839468916,0.0,4,259116.21839463513,0.0,0.0,0
2025-05-22,all_tree,184778.51839468916,0.0,4,258841.91839463802,0.0,0.0,0
2025-05-23,all_tree,184778.51839468916,0.0,4,258238.51839462895,0.0,0.0,0
2025-05-26,all_tree,184778.51839468916,0.0,4,257589.51839462284,0.0,0.0,0
2025-05-27,all_tree,184778.51839468916,0.0,4,256162.61839466862,0.0,0.0,0
2025-05-28,all_tree,184778.51839468916,0.0,4,255403.91839465383,0.0,0.0,0
2025-05-29,all_tree,184778.51839468916,0.0,4,255029.91839467874,0.0,0.0,0
2025-06-02,all_tree,15035.648777282893,40392.09307043841,12,251892.2918477546,210056.07875000095,437.94279696875276,3
2025-06-03,all_tree,15035.648777282893,40392.09307043841,12,251726.64184781522,0.0,0.0,0
2025-06-04,all_tree,55427.7418477213,0.0,12,257523.19184792013,0.0,0.0,0
2025-06-05,all_tree,55427.7418477213,0.0,12,257896.34184773426,0.0,0.0,0
2025-06-06,all_tree,55427.7418477213,0.0,12,259348.29184785916,0.0,0.0,0
2025-06-09,all_tree,55427.7418477213,0.0,12,260127.4418478013,0.0,0.0,0
2025-06-10,all_tree,55427.7418477213,0.0,12,262641.7918477335,0.0,0.0,0
2025-06-11,all_tree,55427.7418477213,0.0,12,264904.24184771976,0.0,0.0,0
2025-06-12,all_tree,55427.7418477213,0.0,12,265473.1302205611,0.0,0.0,0
2025-06-13,all_tree,55427.7418477213,0.0,12,261692.86818646948,0.0,0.0,0
2025-06-16,all_tree,55427.7418477213,0.0,12,259954.7141751831,0.0,0.0,0
2025-06-17,all_tree,55427.7418477213,0.0,12,260833.4302205472,0.0,0.0,0
2025-06-18,all_tree,55427.7418477213,0.0,12,263806.43824343773,0.0,0.0,0
2025-06-19,all_tree,55427.7418477213,0.0,12,259423.92219790517,0.0,0.0,0
2025-06-20,all_tree,55427.7418477213,0.0,12,257262.1382434238,0.0,0.0,0
2025-06-23,all_tree,55427.7418477213,0.0,12,255011.51577127902,0.0,0.0,0
2025-06-24,all_tree,55427.7418477213,0.0,12,259775.70759648556,0.0,0.0,0
2025-06-25,all_tree,55427.7418477213,0.0,12,259367.84139891772,0.0,0.0,0
2025-06-26,all_tree,55427.7418477213,0.0,12,260883.49453377794,0.0,0.0,0
2025-06-27,all_tree,55427.7418477213,0.0,12,262217.33462925506,0.0,0.0,0
2025-06-30,all_tree,55427.7418477213,0.0,12,258674.04618753868,0.0,0.0,0
2025-07-01,all_tree,15023.529641571293,145164.82797902965,7,260264.45762064692,186137.67764135372,756.263368474061,8
2025-07-02,all_tree,15023.529641571293,145164.82797902965,7,263132.95762068173,0.0,0.0,0
2025-07-03,all_tree,160188.35762060093,0.0,7,264970.7076206248,0.0,0.0,0
2025-07-04,all_tree,160188.35762060093,0.0,7,264709.20762068103,0.0,0.0,0
2025-07-07,all_tree,160188.35762060093,0.0,7,263012.15762075066,0.0,0.0,0
2025-07-08,all_tree,160188.35762060093,0.0,7,261585.90762069536,0.0,0.0,0
2025-07-09,all_tree,160188.35762060093,0.0,7,262344.9459729586,0.0,0.0,0
2025-07-10,all_tree,160188.35762060093,0.0,7,261405.1189843167,0.0,0.0,0
2025-07-11,all_tree,160188.35762060093,0.0,7,259631.80364340026,0.0,0.0,0
2025-07-14,all_tree,160188.35762060093,0.0,7,258662.78673250513,0.0,0.0,0
2025-07-15,all_tree,160188.35762060093,0.0,7,259245.33146936324,0.0,0.0,0
2025-07-16,all_tree,160188.35762060093,0.0,7,259915.56506680776,0.0,0.0,0
2025-07-17,all_tree,160188.35762060093,0.0,7,260434.7626595271,0.0,0.0,0
2025-07-18,all_tree,160188.35762060093,0.0,7,259736.21853576327,0.0,0.0,0
2025-07-21,all_tree,160188.35762060093,0.0,7,262421.8292862568,0.0,0.0,0
2025-07-22,all_tree,160188.35762060093,0.0,7,256958.98756982223,0.0,0.0,0
2025-07-23,all_tree,160188.35762060093,0.0,7,258024.58958840786,0.0,0.0,0
2025-07-24,all_tree,160188.35762060093,0.0,7,258110.0075608377,0.0,0.0,0
2025-07-25,all_tree,160188.35762060093,0.0,7,256926.29132280167,0.0,0.0,0
2025-07-28,all_tree,160188.35762060093,0.0,7,256521.54899329256,0.0,0.0,0
2025-07-29,all_tree,160188.35762060093,0.0,7,254991.6522379223,0.0,0.0,0
2025-07-30,all_tree,160188.35762060093,0.0,7,255642.40576665202,0.0,0.0,0
2025-07-31,all_tree,160188.35762060093,0.0,7,254052.5669059652,0.0,0.0,0
2025-08-01,all_tree,15044.029677519675,50491.3701813295,12,258467.62091148886,195621.54308100377,503.05184275551125,3
2025-08-04,all_tree,15044.029677519675,50491.3701813295,12,256845.05775372972,0.0,0.0,0
2025-08-05,all_tree,65535.399858849174,0.0,12,257322.12617466948,0.0,0.0,0
2025-08-06,all_tree,65535.399858849174,0.0,12,259593.46828007282,0.0,0.0,0
2025-08-07,all_tree,65535.399858849174,0.0,12,262738.78143784526,0.0,0.0,0
2025-08-08,all_tree,65535.399858849174,0.0,12,262030.61564857,0.0,0.0,0
2025-08-11,all_tree,65535.399858849174,0.0,12,258926.78670106296,0.0,0.0,0
2025-08-12,all_tree,65535.399858849174,0.0,12,256107.56301692134,0.0,0.0,0
2025-08-13,all_tree,65535.399858849174,0.0,12,256387.0103853127,0.0,0.0,0
2025-08-14,all_tree,65535.399858849174,0.0,12,256815.3472274361,0.0,0.0,0
2025-08-15,all_tree,65535.399858849174,0.0,12,259291.0249120393,0.0,0.0,0
2025-08-18,all_tree,65535.399858849174,0.0,12,262274.90213397343,0.0,0.0,0
2025-08-19,all_tree,65535.399858849174,0.0,12,264586.7705356836,0.0,0.0,0
2025-08-20,all_tree,65535.399858849174,0.0,12,260525.86253488137,0.0,0.0,0
2025-08-21,all_tree,65535.399858849174,0.0,12,265336.3787772312,0.0,0.0,0
2025-08-22,all_tree,65535.399858849174,0.0,12,266946.143969184,0.0,0.0,0
2025-08-25,all_tree,65535.399858849174,0.0,12,268070.9852454953,0.0,0.0,0
2025-08-26,all_tree,65535.399858849174,0.0,12,265729.8089295861,0.0,0.0,0
2025-08-27,all_tree,65535.399858849174,0.0,12,265305.89498155774,0.0,0.0,0
2025-08-28,all_tree,65535.399858849174,0.0,12,267296.0349282368,0.0,0.0,0
2025-08-29,all_tree,65535.399858849174,0.0,12,269471.8584160319,0.0,0.0,0
2025-09-01,all_tree,15011.931570074179,179631.12019894822,5,265452.2637021429,230927.39273128583,960.3528211126074,10
2025-09-02,all_tree,15011.931570074179,179631.12019894822,5,263635.0881651739,0.0,0.0,0
2025-09-03,all_tree,194643.0517690224,0.0,5,265394.51346343616,0.0,0.0,0
2025-09-04,all_tree,194643.0517690224,0.0,5,263220.0378071113,0.0,0.0,0
2025-09-05,all_tree,194643.0517690224,0.0,5,264369.75069491693,0.0,0.0,0
2025-09-08,all_tree,194643.0517690224,0.0,5,266244.33828443,0.0,0.0,0
2025-09-09,all_tree,194643.0517690224,0.0,5,267110.8386424609,0.0,0.0,0
2025-09-10,all_tree,194643.0517690224,0.0,5,265995.7008142554,0.0,0.0,0
2025-09-11,all_tree,194643.0517690224,0.0,5,263430.287807087,0.0,0.0,0
2025-09-12,all_tree,194643.0517690224,0.0,5,263351.20057564136,0.0,0.0,0
2025-09-15,all_tree,194643.0517690224,0.0,5,262622.71274754393,0.0,0.0,0
2025-09-16,all_tree,194643.0517690224,0.0,5,262787.71286681376,0.0,0.0,0
2025-09-17,all_tree,194643.0517690224,0.0,5,262239.1627475381,0.0,0.0,0
2025-09-18,all_tree,194643.0517690224,0.0,5,263533.58780714177,0.0,0.0,0
2025-09-19,all_tree,194643.0517690224,0.0,5,264279.90033693484,0.0,0.0,0
2025-09-22,all_tree,194643.0517690224,0.0,5,266219.3386425037,0.0,0.0,0
2025-09-23,all_tree,194643.0517690224,0.0,5,265796.3390005053,0.0,0.0,0
2025-09-24,all_tree,194643.0517690224,0.0,5,264139.28852317896,0.0,0.0,0
2025-09-25,all_tree,194643.0517690224,0.0,5,263651.6756353064,0.0,0.0,0
2025-09-26,all_tree,194643.0517690224,0.0,5,260294.81215075683,0.0,0.0,0
2025-09-30,all_tree,194643.0517690224,0.0,5,261571.97491930396,0.0,0.0,0
2025-10-01,all_tree,46228.76312348491,50071.17042157369,9,259196.03354508578,198490.06353451472,485.01275847854413,6
2025-10-02,all_tree,46228.76312348491,50071.17042157369,9,257405.78354504608,0.0,0.0,0
2025-10-03,all_tree,96299.9335450586,0.0,9,257186.93354503968,0.0,0.0,0
2025-10-07,all_tree,96299.9335450586,0.0,9,257685.73354509738,0.0,0.0,0
2025-10-08,all_tree,96299.9335450586,0.0,9,257120.83354513708,0.0,0.0,0
2025-10-09,all_tree,96299.9335450586,0.0,9,256014.33354506502,0.0,0.0,0
2025-10-13,all_tree,96299.9335450586,0.0,9,254223.38354500622,0.0,0.0,0
2025-10-14,all_tree,96299.9335450586,0.0,9,252797.78354502888,0.0,0.0,0
2025-10-15,all_tree,96299.9335450586,0.0,9,253123.73354510096,0.0,0.0,0
2025-10-16,all_tree,96299.9335450586,0.0,9,253867.88354502933,0.0,0.0,0
2025-10-17,all_tree,96299.9335450586,0.0,9,253280.5335450737,0.0,0.0,0
2025-10-20,all_tree,96299.9335450586,0.0,9,252836.6335450666,0.0,0.0,0
2025-10-21,all_tree,96299.9335450586,0.0,9,254873.1835449817,0.0,0.0,0
2025-10-22,all_tree,96299.9335450586,0.0,9,255640.53354495525,0.0,0.0,0
2025-10-23,all_tree,96299.9335450586,0.0,9,254966.58354495958,0.0,0.0,0
2025-10-27,all_tree,96299.9335450586,0.0,9,256949.23354504784,0.0,0.0,0
2025-10-28,all_tree,96299.9335450586,0.0,9,255479.93354520196,0.0,0.0,0
2025-10-29,all_tree,96299.9335450586,0.0,9,254523.8335451452,0.0,0.0,0
2025-10-30,all_tree,96299.9335450586,0.0,9,254975.6335449679,0.0,0.0,0
2025-10-31,all_tree,96299.9335450586,0.0,9,255188.18354496674,0.0,0.0,0
2025-11-03,all_tree,15004.116667146107,157259.4490075064,6,254908.56567460543,239140.60400001894,877.9138704250568,9
2025-11-04,all_tree,15004.116667146107,157259.4490075064,6,254296.41567471682,0.0,0.0,0
2025-11-05,all_tree,172263.5656746525,0.0,6,250814.26567474892,0.0,0.0,0
2025-11-06,all_tree,172263.5656746525,0.0,6,252156.7656745892,0.0,0.0,0
2025-11-07,all_tree,172263.5656746525,0.0,6,250882.16567457272,0.0,0.0,0
2025-11-10,all_tree,172263.5656746525,0.0,6,249991.51567463906,0.0,0.0,0
2025-11-11,all_tree,172263.5656746525,0.0,6,250234.76567459456,0.0,0.0,0
2025-11-12,all_tree,172263.5656746525,0.0,6,250752.8156746832,0.0,0.0,0
2025-11-13,all_tree,172263.5656746525,0.0,6,249489.2656746598,0.0,0.0,0
2025-11-14,all_tree,172263.5656746525,0.0,6,249264.21567466896,0.0,0.0,0
2025-11-17,all_tree,172263.5656746525,0.0,6,248876.7656747544,0.0,0.0,0
2025-11-18,all_tree,172263.5656746525,0.0,6,244630.41567465823,0.0,0.0,0
2025-11-19,all_tree,172263.5656746525,0.0,6,243043.21567464294,0.0,0.0,0
2025-11-20,all_tree,172263.5656746525,0.0,6,245087.015674635,0.0,0.0,0
2025-11-21,all_tree,172263.5656746525,0.0,6,242579.8656745915,0.0,0.0,0
2025-11-24,all_tree,172263.5656746525,0.0,6,242862.8156746208,0.0,0.0,0
2025-11-25,all_tree,172263.5656746525,0.0,6,245857.36567462183,0.0,0.0,0
2025-11-26,all_tree,172263.5656746525,0.0,6,248095.21567462746,0.0,0.0,0
2025-11-27,all_tree,172263.5656746525,0.0,6,249254.815674753,0.0,0.0,0
2025-11-28,all_tree,172263.5656746525,0.0,6,250466.41567468824,0.0,0.0,0
2025-12-01,all_tree,21864.764351752507,43111.19366708558,10,246546.80801878907,193517.58525001685,435.6169058313007,5
2025-12-02,all_tree,21864.764351752507,43111.19366708558,10,248400.15801883352,0.0,0.0,0
2025-12-03,all_tree,64975.958018838086,0.0,10,248318.40801897022,0.0,0.0,0
2025-12-04,all_tree,64975.958018838086,0.0,10,248103.10801865236,0.0,0.0,0
2025-12-05,all_tree,64975.958018838086,0.0,10,249620.7580188222,0.0,0.0,0
2025-12-08,all_tree,64975.958018838086,0.0,10,249498.85801893024,0.0,0.0,0
2025-12-09,all_tree,64975.958018838086,0.0,10,250129.85801870757,0.0,0.0,0
2025-12-10,all_tree,64975.958018838086,0.0,10,251060.55801887257,0.0,0.0,0
2025-12-11,all_tree,64975.958018838086,0.0,10,250112.75801877552,0.0,0.0,0
2025-12-12,all_tree,64975.958018838086,0.0,10,251447.55801884134,0.0,0.0,0
2025-12-15,all_tree,64975.958018838086,0.0,10,252277.75801889194,0.0,0.0,0
2025-12-16,all_tree,64975.958018838086,0.0,10,249773.5080187306,0.0,0.0,0
2025-12-17,all_tree,64975.958018838086,0.0,10,250958.05801890377,0.0,0.0,0
2025-12-18,all_tree,64975.958018838086,0.0,10,252018.35801879517,0.0,0.0,0
2025-12-19,all_tree,64975.958018838086,0.0,10,253576.408018754,0.0,0.0,0
2025-12-22,all_tree,64975.958018838086,0.0,10,254303.40801871408,0.0,0.0,0
2025-12-23,all_tree,64975.958018838086,0.0,10,257011.9580186492,0.0,0.0,0
2025-12-24,all_tree,64975.958018838086,0.0,10,258972.05801902624,0.0,0.0,0
2025-12-26,all_tree,64975.958018838086,0.0,10,262192.158018797,0.0,0.0,0
2025-12-29,all_tree,64975.958018838086,0.0,10,259082.05801890604,0.0,0.0,0
2025-12-30,all_tree,64975.958018838086,0.0,10,258597.2580187552,0.0,0.0,0
2025-12-31,all_tree,64975.958018838086,0.0,10,257375.4580186818,0.0,0.0,0
2026-01-02,all_tree,15376.638924763083,190940.0723366405,3,254682.11126136908,241314.93650007827,921.7852575127348,12
2026-01-05,all_tree,15376.638924763083,190940.0723366405,3,255420.2112614083,0.0,0.0,0
2026-01-06,all_tree,206316.71126140357,0.0,3,256228.71126140477,0.0,0.0,0
2026-01-07,all_tree,206316.71126140357,0.0,3,255440.9112613852,0.0,0.0,0
2026-01-08,all_tree,206316.71126140357,0.0,3,255231.51126139055,0.0,0.0,0
2026-01-09,all_tree,206316.71126140357,0.0,3,255485.01126139163,0.0,0.0,0
2026-01-12,all_tree,206316.71126140357,0.0,3,255833.4112614071,0.0,0.0,0
2026-01-13,all_tree,206316.71126140357,0.0,3,256363.5112613989,0.0,0.0,0
2026-01-14,all_tree,206316.71126140357,0.0,3,256493.611261409,0.0,0.0,0
2026-01-15,all_tree,206316.71126140357,0.0,3,256259.11126138308,0.0,0.0,0
2026-01-16,all_tree,206316.71126140357,0.0,3,256265.11126139486,0.0,0.0,0
2026-01-19,all_tree,206316.71126140357,0.0,3,255306.51126138266,0.0,0.0,0
2026-01-20,all_tree,206316.71126140357,0.0,3,255050.91126137803,0.0,0.0,0
2026-01-21,all_tree,206316.71126140357,0.0,3,253448.61126141145,0.0,0.0,0
2026-01-22,all_tree,206316.71126140357,0.0,3,254167.91126138397,0.0,0.0,0
2026-01-23,all_tree,206316.71126140357,0.0,3,254822.9112614075,0.0,0.0,0
2026-01-26,all_tree,206316.71126140357,0.0,3,255244.41126139386,0.0,0.0,0
2026-01-27,all_tree,206316.71126140357,0.0,3,255576.0112614027,0.0,0.0,0
2026-01-28,all_tree,206316.71126140357,0.0,3,257437.31126141356,0.0,0.0,0
2026-01-29,all_tree,206316.71126140357,0.0,3,257379.51126140577,0.0,0.0,0
2026-01-30,all_tree,206316.71126140357,0.0,3,256517.51126139137,0.0,0.0,0
2026-02-02,all_tree,15034.462321578554,18522.085983534325,14,254989.34830512153,209592.7009999968,376.28295628749044,1
2026-02-03,all_tree,15034.462321578554,18522.085983534325,14,261370.94830499217,0.0,0.0,0
2026-02-04,all_tree,33556.54830511288,0.0,14,262135.44830490305,0.0,0.0,0
2026-02-05,all_tree,33556.54830511288,0.0,14,256256.6483049249,0.0,0.0,0
2026-02-06,all_tree,33556.54830511288,0.0,14,254610.148305075,0.0,0.0,0
2026-02-09,all_tree,33556.54830511288,0.0,14,255321.84830501833,0.0,0.0,0
2026-02-10,all_tree,33556.54830511288,0.0,14,260682.34830489254,0.0,0.0,0
2026-02-11,all_tree,33556.54830511288,0.0,14,261344.6483050029,0.0,0.0,0
2026-02-23,all_tree,33556.54830511288,0.0,14,259285.64830500126,0.0,0.0,0
2026-02-24,all_tree,33556.54830511288,0.0,14,263771.84830497904,0.0,0.0,0
2026-02-25,all_tree,33556.54830511288,0.0,14,272946.74830493575,0.0,0.0,0
2026-02-26,all_tree,33556.54830511288,0.0,14,277085.6483048241,0.0,0.0,0
2026-03-02,all_tree,15023.617549487883,80411.25389219265,11,272145.27144154254,99262.71599994246,440.5928633748274,4
2026-03-03,all_tree,15023.617549487883,80411.25389219265,11,271181.97144152096,0.0,0.0,0
2026-03-04,all_tree,95434.87144168053,0.0,11,263342.9714414212,0.0,0.0,0
2026-03-05,all_tree,95434.87144168053,0.0,11,273188.1714416564,0.0,0.0,0
2026-03-06,all_tree,95434.87144168053,0.0,11,276513.47144161875,0.0,0.0,0
2026-03-09,all_tree,95434.87144168053,0.0,11,265354.17144153774,0.0,0.0,0
2026-03-10,all_tree,95434.87144168053,0.0,11,268851.4714416338,0.0,0.0,0
2026-03-11,all_tree,95434.87144168053,0.0,11,278963.97144151,0.0,0.0,0
2026-03-12,all_tree,95434.87144168053,0.0,11,279853.47144154145,0.0,0.0,0
2026-03-13,all_tree,95434.87144168053,0.0,11,278495.6714415678,0.0,0.0,0
2026-03-16,all_tree,95434.87144168053,0.0,11,277713.27144155354,0.0,0.0,0
2026-03-17,all_tree,95434.87144168053,0.0,11,281304.37144148356,0.0,0.0,0
2026-03-18,all_tree,95434.87144168053,0.0,11,281468.67144154385,0.0,0.0,0
2026-03-19,all_tree,95434.87144168053,0.0,11,284980.3714415409,0.0,0.0,0
2026-03-20,all_tree,95434.87144168053,0.0,11,289211.37144151767,0.0,0.0,0
2026-03-23,all_tree,95434.87144168053,0.0,11,284725.37144165265,0.0,0.0,0
2026-03-24,all_tree,95434.87144168053,0.0,11,284454.2714416939,0.0,0.0,0
2026-03-25,all_tree,95434.87144168053,0.0,11,290319.1714415264,0.0,0.0,0
2026-03-26,all_tree,95434.87144168053,0.0,11,288054.1714416985,0.0,0.0,0
2026-03-27,all_tree,95434.87144168053,0.0,11,285405.07144154597,0.0,0.0,0
2026-03-30,all_tree,95434.87144168053,0.0,11,282101.27144168917,0.0,0.0,0
2026-03-31,all_tree,95434.87144168053,0.0,11,273353.37144154054,0.0,0.0,0
2026-04-01,all_tree,76836.00577168053,120178.05079206663,5,282380.45656363,139319.13250006683,595.1473780002005,10
2026-04-02,all_tree,76836.00577168053,120178.05079206663,5,283982.25656369154,0.0,0.0,0
2026-04-07,all_tree,197014.05656374717,0.0,5,285988.65656360006,0.0,0.0,0
2026-04-08,all_tree,197014.05656374717,0.0,5,288432.0565636758,0.0,0.0,0
2026-04-09,all_tree,197014.05656374717,0.0,5,289845.0565636823,0.0,0.0,0
2026-04-10,all_tree,197014.05656374717,0.0,5,292074.65656361124,0.0,0.0,0
2026-04-13,all_tree,197014.05656374717,0.0,5,292490.8565636926,0.0,0.0,0
2026-04-14,all_tree,197014.05656374717,0.0,5,296096.2565637139,0.0,0.0,0
2026-04-15,all_tree,197014.05656374717,0.0,5,295992.05656367476,0.0,0.0,0
2026-04-16,all_tree,197014.05656374717,0.0,5,297248.6565636915,0.0,0.0,0
2026-04-17,all_tree,197014.05656374717,0.0,5,300808.456563613,0.0,0.0,0
2026-04-20,all_tree,197014.05656374717,0.0,5,303415.05656359973,0.0,0.0,0
2026-04-21,all_tree,197014.05656374717,0.0,5,302943.25656359,0.0,0.0,0
2026-04-22,all_tree,197014.05656374717,0.0,5,306556.05656363687,0.0,0.0,0
2026-04-23,all_tree,197014.05656374717,0.0,5,304518.25656378095,0.0,0.0,0
2026-04-24,all_tree,197014.05656374717,0.0,5,305923.256563638,0.0,0.0,0
2026-04-27,all_tree,197014.05656374717,0.0,5,304496.4565636383,0.0,0.0,0
2026-04-28,all_tree,197014.05656374717,0.0,5,307070.85656360333,0.0,0.0,0
2026-04-29,all_tree,197014.05656374717,0.0,5,310228.4565636481,0.0,0.0,0
2026-04-30,all_tree,197014.05656374717,0.0,5,311537.2565636928,0.0,0.0,0
2026-05-04,all_tree,159451.35435324718,24974.934715512256,6,315879.4890687319,62581.987500012285,177.65999500003687,9
2026-05-05,all_tree,159451.35435324718,24974.934715512256,6,318295.4890686491,0.0,0.0,0
2026-05-06,all_tree,184426.28906875945,0.0,6,316123.0890686739,0.0,0.0,0
2026-05-07,all_tree,184426.28906875945,0.0,6,320695.5890685753,0.0,0.0,0
2026-05-08,all_tree,184426.28906875945,0.0,6,324459.48906858615,0.0,0.0,0
2026-05-11,all_tree,184426.28906875945,0.0,6,320464.78906858293,0.0,0.0,0
2026-05-12,all_tree,184426.28906875945,0.0,6,322876.3890687141,0.0,0.0,0
2026-05-13,all_tree,184426.28906875945,0.0,6,324510.5890686762,0.0,0.0,0
2026-05-14,all_tree,184426.28906875945,0.0,6,323186.7890686564,0.0,0.0,0
2026-05-15,all_tree,184426.28906875945,0.0,6,319056.7890685388,0.0,0.0,0
2026-05-18,all_tree,184426.28906875945,0.0,6,316830.7890685287,0.0,0.0,0
2026-05-19,all_tree,184426.28906875945,0.0,6,316198.98906864156,0.0,0.0,0
2026-05-20,all_tree,184426.28906875945,0.0,6,316220.7890686565,0.0,0.0,0
2026-05-21,all_tree,184426.28906875945,0.0,6,324163.0890687525,0.0,0.0,0
2026-05-22,all_tree,184426.28906875945,0.0,6,329139.6890686175,0.0,0.0,0
2026-05-25,all_tree,184426.28906875945,0.0,6,335448.7890685457,0.0,0.0,0
2026-05-26,all_tree,184426.28906875945,0.0,6,338709.4890685931,0.0,0.0,0
2026-05-27,all_tree,184426.28906875945,0.0,6,340130.28906872164,0.0,0.0,0
2026-05-28,all_tree,184426.28906875945,0.0,6,334613.48906865367,0.0,0.0,0
2026-05-29,all_tree,184426.28906875945,0.0,6,339053.1890686129,0.0,0.0,0
2026-06-01,all_tree,71306.2099441657,82055.24774173538,8,339249.5076858335,195366.55475011066,567.7866329690822,7
2026-06-02,all_tree,71306.2099441657,82055.24774173538,8,335375.5576858101,0.0,0.0,0
2026-06-03,all_tree,153361.45768590108,0.0,8,337374.5076857906,0.0,0.0,0
2026-06-04,all_tree,153361.45768590108,0.0,8,338246.7576858084,0.0,0.0,0
2026-06-05,all_tree,153361.45768590108,0.0,8,333556.90768591623,0.0,0.0,0
2026-06-08,all_tree,153361.45768590108,0.0,8,323026.2535128221,0.0,0.0,0
2026-06-09,all_tree,153361.45768590108,0.0,8,326221.25351304386,0.0,0.0,0
2026-06-10,all_tree,153361.45768590108,0.0,8,319812.2177882823,0.0,0.0,0
2026-06-11,all_tree,153361.45768590108,0.0,8,321409.22730529297,0.0,0.0,0
2026-06-12,all_tree,153361.45768590108,0.0,8,322952.5041718283,0.0,0.0,0
2026-06-15,all_tree,153361.45768590108,0.0,8,321666.2147135455,0.0,0.0,0
2026-06-16,all_tree,153361.45768590108,0.0,8,315849.02423030057,0.0,0.0,0
2026-06-17,all_tree,153361.45768590108,0.0,8,320762.65314687684,0.0,0.0,0
2026-06-18,all_tree,153361.45768590108,0.0,8,325278.86947196774,0.0,0.0,0
2026-06-22,all_tree,153361.45768590108,0.0,8,323773.7589302026,0.0,0.0,0
2026-06-23,all_tree,153361.45768590108,0.0,8,323673.15790533274,0.0,0.0,0
2026-06-24,all_tree,153361.45768590108,0.0,8,325984.77423024975,0.0,0.0,0
2026-06-25,all_tree,153361.45768590108,0.0,8,327903.0405554834,0.0,0.0,0
2026-06-26,all_tree,153361.45768590108,0.0,8,325059.22898882476,0.0,0.0,0
2026-06-29,all_tree,153361.45768590108,0.0,8,326904.2871347178,0.0,0.0,0
2026-06-30,all_tree,153361.45768590108,0.0,8,331653.7953138811,0.0,0.0,0
2026-07-01,all_tree,82339.5554889011,140813.1326171215,6,334179.2583840973,212382.70561638943,749.7951962679182,9
2026-07-02,all_tree,82339.5554889011,140813.1326171215,6,335560.82097551326,0.0,0.0,0
2026-07-03,all_tree,223152.6881060226,0.0,6,337528.24410886795,0.0,0.0,0
2026-07-06,all_tree,223152.6881060226,0.0,6,337886.10465042084,0.0,0.0,0
2026-07-07,all_tree,223152.6881060226,0.0,6,334474.82573389733,0.0,0.0,0
2026-07-08,all_tree,223152.6881060226,0.0,6,332968.8304923457,0.0,0.0,0
2026-07-09,all_tree,223152.6881060226,0.0,6,330473.1011229596,0.0,0.0,0
2026-07-13,all_tree,223152.6881060226,0.0,6,330737.2295630943,0.0,0.0,0
2026-07-14,all_tree,223152.6881060226,0.0,6,329289.6186119133,0.0,0.0,0
2026-07-15,all_tree,223152.6881060226,0.0,6,332807.7770820675,0.0,0.0,0
2026-07-16,all_tree,223152.6881060226,0.0,6,331737.78033720684,0.0,0.0,0
2026-07-17,all_tree,223152.6881060226,0.0,6,325006.7367507685,0.0,0.0,0
2026-07-20,all_tree,223152.6881060226,0.0,6,322616.65825105633,0.0,0.0,0
2026-07-21,all_tree,223152.6881060226,0.0,6,324550.970907446,0.0,0.0,0
2026-07-22,all_tree,223152.6881060226,0.0,6,324914.5092324836,0.0,0.0,0
2026-07-23,all_tree,223152.6881060226,0.0,6,325404.5241122072,0.0,0.0,0
2026-07-24,all_tree,223152.6881060226,0.0,6,321605.550330432,0.0,0.0,0
2026-07-27,all_tree,223152.6881060226,0.0,6,322413.53690973367,0.0,0.0,0
2026-07-28,all_tree,223152.6881060226,0.0,6,314904.73782363505,0.0,0.0,0
2026-07-29,all_tree,223152.6881060226,0.0,6,312149.8452393389,0.0,0.0,0
2026-07-30,all_tree,223152.6881060226,0.0,6,310804.07831856504,0.0,0.0,0
2026-07-31,all_tree,223152.6881060226,0.0,6,317917.9850334727,0.0,0.0,0
2026-08-03,all_tree,94119.88725920382,83471.93885981964,8,330351.4071232041,212694.81816957836,557.2986565774852,7
2026-08-04,all_tree,94119.88725920382,83471.93885981964,8,342483.32742885273,0.0,0.0,0
2026-08-05,all_tree,177591.82611902346,0.0,8,350946.2326690807,0.0,0.0,0
2026-08-06,all_tree,177591.82611902346,0.0,8,356715.05188316177,0.0,0.0,0
2026-08-07,all_tree,177591.82611902346,0.0,8,353704.25406654365,0.0,0.0,0
2026-08-10,all_tree,177591.82611902346,0.0,8,359052.40253798256,0.0,0.0,0
2026-08-11,all_tree,177591.82611902346,0.0,8,352943.26280026516,0.0,0.0,0
2026-08-12,all_tree,177591.82611902346,0.0,8,359585.0213155777,0.0,0.0,0
2026-08-13,all_tree,177591.82611902346,0.0,8,358135.6352892188,0.0,0.0,0
2026-08-14,all_tree,177591.82611902346,0.0,8,357883.7422760733,0.0,0.0,0
2026-08-17,all_tree,177591.82611902346,0.0,8,364331.11694874155,0.0,0.0,0
2026-08-18,all_tree,177591.82611902346,0.0,8,359218.0060315572,0.0,0.0,0
2026-08-19,all_tree,177591.82611902346,0.0,8,353960.0680402715,0.0,0.0,0
2026-08-20,all_tree,177591.82611902346,0.0,8,362166.6319544925,0.0,0.0,0
2026-08-21,all_tree,177591.82611902346,0.0,8,360137.04616636597,0.0,0.0,0
2026-08-24,all_tree,177591.82611902346,0.0,8,356594.1269525945,0.0,0.0,0
2026-08-25,all_tree,177591.82611902346,0.0,8,363612.062562046,0.0,0.0,0
2026-08-26,all_tree,177591.82611902346,0.0,8,375667.11964772304,0.0,0.0,0
2026-08-27,all_tree,177591.82611902346,0.0,8,377064.10591557843,0.0,0.0,0
2026-08-28,all_tree,177591.82611902346,0.0,8,379488.3629623795,0.0,0.0,0
2026-08-31,all_tree,177591.82611902346,0.0,8,381276.07319928764,0.0,0.0,0
2026-09-01,all_tree,15008.976648648499,201989.76158193342,10,379537.9382305442,365218.67246369954,1148.5203521410986,5
2026-09-02,all_tree,15008.976648648499,201989.76158193342,10,377574.438230525,0.0,0.0,0
2026-09-03,all_tree,216998.73823058192,0.0,10,374706.73823047464,0.0,0.0,0
2026-09-04,all_tree,216998.73823058192,0.0,10,378521.538230596,0.0,0.0,0
2026-09-07,all_tree,216998.73823058192,0.0,10,379263.9382305506,0.0,0.0,0
2026-09-08,all_tree,216998.73823058192,0.0,10,376169.83823058195,0.0,0.0,0
2026-09-09,all_tree,216998.73823058192,0.0,10,375635.9382305116,0.0,0.0,0
2026-09-10,all_tree,216998.73823058192,0.0,10,373823.938230589,0.0,0.0,0
2026-09-11,all_tree,216998.73823058192,0.0,10,372222.2382305245,0.0,0.0,0
2026-09-14,all_tree,216998.73823058192,0.0,10,371526.0382305974,0.0,0.0,0
2026-09-15,all_tree,216998.73823058192,0.0,10,369718.5382305671,0.0,0.0,0
2026-09-16,all_tree,216998.73823058192,0.0,10,372478.13823048526,0.0,0.0,0
2026-09-17,all_tree,216998.73823058192,0.0,10,374183.73823053704,0.0,0.0,0
2026-09-18,all_tree,216998.73823058192,0.0,10,376995.73823054566,0.0,0.0,0
2026-09-21,all_tree,216998.73823058192,0.0,10,375561.63823051995,0.0,0.0,0
2026-09-22,all_tree,216998.73823058192,0.0,10,375227.3382304455,0.0,0.0,0
2026-09-23,all_tree,216998.73823058192,0.0,10,374226.8382305201,0.0,0.0,0
2026-09-24,all_tree,216998.73823058192,0.0,10,373106.9382304718,0.0,0.0,0
2026-09-29,all_tree,216998.73823058192,0.0,10,371935.43823054363,0.0,0.0,0
2026-09-30,all_tree,216998.73823058192,0.0,10,371972.2382306661,0.0,0.0,0
2026-10-01,all_tree,131121.89786858196,100389.86732490618,8,372527.76519346406,186613.31250003126,591.005537125094,7
2026-10-02,all_tree,131121.89786858196,100389.86732490618,8,374878.7651934464,0.0,0.0,0
2024-01-02,vol20,73603.47598670004,0.0,12,301962.8259867116,226015.40475,381.1192633,3
2024-01-03,vol20,73603.47598670004,0.0,12,301556.9759866661,0.0,0.0,0
2024-01-04,vol20,73603.47598670004,0.0,12,302129.3259866788,0.0,0.0,0
2024-01-05,vol20,73603.47598670004,0.0,12,301642.3759866764,0.0,0.0,0
2024-01-08,vol20,73603.47598670004,0.0,12,299776.97598655475,0.0,0.0,0
2024-01-09,vol20,73603.47598670004,0.0,12,297286.72598667536,0.0,0.0,0
2024-01-10,vol20,73603.47598670004,0.0,12,296001.6759866508,0.0,0.0,0
2024-01-11,vol20,73603.47598670004,0.0,12,298766.1259866436,0.0,0.0,0
2024-01-12,vol20,73603.47598670004,0.0,12,299255.0259866499,0.0,0.0,0
2024-01-15,vol20,73603.47598670004,0.0,12,303058.8759867336,0.0,0.0,0
2024-01-16,vol20,73603.47598670004,0.0,12,297567.67598664446,0.0,0.0,0
2024-01-17,vol20,73603.47598670004,0.0,12,294942.4259866698,0.0,0.0,0
2024-01-18,vol20,73603.47598670004,0.0,12,293826.9759867297,0.0,0.0,0
2024-01-19,vol20,73603.47598670004,0.0,12,293295.82598665473,0.0,0.0,0
2024-01-22,vol20,73603.47598670004,0.0,12,297548.82598669,0.0,0.0,0
2024-01-23,vol20,73603.47598670004,0.0,12,300127.2759866886,0.0,0.0,0
2024-01-24,vol20,73603.47598670004,0.0,12,300189.7259866773,0.0,0.0,0
2024-01-25,vol20,73603.47598670004,0.0,12,294063.32598671346,0.0,0.0,0
2024-01-26,vol20,73603.47598670004,0.0,12,292422.12598663336,0.0,0.0,0
2024-01-29,vol20,73603.47598670004,0.0,12,296496.2259867128,0.0,0.0,0
2024-01-30,vol20,73603.47598670004,0.0,12,296006.8259866891,0.0,0.0,0
2024-01-31,vol20,73603.47598670004,0.0,12,298201.1259867273,0.0,0.0,0
2024-02-01,vol20,15000.758154062545,180655.39092260334,7,297428.2990766601,239991.15649996573,972.9654099998971,8
2024-02-02,vol20,15000.758154062545,180655.39092260334,7,299878.79907667264,0.0,0.0,0
2024-02-05,vol20,195656.1490766659,0.0,7,298553.24907668255,0.0,0.0,0
2024-02-15,vol20,195656.1490766659,0.0,7,300780.94907667773,0.0,0.0,0
2024-02-16,vol20,195656.1490766659,0.0,7,306025.49907667725,0.0,0.0,0
2024-02-19,vol20,195656.1490766659,0.0,7,306374.5990766856,0.0,0.0,0
2024-02-20,vol20,195656.1490766659,0.0,7,304985.29907665367,0.0,0.0,0
2024-02-21,vol20,195656.1490766659,0.0,7,304197.5990766416,0.0,0.0,0
2024-02-22,vol20,195656.1490766659,0.0,7,303209.09907664993,0.0,0.0,0
2024-02-23,vol20,195656.1490766659,0.0,7,302072.99907666823,0.0,0.0,0
2024-02-26,vol20,195656.1490766659,0.0,7,304309.6990766458,0.0,0.0,0
2024-02-27,vol20,195656.1490766659,0.0,7,303699.19907665823,0.0,0.0,0
2024-02-29,vol20,195656.1490766659,0.0,7,307007.6490766541,0.0,0.0,0
2024-03-01,vol20,120214.5002027284,76416.3047796326,5,308411.8049824445,152146.55624997627,503.30534428117886,10
2024-03-04,vol20,120214.5002027284,76416.3047796326,5,314396.8049824492,0.0,0.0,0
2024-03-05,vol20,196630.804982361,0.0,5,315525.8049822633,0.0,0.0,0
2024-03-06,vol20,196630.804982361,0.0,5,317487.80498224526,0.0,0.0,0
2024-03-07,vol20,196630.804982361,0.0,5,313113.3049823138,0.0,0.0,0
2024-03-08,vol20,196630.804982361,0.0,5,302595.3049823662,0.0,0.0,0
2024-03-11,vol20,196630.804982361,0.0,5,302549.30498239317,0.0,0.0,0
2024-03-12,vol20,196630.804982361,0.0,5,307509.80498231616,0.0,0.0,0
2024-03-13,vol20,196630.804982361,0.0,5,306943.80498237535,0.0,0.0,0
2024-03-14,vol20,196630.804982361,0.0,5,302925.30498241074,0.0,0.0,0
2024-03-15,vol20,196630.804982361,0.0,5,300812.8049823339,0.0,0.0,0
2024-03-18,vol20,196630.804982361,0.0,5,307524.30498232704,0.0,0.0,0
2024-03-19,vol20,196630.804982361,0.0,5,308592.30498236016,0.0,0.0,0
2024-03-20,vol20,196630.804982361,0.0,5,306478.80498236394,0.0,0.0,0
2024-03-21,vol20,196630.804982361,0.0,5,309660.30498238857,0.0,0.0,0
2024-03-22,vol20,196630.804982361,0.0,5,310427.80498234753,0.0,0.0,0
2024-03-25,vol20,196630.804982361,0.0,5,314839.3049823499,0.0,0.0,0
2024-03-26,vol20,196630.804982361,0.0,5,315956.8049823592,0.0,0.0,0
2024-03-27,vol20,196630.804982361,0.0,5,310261.8049824195,0.0,0.0,0
2024-03-28,vol20,196630.804982361,0.0,5,308752.304982433,0.0,0.0,0
2024-03-29,vol20,196630.804982361,0.0,5,311652.3049824388,0.0,0.0,0
2024-04-01,vol20,121698.91397973601,36032.970421907,7,315050.58440171776,111018.39000003209,266.7805807500963,8
2024-04-02,vol20,121698.91397973601,36032.970421907,7,314654.8844017547,0.0,0.0,0
2024-04-03,vol20,157731.884401643,0.0,7,313173.5844018359,0.0,0.0,0
2024-04-08,vol20,157731.884401643,0.0,7,315950.5844016741,0.0,0.0,0
2024-04-09,vol20,157731.884401643,0.0,7,317201.4844017131,0.0,0.0,0
2024-04-10,vol20,157731.884401643,0.0,7,313009.8844016156,0.0,0.0,0
2024-04-11,vol20,157731.884401643,0.0,7,312749.184401726,0.0,0.0,0
2024-04-12,vol20,157731.884401643,0.0,7,321417.68440172117,0.0,0.0,0
2024-04-15,vol20,157731.884401643,0.0,7,316445.0344016459,0.0,0.0,0
2024-04-16,vol20,157731.884401643,0.0,7,310926.484401637,0.0,0.0,0
2024-04-17,vol20,157731.884401643,0.0,7,321521.6844017155,0.0,0.0,0
2024-04-18,vol20,157731.884401643,0.0,7,326045.2844016201,0.0,0.0,0
2024-04-19,vol20,157731.884401643,0.0,7,326761.1344016732,0.0,0.0,0
2024-04-22,vol20,157731.884401643,0.0,7,319893.7344017988,0.0,0.0,0
2024-04-23,vol20,157731.884401643,0.0,7,317446.03440167214,0.0,0.0,0
2024-04-24,vol20,157731.884401643,0.0,7,324353.63440167345,0.0,0.0,0
2024-04-25,vol20,157731.884401643,0.0,7,325319.28440168186,0.0,0.0,0
2024-04-26,vol20,157731.884401643,0.0,7,326005.73440175585,0.0,0.0,0
2024-04-29,vol20,157731.884401643,0.0,7,325402.7844016759,0.0,0.0,0
2024-04-30,vol20,157731.884401643,0.0,7,330754.2844015138,0.0,0.0,0
2024-05-02,vol20,15191.292045730515,113807.72249695922,10,322982.41454250336,256648.19249995908,711.7973589123775,5
2024-05-03,vol20,15191.292045730515,113807.72249695922,10,320472.2145426089,0.0,0.0,0
2024-05-06,vol20,128999.01454268974,0.0,10,323499.41454262397,0.0,0.0,0
2024-05-07,vol20,128999.01454268974,0.0,10,330935.6145425439,0.0,0.0,0
2024-05-08,vol20,128999.01454268974,0.0,10,333901.9645426159,0.0,0.0,0
2024-05-09,vol20,128999.01454268974,0.0,10,331743.414542539,0.0,0.0,0
2024-05-10,vol20,128999.01454268974,0.0,10,327842.7645425579,0.0,0.0,0
2024-05-13,vol20,128999.01454268974,0.0,10,319073.11454264715,0.0,0.0,0
2024-05-14,vol20,128999.01454268974,0.0,10,322837.5645426459,0.0,0.0,0
2024-05-15,vol20,128999.01454268974,0.0,10,329204.7645426194,0.0,0.0,0
2024-05-16,vol20,128999.01454268974,0.0,10,328138.06454258994,0.0,0.0,0
2024-05-17,vol20,128999.01454268974,0.0,10,334685.71454269043,0.0,0.0,0
2024-05-20,vol20,128999.01454268974,0.0,10,335851.7145425999,0.0,0.0,0
2024-05-21,vol20,128999.01454268974,0.0,10,345608.8645426416,0.0,0.0,0
2024-05-22,vol20,128999.01454268974,0.0,10,349458.96454253513,0.0,0.0,0
2024-05-23,vol20,128999.01454268974,0.0,10,346818.5645425431,0.0,0.0,0
2024-05-24,vol20,128999.01454268974,0.0,10,350097.264542654,0.0,0.0,0
2024-05-27,vol20,128999.01454268974,0.0,10,352646.86454259144,0.0,0.0,0
2024-05-28,vol20,128999.01454268974,0.0,10,352729.16454268765,0.0,0.0,0
2024-05-29,vol20,128999.01454268974,0.0,10,354767.1645426249,0.0,0.0,0
2024-05-30,vol20,128999.01454268974,0.0,10,347711.6645425469,0.0,0.0,0
2024-05-31,vol20,128999.01454268974,0.0,10,348501.08152453724,0.0,0.0,0
2024-06-03,vol20,91259.7723978335,203860.4801676354,3,351715.2695474478,242452.11249984117,959.7939770620235,12
2024-06-04,vol20,91259.7723978335,203860.4801676354,3,351530.8446464907,0.0,0.0,0
2024-06-05,vol20,295120.2525654689,0.0,3,350497.06050661067,0.0,0.0,0
2024-06-06,vol20,295120.2525654689,0.0,3,348550.2703394727,0.0,0.0,0
2024-06-07,vol20,295120.2525654689,0.0,3,348962.84543843125,0.0,0.0,0
2024-06-11,vol20,295120.2525654689,0.0,3,347165.8548753045,0.0,0.0,0
2024-06-12,vol20,295120.2525654689,0.0,3,348040.2482540121,0.0,0.0,0
2024-06-13,vol20,295120.2525654689,0.0,3,350144.5350115633,0.0,0.0,0
2024-06-14,vol20,295120.2525654689,0.0,3,351088.66292626644,0.0,0.0,0
2024-06-17,vol20,295120.2525654689,0.0,3,349590.4912368732,0.0,0.0,0
2024-06-18,vol20,295120.2525654689,0.0,3,348798.7321959455,0.0,0.0,0
2024-06-19,vol20,295120.2525654689,0.0,3,348674.54805608845,0.0,0.0,0
2024-06-20,vol20,295120.2525654689,0.0,3,348835.6418308172,0.0,0.0,0
2024-06-21,vol20,295120.2525654689,0.0,3,348804.81994340423,0.0,0.0,0
2024-06-24,vol20,295120.2525654689,0.0,3,349374.3478581396,0.0,0.0,0
2024-06-25,vol20,295120.2525654689,0.0,3,348884.55106963805,0.0,0.0,0
2024-06-26,vol20,295120.2525654689,0.0,3,349417.80689893896,0.0,0.0,0
2024-06-27,vol20,295120.2525654689,0.0,3,348313.01653390774,0.0,0.0,0
2024-06-28,vol20,295120.2525654689,0.0,3,349476.8850116894,0.0,0.0,0
2024-07-01,vol20,182272.94347450644,53986.264495006886,6,345275.60796941083,166912.91953389609,400.5031298516882,9
2024-07-02,vol20,182272.94347450644,53986.264495006886,6,344628.3079694568,0.0,0.0,0
2024-07-03,vol20,236259.2079695133,0.0,6,346415.2079694417,0.0,0.0,0
2024-07-04,vol20,236259.2079695133,0.0,6,347690.2079695428,0.0,0.0,0
2024-07-05,vol20,236259.2079695133,0.0,6,350023.5079694003,0.0,0.0,0
2024-07-08,vol20,236259.2079695133,0.0,6,347081.20796936046,0.0,0.0,0
2024-07-09,vol20,236259.2079695133,0.0,6,345613.9079694014,0.0,0.0,0
2024-07-10,vol20,236259.2079695133,0.0,6,350329.10796959704,0.0,0.0,0
2024-07-11,vol20,236259.2079695133,0.0,6,351996.607969398,0.0,0.0,0
2024-07-12,vol20,236259.2079695133,0.0,6,350016.50796954153,0.0,0.0,0
2024-07-15,vol20,236259.2079695133,0.0,6,348360.90796946816,0.0,0.0,0
2024-07-16,vol20,236259.2079695133,0.0,6,348073.50796939683,0.0,0.0,0
2024-07-17,vol20,236259.2079695133,0.0,6,349883.70796940057,0.0,0.0,0
2024-07-18,vol20,236259.2079695133,0.0,6,346895.7079693587,0.0,0.0,0
2024-07-19,vol20,236259.2079695133,0.0,6,348084.90796949365,0.0,0.0,0
2024-07-22,vol20,236259.2079695133,0.0,6,345664.5079695098,0.0,0.0,0
2024-07-23,vol20,236259.2079695133,0.0,6,346194.70796945936,0.0,0.0,0
2024-07-26,vol20,236259.2079695133,0.0,6,342736.5079694885,0.0,0.0,0
2024-07-29,vol20,236259.2079695133,0.0,6,337966.1079694388,0.0,0.0,0
2024-07-30,vol20,236259.2079695133,0.0,6,339718.207969434,0.0,0.0,0
2024-07-31,vol20,236259.2079695133,0.0,6,338446.6079694353,0.0,0.0,0
2024-08-01,vol20,161546.26627568208,104069.78302521574,4,340627.6993009114,179138.79119660554,568.6953652210668,11
2024-08-02,vol20,161546.26627568208,104069.78302521574,4,337887.34930088086,0.0,0.0,0
2024-08-05,vol20,265616.0493008978,0.0,4,331159.4993008797,0.0,0.0,0
2024-08-06,vol20,265616.0493008978,0.0,4,328886.4493008896,0.0,0.0,0
2024-08-07,vol20,265616.0493008978,0.0,4,333108.8993008862,0.0,0.0,0
2024-08-08,vol20,265616.0493008978,0.0,4,334260.9993009303,0.0,0.0,0
2024-08-09,vol20,265616.0493008978,0.0,4,333657.7493009298,0.0,0.0,0
2024-08-12,vol20,265616.0493008978,0.0,4,331484.84930087917,0.0,0.0,0
2024-08-13,vol20,265616.0493008978,0.0,4,331606.24930087663,0.0,0.0,0
2024-08-14,vol20,265616.0493008978,0.0,4,330678.6493009196,0.0,0.0,0
2024-08-15,vol20,265616.0493008978,0.0,4,332259.6493008817,0.0,0.0,0
2024-08-16,vol20,265616.0493008978,0.0,4,334768.7493008913,0.0,0.0,0
2024-08-19,vol20,265616.0493008978,0.0,4,334691.34930088284,0.0,0.0,0
2024-08-20,vol20,265616.0493008978,0.0,4,334946.89930091426,0.0,0.0,0
2024-08-21,vol20,265616.0493008978,0.0,4,336870.6993008817,0.0,0.0,0
2024-08-22,vol20,265616.0493008978,0.0,4,335199.7493009247,0.0,0.0,0
2024-08-23,vol20,265616.0493008978,0.0,4,336162.0493008882,0.0,0.0,0
2024-08-26,vol20,265616.0493008978,0.0,4,334567.6493008792,0.0,0.0,0
2024-08-27,vol20,265616.0493008978,0.0,4,335655.59930088825,0.0,0.0,0
2024-08-28,vol20,265616.0493008978,0.0,4,333460.7993009157,0.0,0.0,0
2024-08-29,vol20,265616.0493008978,0.0,4,333377.84930088965,0.0,0.0,0
2024-08-30,vol20,265616.0493008978,0.0,4,332266.6993009261,0.0,0.0,0
2024-09-02,vol20,209101.36296971032,51118.476859362505,4,330785.73982899584,107779.949,307.623471825,11
2024-09-03,vol20,209101.36296971032,51118.476859362505,4,334270.93982904975,0.0,0.0,0
2024-09-04,vol20,260219.83982907282,0.0,4,333096.7398290787,0.0,0.0,0
2024-09-05,vol20,260219.83982907282,0.0,4,331066.08982896013,0.0,0.0,0
2024-09-06,vol20,260219.83982907282,0.0,4,329513.03982904047,0.0,0.0,0
2024-09-09,vol20,260219.83982907282,0.0,4,329602.8398290779,0.0,0.0,0
2024-09-10,vol20,260219.83982907282,0.0,4,329059.63982907974,0.0,0.0,0
2024-09-11,vol20,260219.83982907282,0.0,4,328278.2398290547,0.0,0.0,0
2024-09-12,vol20,260219.83982907282,0.0,4,329249.83982898254,0.0,0.0,0
2024-09-13,vol20,260219.83982907282,0.0,4,329803.58982896985,0.0,0.0,0
2024-09-16,vol20,260219.83982907282,0.0,4,330350.9398290799,0.0,0.0,0
2024-09-18,vol20,260219.83982907282,0.0,4,330101.3398290269,0.0,0.0,0
2024-09-19,vol20,260219.83982907282,0.0,4,332735.7398290631,0.0,0.0,0
2024-09-20,vol20,260219.83982907282,0.0,4,330603.33982906037,0.0,0.0,0
2024-09-23,vol20,260219.83982907282,0.0,4,328969.6398289937,0.0,0.0,0
2024-09-24,vol20,260219.83982907282,0.0,4,328506.7398291048,0.0,0.0,0
2024-09-25,vol20,260219.83982907282,0.0,4,331572.83982908336,0.0,0.0,0
2024-09-26,vol20,260219.83982907282,0.0,4,330206.8898290019,0.0,0.0,0
2024-09-27,vol20,260219.83982907282,0.0,4,329900.5898290505,0.0,0.0,0
2024-09-30,vol20,260219.83982907282,0.0,4,330657.1898290481,0.0,0.0,0
2024-10-01,vol20,128244.2710469978,70224.32172865541,7,328079.1927756823,202307.32199999288,516.8160534124787,8
2024-10-04,vol20,128244.2710469978,70224.32172865541,7,325099.1927756724,0.0,0.0,0
2024-10-07,vol20,198468.59277565323,0.0,7,326818.69277563365,0.0,0.0,0
2024-10-08,vol20,198468.59277565323,0.0,7,328696.0427755783,0.0,0.0,0
2024-10-09,vol20,198468.59277565323,0.0,7,325085.7427756998,0.0,0.0,0
2024-10-11,vol20,198468.59277565323,0.0,7,319984.2427757232,0.0,0.0,0
2024-10-14,vol20,198468.59277565323,0.0,7,321651.042775727,0.0,0.0,0
2024-10-15,vol20,198468.59277565323,0.0,7,320625.5427757195,0.0,0.0,0
2024-10-16,vol20,198468.59277565323,0.0,7,320505.8427756347,0.0,0.0,0
2024-10-17,vol20,198468.59277565323,0.0,7,323901.4927757084,0.0,0.0,0
2024-10-18,vol20,198468.59277565323,0.0,7,325675.19277561223,0.0,0.0,0
2024-10-21,vol20,198468.59277565323,0.0,7,328657.4427756981,0.0,0.0,0
2024-10-22,vol20,198468.59277565323,0.0,7,330134.6927757048,0.0,0.0,0
2024-10-23,vol20,198468.59277565323,0.0,7,330547.6927756246,0.0,0.0,0
2024-10-24,vol20,198468.59277565323,0.0,7,325775.29277573247,0.0,0.0,0
2024-10-25,vol20,198468.59277565323,0.0,7,325652.89277561504,0.0,0.0,0
2024-10-28,vol20,198468.59277565323,0.0,7,323668.89277564164,0.0,0.0,0
2024-10-29,vol20,198468.59277565323,0.0,7,321405.49277564324,0.0,0.0,0
2024-10-30,vol20,198468.59277565323,0.0,7,318156.7927756191,0.0,0.0,0
2024-11-01,vol20,15024.362091515763,116503.00375507401,11,322003.36584656313,300188.41425001144,829.0501790750347,4
2024-11-04,vol20,15024.362091515763,116503.00375507401,11,318050.61584663426,0.0,0.0,0
2024-11-05,vol20,131527.36584658976,0.0,11,322000.2658466204,0.0,0.0,0
2024-11-06,vol20,131527.36584658976,0.0,11,316935.5658465794,0.0,0.0,0
2024-11-07,vol20,131527.36584658976,0.0,11,319072.71584656404,0.0,0.0,0
2024-11-08,vol20,131527.36584658976,0.0,11,316175.06584670057,0.0,0.0,0
2024-11-11,vol20,131527.36584658976,0.0,11,312037.0658466434,0.0,0.0,0
2024-11-12,vol20,131527.36584658976,0.0,11,306272.1658466292,0.0,0.0,0
2024-11-13,vol20,131527.36584658976,0.0,11,307386.81584655284,0.0,0.0,0
2024-11-14,vol20,131527.36584658976,0.0,11,307757.06584657636,0.0,0.0,0
2024-11-15,vol20,131527.36584658976,0.0,11,306176.71584655566,0.0,0.0,0
2024-11-18,vol20,131527.36584658976,0.0,11,301557.1158465423,0.0,0.0,0
2024-11-19,vol20,131527.36584658976,0.0,11,306112.46584657254,0.0,0.0,0
2024-11-20,vol20,131527.36584658976,0.0,11,302420.11584664206,0.0,0.0,0
2024-11-21,vol20,131527.36584658976,0.0,11,302318.8158465978,0.0,0.0,0
2024-11-22,vol20,131527.36584658976,0.0,11,303389.51584662084,0.0,0.0,0
2024-11-25,vol20,131527.36584658976,0.0,11,305330.8658465412,0.0,0.0,0
2024-11-26,vol20,131527.36584658976,0.0,11,304242.1658466186,0.0,0.0,0
2024-11-27,vol20,131527.36584658976,0.0,11,298017.8658465973,0.0,0.0,0
2024-11-28,vol20,131527.36584658976,0.0,11,295671.71584663057,0.0,0.0,0
2024-11-29,vol20,131527.36584658976,0.0,11,298816.7658465918,0.0,0.0,0
2024-12-02,vol20,18075.11006684602,133527.68368832077,8,296547.7937551787,247424.31999997693,802.897591399931,7
2024-12-03,vol20,18075.11006684602,133527.68368832077,8,300192.54375517584,0.0,0.0,0
2024-12-04,vol20,151602.7937551668,0.0,8,301457.89375517284,0.0,0.0,0
2024-12-05,vol20,151602.7937551668,0.0,8,301357.29375524574,0.0,0.0,0
2024-12-06,vol20,151602.7937551668,0.0,8,297444.4937551856,0.0,0.0,0
2024-12-09,vol20,151602.7937551668,0.0,8,295301.943755239,0.0,0.0,0
2024-12-10,vol20,151602.7937551668,0.0,8,292697.3437552244,0.0,0.0,0
2024-12-11,vol20,151602.7937551668,0.0,8,292192.6937552967,0.0,0.0,0
2024-12-12,vol20,151602.7937551668,0.0,8,293187.4437552865,0.0,0.0,0
2024-12-13,vol20,151602.7937551668,0.0,8,288698.3437551371,0.0,0.0,0
2024-12-16,vol20,151602.7937551668,0.0,8,285398.4937553298,0.0,0.0,0
2024-12-17,vol20,151602.7937551668,0.0,8,284679.99375517014,0.0,0.0,0
2024-12-18,vol20,151602.7937551668,0.0,8,283457.34375518677,0.0,0.0,0
2024-12-19,vol20,151602.7937551668,0.0,8,283083.3937552512,0.0,0.0,0
2024-12-20,vol20,151602.7937551668,0.0,8,281706.39375520556,0.0,0.0,0
2024-12-23,vol20,151602.7937551668,0.0,8,284595.1437552108,0.0,0.0,0
2024-12-24,vol20,151602.7937551668,0.0,8,284311.44375523727,0.0,0.0,0
2024-12-25,vol20,151602.7937551668,0.0,8,287965.3437551651,0.0,0.0,0
2024-12-26,vol20,151602.7937551668,0.0,8,285919.9937551959,0.0,0.0,0
2024-12-27,vol20,151602.7937551668,0.0,8,287058.8437552316,0.0,0.0,0
2024-12-30,vol20,151602.7937551668,0.0,8,284471.9437551873,0.0,0.0,0
2024-12-31,vol20,151602.7937551668,0.0,8,283834.54375519534,0.0,0.0,0
2025-01-02,vol20,19520.654534416797,130719.82734303089,7,282443.0818774232,263213.99150005606,787.9233777751682,8
2025-01-03,vol20,19520.654534416797,130719.82734303089,7,279613.6818773926,0.0,0.0,0
2025-01-06,vol20,150240.4818774477,0.0,7,280568.18187739677,0.0,0.0,0
2025-01-07,vol20,150240.4818774477,0.0,7,280199.5818773213,0.0,0.0,0
2025-01-08,vol20,150240.4818774477,0.0,7,281790.28187747765,0.0,0.0,0
2025-01-09,vol20,150240.4818774477,0.0,7,276929.48187738925,0.0,0.0,0
2025-01-10,vol20,150240.4818774477,0.0,7,275928.88187742606,0.0,0.0,0
2025-01-13,vol20,150240.4818774477,0.0,7,273781.0818775011,0.0,0.0,0
2025-01-14,vol20,150240.4818774477,0.0,7,276457.98187734414,0.0,0.0,0
2025-01-15,vol20,150240.4818774477,0.0,7,273434.98187736794,0.0,0.0,0
2025-01-16,vol20,150240.4818774477,0.0,7,277656.28187738726,0.0,0.0,0
2025-01-17,vol20,150240.4818774477,0.0,7,274930.58187738253,0.0,0.0,0
2025-01-20,vol20,150240.4818774477,0.0,7,279870.8818774204,0.0,0.0,0
2025-01-21,vol20,150240.4818774477,0.0,7,279367.88187730976,0.0,0.0,0
2025-01-22,vol20,150240.4818774477,0.0,7,280567.18187746557,0.0,0.0,0
2025-02-03,vol20,15013.353858722714,126374.86059052098,10,280201.3144493692,261924.30899997716,801.0144281811815,5
2025-02-04,vol20,15013.353858722714,126374.86059052098,10,281113.9644492961,0.0,0.0,0
2025-02-05,vol20,141388.2144492437,0.0,10,286467.9644494193,0.0,0.0,0
2025-02-06,vol20,141388.2144492437,0.0,10,291972.76444943366,0.0,0.0,0
2025-02-07,vol20,141388.2144492437,0.0,10,294215.9644493245,0.0,0.0,0
2025-02-10,vol20,141388.2144492437,0.0,10,295697.51444940164,0.0,0.0,0
2025-02-11,vol20,141388.2144492437,0.0,10,292723.81444949174,0.0,0.0,0
2025-02-12,vol20,141388.2144492437,0.0,10,291708.0144493778,0.0,0.0,0
2025-02-13,vol20,141388.2144492437,0.0,10,290020.7644494764,0.0,0.0,0
2025-02-14,vol20,141388.2144492437,0.0,10,290089.5644495456,0.0,0.0,0
2025-02-17,vol20,141388.2144492437,0.0,10,291118.16444939974,0.0,0.0,0
2025-02-18,vol20,141388.2144492437,0.0,10,296154.9644495105,0.0,0.0,0
2025-02-19,vol20,141388.2144492437,0.0,10,294823.71444939496,0.0,0.0,0
2025-02-20,vol20,141388.2144492437,0.0,10,291799.9644493654,0.0,0.0,0
2025-02-21,vol20,141388.2144492437,0.0,10,293100.7644494525,0.0,0.0,0
2025-02-24,vol20,141388.2144492437,0.0,10,295944.41444942146,0.0,0.0,0
2025-02-25,vol20,141388.2144492437,0.0,10,292669.0144494091,0.0,0.0,0
2025-02-26,vol20,141388.2144492437,0.0,10,294833.36444938113,0.0,0.0,0
2025-02-27,vol20,141388.2144492437,0.0,10,291230.96444943314,0.0,0.0,0
2025-03-03,vol20,15026.250361218705,133587.94390937922,10,285562.5442705478,260364.29499995403,852.9641785998622,5
2025-03-04,vol20,15026.250361218705,133587.94390937922,10,287376.6942706723,0.0,0.0,0
2025-03-05,vol20,148614.19427059792,0.0,10,289570.44427060254,0.0,0.0,0
2025-03-06,vol20,148614.19427059792,0.0,10,285355.6442706729,0.0,0.0,0
2025-03-07,vol20,148614.19427059792,0.0,10,285491.2442706075,0.0,0.0,0
2025-03-10,vol20,148614.19427059792,0.0,10,283764.5942705674,0.0,0.0,0
2025-03-11,vol20,148614.19427059792,0.0,10,284174.19427065225,0.0,0.0,0
2025-03-12,vol20,148614.19427059792,0.0,10,285552.8942705426,0.0,0.0,0
2025-03-13,vol20,148614.19427059792,0.0,10,285861.49427057663,0.0,0.0,0
2025-03-14,vol20,148614.19427059792,0.0,10,285798.24427066016,0.0,0.0,0
2025-03-17,vol20,148614.19427059792,0.0,10,286875.59427061415,0.0,0.0,0
2025-03-18,vol20,148614.19427059792,0.0,10,285614.4942706075,0.0,0.0,0
2025-03-19,vol20,148614.19427059792,0.0,10,285436.74427062005,0.0,0.0,0
2025-03-20,vol20,148614.19427059792,0.0,10,291584.64427061134,0.0,0.0,0
2025-03-21,vol20,148614.19427059792,0.0,10,290685.09427060373,0.0,0.0,0
2025-03-24,vol20,148614.19427059792,0.0,10,289775.49427067395,0.0,0.0,0
2025-03-25,vol20,148614.19427059792,0.0,10,290828.8442706138,0.0,0.0,0
2025-03-26,vol20,148614.19427059792,0.0,10,295023.09427066805,0.0,0.0,0
2025-03-27,vol20,148614.19427059792,0.0,10,294815.14427056373,0.0,0.0,0
2025-03-28,vol20,148614.19427059792,0.0,10,289063.29427056905,0.0,0.0,0
2025-03-31,vol20,148614.19427059792,0.0,10,278458.74427057465,0.0,0.0,0
2025-04-01,vol20,73375.68163846666,102195.48727024763,5,280499.9689086771,177811.9847499725,626.3036118561677,10
2025-04-02,vol20,73375.68163846666,102195.48727024763,5,281630.3689086288,0.0,0.0,0
2025-04-07,vol20,175571.1689087143,0.0,5,271077.2689086351,0.0,0.0,0
2025-04-08,vol20,175571.1689087143,0.0,5,264474.6189087085,0.0,0.0,0
2025-04-09,vol20,175571.1689087143,0.0,5,256124.66890872043,0.0,0.0,0
2025-04-10,vol20,175571.1689087143,0.0,5,262503.81890869164,0.0,0.0,0
2025-04-11,vol20,175571.1689087143,0.0,5,262007.96890867696,0.0,0.0,0
2025-04-14,vol20,175571.1689087143,0.0,5,263703.8189086566,0.0,0.0,0
2025-04-15,vol20,175571.1689087143,0.0,5,270219.2689086514,0.0,0.0,0
2025-04-16,vol20,175571.1689087143,0.0,5,270968.8189087876,0.0,0.0,0
2025-04-17,vol20,175571.1689087143,0.0,5,269471.46890880365,0.0,0.0,0
2025-04-18,vol20,175571.1689087143,0.0,5,270092.76890872384,0.0,0.0,0
2025-04-21,vol20,175571.1689087143,0.0,5,268311.56890867685,0.0,0.0,0
2025-04-22,vol20,175571.1689087143,0.0,5,266933.9189087855,0.0,0.0,0
2025-04-23,vol20,175571.1689087143,0.0,5,274183.96890872205,0.0,0.0,0
2025-04-24,vol20,175571.1689087143,0.0,5,279972.06890874315,0.0,0.0,0
2025-04-25,vol20,175571.1689087143,0.0,5,282617.9189086709,0.0,0.0,0
2025-04-28,vol20,175571.1689087143,0.0,5,288743.2689087546,0.0,0.0,0
2025-04-29,vol20,175571.1689087143,0.0,5,288825.86890869954,0.0,0.0,0
2025-04-30,vol20,175571.1689087143,0.0,5,286607.86890867015,0.0,0.0,0
2025-05-02,vol20,138254.13753116428,46458.55797965246,4,286536.9955108964,83933.78975002754,290.6081479250827,11
2025-05-05,vol20,138254.13753116428,46458.55797965246,4,284583.9955108956,0.0,0.0,0
2025-05-06,vol20,184712.69551081673,0.0,4,285760.7955108413,0.0,0.0,0
2025-05-07,vol20,184712.69551081673,0.0,4,284764.8955109638,0.0,0.0,0
2025-05-08,vol20,184712.69551081673,0.0,4,284643.79551080987,0.0,0.0,0
2025-05-09,vol20,184712.69551081673,0.0,4,280762.59551077953,0.0,0.0,0
2025-05-12,vol20,184712.69551081673,0.0,4,280023.3555107946,0.0,0.0,0
2025-05-13,vol20,184712.69551081673,0.0,4,279249.89551086724,0.0,0.0,0
2025-05-14,vol20,184712.69551081673,0.0,4,280588.6555109425,0.0,0.0,0
2025-05-15,vol20,184712.69551081673,0.0,4,279081.4955108495,0.0,0.0,0
2025-05-16,vol20,184712.69551081673,0.0,4,278809.91551081435,0.0,0.0,0
2025-05-19,vol20,184712.69551081673,0.0,4,275201.2355108859,0.0,0.0,0
2025-05-20,vol20,184712.69551081673,0.0,4,275080.5555108712,0.0,0.0,0
2025-05-21,vol20,184712.69551081673,0.0,4,277024.71551082056,0.0,0.0,0
2025-05-22,vol20,184712.69551081673,0.0,4,277464.2555108412,0.0,0.0,0
2025-05-23,vol20,184712.69551081673,0.0,4,276629.11551085615,0.0,0.0,0
2025-05-26,vol20,184712.69551081673,0.0,4,275414.595510832,0.0,0.0,0
2025-05-27,vol20,184712.69551081673,0.0,4,272954.9355108633,0.0,0.0,0
2025-05-28,vol20,184712.69551081673,0.0,4,271480.1355108913,0.0,0.0,0
2025-05-29,vol20,184712.69551081673,0.0,4,270044.7355108542,0.0,0.0,0
2025-06-02,vol20,15027.694929048017,84468.77167071617,11,263936.16659981036,254269.20725004125,675.5146610938739,4
2025-06-03,vol20,15027.694929048017,84468.77167071617,11,262375.51659982535,0.0,0.0,0
2025-06-04,vol20,99496.46659976419,0.0,11,266152.6165997393,0.0,0.0,0
2025-06-05,vol20,99496.46659976419,0.0,11,264908.6665997503,0.0,0.0,0
2025-06-06,vol20,99496.46659976419,0.0,11,264690.0165997887,0.0,0.0,0
2025-06-09,vol20,99496.46659976419,0.0,11,261313.11659977929,0.0,0.0,0
2025-06-10,vol20,99496.46659976419,0.0,11,263024.3165997703,0.0,0.0,0
2025-06-11,vol20,99496.46659976419,0.0,11,262721.916599784,0.0,0.0,0
2025-06-12,vol20,99496.46659976419,0.0,11,263948.6165997393,0.0,0.0,0
2025-06-13,vol20,99496.46659976419,0.0,11,262893.4059698179,0.0,0.0,0
2025-06-16,vol20,99496.46659976419,0.0,11,259250.01069422445,0.0,0.0,0
2025-06-17,vol20,99496.46659976419,0.0,11,260404.75006434653,0.0,0.0,0
2025-06-18,vol20,99496.46659976419,0.0,11,260486.85163910274,0.0,0.0,0
2025-06-19,vol20,99496.46659976419,0.0,11,256340.45636352984,0.0,0.0,0
2025-06-20,vol20,99496.46659976419,0.0,11,256963.22604865817,0.0,0.0,0
2025-06-23,vol20,99496.46659976419,0.0,11,253433.16856825975,0.0,0.0,0
2025-06-24,vol20,99496.46659976419,0.0,11,256011.46356562982,0.0,0.0,0
2025-06-25,vol20,99496.46659976419,0.0,11,256786.24239064558,0.0,0.0,0
2025-06-26,vol20,99496.46659976419,0.0,11,260089.6317709537,0.0,0.0,0
2025-06-27,vol20,99496.46659976419,0.0,11,261196.17437549846,0.0,0.0,0
2025-06-30,vol20,99496.46659976419,0.0,11,256376.94758344564,0.0,0.0,0
2025-07-01,vol20,15010.671596414186,139017.11739932717,7,255103.58899583732,224013.21123362178,803.0908376446152,8
2025-07-02,vol20,15010.671596414186,139017.11739932717,7,254191.9889958286,0.0,0.0,0
2025-07-03,vol20,154027.78899574134,0.0,7,254976.88899592898,0.0,0.0,0
2025-07-04,vol20,154027.78899574134,0.0,7,252804.78899585604,0.0,0.0,0
2025-07-07,vol20,154027.78899574134,0.0,7,249923.28899582883,0.0,0.0,0
2025-07-08,vol20,154027.78899574134,0.0,7,251496.28899584687,0.0,0.0,0
2025-07-09,vol20,154027.78899574134,0.0,7,250165.66877620772,0.0,0.0,0
2025-07-10,vol20,154027.78899574134,0.0,7,249168.11128926778,0.0,0.0,0
2025-07-11,vol20,154027.78899574134,0.0,7,248977.07505862933,0.0,0.0,0
2025-07-14,vol20,154027.78899574134,0.0,7,246675.2838315278,0.0,0.0,0
2025-07-15,vol20,154027.78899574134,0.0,7,248046.13003937097,0.0,0.0,0
2025-07-16,vol20,154027.78899574134,0.0,7,247749.00333749203,0.0,0.0,0
2025-07-17,vol20,154027.78899574134,0.0,7,247571.30705318955,0.0,0.0,0
2025-07-18,vol20,154027.78899574134,0.0,7,247917.80150272624,0.0,0.0,0
2025-07-21,vol20,154027.78899574134,0.0,7,246834.23723515662,0.0,0.0,0
2025-07-22,vol20,154027.78899574134,0.0,7,244190.78393489716,0.0,0.0,0
2025-07-23,vol20,154027.78899574134,0.0,7,246072.6401139315,0.0,0.0,0
2025-07-24,vol20,154027.78899574134,0.0,7,247213.43485469065,0.0,0.0,0
2025-07-25,vol20,154027.78899574134,0.0,7,246388.47637150314,0.0,0.0,0
2025-07-28,vol20,154027.78899574134,0.0,7,247958.17192214838,0.0,0.0,0
2025-07-29,vol20,154027.78899574134,0.0,7,248572.16089930735,0.0,0.0,0
2025-07-30,vol20,154027.78899574134,0.0,7,251316.0140405557,0.0,0.0,0
2025-07-31,vol20,154027.78899574134,0.0,7,249676.6564231011,0.0,0.0,0
2025-08-01,vol20,15010.117069616352,70217.92771989956,11,252439.14478944728,209331.64440850003,581.3426147255002,4
2025-08-04,vol20,15010.117069616352,70217.92771989956,11,249875.14478944344,0.0,0.0,0
2025-08-05,vol20,85228.0447895159,0.0,11,248945.39478943025,0.0,0.0,0
2025-08-06,vol20,85228.0447895159,0.0,11,249722.8447893234,0.0,0.0,0
2025-08-07,vol20,85228.0447895159,0.0,11,252141.34478957494,0.0,0.0,0
2025-08-08,vol20,85228.0447895159,0.0,11,253690.19478937087,0.0,0.0,0
2025-08-11,vol20,85228.0447895159,0.0,11,255372.14478949184,0.0,0.0,0
2025-08-12,vol20,85228.0447895159,0.0,11,255728.7947892755,0.0,0.0,0
2025-08-13,vol20,85228.0447895159,0.0,11,254618.044789546,0.0,0.0,0
2025-08-14,vol20,85228.0447895159,0.0,11,257491.3947894276,0.0,0.0,0
2025-08-15,vol20,85228.0447895159,0.0,11,259796.99478919923,0.0,0.0,0
2025-08-18,vol20,85228.0447895159,0.0,11,268535.8947893095,0.0,0.0,0
2025-08-19,vol20,85228.0447895159,0.0,11,263754.19478937914,0.0,0.0,0
2025-08-20,vol20,85228.0447895159,0.0,11,255494.0947893446,0.0,0.0,0
2025-08-21,vol20,85228.0447895159,0.0,11,257736.64478950365,0.0,0.0,0
2025-08-22,vol20,85228.0447895159,0.0,11,253130.24478930995,0.0,0.0,0
2025-08-25,vol20,85228.0447895159,0.0,11,253611.09478943906,0.0,0.0,0
2025-08-26,vol20,85228.0447895159,0.0,11,252390.19478945888,0.0,0.0,0
2025-08-27,vol20,85228.0447895159,0.0,11,258776.89478936364,0.0,0.0,0
2025-08-28,vol20,85228.0447895159,0.0,11,261466.3947895127,0.0,0.0,0
2025-08-29,vol20,85228.0447895159,0.0,11,264678.19478944095,0.0,0.0,0
2025-09-01,vol20,15012.300759640906,116249.6982010193,8,259292.69896076975,186902.020749988,676.1945788437141,7
2025-09-02,vol20,15012.300759640906,116249.6982010193,8,254509.7989606255,0.0,0.0,0
2025-09-03,vol20,131261.99896066022,0.0,8,254385.8489607268,0.0,0.0,0
2025-09-04,vol20,131261.99896066022,0.0,8,250062.59896078543,0.0,0.0,0
2025-09-05,vol20,131261.99896066022,0.0,8,255278.7989607617,0.0,0.0,0
2025-09-08,vol20,131261.99896066022,0.0,8,258517.79896076606,0.0,0.0,0
2025-09-09,vol20,131261.99896066022,0.0,8,260950.4489608495,0.0,0.0,0
2025-09-10,vol20,131261.99896066022,0.0,8,257964.84896072352,0.0,0.0,0
2025-09-11,vol20,131261.99896066022,0.0,8,252146.59896066535,0.0,0.0,0
2025-09-12,vol20,131261.99896066022,0.0,8,252198.64896077936,0.0,0.0,0
2025-09-15,vol20,131261.99896066022,0.0,8,250134.59896065586,0.0,0.0,0
2025-09-16,vol20,131261.99896066022,0.0,8,252028.99896076086,0.0,0.0,0
2025-09-17,vol20,131261.99896066022,0.0,8,252151.34896054986,0.0,0.0,0
2025-09-18,vol20,131261.99896066022,0.0,8,253392.64896064543,0.0,0.0,0
2025-09-19,vol20,131261.99896066022,0.0,8,253443.7489607263,0.0,0.0,0
2025-09-22,vol20,131261.99896066022,0.0,8,252547.39896057663,0.0,0.0,0
2025-09-23,vol20,131261.99896066022,0.0,8,250136.3489606769,0.0,0.0,0
2025-09-24,vol20,131261.99896066022,0.0,8,247231.59896075423,0.0,0.0,0
2025-09-25,vol20,131261.99896066022,0.0,8,248294.09896074998,0.0,0.0,0
2025-09-26,vol20,131261.99896066022,0.0,8,244191.2489606621,0.0,0.0,0
2025-09-30,vol20,131261.99896066022,0.0,8,248199.99896063012,0.0,0.0,0
2025-10-01,vol20,15002.28893558524,100055.11923860371,9,247537.95817415984,216566.2815000413,685.8202865126241,6
2025-10-02,vol20,15002.28893558524,100055.11923860371,9,246733.10817419697,0.0,0.0,0
2025-10-03,vol20,115057.40817418895,0.0,9,251107.30817420367,0.0,0.0,0
2025-10-07,vol20,115057.40817418895,0.0,9,248180.3581742062,0.0,0.0,0
2025-10-08,vol20,115057.40817418895,0.0,9,247050.608174037,0.0,0.0,0
2025-10-09,vol20,115057.40817418895,0.0,9,247009.8081741985,0.0,0.0,0
2025-10-13,vol20,115057.40817418895,0.0,9,245178.20817428268,0.0,0.0,0
2025-10-14,vol20,115057.40817418895,0.0,9,239603.65817423185,0.0,0.0,0
2025-10-15,vol20,115057.40817418895,0.0,9,243075.20817422267,0.0,0.0,0
2025-10-16,vol20,115057.40817418895,0.0,9,243707.5081742421,0.0,0.0,0
2025-10-17,vol20,115057.40817418895,0.0,9,240256.70817419759,0.0,0.0,0
2025-10-20,vol20,115057.40817418895,0.0,9,241485.40817433238,0.0,0.0,0
2025-10-21,vol20,115057.40817418895,0.0,9,245385.0581742954,0.0,0.0,0
2025-10-22,vol20,115057.40817418895,0.0,9,244447.65817421238,0.0,0.0,0
2025-10-23,vol20,115057.40817418895,0.0,9,240445.40817417868,0.0,0.0,0
2025-10-27,vol20,115057.40817418895,0.0,9,241119.80817420618,0.0,0.0,0
2025-10-28,vol20,115057.40817418895,0.0,9,240336.05817424643,0.0,0.0,0
2025-10-29,vol20,115057.40817418895,0.0,9,238226.10817409278,0.0,0.0,0
2025-10-30,vol20,115057.40817418895,0.0,9,236604.45817417034,0.0,0.0,0
2025-10-31,vol20,115057.40817418895,0.0,9,236887.158174136,0.0,0.0,0
2025-11-03,vol20,20892.196689963945,120961.81425963277,6,236055.91094965022,215563.40250002034,704.3657246125609,9
2025-11-04,vol20,20892.196689963945,120961.81425963277,6,234234.41094965546,0.0,0.0,0
2025-11-05,vol20,141854.0109495967,0.0,6,236120.81094955423,0.0,0.0,0
2025-11-06,vol20,141854.0109495967,0.0,6,242033.36094966577,0.0,0.0,0
2025-11-07,vol20,141854.0109495967,0.0,6,243033.66094965063,0.0,0.0,0
2025-11-10,vol20,141854.0109495967,0.0,6,247858.01094963294,0.0,0.0,0
2025-11-11,vol20,141854.0109495967,0.0,6,251961.31094967507,0.0,0.0,0
2025-11-12,vol20,141854.0109495967,0.0,6,256250.710949582,0.0,0.0,0
2025-11-13,vol20,141854.0109495967,0.0,6,259012.21094950745,0.0,0.0,0
2025-11-14,vol20,141854.0109495967,0.0,6,253471.5609495741,0.0,0.0,0
2025-11-17,vol20,141854.0109495967,0.0,6,252234.01094964554,0.0,0.0,0
2025-11-18,vol20,141854.0109495967,0.0,6,245894.51094954013,0.0,0.0,0
2025-11-19,vol20,141854.0109495967,0.0,6,243579.26094961015,0.0,0.0,0
2025-11-20,vol20,141854.0109495967,0.0,6,245283.11094960565,0.0,0.0,0
2025-11-21,vol20,141854.0109495967,0.0,6,239167.2109495803,0.0,0.0,0
2025-11-24,vol20,141854.0109495967,0.0,6,239259.31094955627,0.0,0.0,0
2025-11-25,vol20,141854.0109495967,0.0,6,243364.6109496255,0.0,0.0,0
2025-11-26,vol20,141854.0109495967,0.0,6,239763.7609494998,0.0,0.0,0
2025-11-27,vol20,141854.0109495967,0.0,6,244687.7109496386,0.0,0.0,0
2025-11-28,vol20,141854.0109495967,0.0,6,244996.6109495613,0.0,0.0,0
2025-12-01,vol20,15072.313603909231,55258.678864092326,9,244454.34246793736,182107.09874994215,464.48673153732636,6
2025-12-02,vol20,15072.313603909231,55258.678864092326,9,242943.79246807625,0.0,0.0,0
2025-12-03,vol20,70330.99246800155,0.0,9,243025.54246795567,0.0,0.0,0
2025-12-04,vol20,70330.99246800155,0.0,9,241965.34246812735,0.0,0.0,0
2025-12-05,vol20,70330.99246800155,0.0,9,246655.74246799474,0.0,0.0,0
2025-12-08,vol20,70330.99246800155,0.0,9,255202.79246809412,0.0,0.0,0
2025-12-09,vol20,70330.99246800155,0.0,9,263454.7887205711,0.0,0.0,0
2025-12-10,vol20,70330.99246800155,0.0,9,262915.5770505674,0.0,0.0,0
2025-12-11,vol20,70330.99246800155,0.0,9,268579.0495343886,0.0,0.0,0
2025-12-12,vol20,70330.99246800155,0.0,9,274178.6920396042,0.0,0.0,0
2025-12-15,vol20,70330.99246800155,0.0,9,271829.41538019234,0.0,0.0,0
2025-12-16,vol20,70330.99246800155,0.0,9,263779.78122618236,0.0,0.0,0
2025-12-17,vol20,70330.99246800155,0.0,9,265400.81206109107,0.0,0.0,0
2025-12-18,vol20,70330.99246800155,0.0,9,268573.7545665811,0.0,0.0,0
2025-12-19,vol20,70330.99246800155,0.0,9,267399.1845450881,0.0,0.0,0
2025-12-22,vol20,70330.99246800155,0.0,9,271842.1920397803,0.0,0.0,0
2025-12-23,vol20,70330.99246800155,0.0,9,275264.26869917754,0.0,0.0,0
2025-12-24,vol20,70330.99246800155,0.0,9,281152.97287479864,0.0,0.0,0
2025-12-26,vol20,70330.99246800155,0.0,9,281430.92619400006,0.0,0.0,0
2025-12-29,vol20,70330.99246800155,0.0,9,282122.1228748179,0.0,0.0,0
2025-12-30,vol20,70330.99246800155,0.0,9,288349.4303695165,0.0,0.0,0
2025-12-31,vol20,70330.99246800155,0.0,9,291688.8295129153,0.0,0.0,0
2026-01-02,vol20,15036.051550707809,178697.43006561144,5,291780.1316162791,234726.60192871004,891.5972803923802,10
2026-01-05,vol20,15036.051550707809,178697.43006561144,5,288040.83161628473,0.0,0.0,0
2026-01-06,vol20,193733.48161631924,0.0,5,286898.9816163201,0.0,0.0,0
2026-01-07,vol20,193733.48161631924,0.0,5,290415.631616294,0.0,0.0,0
2026-01-08,vol20,193733.48161631924,0.0,5,288877.6816163887,0.0,0.0,0
2026-01-09,vol20,193733.48161631924,0.0,5,285975.3816163208,0.0,0.0,0
2026-01-12,vol20,193733.48161631924,0.0,5,291749.9316163998,0.0,0.0,0
2026-01-13,vol20,193733.48161631924,0.0,5,292596.73161631805,0.0,0.0,0
2026-01-14,vol20,193733.48161631924,0.0,5,295289.4316163574,0.0,0.0,0
2026-01-15,vol20,193733.48161631924,0.0,5,295561.5316164323,0.0,0.0,0
2026-01-16,vol20,193733.48161631924,0.0,5,294388.58161641425,0.0,0.0,0
2026-01-19,vol20,193733.48161631924,0.0,5,297195.48161640886,0.0,0.0,0
2026-01-20,vol20,193733.48161631924,0.0,5,297276.3816164064,0.0,0.0,0
2026-01-21,vol20,193733.48161631924,0.0,5,292113.58161642984,0.0,0.0,0
2026-01-22,vol20,193733.48161631924,0.0,5,289950.73161640763,0.0,0.0,0
2026-01-23,vol20,193733.48161631924,0.0,5,287358.7816163447,0.0,0.0,0
2026-01-26,vol20,193733.48161631924,0.0,5,288196.33161637664,0.0,0.0,0
2026-01-27,vol20,193733.48161631924,0.0,5,287194.58161638596,0.0,0.0,0
2026-01-28,vol20,193733.48161631924,0.0,5,289264.5316163437,0.0,0.0,0
2026-01-29,vol20,193733.48161631924,0.0,5,292797.98161634116,0.0,0.0,0
2026-01-30,vol20,193733.48161631924,0.0,5,289671.73161634535,0.0,0.0,0
2026-02-02,vol20,15029.171128450478,93215.83335061009,11,279931.7544790171,272041.66624997876,707.1043872374364,4
2026-02-03,vol20,15029.171128450478,93215.83335061009,11,277101.15447912936,0.0,0.0,0
2026-02-04,vol20,108245.00447906056,0.0,11,285688.2544789788,0.0,0.0,0
2026-02-05,vol20,108245.00447906056,0.0,11,281150.7544789297,0.0,0.0,0
2026-02-06,vol20,108245.00447906056,0.0,11,273540.0044791211,0.0,0.0,0
2026-02-09,vol20,108245.00447906056,0.0,11,274556.3044790153,0.0,0.0,0
2026-02-10,vol20,108245.00447906056,0.0,11,275069.5044789955,0.0,0.0,0
2026-02-11,vol20,108245.00447906056,0.0,11,277386.80447905057,0.0,0.0,0
2026-02-23,vol20,108245.00447906056,0.0,11,285360.154478927,0.0,0.0,0
2026-02-24,vol20,108245.00447906056,0.0,11,294479.6044790404,0.0,0.0,0
2026-02-25,vol20,108245.00447906056,0.0,11,289736.4044789431,0.0,0.0,0
2026-02-26,vol20,108245.00447906056,0.0,11,296797.20447901404,0.0,0.0,0
2026-03-02,vol20,15003.787095348074,147864.79256879503,11,298774.5796642324,241579.85049994482,877.0078148623345,4
2026-03-03,vol20,15003.787095348074,147864.79256879503,11,289784.779664195,0.0,0.0,0
2026-03-04,vol20,162868.5796641431,0.0,11,280854.5296643122,0.0,0.0,0
2026-03-05,vol20,162868.5796641431,0.0,11,287019.8296641924,0.0,0.0,0
2026-03-06,vol20,162868.5796641431,0.0,11,284704.97966426925,0.0,0.0,0
2026-03-09,vol20,162868.5796641431,0.0,11,274095.879664285,0.0,0.0,0
2026-03-10,vol20,162868.5796641431,0.0,11,274489.1296642042,0.0,0.0,0
2026-03-11,vol20,162868.5796641431,0.0,11,281627.4296642641,0.0,0.0,0
2026-03-12,vol20,162868.5796641431,0.0,11,281053.47966420266,0.0,0.0,0
2026-03-13,vol20,162868.5796641431,0.0,11,284957.6296641474,0.0,0.0,0
2026-03-16,vol20,162868.5796641431,0.0,11,291110.07966424775,0.0,0.0,0
2026-03-17,vol20,162868.5796641431,0.0,11,296284.2796642496,0.0,0.0,0
2026-03-18,vol20,162868.5796641431,0.0,11,301533.9796642548,0.0,0.0,0
2026-03-19,vol20,162868.5796641431,0.0,11,301799.9796641008,0.0,0.0,0
2026-03-20,vol20,162868.5796641431,0.0,11,301408.37966424704,0.0,0.0,0
2026-03-23,vol20,162868.5796641431,0.0,11,293597.0796642426,0.0,0.0,0
2026-03-24,vol20,162868.5796641431,0.0,11,289043.1796641686,0.0,0.0,0
2026-03-25,vol20,162868.5796641431,0.0,11,294620.529664241,0.0,0.0,0
2026-03-26,vol20,162868.5796641431,0.0,11,290533.27966436883,0.0,0.0,0
2026-03-27,vol20,162868.5796641431,0.0,11,290750.9634337878,0.0,0.0,0
2026-03-30,vol20,162868.5796641431,0.0,11,287696.7165753683,0.0,0.0,0
2026-03-31,vol20,162868.5796641431,0.0,11,280054.15191560955,0.0,0.0,0
2026-04-01,vol20,144312.4626766431,85614.55033580461,4,284991.8130125261,104577.76858514754,494.9342368429427,11
2026-04-02,vol20,144312.4626766431,85614.55033580461,4,284371.3130125081,0.0,0.0,0
2026-04-07,vol20,229927.01301244771,0.0,4,286002.51301248855,0.0,0.0,0
2026-04-08,vol20,229927.01301244771,0.0,4,288367.5130124543,0.0,0.0,0
2026-04-09,vol20,229927.01301244771,0.0,4,286490.01301239803,0.0,0.0,0
2026-04-10,vol20,229927.01301244771,0.0,4,287363.1630125125,0.0,0.0,0
2026-04-13,vol20,229927.01301244771,0.0,4,288900.0130124663,0.0,0.0,0
2026-04-14,vol20,229927.01301244771,0.0,4,290197.5630123432,0.0,0.0,0
2026-04-15,vol20,229927.01301244771,0.0,4,287050.11301238963,0.0,0.0,0
2026-04-16,vol20,229927.01301244771,0.0,4,285969.6630123818,0.0,0.0,0
2026-04-17,vol20,229927.01301244771,0.0,4,284083.96301245486,0.0,0.0,0
2026-04-20,vol20,229927.01301244771,0.0,4,281408.26301238616,0.0,0.0,0
2026-04-21,vol20,229927.01301244771,0.0,4,284496.0130124441,0.0,0.0,0
2026-04-22,vol20,229927.01301244771,0.0,4,285400.1630123899,0.0,0.0,0
2026-04-23,vol20,229927.01301244771,0.0,4,282574.86301251187,0.0,0.0,0
2026-04-24,vol20,229927.01301244771,0.0,4,283495.5130125426,0.0,0.0,0
2026-04-27,vol20,229927.01301244771,0.0,4,286886.5130124523,0.0,0.0,0
2026-04-28,vol20,229927.01301244771,0.0,4,290631.1630125843,0.0,0.0,0
2026-04-29,vol20,229927.01301244771,0.0,4,291486.81301250926,0.0,0.0,0
2026-04-30,vol20,229927.01301244771,0.0,4,288478.5130124277,0.0,0.0,0
2026-05-04,vol20,173128.6134652227,27596.092660029197,4,288340.50612526503,84477.08200002927,244.23488722508785,11
2026-05-05,vol20,173128.6134652227,27596.092660029197,4,293387.3061253127,0.0,0.0,0
2026-05-06,vol20,200724.7061252519,0.0,4,296138.30612520245,0.0,0.0,0
2026-05-07,vol20,200724.7061252519,0.0,4,295165.2061253008,0.0,0.0,0
2026-05-08,vol20,200724.7061252519,0.0,4,292185.9061251955,0.0,0.0,0
2026-05-11,vol20,200724.7061252519,0.0,4,293728.106125365,0.0,0.0,0
2026-05-12,vol20,200724.7061252519,0.0,4,292029.5061252503,0.0,0.0,0
2026-05-13,vol20,200724.7061252519,0.0,4,295519.7061252562,0.0,0.0,0
2026-05-14,vol20,200724.7061252519,0.0,4,295218.00612519996,0.0,0.0,0
2026-05-15,vol20,200724.7061252519,0.0,4,291964.20612532547,0.0,0.0,0
2026-05-18,vol20,200724.7061252519,0.0,4,292412.00612533785,0.0,0.0,0
2026-05-19,vol20,200724.7061252519,0.0,4,288332.5061253628,0.0,0.0,0
2026-05-20,vol20,200724.7061252519,0.0,4,287174.4061252028,0.0,0.0,0
2026-05-21,vol20,200724.7061252519,0.0,4,291100.706125178,0.0,0.0,0
2026-05-22,vol20,200724.7061252519,0.0,4,295558.5061252634,0.0,0.0,0
2026-05-25,vol20,200724.7061252519,0.0,4,299340.70612529485,0.0,0.0,0
2026-05-26,vol20,200724.7061252519,0.0,4,299835.10612534365,0.0,0.0,0
2026-05-27,vol20,200724.7061252519,0.0,4,297508.30612518586,0.0,0.0,0
2026-05-28,vol20,200724.7061252519,0.0,4,295504.70612536086,0.0,0.0,0
2026-05-29,vol20,200724.7061252519,0.0,4,297833.90612525726,0.0,0.0,0
2026-06-01,vol20,107722.42696146443,97282.97749656042,5,296339.60445806285,190585.3074999603,564.7301671873809,10
2026-06-02,vol20,107722.42696146443,97282.97749656042,5,292818.70445808995,0.0,0.0,0
2026-06-03,vol20,205005.40445802483,0.0,5,291030.404458027,0.0,0.0,0
2026-06-04,vol20,205005.40445802483,0.0,5,290327.604458138,0.0,0.0,0
2026-06-05,vol20,205005.40445802483,0.0,5,288548.90445806016,0.0,0.0,0
2026-06-08,vol20,205005.40445802483,0.0,5,285891.9044580511,0.0,0.0,0
2026-06-09,vol20,205005.40445802483,0.0,5,287297.7044581604,0.0,0.0,0
2026-06-10,vol20,205005.40445802483,0.0,5,281899.4044580679,0.0,0.0,0
2026-06-11,vol20,205005.40445802483,0.0,5,279989.204458103,0.0,0.0,0
2026-06-12,vol20,205005.40445802483,0.0,5,282886.8044580868,0.0,0.0,0
2026-06-15,vol20,205005.40445802483,0.0,5,286138.90776935586,0.0,0.0,0
2026-06-16,vol20,205005.40445802483,0.0,5,286321.83028589824,0.0,0.0,0
2026-06-17,vol20,205005.40445802483,0.0,5,286215.5786303121,0.0,0.0,0
2026-06-18,vol20,205005.40445802483,0.0,5,288548.8965110833,0.0,0.0,0
2026-06-22,vol20,205005.40445802483,0.0,5,288622.4826037914,0.0,0.0,0
2026-06-23,vol20,205005.40445802483,0.0,5,287078.9806170628,0.0,0.0,0
2026-06-24,vol20,205005.40445802483,0.0,5,286719.08988853253,0.0,0.0,0
2026-06-25,vol20,205005.40445802483,0.0,5,286702.56604758126,0.0,0.0,0
2026-06-26,vol20,205005.40445802483,0.0,5,281453.18260385236,0.0,0.0,0
2026-06-29,vol20,205005.40445802483,0.0,5,281561.2720078293,0.0,0.0,0
2026-06-30,vol20,205005.40445802483,0.0,5,284751.8269746303,0.0,0.0,0
2026-07-01,vol20,186170.02723864984,80197.64439218683,1,285890.1716307837,99362.53816893112,383.12099611929347,14
2026-07-02,vol20,186170.02723864984,80197.64439218683,1,284702.6716308242,0.0,0.0,0
2026-07-03,vol20,266367.6716308367,0.0,1,286507.67163086066,0.0,0.0,0
2026-07-06,vol20,266367.6716308367,0.0,1,286555.1716307828,0.0,0.0,0
2026-07-07,vol20,266367.6716308367,0.0,1,286745.17163083435,0.0,0.0,0
2026-07-08,vol20,266367.6716308367,0.0,1,285462.67163084913,0.0,0.0,0
2026-07-09,vol20,266367.6716308367,0.0,1,285937.67163079657,0.0,0.0,0
2026-07-13,vol20,266367.6716308367,0.0,1,284395.1547552507,0.0,0.0,0
2026-07-14,vol20,266367.6716308367,0.0,1,284047.51733959216,0.0,0.0,0
2026-07-15,vol20,266367.6716308367,0.0,1,283848.86738780024,0.0,0.0,0
2026-07-16,vol20,266367.6716308367,0.0,1,283501.2299722324,0.0,0.0,0
2026-07-17,vol20,266367.6716308367,0.0,1,283550.8924601577,0.0,0.0,0
2026-07-20,vol20,266367.6716308367,0.0,1,283352.2425083658,0.0,0.0,0
2026-07-21,vol20,266367.6716308367,0.0,1,283948.1923637416,0.0,0.0,0
2026-07-22,vol20,266367.6716308367,0.0,1,283352.2425083658,0.0,0.0,0
2026-07-23,vol20,266367.6716308367,0.0,1,283153.59255657386,0.0,0.0,0
2026-07-24,vol20,266367.6716308367,0.0,1,283501.2299722324,0.0,0.0,0
2026-07-27,vol20,266367.6716308367,0.0,1,283799.2048998749,0.0,0.0,0
2026-07-28,vol20,266367.6716308367,0.0,1,283550.8924601577,0.0,0.0,0
2026-07-29,vol20,266367.6716308367,0.0,1,283848.86738780024,0.0,0.0,0
2026-07-30,vol20,266367.6716308367,0.0,1,283054.2675806325,0.0,0.0,0
2026-07-31,vol20,266367.6716308367,0.0,1,283054.2675806325,0.0,0.0,0
2026-08-03,vol20,139515.8595204992,16431.379887843304,7,288921.08940841374,143175.6401190755,253.4613415697266,8
2026-08-04,vol20,139515.8595204992,16431.379887843304,7,298262.8394083652,0.0,0.0,0
2026-08-05,vol20,155947.2394083425,0.0,7,306613.4394083577,0.0,0.0,0
2026-08-06,vol20,155947.2394083425,0.0,7,307002.7394084687,0.0,0.0,0
2026-08-07,vol20,155947.2394083425,0.0,7,304145.7394083319,0.0,0.0,0
2026-08-10,vol20,155947.2394083425,0.0,7,303568.639408262,0.0,0.0,0
2026-08-11,vol20,155947.2394083425,0.0,7,301019.1394084234,0.0,0.0,0
2026-08-12,vol20,155947.2394083425,0.0,7,309252.83940840675,0.0,0.0,0
2026-08-13,vol20,155947.2394083425,0.0,7,313926.1394084441,0.0,0.0,0
2026-08-14,vol20,155947.2394083425,0.0,7,314190.3394082894,0.0,0.0,0
2026-08-17,vol20,155947.2394083425,0.0,7,314917.13940840354,0.0,0.0,0
2026-08-18,vol20,155947.2394083425,0.0,7,316912.93940831115,0.0,0.0,0
2026-08-19,vol20,155947.2394083425,0.0,7,316145.039408298,0.0,0.0,0
2026-08-20,vol20,155947.2394083425,0.0,7,315785.8894083184,0.0,0.0,0
2026-08-21,vol20,155947.2394083425,0.0,7,311735.78940835723,0.0,0.0,0
2026-08-24,vol20,155947.2394083425,0.0,7,316285.1394082953,0.0,0.0,0
2026-08-25,vol20,155947.2394083425,0.0,7,321307.6394084594,0.0,0.0,0
2026-08-26,vol20,155947.2394083425,0.0,7,329602.3394083079,0.0,0.0,0
2026-08-27,vol20,155947.2394083425,0.0,7,338096.7394084502,0.0,0.0,0
2026-08-28,vol20,155947.2394083425,0.0,7,345263.9394084044,0.0,0.0,0
2026-08-31,vol20,155947.2394083425,0.0,7,339701.53940834804,0.0,0.0,0
2026-09-01,vol20,15101.179978248769,40460.93957061093,13,344771.4195488887,181285.14824998585,381.5216094687076,2
2026-09-02,vol20,15101.179978248769,40460.93957061093,13,346928.0695489994,0.0,0.0,0
2026-09-03,vol20,55562.1195488597,0.0,13,328124.21954886365,0.0,0.0,0
2026-09-04,vol20,55562.1195488597,0.0,13,340433.06954912294,0.0,0.0,0
2026-09-07,vol20,55562.1195488597,0.0,13,351118.7195490599,0.0,0.0,0
2026-09-08,vol20,55562.1195488597,0.0,13,341702.01954886556,0.0,0.0,0
2026-09-09,vol20,55562.1195488597,0.0,13,346038.1695488356,0.0,0.0,0
2026-09-10,vol20,55562.1195488597,0.0,13,350950.11954914575,0.0,0.0,0
2026-09-11,vol20,55562.1195488597,0.0,13,342306.36954884283,0.0,0.0,0
2026-09-14,vol20,55562.1195488597,0.0,13,347734.6695489647,0.0,0.0,0
2026-09-15,vol20,55562.1195488597,0.0,13,348508.21954893443,0.0,0.0,0
2026-09-16,vol20,55562.1195488597,0.0,13,365560.86954905384,0.0,0.0,0
2026-09-17,vol20,55562.1195488597,0.0,13,367279.41954914795,0.0,0.0,0
2026-09-18,vol20,55562.1195488597,0.0,13,383914.8195488813,0.0,0.0,0
2026-09-21,vol20,55562.1195488597,0.0,13,386444.1695488058,0.0,0.0,0
2026-09-22,vol20,55562.1195488597,0.0,13,395198.6695488463,0.0,0.0,0
2026-09-23,vol20,55562.1195488597,0.0,13,393064.5695487661,0.0,0.0,0
2026-09-24,vol20,55562.1195488597,0.0,13,395765.7695492324,0.0,0.0,0
2026-09-29,vol20,55562.1195488597,0.0,13,402178.3195487795,0.0,0.0,0
2026-09-30,vol20,55562.1195488597,0.0,13,404922.6195489755,0.0,0.0,0
2026-10-01,vol20,15019.772306234701,252442.1512872421,6,406555.4235935678,294035.488250061,1197.004205443933,9
2026-10-02,vol20,15019.772306234701,252442.1512872421,6,402933.1235935947,0.0,0.0,0
2024-01-02,mom60,168145.6117637125,0.0,7,300126.1117638036,131653.44225,200.94598628749998,8
2024-01-03,mom60,168145.6117637125,0.0,7,297335.5617636782,0.0,0.0,0
2024-01-04,mom60,168145.6117637125,0.0,7,295733.4617637759,0.0,0.0,0
2024-01-05,mom60,168145.6117637125,0.0,7,297060.91176374094,0.0,0.0,0
2024-01-08,mom60,168145.6117637125,0.0,7,295372.11176374444,0.0,0.0,0
2024-01-09,mom60,168145.6117637125,0.0,7,293403.91176374175,0.0,0.0,0
2024-01-10,mom60,168145.6117637125,0.0,7,295240.71176369366,0.0,0.0,0
2024-01-11,mom60,168145.6117637125,0.0,7,295448.4617637703,0.0,0.0,0
2024-01-12,mom60,168145.6117637125,0.0,7,293220.8617637389,0.0,0.0,0
2024-01-15,mom60,168145.6117637125,0.0,7,298633.81176365993,0.0,0.0,0
2024-01-16,mom60,168145.6117637125,0.0,7,298193.0117637594,0.0,0.0,0
2024-01-17,mom60,168145.6117637125,0.0,7,295849.66176368913,0.0,0.0,0
2024-01-18,mom60,168145.6117637125,0.0,7,294254.66176376847,0.0,0.0,0
2024-01-19,mom60,168145.6117637125,0.0,7,293404.1617637398,0.0,0.0,0
2024-01-22,mom60,168145.6117637125,0.0,7,294315.2117637902,0.0,0.0,0
2024-01-23,mom60,168145.6117637125,0.0,7,295052.11176368006,0.0,0.0,0
2024-01-24,mom60,168145.6117637125,0.0,7,295237.5117636994,0.0,0.0,0
2024-01-25,mom60,168145.6117637125,0.0,7,294320.3117637006,0.0,0.0,0
2024-01-26,mom60,168145.6117637125,0.0,7,292879.5117637685,0.0,0.0,0
2024-01-29,mom60,168145.6117637125,0.0,7,294836.1617637037,0.0,0.0,0
2024-01-30,mom60,168145.6117637125,0.0,7,294403.5117637975,0.0,0.0,0
2024-01-31,mom60,168145.6117637125,0.0,7,296445.9117637779,0.0,0.0,0
2024-02-01,mom60,15014.371512262507,85189.3178754624,12,298451.6893877117,238462.55274998734,650.7121259749623,3
2024-02-02,mom60,15014.371512262507,85189.3178754624,12,299640.0393877754,0.0,0.0,0
2024-02-05,mom60,100203.68938772491,0.0,12,296429.98938772164,0.0,0.0,0
2024-02-15,mom60,100203.68938772491,0.0,12,297036.0393877032,0.0,0.0,0
2024-02-16,mom60,100203.68938772491,0.0,12,302401.2393877647,0.0,0.0,0
2024-02-19,mom60,100203.68938772491,0.0,12,302970.7393877036,0.0,0.0,0
2024-02-20,mom60,100203.68938772491,0.0,12,306034.28938769747,0.0,0.0,0
2024-02-21,mom60,100203.68938772491,0.0,12,309140.48938767164,0.0,0.0,0
2024-02-22,mom60,100203.68938772491,0.0,12,311064.3893878734,0.0,0.0,0
2024-02-23,mom60,100203.68938772491,0.0,12,313373.53938791686,0.0,0.0,0
2024-02-26,mom60,100203.68938772491,0.0,12,314427.93938779505,0.0,0.0,0
2024-02-27,mom60,100203.68938772491,0.0,12,308168.48938764003,0.0,0.0,0
2024-02-29,mom60,100203.68938772491,0.0,12,314046.18938770314,0.0,0.0,0
2024-03-01,mom60,27305.79770972492,115408.74256137783,8,315089.9402711814,188752.8032501094,653.6323667315783,7
2024-03-04,mom60,27305.79770972492,115408.74256137783,8,317893.24027110497,0.0,0.0,0
2024-03-05,mom60,142714.54027110274,0.0,8,319809.14027093025,0.0,0.0,0
2024-03-06,mom60,142714.54027110274,0.0,8,322382.44027089974,0.0,0.0,0
2024-03-07,mom60,142714.54027110274,0.0,8,314513.74027094024,0.0,0.0,0
2024-03-08,mom60,142714.54027110274,0.0,8,302209.3402710291,0.0,0.0,0
2024-03-11,mom60,142714.54027110274,0.0,8,302084.54027111665,0.0,0.0,0
2024-03-12,mom60,142714.54027110274,0.0,8,306955.64027095586,0.0,0.0,0
2024-03-13,mom60,142714.54027110274,0.0,8,308335.6402710526,0.0,0.0,0
2024-03-14,mom60,142714.54027110274,0.0,8,307906.34027104266,0.0,0.0,0
2024-03-15,mom60,142714.54027110274,0.0,8,307426.34027102694,0.0,0.0,0
2024-03-18,mom60,142714.54027110274,0.0,8,316481.34027116065,0.0,0.0,0
2024-03-19,mom60,142714.54027110274,0.0,8,317191.24027113395,0.0,0.0,0
2024-03-20,mom60,142714.54027110274,0.0,8,316161.64027103,0.0,0.0,0
2024-03-21,mom60,142714.54027110274,0.0,8,320689.6402710242,0.0,0.0,0
2024-03-22,mom60,142714.54027110274,0.0,8,321961.140270947,0.0,0.0,0
2024-03-25,mom60,142714.54027110274,0.0,8,330370.6402711563,0.0,0.0,0
2024-03-26,mom60,142714.54027110274,0.0,8,332111.940271097,0.0,0.0,0
2024-03-27,mom60,142714.54027110274,0.0,8,325215.0402710803,0.0,0.0,0
2024-03-28,mom60,142714.54027110274,0.0,8,322058.74027114804,0.0,0.0,0
2024-03-29,mom60,142714.54027110274,0.0,8,324454.74027120427,0.0,0.0,0
2024-04-01,mom60,67746.92092804024,41266.29503324738,10,329898.5159612312,116310.65249999736,290.0918098124921,5
2024-04-02,mom60,67746.92092804024,41266.29503324738,10,333525.1159613079,0.0,0.0,0
2024-04-03,mom60,109013.21596128761,0.0,10,331669.4159612555,0.0,0.0,0
2024-04-08,mom60,109013.21596128761,0.0,10,332988.51596118644,0.0,0.0,0
2024-04-09,mom60,109013.21596128761,0.0,10,338197.61596120376,0.0,0.0,0
2024-04-10,mom60,109013.21596128761,0.0,10,334758.715961345,0.0,0.0,0
2024-04-11,mom60,109013.21596128761,0.0,10,334146.5159614655,0.0,0.0,0
2024-04-12,mom60,109013.21596128761,0.0,10,345336.0159611389,0.0,0.0,0
2024-04-15,mom60,109013.21596128761,0.0,10,334934.51596124645,0.0,0.0,0
2024-04-16,mom60,109013.21596128761,0.0,10,328556.21596122085,0.0,0.0,0
2024-04-17,mom60,109013.21596128761,0.0,10,343004.3159612169,0.0,0.0,0
2024-04-18,mom60,109013.21596128761,0.0,10,345142.4159612381,0.0,0.0,0
2024-04-19,mom60,109013.21596128761,0.0,10,337994.6159613613,0.0,0.0,0
2024-04-22,mom60,109013.21596128761,0.0,10,323426.3159611872,0.0,0.0,0
2024-04-23,mom60,109013.21596128761,0.0,10,321843.71596130973,0.0,0.0,0
2024-04-24,mom60,109013.21596128761,0.0,10,330978.115961227,0.0,0.0,0
2024-04-25,mom60,109013.21596128761,0.0,10,331237.2159613104,0.0,0.0,0
2024-04-26,mom60,109013.21596128761,0.0,10,331095.1159612123,0.0,0.0,0
2024-04-29,mom60,109013.21596128761,0.0,10,335894.0159611577,0.0,0.0,0
2024-04-30,mom60,109013.21596128761,0.0,10,337571.0159611551,0.0,0.0,0
2024-05-02,mom60,15045.830447106378,100038.84097148973,11,332387.0714185905,194299.04725007745,597.4082927689824,4
2024-05-03,mom60,15045.830447106378,100038.84097148973,11,334892.27141851844,0.0,0.0,0
2024-05-06,mom60,115084.6714185961,0.0,11,335628.1214186384,0.0,0.0,0
2024-05-07,mom60,115084.6714185961,0.0,11,339591.6714185899,0.0,0.0,0
2024-05-08,mom60,115084.6714185961,0.0,11,342331.221418566,0.0,0.0,0
2024-05-09,mom60,115084.6714185961,0.0,11,336613.12141857925,0.0,0.0,0
2024-05-10,mom60,115084.6714185961,0.0,11,332976.071418602,0.0,0.0,0
2024-05-13,mom60,115084.6714185961,0.0,11,324157.4714186208,0.0,0.0,0
2024-05-14,mom60,115084.6714185961,0.0,11,329062.6714185988,0.0,0.0,0
2024-05-15,mom60,115084.6714185961,0.0,11,332726.82141849486,0.0,0.0,0
2024-05-16,mom60,115084.6714185961,0.0,11,335781.57141867455,0.0,0.0,0
2024-05-17,mom60,115084.6714185961,0.0,11,340657.021418586,0.0,0.0,0
2024-05-20,mom60,115084.6714185961,0.0,11,339722.5714186378,0.0,0.0,0
2024-05-21,mom60,115084.6714185961,0.0,11,345261.92141850904,0.0,0.0,0
2024-05-22,mom60,115084.6714185961,0.0,11,343527.2714185647,0.0,0.0,0
2024-05-23,mom60,115084.6714185961,0.0,11,337689.8214186088,0.0,0.0,0
2024-05-24,mom60,115084.6714185961,0.0,11,343033.77141859825,0.0,0.0,0
2024-05-27,mom60,115084.6714185961,0.0,11,346041.0214185133,0.0,0.0,0
2024-05-28,mom60,115084.6714185961,0.0,11,345646.9714185714,0.0,0.0,0
2024-05-29,mom60,115084.6714185961,0.0,11,348466.62141864403,0.0,0.0,0
2024-05-30,mom60,115084.6714185961,0.0,11,346182.12305009674,0.0,0.0,0
2024-05-31,mom60,115084.6714185961,0.0,11,345034.6618619462,0.0,0.0,0
2024-06-03,mom60,96435.4841423461,156318.64444316702,5,345034.4455674032,175636.06863917832,721.311472261285,10
2024-06-04,mom60,96435.4841423461,156318.64444316702,5,342069.12066651625,0.0,0.0,0
2024-06-05,mom60,252754.12858551313,0.0,5,341772.28652651754,0.0,0.0,0
2024-06-06,mom60,252754.12858551313,0.0,5,340540.8463593883,0.0,0.0,0
2024-06-07,mom60,252754.12858551313,0.0,5,339555.5214583331,0.0,0.0,0
2024-06-11,mom60,252754.12858551313,0.0,5,336453.8808951652,0.0,0.0,0
2024-06-12,mom60,252754.12858551313,0.0,5,341425.7242739934,0.0,0.0,0
2024-06-13,mom60,252754.12858551313,0.0,5,342490.4110315428,0.0,0.0,0
2024-06-14,mom60,252754.12858551313,0.0,5,346264.78894618514,0.0,0.0,0
2024-06-17,mom60,252754.12858551313,0.0,5,343405.3672568097,0.0,0.0,0
2024-06-18,mom60,252754.12858551313,0.0,5,342507.7082159104,0.0,0.0,0
2024-06-19,mom60,252754.12858551313,0.0,5,340817.37407607015,0.0,0.0,0
2024-06-20,mom60,252754.12858551313,0.0,5,342236.41785089136,0.0,0.0,0
2024-06-21,mom60,252754.12858551313,0.0,5,341071.6459634816,0.0,0.0,0
2024-06-24,mom60,252754.12858551313,0.0,5,342055.5238781175,0.0,0.0,0
2024-06-25,mom60,252754.12858551313,0.0,5,341136.42708970956,0.0,0.0,0
2024-06-26,mom60,252754.12858551313,0.0,5,342014.68291892856,0.0,0.0,0
2024-06-27,mom60,252754.12858551313,0.0,5,340301.8925537426,0.0,0.0,0
2024-06-28,mom60,252754.12858551313,0.0,5,344016.91103171604,0.0,0.0,0
2024-07-01,mom60,158517.05784756312,40173.64073095495,7,341873.4717857902,134473.60650008018,331.0885070752406,8
2024-07-02,mom60,158517.05784756312,40173.64073095495,7,340697.25330787955,0.0,0.0,0
2024-07-03,mom60,198690.69857851806,0.0,7,343490.0095330851,0.0,0.0,0
2024-07-04,mom60,198690.69857851806,0.0,7,346277.6312226505,0.0,0.0,0
2024-07-05,mom60,198690.69857851806,0.0,7,349979.7597310919,0.0,0.0,0
2024-07-08,mom60,198690.69857851806,0.0,7,346257.6039018568,0.0,0.0,0
2024-07-09,mom60,198690.69857851806,0.0,7,343523.2199598631,0.0,0.0,0
2024-07-10,mom60,198690.69857851806,0.0,7,349557.50684246037,0.0,0.0,0
2024-07-11,mom60,198690.69857851806,0.0,7,348595.8194896641,0.0,0.0,0
2024-07-12,mom60,198690.69857851806,0.0,7,347367.08081865014,0.0,0.0,0
2024-07-15,mom60,198690.69857851806,0.0,7,348501.7759141613,0.0,0.0,0
2024-07-16,mom60,198690.69857851806,0.0,7,348809.03194272565,0.0,0.0,0
2024-07-17,mom60,198690.69857851806,0.0,7,347809.7136389909,0.0,0.0,0
2024-07-18,mom60,198690.69857851806,0.0,7,342296.47088049527,0.0,0.0,0
2024-07-19,mom60,198690.69857851806,0.0,7,338762.0178926103,0.0,0.0,0
2024-07-22,mom60,198690.69857851806,0.0,7,336945.5433844811,0.0,0.0,0
2024-07-23,mom60,198690.69857851806,0.0,7,338675.2867038612,0.0,0.0,0
2024-07-26,mom60,198690.69857851806,0.0,7,335889.124625316,0.0,0.0,0
2024-07-29,mom60,198690.69857851806,0.0,7,328208.6001590212,0.0,0.0,0
2024-07-30,mom60,198690.69857851806,0.0,7,332679.3060477639,0.0,0.0,0
2024-07-31,mom60,198690.69857851806,0.0,7,330137.66385569796,0.0,0.0,0
2024-08-01,mom60,142660.76028033684,113054.2922219545,4,335763.05250224035,169506.70634265745,581.9339188842224,11
2024-08-02,mom60,142660.76028033684,113054.2922219545,4,332217.80250227987,0.0,0.0,0
2024-08-05,mom60,255715.05250229134,0.0,4,325235.5025023251,0.0,0.0,0
2024-08-06,mom60,255715.05250229134,0.0,4,321738.5525022184,0.0,0.0,0
2024-08-07,mom60,255715.05250229134,0.0,4,325072.802502244,0.0,0.0,0
2024-08-08,mom60,255715.05250229134,0.0,4,328374.40250227216,0.0,0.0,0
2024-08-09,mom60,255715.05250229134,0.0,4,328832.25250235136,0.0,0.0,0
2024-08-12,mom60,255715.05250229134,0.0,4,328428.7525022405,0.0,0.0,0
2024-08-13,mom60,255715.05250229134,0.0,4,329017.55250230414,0.0,0.0,0
2024-08-14,mom60,255715.05250229134,0.0,4,330178.4525023492,0.0,0.0,0
2024-08-15,mom60,255715.05250229134,0.0,4,332402.5525022433,0.0,0.0,0
2024-08-16,mom60,255715.05250229134,0.0,4,333610.40250230243,0.0,0.0,0
2024-08-19,mom60,255715.05250229134,0.0,4,333173.85250235064,0.0,0.0,0
2024-08-20,mom60,255715.05250229134,0.0,4,332173.65250233654,0.0,0.0,0
2024-08-21,mom60,255715.05250229134,0.0,4,333002.75250226475,0.0,0.0,0
2024-08-22,mom60,255715.05250229134,0.0,4,331788.25250237377,0.0,0.0,0
2024-08-23,mom60,255715.05250229134,0.0,4,332092.052502311,0.0,0.0,0
2024-08-26,mom60,255715.05250229134,0.0,4,330153.3525022064,0.0,0.0,0
2024-08-27,mom60,255715.05250229134,0.0,4,331849.85250223574,0.0,0.0,0
2024-08-28,mom60,255715.05250229134,0.0,4,329476.9525022529,0.0,0.0,0
2024-08-29,mom60,255715.05250229134,0.0,4,329676.1525022261,0.0,0.0,0
2024-08-30,mom60,255715.05250229134,0.0,4,331943.3525022654,0.0,0.0,0
2024-09-02,mom60,180282.81376872258,15286.894832998361,7,327671.8606356821,90679.74074999834,175.28315056874507,8
2024-09-03,mom60,180282.81376872258,15286.894832998361,7,330987.78606314457,0.0,0.0,0
2024-09-04,mom60,195569.70860172095,0.0,7,329129.1190167065,0.0,0.0,0
2024-09-05,mom60,195569.70860172095,0.0,7,325119.9435894077,0.0,0.0,0
2024-09-06,mom60,195569.70860172095,0.0,7,325027.2765431758,0.0,0.0,0
2024-09-09,mom60,195569.70860172095,0.0,7,325582.1930199776,0.0,0.0,0
2024-09-10,mom60,195569.70860172095,0.0,7,320140.58472817764,0.0,0.0,0
2024-09-11,mom60,195569.70860172095,0.0,7,321717.1474255488,0.0,0.0,0
2024-09-12,mom60,195569.70860172095,0.0,7,326209.8398314052,0.0,0.0,0
2024-09-13,mom60,195569.70860172095,0.0,7,330117.4466358477,0.0,0.0,0
2024-09-16,mom60,195569.70860172095,0.0,7,330782.4754330256,0.0,0.0,0
2024-09-18,mom60,195569.70860172095,0.0,7,328945.07373169466,0.0,0.0,0
2024-09-19,mom60,195569.70860172095,0.0,7,331607.0449348083,0.0,0.0,0
2024-09-20,mom60,195569.70860172095,0.0,7,328582.05842167477,0.0,0.0,0
2024-09-23,mom60,195569.70860172095,0.0,7,324503.3736097201,0.0,0.0,0
2024-09-24,mom60,195569.70860172095,0.0,7,326647.7999161858,0.0,0.0,0
2024-09-25,mom60,195569.70860172095,0.0,7,329529.3931116646,0.0,0.0,0
2024-09-26,mom60,195569.70860172095,0.0,7,326272.9109124175,0.0,0.0,0
2024-09-27,mom60,195569.70860172095,0.0,7,325581.41431461,0.0,0.0,0
2024-09-30,mom60,195569.70860172095,0.0,7,325212.4109124633,0.0,0.0,0
2024-10-01,mom60,138865.20917175844,64142.63626710754,6,324126.0799489149,121052.64749998249,366.8896628374474,9
2024-10-04,mom60,138865.20917175844,64142.63626710754,6,320977.489244161,0.0,0.0,0
2024-10-07,mom60,203007.84543886597,0.0,6,323405.3375428646,0.0,0.0,0
2024-10-08,mom60,203007.84543886597,0.0,6,323387.1248455636,0.0,0.0,0
2024-10-09,mom60,203007.84543886597,0.0,6,321295.9375430248,0.0,0.0,0
2024-10-11,mom60,203007.84543886597,0.0,6,315710.61804103747,0.0,0.0,0
2024-10-14,mom60,203007.84543886597,0.0,6,318201.8858417199,0.0,0.0,0
2024-10-15,mom60,203007.84543886597,0.0,6,315198.25024024356,0.0,0.0,0
2024-10-16,mom60,203007.84543886597,0.0,6,315387.51293781016,0.0,0.0,0
2024-10-17,mom60,203007.84543886597,0.0,6,317442.0968380688,0.0,0.0,0
2024-10-18,mom60,203007.84543886597,0.0,6,315427.61123656237,0.0,0.0,0
2024-10-21,mom60,203007.84543886597,0.0,6,317466.1256349718,0.0,0.0,0
2024-10-22,mom60,203007.84543886597,0.0,6,318486.0917345854,0.0,0.0,0
2024-10-23,mom60,203007.84543886597,0.0,6,317487.17223277426,0.0,0.0,0
2024-10-24,mom60,203007.84543886597,0.0,6,314312.9010297856,0.0,0.0,0
2024-10-25,mom60,203007.84543886597,0.0,6,315034.0315280181,0.0,0.0,0
2024-10-28,mom60,203007.84543886597,0.0,6,313669.5683663594,0.0,0.0,0
2024-10-29,mom60,203007.84543886597,0.0,6,311798.44536797394,0.0,0.0,0
2024-10-30,mom60,203007.84543886597,0.0,6,310383.9618294642,0.0,0.0,0
2024-11-01,mom60,15013.314728653499,88187.91644507572,13,309512.2311738273,276273.51307957066,697.652844707462,2
2024-11-04,mom60,15013.314728653499,88187.91644507572,13,310380.5811738814,0.0,0.0,0
2024-11-05,mom60,103201.23117372922,0.0,13,315950.5311736205,0.0,0.0,0
2024-11-06,mom60,103201.23117372922,0.0,13,317920.3811737943,0.0,0.0,0
2024-11-07,mom60,103201.23117372922,0.0,13,323521.031173843,0.0,0.0,0
2024-11-08,mom60,103201.23117372922,0.0,13,319693.0311738316,0.0,0.0,0
2024-11-11,mom60,103201.23117372922,0.0,13,317913.8811738225,0.0,0.0,0
2024-11-12,mom60,103201.23117372922,0.0,13,314247.2811739886,0.0,0.0,0
2024-11-13,mom60,103201.23117372922,0.0,13,311546.4311737087,0.0,0.0,0
2024-11-14,mom60,103201.23117372922,0.0,13,309026.83117387857,0.0,0.0,0
2024-11-15,mom60,103201.23117372922,0.0,13,304708.8811736601,0.0,0.0,0
2024-11-18,mom60,103201.23117372922,0.0,13,297904.28117388865,0.0,0.0,0
2024-11-19,mom60,103201.23117372922,0.0,13,307917.83117364434,0.0,0.0,0
2024-11-20,mom60,103201.23117372922,0.0,13,300812.631173711,0.0,0.0,0
2024-11-21,mom60,103201.23117372922,0.0,13,299625.48117378657,0.0,0.0,0
2024-11-22,mom60,103201.23117372922,0.0,13,301898.93117393367,0.0,0.0,0
2024-11-25,mom60,103201.23117372922,0.0,13,304073.08117378043,0.0,0.0,0
2024-11-26,mom60,103201.23117372922,0.0,13,299239.7311739035,0.0,0.0,0
2024-11-27,mom60,103201.23117372922,0.0,13,293082.5311737705,0.0,0.0,0
2024-11-28,mom60,103201.23117372922,0.0,13,286983.48117388453,0.0,0.0,0
2024-11-29,mom60,103201.23117372922,0.0,13,289760.1811738348,0.0,0.0,0
2024-12-02,mom60,27900.48279729174,108833.88480250139,10,291001.76759982965,184511.2127499826,590.881323918698,5
2024-12-03,mom60,27900.48279729174,108833.88480250139,10,292827.81759986083,0.0,0.0,0
2024-12-04,mom60,136734.36759979313,0.0,10,298744.4675997442,0.0,0.0,0
2024-12-05,mom60,136734.36759979313,0.0,10,296355.89092761616,0.0,0.0,0
2024-12-06,mom60,136734.36759979313,0.0,10,293417.93917673593,0.0,0.0,0
2024-12-09,mom60,136734.36759979313,0.0,10,291740.3477375062,0.0,0.0,0
2024-12-10,mom60,136734.36759979313,0.0,10,289229.8356751411,0.0,0.0,0
2024-12-11,mom60,136734.36759979313,0.0,10,289680.521862147,0.0,0.0,0
2024-12-12,mom60,136734.36759979313,0.0,10,292837.35629824095,0.0,0.0,0
2024-12-13,mom60,136734.36759979313,0.0,10,290611.05279669014,0.0,0.0,0
2024-12-16,mom60,136734.36759979313,0.0,10,286152.5683605019,0.0,0.0,0
2024-12-17,mom60,136734.36759979313,0.0,10,286324.39092752547,0.0,0.0,0
2024-12-18,mom60,136734.36759979313,0.0,10,287126.7133013694,0.0,0.0,0
2024-12-19,mom60,136734.36759979313,0.0,10,289018.87711444317,0.0,0.0,0
2024-12-20,mom60,136734.36759979313,0.0,10,286344.3562982435,0.0,0.0,0
2024-12-23,mom60,136734.36759979313,0.0,10,288128.1409275802,0.0,0.0,0
2024-12-24,mom60,136734.36759979313,0.0,10,288838.21524524014,0.0,0.0,0
2024-12-25,mom60,136734.36759979313,0.0,10,291987.2738060264,0.0,0.0,0
2024-12-26,mom60,136734.36759979313,0.0,10,291951.8376191881,0.0,0.0,0
2024-12-27,mom60,136734.36759979313,0.0,10,291726.32205520803,0.0,0.0,0
2024-12-30,mom60,136734.36759979313,0.0,10,292037.54617986985,0.0,0.0,0
2024-12-31,mom60,136734.36759979313,0.0,10,295217.52380595624,0.0,0.0,0
2025-01-02,mom60,15120.108293568135,95821.1546484858,11,289573.46294204553,217701.06866328814,658.2343210273644,4
2025-01-03,mom60,15120.108293568135,95821.1546484858,11,284318.26294195006,0.0,0.0,0
2025-01-06,mom60,110941.26294205393,0.0,11,291632.8629419791,0.0,0.0,0
2025-01-07,mom60,110941.26294205393,0.0,11,291890.26294190856,0.0,0.0,0
2025-01-08,mom60,110941.26294205393,0.0,11,295447.26294204965,0.0,0.0,0
2025-01-09,mom60,110941.26294205393,0.0,11,286842.8629421096,0.0,0.0,0
2025-01-10,mom60,110941.26294205393,0.0,11,283255.96294200246,0.0,0.0,0
2025-01-13,mom60,110941.26294205393,0.0,11,280030.3629419546,0.0,0.0,0
2025-01-14,mom60,110941.26294205393,0.0,11,281862.16294197005,0.0,0.0,0
2025-01-15,mom60,110941.26294205393,0.0,11,280518.2629419775,0.0,0.0,0
2025-01-16,mom60,110941.26294205393,0.0,11,287112.0629420448,0.0,0.0,0
2025-01-17,mom60,110941.26294205393,0.0,11,283589.2629420022,0.0,0.0,0
2025-01-20,mom60,110941.26294205393,0.0,11,290383.2629419202,0.0,0.0,0
2025-01-21,mom60,110941.26294205393,0.0,11,287842.2629421323,0.0,0.0,0
2025-01-22,mom60,110941.26294205393,0.0,11,289571.56294203526,0.0,0.0,0
2025-02-03,mom60,15081.120925091427,73569.74220542623,12,282189.7631306333,169620.98299998866,526.2178115249661,3
2025-02-04,mom60,15081.120925091427,73569.74220542623,12,280183.06313057663,0.0,0.0,0
2025-02-05,mom60,88650.86313051765,0.0,12,284191.7631305633,0.0,0.0,0
2025-02-06,mom60,88650.86313051765,0.0,12,287191.06313059875,0.0,0.0,0
2025-02-07,mom60,88650.86313051765,0.0,12,293261.9631304892,0.0,0.0,0
2025-02-10,mom60,88650.86313051765,0.0,12,291055.3631305732,0.0,0.0,0
2025-02-11,mom60,88650.86313051765,0.0,12,293595.96313066734,0.0,0.0,0
2025-02-12,mom60,88650.86313051765,0.0,12,290111.76313075516,0.0,0.0,0
2025-02-13,mom60,88650.86313051765,0.0,12,290813.7631306213,0.0,0.0,0
2025-02-14,mom60,88650.86313051765,0.0,12,287020.36313067476,0.0,0.0,0
2025-02-17,mom60,88650.86313051765,0.0,12,290171.76313069457,0.0,0.0,0
2025-02-18,mom60,88650.86313051765,0.0,12,293381.46313062776,0.0,0.0,0
2025-02-19,mom60,88650.86313051765,0.0,12,293256.1631305197,0.0,0.0,0
2025-02-20,mom60,88650.86313051765,0.0,12,289176.16313045507,0.0,0.0,0
2025-02-21,mom60,88650.86313051765,0.0,12,290829.8631306083,0.0,0.0,0
2025-02-24,mom60,88650.86313051765,0.0,12,294198.4631306244,0.0,0.0,0
2025-02-25,mom60,88650.86313051765,0.0,12,288441.76313061954,0.0,0.0,0
2025-02-26,mom60,88650.86313051765,0.0,12,289503.0631305791,0.0,0.0,0
2025-02-27,mom60,88650.86313051765,0.0,12,284446.763130591,0.0,0.0,0
2025-03-03,mom60,15016.90942736766,102468.51382506406,10,274180.37325254316,176448.21174998904,630.0901280749672,5
2025-03-04,mom60,15016.90942736766,102468.51382506406,10,274318.5732525766,0.0,0.0,0
2025-03-05,mom60,117485.42325243172,0.0,10,275930.823252558,0.0,0.0,0
2025-03-06,mom60,117485.42325243172,0.0,10,273798.0732526607,0.0,0.0,0
2025-03-07,mom60,117485.42325243172,0.0,10,268257.2732525749,0.0,0.0,0
2025-03-10,mom60,117485.42325243172,0.0,10,266386.6732524441,0.0,0.0,0
2025-03-11,mom60,117485.42325243172,0.0,10,261460.57325256336,0.0,0.0,0
2025-03-12,mom60,117485.42325243172,0.0,10,264293.07325244986,0.0,0.0,0
2025-03-13,mom60,117485.42325243172,0.0,10,263067.17325250927,0.0,0.0,0
2025-03-14,mom60,117485.42325243172,0.0,10,263145.9732524207,0.0,0.0,0
2025-03-17,mom60,117485.42325243172,0.0,10,263171.17325252946,0.0,0.0,0
2025-03-18,mom60,117485.42325243172,0.0,10,266386.8232524559,0.0,0.0,0
2025-03-19,mom60,117485.42325243172,0.0,10,265275.97325260617,0.0,0.0,0
2025-03-20,mom60,117485.42325243172,0.0,10,265835.37325249624,0.0,0.0,0
2025-03-21,mom60,117485.42325243172,0.0,10,263090.82325261354,0.0,0.0,0
2025-03-24,mom60,117485.42325243172,0.0,10,258758.17325256934,0.0,0.0,0
2025-03-25,mom60,117485.42325243172,0.0,10,259210.32325248834,0.0,0.0,0
2025-03-26,mom60,117485.42325243172,0.0,10,258926.12325239915,0.0,0.0,0
2025-03-27,mom60,117485.42325243172,0.0,10,257701.47325246473,0.0,0.0,0
2025-03-28,mom60,117485.42325243172,0.0,10,252589.62325252494,0.0,0.0,0
2025-03-31,mom60,117485.42325243172,0.0,10,243646.5232524816,0.0,0.0,0
2025-04-01,mom60,41900.946926631725,55899.45283192401,9,244951.59975861566,131613.844999999,418.41949387499704,6
2025-04-02,mom60,41900.946926631725,55899.45283192401,9,246842.69975864852,0.0,0.0,0
2025-04-07,mom60,97800.39975855574,0.0,9,232099.84975862614,0.0,0.0,0
2025-04-08,mom60,97800.39975855574,0.0,9,219826.19975860062,0.0,0.0,0
2025-04-09,mom60,97800.39975855574,0.0,9,209117.24975859033,0.0,0.0,0
2025-04-10,mom60,97800.39975855574,0.0,9,220147.19975852524,0.0,0.0,0
2025-04-11,mom60,97800.39975855574,0.0,9,218847.34975848984,0.0,0.0,0
2025-04-14,mom60,97800.39975855574,0.0,9,222151.74975852718,0.0,0.0,0
2025-04-15,mom60,97800.39975855574,0.0,9,231144.94975854427,0.0,0.0,0
2025-04-16,mom60,97800.39975855574,0.0,9,229643.5997585904,0.0,0.0,0
2025-04-17,mom60,97800.39975855574,0.0,9,229241.44975853048,0.0,0.0,0
2025-04-18,mom60,97800.39975855574,0.0,9,229618.599758627,0.0,0.0,0
2025-04-21,mom60,97800.39975855574,0.0,9,227224.89975849463,0.0,0.0,0
2025-04-22,mom60,97800.39975855574,0.0,9,224715.1497585451,0.0,0.0,0
2025-04-23,mom60,97800.39975855574,0.0,9,231434.89975859592,0.0,0.0,0
2025-04-24,mom60,97800.39975855574,0.0,9,234038.39975851425,0.0,0.0,0
2025-04-25,mom60,97800.39975855574,0.0,9,237916.7997585726,0.0,0.0,0
2025-04-28,mom60,97800.39975855574,0.0,9,241380.49975852802,0.0,0.0,0
2025-04-29,mom60,97800.39975855574,0.0,9,244943.49975853495,0.0,0.0,0
2025-04-30,mom60,97800.39975855574,0.0,9,242721.69975851837,0.0,0.0,0
2025-05-02,mom60,79065.66575168073,66151.99363393443,6,243760.85938561155,85175.86600003453,342.4563729751036,9
2025-05-05,mom60,79065.66575168073,66151.99363393443,6,240059.35938559624,0.0,0.0,0
2025-05-06,mom60,145217.65938561514,0.0,6,242584.05938558734,0.0,0.0,0
2025-05-07,mom60,145217.65938561514,0.0,6,243261.6593855665,0.0,0.0,0
2025-05-08,mom60,145217.65938561514,0.0,6,246582.15938550216,0.0,0.0,0
2025-05-09,mom60,145217.65938561514,0.0,6,246804.05938541223,0.0,0.0,0
2025-05-12,mom60,145217.65938561514,0.0,6,246144.15938552187,0.0,0.0,0
2025-05-13,mom60,145217.65938561514,0.0,6,247063.7093855606,0.0,0.0,0
2025-05-14,mom60,145217.65938561514,0.0,6,247215.45938562628,0.0,0.0,0
2025-05-15,mom60,145217.65938561514,0.0,6,247124.3593855813,0.0,0.0,0
2025-05-16,mom60,145217.65938561514,0.0,6,247027.40938558982,0.0,0.0,0
2025-05-19,mom60,145217.65938561514,0.0,6,245499.9093855813,0.0,0.0,0
2025-05-20,mom60,145217.65938561514,0.0,6,247570.15938554797,0.0,0.0,0
2025-05-21,mom60,145217.65938561514,0.0,6,249524.10938554344,0.0,0.0,0
2025-05-22,mom60,145217.65938561514,0.0,6,248765.1093855857,0.0,0.0,0
2025-05-23,mom60,145217.65938561514,0.0,6,247478.8093855637,0.0,0.0,0
2025-05-26,mom60,145217.65938561514,0.0,6,246435.85938555258,0.0,0.0,0
2025-05-27,mom60,145217.65938561514,0.0,6,245652.4593855103,0.0,0.0,0
2025-05-28,mom60,145217.65938561514,0.0,6,245394.05938559433,0.0,0.0,0
2025-05-29,mom60,145217.65938561514,0.0,6,244674.0093855579,0.0,0.0,0
2025-06-02,mom60,15025.297765977662,52510.694224543375,10,243176.59199054778,182751.18406717613,418.64846227027846,5
2025-06-03,mom60,15025.297765977662,52510.694224543375,10,243887.09199063765,0.0,0.0,0
2025-06-04,mom60,67535.99199052104,0.0,10,244985.74199057563,0.0,0.0,0
2025-06-05,mom60,67535.99199052104,0.0,10,245061.09199056367,0.0,0.0,0
2025-06-06,mom60,67535.99199052104,0.0,10,244495.19199062802,0.0,0.0,0
2025-06-09,mom60,67535.99199052104,0.0,10,244478.74199046392,0.0,0.0,0
2025-06-10,mom60,67535.99199052104,0.0,10,247161.79199045163,0.0,0.0,0
2025-06-11,mom60,67535.99199052104,0.0,10,248212.54199056944,0.0,0.0,0
2025-06-12,mom60,67535.99199052104,0.0,10,251569.89199053054,0.0,0.0,0
2025-06-13,mom60,67535.99199052104,0.0,10,247011.4419905608,0.0,0.0,0
2025-06-16,mom60,67535.99199052104,0.0,10,248577.24199050048,0.0,0.0,0
2025-06-17,mom60,67535.99199052104,0.0,10,253339.44199053914,0.0,0.0,0
2025-06-18,mom60,67535.99199052104,0.0,10,254138.94199040526,0.0,0.0,0
2025-06-19,mom60,67535.99199052104,0.0,10,250647.99199053558,0.0,0.0,0
2025-06-20,mom60,67535.99199052104,0.0,10,247168.0419905429,0.0,0.0,0
2025-06-23,mom60,67535.99199052104,0.0,10,245596.99199046043,0.0,0.0,0
2025-06-24,mom60,67535.99199052104,0.0,10,246311.49199048727,0.0,0.0,0
2025-06-25,mom60,67535.99199052104,0.0,10,246975.29199053074,0.0,0.0,0
2025-06-26,mom60,67535.99199052104,0.0,10,248551.89199054387,0.0,0.0,0
2025-06-27,mom60,67535.99199052104,0.0,10,250435.891990527,0.0,0.0,0
2025-06-30,mom60,67535.99199052104,0.0,10,244132.09199050697,0.0,0.0,0
2025-07-01,mom60,15052.56953602105,133129.40853226616,5,242421.9780682436,186163.00799996604,699.5419221998981,10
2025-07-02,mom60,15052.56953602105,133129.40853226616,5,241964.17806824745,0.0,0.0,0
2025-07-03,mom60,148181.9780682872,0.0,5,241848.3780682758,0.0,0.0,0
2025-07-04,mom60,148181.9780682872,0.0,5,240266.77806824085,0.0,0.0,0
2025-07-07,mom60,148181.9780682872,0.0,5,239196.77806825866,0.0,0.0,0
2025-07-08,mom60,148181.9780682872,0.0,5,239919.77806828814,0.0,0.0,0
2025-07-09,mom60,148181.9780682872,0.0,5,240362.15336557443,0.0,0.0,0
2025-07-10,mom60,148181.9780682872,0.0,5,239828.9027404172,0.0,0.0,0
2025-07-11,mom60,148181.9780682872,0.0,5,239847.4268026919,0.0,0.0,0
2025-07-14,mom60,148181.9780682872,0.0,5,239275.09578712468,0.0,0.0,0
2025-07-15,mom60,148181.9780682872,0.0,5,239454.05906859037,0.0,0.0,0
2025-07-16,mom60,148181.9780682872,0.0,5,239880.17867824982,0.0,0.0,0
2025-07-17,mom60,148181.9780682872,0.0,5,240597.8730854419,0.0,0.0,0
2025-07-18,mom60,148181.9780682872,0.0,5,241876.05058242206,0.0,0.0,0
2025-07-21,mom60,148181.9780682872,0.0,5,240977.18297928263,0.0,0.0,0
2025-07-22,mom60,148181.9780682872,0.0,5,238930.06935286842,0.0,0.0,0
2025-07-23,mom60,148181.9780682872,0.0,5,239609.10887374144,0.0,0.0,0
2025-07-24,mom60,148181.9780682872,0.0,5,240878.33599100175,0.0,0.0,0
2025-07-25,mom60,148181.9780682872,0.0,5,240149.04819867734,0.0,0.0,0
2025-07-28,mom60,148181.9780682872,0.0,5,239943.67597512703,0.0,0.0,0
2025-07-29,mom60,148181.9780682872,0.0,5,240265.23997711577,0.0,0.0,0
2025-07-30,mom60,148181.9780682872,0.0,5,240637.02163515793,0.0,0.0,0
2025-07-31,mom60,148181.9780682872,0.0,5,240275.80433853727,0.0,0.0,0
2025-08-01,mom60,15065.273089187216,70728.30470427482,10,245507.0277934054,203936.7873909477,536.2546657728429,5
2025-08-04,mom60,15065.273089187216,70728.30470427482,10,238732.3777933839,0.0,0.0,0
2025-08-05,mom60,85793.57779346204,0.0,10,238630.92779344443,0.0,0.0,0
2025-08-06,mom60,85793.57779346204,0.0,10,240347.2777933402,0.0,0.0,0
2025-08-07,mom60,85793.57779346204,0.0,10,245727.27779330697,0.0,0.0,0
2025-08-08,mom60,85793.57779346204,0.0,10,249328.07779342134,0.0,0.0,0
2025-08-11,mom60,85793.57779346204,0.0,10,251753.67779346532,0.0,0.0,0
2025-08-12,mom60,85793.57779346204,0.0,10,253406.87779337005,0.0,0.0,0
2025-08-13,mom60,85793.57779346204,0.0,10,254094.23844584537,0.0,0.0,0
2025-08-14,mom60,85793.57779346204,0.0,10,256834.0272176097,0.0,0.0,0
2025-08-15,mom60,85793.57779346204,0.0,10,258177.68255124183,0.0,0.0,0
2025-08-18,mom60,85793.57779346204,0.0,10,266967.93994817254,0.0,0.0,0
2025-08-19,mom60,85793.57779346204,0.0,10,265423.5347717182,0.0,0.0,0
2025-08-20,mom60,85793.57779346204,0.0,10,260449.22554367554,0.0,0.0,0
2025-08-21,mom60,85793.57779346204,0.0,10,264218.1285222245,0.0,0.0,0
2025-08-22,mom60,85793.57779346204,0.0,10,262223.6516440283,0.0,0.0,0
2025-08-25,mom60,85793.57779346204,0.0,10,265600.5453752229,0.0,0.0,0
2025-08-26,mom60,85793.57779346204,0.0,10,261240.76312936994,0.0,0.0,0
2025-08-27,mom60,85793.57779346204,0.0,10,268066.42153185006,0.0,0.0,0
2025-08-28,mom60,85793.57779346204,0.0,10,269204.59975962754,0.0,0.0,0
2025-08-29,mom60,85793.57779346204,0.0,10,271585.0169668035,0.0,0.0,0
2025-09-01,mom60,15031.10812806206,79109.61662279765,10,259160.83668386645,150122.67234308313,491.8213856854994,5
2025-09-02,mom60,15031.10812806206,79109.61662279765,10,252096.1611469466,0.0,0.0,0
2025-09-03,mom60,94140.7247508597,0.0,10,253863.58644511568,0.0,0.0,0
2025-09-04,mom60,94140.7247508597,0.0,10,247183.31078898703,0.0,0.0,0
2025-09-05,mom60,94140.7247508597,0.0,10,251862.97367658908,0.0,0.0,0
2025-09-08,mom60,94140.7247508597,0.0,10,255285.4112661581,0.0,0.0,0
2025-09-09,mom60,94140.7247508597,0.0,10,259776.56162438588,0.0,0.0,0
2025-09-10,mom60,94140.7247508597,0.0,10,257857.9237959523,0.0,0.0,0
2025-09-11,mom60,94140.7247508597,0.0,10,251725.36078887986,0.0,0.0,0
2025-09-12,mom60,94140.7247508597,0.0,10,249813.57355737127,0.0,0.0,0
2025-09-15,mom60,94140.7247508597,0.0,10,246101.63572927727,0.0,0.0,0
2025-09-16,mom60,94140.7247508597,0.0,10,252014.83584858547,0.0,0.0,0
2025-09-17,mom60,94140.7247508597,0.0,10,250310.83572910615,0.0,0.0,0
2025-09-18,mom60,94140.7247508597,0.0,10,252072.06078883598,0.0,0.0,0
2025-09-19,mom60,94140.7247508597,0.0,10,254926.9733185802,0.0,0.0,0
2025-09-22,mom60,94140.7247508597,0.0,10,258137.01162397861,0.0,0.0,0
2025-09-23,mom60,94140.7247508597,0.0,10,256554.0119821247,0.0,0.0,0
2025-09-24,mom60,94140.7247508597,0.0,10,253175.3615049746,0.0,0.0,0
2025-09-25,mom60,94140.7247508597,0.0,10,255241.24861716217,0.0,0.0,0
2025-09-26,mom60,94140.7247508597,0.0,10,248604.73513250268,0.0,0.0,0
2025-09-30,mom60,94140.7247508597,0.0,10,255179.6979011153,0.0,0.0,0
2025-10-01,mom60,19114.229128484723,64322.03483008166,9,256783.06395842409,139548.29153448512,413.2823267784554,6
2025-10-02,mom60,19114.229128484723,64322.03483008166,9,258812.06395856975,0.0,0.0,0
2025-10-03,mom60,83436.26395856639,0.0,9,265587.2639585514,0.0,0.0,0
2025-10-07,mom60,83436.26395856639,0.0,9,263400.5639587037,0.0,0.0,0
2025-10-08,mom60,83436.26395856639,0.0,9,261824.8639585736,0.0,0.0,0
2025-10-09,mom60,83436.26395856639,0.0,9,260493.0639584625,0.0,0.0,0
2025-10-13,mom60,83436.26395856639,0.0,9,256114.76395843798,0.0,0.0,0
2025-10-14,mom60,83436.26395856639,0.0,9,248309.26395872995,0.0,0.0,0
2025-10-15,mom60,83436.26395856639,0.0,9,251951.6639585872,0.0,0.0,0
2025-10-16,mom60,83436.26395856639,0.0,9,251661.56395852764,0.0,0.0,0
2025-10-17,mom60,83436.26395856639,0.0,9,247565.1639584295,0.0,0.0,0
2025-10-20,mom60,83436.26395856639,0.0,9,251800.16395858265,0.0,0.0,0
2025-10-21,mom60,83436.26395856639,0.0,9,253587.26395858589,0.0,0.0,0
2025-10-22,mom60,83436.26395856639,0.0,9,252340.76395839316,0.0,0.0,0
2025-10-23,mom60,83436.26395856639,0.0,9,249361.96395857044,0.0,0.0,0
2025-10-27,mom60,83436.26395856639,0.0,9,256340.0639585475,0.0,0.0,0
2025-10-28,mom60,83436.26395856639,0.0,9,253852.06395880785,0.0,0.0,0
2025-10-29,mom60,83436.26395856639,0.0,9,254137.36395837518,0.0,0.0,0
2025-10-30,mom60,83436.26395856639,0.0,9,249960.4639584599,0.0,0.0,0
2025-10-31,mom60,83436.26395856639,0.0,9,251633.96395848712,0.0,0.0,0
2025-11-03,mom60,28529.05101742889,112988.2806677004,5,250876.03168495267,168331.5175000756,592.286773512727,10
2025-11-04,mom60,28529.05101742889,112988.2806677004,5,246662.63168511319,0.0,0.0,0
2025-11-05,mom60,141517.3316851293,0.0,5,248530.53168505756,0.0,0.0,0
2025-11-06,mom60,141517.3316851293,0.0,5,251414.08168519614,0.0,0.0,0
2025-11-07,mom60,141517.3316851293,0.0,5,253655.98168501476,0.0,0.0,0
2025-11-10,mom60,141517.3316851293,0.0,5,252793.73168525627,0.0,0.0,0
2025-11-11,mom60,141517.3316851293,0.0,5,255498.98168501604,0.0,0.0,0
2025-11-12,mom60,141517.3316851293,0.0,5,262698.931685137,0.0,0.0,0
2025-11-13,mom60,141517.3316851293,0.0,5,266706.9316851492,0.0,0.0,0
2025-11-14,mom60,141517.3316851293,0.0,5,259054.83168521285,0.0,0.0,0
2025-11-17,mom60,141517.3316851293,0.0,5,262492.1316850473,0.0,0.0,0
2025-11-18,mom60,141517.3316851293,0.0,5,255708.53168520762,0.0,0.0,0
2025-11-19,mom60,141517.3316851293,0.0,5,254002.28168500005,0.0,0.0,0
2025-11-20,mom60,141517.3316851293,0.0,5,258899.2316852144,0.0,0.0,0
2025-11-21,mom60,141517.3316851293,0.0,5,251438.8816849699,0.0,0.0,0
2025-11-24,mom60,141517.3316851293,0.0,5,255472.33168515784,0.0,0.0,0
2025-11-25,mom60,141517.3316851293,0.0,5,262461.03168517206,0.0,0.0,0
2025-11-26,mom60,141517.3316851293,0.0,5,261081.2816851269,0.0,0.0,0
2025-11-27,mom60,141517.3316851293,0.0,5,265114.43168502324,0.0,0.0,0
2025-11-28,mom60,141517.3316851293,0.0,5,268501.08168504783,0.0,0.0,0
2025-12-01,mom60,15537.363974091804,37353.43638948291,10,264471.9503637255,163301.08924998285,364.3620715374485,5
2025-12-02,mom60,15537.363974091804,37353.43638948291,10,262587.4003636533,0.0,0.0,0
2025-12-03,mom60,52890.800363574715,0.0,10,261322.2003634394,0.0,0.0,0
2025-12-04,mom60,52890.800363574715,0.0,10,259243.8503637244,0.0,0.0,0
2025-12-05,mom60,52890.800363574715,0.0,10,264830.35036354105,0.0,0.0,0
2025-12-08,mom60,52890.800363574715,0.0,10,272923.60036352073,0.0,0.0,0
2025-12-09,mom60,52890.800363574715,0.0,10,280167.000363502,0.0,0.0,0
2025-12-10,mom60,52890.800363574715,0.0,10,282153.050363678,0.0,0.0,0
2025-12-11,mom60,52890.800363574715,0.0,10,290026.3003636596,0.0,0.0,0
2025-12-12,mom60,52890.800363574715,0.0,10,294781.7003635156,0.0,0.0,0
2025-12-15,mom60,52890.800363574715,0.0,10,292727.150363643,0.0,0.0,0
2025-12-16,mom60,52890.800363574715,0.0,10,283125.90036372846,0.0,0.0,0
2025-12-17,mom60,52890.800363574715,0.0,10,285792.7503634657,0.0,0.0,0
2025-12-18,mom60,52890.800363574715,0.0,10,286906.5003636745,0.0,0.0,0
2025-12-19,mom60,52890.800363574715,0.0,10,286387.5503634616,0.0,0.0,0
2025-12-22,mom60,52890.800363574715,0.0,10,290475.50036368094,0.0,0.0,0
2025-12-23,mom60,52890.800363574715,0.0,10,290900.90036339243,0.0,0.0,0
2025-12-24,mom60,52890.800363574715,0.0,10,295955.05036354176,0.0,0.0,0
2025-12-26,mom60,52890.800363574715,0.0,10,298447.0503637736,0.0,0.0,0
2025-12-29,mom60,52890.800363574715,0.0,10,300688.300363535,0.0,0.0,0
2025-12-30,mom60,52890.800363574715,0.0,10,307705.1503636461,0.0,0.0,0
2025-12-31,mom60,52890.800363574715,0.0,10,310055.35036354366,0.0,0.0,0
2026-01-02,mom60,15014.313078312216,186938.3369534548,5,319349.850031724,225591.46775013645,922.8650819441594,10
2026-01-05,mom60,15014.313078312216,186938.3369534548,5,325100.6000316538,0.0,0.0,0
2026-01-06,mom60,201952.650031767,0.0,5,333437.6500317925,0.0,0.0,0
2026-01-07,mom60,201952.650031767,0.0,5,336420.50003178406,0.0,0.0,0
2026-01-08,mom60,201952.650031767,0.0,5,334893.90003180166,0.0,0.0,0
2026-01-09,mom60,201952.650031767,0.0,5,328433.15003173484,0.0,0.0,0
2026-01-12,mom60,201952.650031767,0.0,5,336341.15003182733,0.0,0.0,0
2026-01-13,mom60,201952.650031767,0.0,5,336832.7000316838,0.0,0.0,0
2026-01-14,mom60,201952.650031767,0.0,5,340522.1000317163,0.0,0.0,0
2026-01-15,mom60,201952.650031767,0.0,5,339679.8000317479,0.0,0.0,0
2026-01-16,mom60,201952.650031767,0.0,5,343420.8000319084,0.0,0.0,0
2026-01-19,mom60,201952.650031767,0.0,5,356722.65003171295,0.0,0.0,0
2026-01-20,mom60,201952.650031767,0.0,5,351782.8000317969,0.0,0.0,0
2026-01-21,mom60,201952.650031767,0.0,5,342262.0000318371,0.0,0.0,0
2026-01-22,mom60,201952.650031767,0.0,5,340938.8500318489,0.0,0.0,0
2026-01-23,mom60,201952.650031767,0.0,5,339670.8500318356,0.0,0.0,0
2026-01-26,mom60,201952.650031767,0.0,5,350917.6500317558,0.0,0.0,0
2026-01-27,mom60,201952.650031767,0.0,5,348065.4000317362,0.0,0.0,0
2026-01-28,mom60,201952.650031767,0.0,5,353910.8500316177,0.0,0.0,0
2026-01-29,mom60,201952.650031767,0.0,5,352633.50003158895,0.0,0.0,0
2026-01-30,mom60,201952.650031767,0.0,5,354040.05003161763,0.0,0.0,0
2026-02-02,mom60,56932.624557717,0.0,13,333208.82455774065,144813.66599999997,206.35947405,2
2026-02-03,mom60,56932.624557717,0.0,13,324485.8745579096,0.0,0.0,0
2026-02-04,mom60,56932.624557717,0.0,13,333106.12455786945,0.0,0.0,0
2026-02-05,mom60,56932.624557717,0.0,13,317945.67455792136,0.0,0.0,0
2026-02-06,mom60,56932.624557717,0.0,13,306204.97455781064,0.0,0.0,0
2026-02-09,mom60,56932.624557717,0.0,13,316636.7245578793,0.0,0.0,0
2026-02-10,mom60,56932.624557717,0.0,13,315058.02455790935,0.0,0.0,0
2026-02-11,mom60,56932.624557717,0.0,13,319964.0245579086,0.0,0.0,0
2026-02-23,mom60,56932.624557717,0.0,13,332901.2745577036,0.0,0.0,0
2026-02-24,mom60,56932.624557717,0.0,13,348311.02455769776,0.0,0.0,0
2026-02-25,mom60,56932.624557717,0.0,13,345936.82455763867,0.0,0.0,0
2026-02-26,mom60,56932.624557717,0.0,13,351760.42455773015,0.0,0.0,0
2026-03-02,mom60,15083.218246142,154267.37429134958,10,346706.19253751275,196709.58549998704,778.5295202124612,5
2026-03-03,mom60,15083.218246142,154267.37429134958,10,337887.2925374756,0.0,0.0,0
2026-03-04,mom60,169350.59253749158,0.0,10,323386.29253763135,0.0,0.0,0
2026-03-05,mom60,169350.59253749158,0.0,10,332251.3425374592,0.0,0.0,0
2026-03-06,mom60,169350.59253749158,0.0,10,327386.2925375623,0.0,0.0,0
2026-03-09,mom60,169350.59253749158,0.0,10,316458.29253762856,0.0,0.0,0
2026-03-10,mom60,169350.59253749158,0.0,10,319175.79253752076,0.0,0.0,0
2026-03-11,mom60,169350.59253749158,0.0,10,331839.69253768434,0.0,0.0,0
2026-03-12,mom60,169350.59253749158,0.0,10,330456.242537625,0.0,0.0,0
2026-03-13,mom60,169350.59253749158,0.0,10,334196.9425374591,0.0,0.0,0
2026-03-16,mom60,169350.59253749158,0.0,10,345311.2925374503,0.0,0.0,0
2026-03-17,mom60,169350.59253749158,0.0,10,354912.0925374767,0.0,0.0,0
2026-03-18,mom60,169350.59253749158,0.0,10,360441.3925375239,0.0,0.0,0
2026-03-19,mom60,169350.59253749158,0.0,10,360328.99253738386,0.0,0.0,0
2026-03-20,mom60,169350.59253749158,0.0,10,353411.4925376119,0.0,0.0,0
2026-03-23,mom60,169350.59253749158,0.0,10,342045.09253758204,0.0,0.0,0
2026-03-24,mom60,169350.59253749158,0.0,10,331352.39253758476,0.0,0.0,0
2026-03-25,mom60,169350.59253749158,0.0,10,338526.69253747404,0.0,0.0,0
2026-03-26,mom60,169350.59253749158,0.0,10,336590.592537452,0.0,0.0,0
2026-03-27,mom60,169350.59253749158,0.0,10,332396.1501290194,0.0,0.0,0
2026-03-30,mom60,169350.59253749158,0.0,10,328807.56478882325,0.0,0.0,0
2026-03-31,mom60,169350.59253749158,0.0,10,318566.4797102909,0.0,0.0,0
2026-04-01,mom60,151327.40604299158,88628.74884966333,6,328864.55489266716,107035.31973039199,434.6773752286761,9
2026-04-02,mom60,151327.40604299158,88628.74884966333,6,331963.45489271235,0.0,0.0,0
2026-04-07,mom60,239956.15489265491,0.0,6,335599.1548926417,0.0,0.0,0
2026-04-08,mom60,239956.15489265491,0.0,6,339986.5548926324,0.0,0.0,0
2026-04-09,mom60,239956.15489265491,0.0,6,337308.9548925538,0.0,0.0,0
2026-04-10,mom60,239956.15489265491,0.0,6,337101.55489268946,0.0,0.0,0
2026-04-13,mom60,239956.15489265491,0.0,6,336075.15489260474,0.0,0.0,0
2026-04-14,mom60,239956.15489265491,0.0,6,333991.85489257623,0.0,0.0,0
2026-04-15,mom60,239956.15489265491,0.0,6,332543.154892602,0.0,0.0,0
2026-04-16,mom60,239956.15489265491,0.0,6,334231.15489258507,0.0,0.0,0
2026-04-17,mom60,239956.15489265491,0.0,6,331331.05489266146,0.0,0.0,0
2026-04-20,mom60,239956.15489265491,0.0,6,329434.5548925595,0.0,0.0,0
2026-04-21,mom60,239956.15489265491,0.0,6,333178.55489264673,0.0,0.0,0
2026-04-22,mom60,239956.15489265491,0.0,6,332793.55489261,0.0,0.0,0
2026-04-23,mom60,239956.15489265491,0.0,6,332612.4548927007,0.0,0.0,0
2026-04-24,mom60,239956.15489265491,0.0,6,336349.15489259537,0.0,0.0,0
2026-04-27,mom60,239956.15489265491,0.0,6,340328.6548926793,0.0,0.0,0
2026-04-28,mom60,239956.15489265491,0.0,6,342473.75489272433,0.0,0.0,0
2026-04-29,mom60,239956.15489265491,0.0,6,342845.45489260304,0.0,0.0,0
2026-04-30,mom60,239956.15489265491,0.0,6,346324.8548925766,0.0,0.0,0
2026-05-04,mom60,239956.15489265491,63001.79529143235,1,347596.9501840588,63320.60600010768,318.81070867532304,14
2026-05-05,mom60,239956.15489265491,63001.79529143235,1,347204.9501840485,0.0,0.0,0
2026-05-06,mom60,302957.95018408727,0.0,1,344999.9501840467,0.0,0.0,0
2026-05-07,mom60,302957.95018408727,0.0,1,346861.9501840731,0.0,0.0,0
2026-05-08,mom60,302957.95018408727,0.0,1,343039.9501840401,0.0,0.0,0
2026-05-11,mom60,302957.95018408727,0.0,1,345146.9501840618,0.0,0.0,0
2026-05-12,mom60,302957.95018408727,0.0,1,345832.95018405735,0.0,0.0,0
2026-05-13,mom60,302957.95018408727,0.0,1,346665.950184068,0.0,0.0,0
2026-05-14,mom60,302957.95018408727,0.0,1,346126.9501840426,0.0,0.0,0
2026-05-15,mom60,302957.95018408727,0.0,1,343186.9501840552,0.0,0.0,0
2026-05-18,mom60,302957.95018408727,0.0,1,342941.95018405997,0.0,0.0,0
2026-05-19,mom60,302957.95018408727,0.0,1,343039.9501840401,0.0,0.0,0
2026-05-20,mom60,302957.95018408727,0.0,1,343284.95018403535,0.0,0.0,0
2026-05-21,mom60,302957.95018408727,0.0,1,347302.95018407353,0.0,0.0,0
2026-05-22,mom60,302957.95018408727,0.0,1,350487.9501838767,0.0,0.0,0
2026-05-25,mom60,302957.95018408727,0.0,1,351467.95018412673,0.0,0.0,0
2026-05-26,mom60,302957.95018408727,0.0,1,356122.9501838563,0.0,0.0,0
2026-05-27,mom60,302957.95018408727,0.0,1,355877.95018413034,0.0,0.0,0
2026-05-28,mom60,302957.95018408727,0.0,1,353182.9501840035,0.0,0.0,0
2026-05-29,mom60,302957.95018408727,0.0,1,354652.95018415427,0.0,0.0,0
2026-06-01,mom60,265661.18592298724,51937.00726389127,2,352345.3931868766,89411.5420001417,283.91499735042504,13
2026-06-02,mom60,265661.18592298724,51937.00726389127,2,349600.9931868885,0.0,0.0,0
2026-06-03,mom60,317598.1931868785,0.0,2,349017.19318687584,0.0,0.0,0
2026-06-04,mom60,317598.1931868785,0.0,2,348310.39318689454,0.0,0.0,0
2026-06-05,mom60,317598.1931868785,0.0,2,348069.1931869038,0.0,0.0,0
2026-06-08,mom60,317598.1931868785,0.0,2,346425.19318689924,0.0,0.0,0
2026-06-09,mom60,317598.1931868785,0.0,2,346702.99318687245,0.0,0.0,0
2026-06-10,mom60,317598.1931868785,0.0,2,344172.19318689604,0.0,0.0,0
2026-06-11,mom60,317598.1931868785,0.0,2,343237.99318687414,0.0,0.0,0
2026-06-12,mom60,317598.1931868785,0.0,2,343442.59318688227,0.0,0.0,0
2026-06-15,mom60,317598.1931868785,0.0,2,345128.6964981355,0.0,0.0,0
2026-06-16,mom60,317598.1931868785,0.0,2,346582.119014701,0.0,0.0,0
2026-06-17,mom60,317598.1931868785,0.0,2,346187.8673590743,0.0,0.0,0
2026-06-18,mom60,317598.1931868785,0.0,2,347502.18523986364,0.0,0.0,0
2026-06-22,mom60,317598.1931868785,0.0,2,348125.2713325747,0.0,0.0,0
2026-06-23,mom60,317598.1931868785,0.0,2,347115.7693458443,0.0,0.0,0
2026-06-24,mom60,317598.1931868785,0.0,2,348332.37861735706,0.0,0.0,0
2026-06-25,mom60,317598.1931868785,0.0,2,348956.35477630823,0.0,0.0,0
2026-06-26,mom60,317598.1931868785,0.0,2,346320.47133260337,0.0,0.0,0
2026-06-29,mom60,317598.1931868785,0.0,2,346712.0607365677,0.0,0.0,0
2026-06-30,mom60,317598.1931868785,0.0,2,347425.61570344766,0.0,0.0,0
2026-07-01,mom60,298743.6937571285,30076.896957078665,1,347148.5907142253,49038.11566888532,160.37814155665598,14
2026-07-02,mom60,298743.6937571285,30076.896957078665,1,347136.8117939083,0.0,0.0,0
2026-07-03,mom60,328820.59071420715,0.0,1,347578.52130548866,0.0,0.0,0
2026-07-06,mom60,328820.59071420715,0.0,1,348844.7552386445,0.0,0.0,0
2026-07-07,mom60,328820.59071420715,0.0,1,346842.33878621965,0.0,0.0,0
2026-07-08,mom60,328820.59071420715,0.0,1,346695.102282328,0.0,0.0,0
2026-07-09,mom60,328820.59071420715,0.0,1,345693.8940561393,0.0,0.0,0
2026-07-13,mom60,328820.59071420715,0.0,1,344015.397912172,0.0,0.0,0
2026-07-14,mom60,328820.59071420715,0.0,1,342513.5855728179,0.0,0.0,0
2026-07-15,mom60,328820.59071420715,0.0,1,342071.8760612376,0.0,0.0,0
2026-07-16,mom60,328820.59071420715,0.0,1,341129.5624365866,0.0,0.0,0
2026-07-17,mom60,328820.59071420715,0.0,1,340275.5907141948,0.0,0.0,0
2026-07-20,mom60,328820.59071420715,0.0,1,339156.5932849307,0.0,0.0,0
2026-07-21,mom60,328820.59071420715,0.0,1,339156.5932849307,0.0,0.0,0
2026-07-22,mom60,328820.59071420715,0.0,1,339598.3027964636,0.0,0.0,0
2026-07-23,mom60,328820.59071420715,0.0,1,338921.0148787324,0.0,0.0,0
2026-07-24,mom60,328820.59071420715,0.0,1,338479.3053671521,0.0,0.0,0
2026-07-27,mom60,328820.59071420715,0.0,1,338008.14855485025,0.0,0.0,0
2026-07-28,mom60,328820.59071420715,0.0,1,337095.2822309208,0.0,0.0,0
2026-07-29,mom60,328820.59071420715,0.0,1,336270.75780934526,0.0,0.0,0
2026-07-30,mom60,328820.59071420715,0.0,1,335534.57529002894,0.0,0.0,0
2026-07-31,mom60,328820.59071420715,0.0,1,336182.4159069913,0.0,0.0,0
2026-08-03,mom60,165518.97729756348,7750.435643822343,9,343612.1629414347,170863.05684510764,275.755117929073,6
2026-08-04,mom60,165518.97729756348,7750.435643822343,9,349241.5129413952,0.0,0.0,0
2026-08-05,mom60,173269.41294138582,0.0,9,353442.9129414514,0.0,0.0,0
2026-08-06,mom60,173269.41294138582,0.0,9,355575.7629414266,0.0,0.0,0
2026-08-07,mom60,173269.41294138582,0.0,9,348221.1129413414,0.0,0.0,0
2026-08-10,mom60,173269.41294138582,0.0,9,352565.01294143347,0.0,0.0,0
2026-08-11,mom60,173269.41294138582,0.0,9,351326.462941393,0.0,0.0,0
2026-08-12,mom60,173269.41294138582,0.0,9,355882.2629413501,0.0,0.0,0
2026-08-13,mom60,173269.41294138582,0.0,9,355971.06935171434,0.0,0.0,0
2026-08-14,mom60,173269.41294138582,0.0,9,351089.24256616336,0.0,0.0,0
2026-08-17,mom60,173269.41294138582,0.0,9,356039.54899292777,0.0,0.0,0
2026-08-18,mom60,173269.41294138582,0.0,9,358314.88684918144,0.0,0.0,0
2026-08-19,mom60,173269.41294138582,0.0,9,359043.3861339621,0.0,0.0,0
2026-08-20,mom60,173269.41294138582,0.0,9,358497.6073840402,0.0,0.0,0
2026-08-21,mom60,173269.41294138582,0.0,9,356677.8782765515,0.0,0.0,0
2026-08-24,mom60,173269.41294138582,0.0,9,356965.80774159764,0.0,0.0,0
2026-08-25,mom60,173269.41294138582,0.0,9,360243.69720473466,0.0,0.0,0
2026-08-26,mom60,173269.41294138582,0.0,9,366539.8225596078,0.0,0.0,0
2026-08-27,mom60,173269.41294138582,0.0,9,373294.25737854897,0.0,0.0,0
2026-08-28,mom60,173269.41294138582,0.0,9,382335.2877350948,0.0,0.0,0
2026-08-31,mom60,173269.41294138582,0.0,9,384482.86112572334,0.0,0.0,0
2026-09-01,mom60,50110.90480016083,108693.91342878096,11,386896.65891344927,232160.2787500248,658.3594624688244,4
2026-09-02,mom60,50110.90480016083,108693.91342878096,11,388180.662126916,0.0,0.0,0
2026-09-03,mom60,158804.8182289418,0.0,11,377309.1485580066,0.0,0.0,0
2026-09-04,mom60,158804.8182289418,0.0,11,383701.88248560403,0.0,0.0,0
2026-09-07,mom60,158804.8182289418,0.0,11,380104.64605987037,0.0,0.0,0
2026-09-08,mom60,158804.8182289418,0.0,11,373697.2003463515,0.0,0.0,0
2026-09-09,mom60,158804.8182289418,0.0,11,379100.8185593198,0.0,0.0,0
2026-09-10,mom60,158804.8182289418,0.0,11,379327.83820262423,0.0,0.0,0
2026-09-11,mom60,158804.8182289418,0.0,11,375167.0460598457,0.0,0.0,0
2026-09-14,mom60,158804.8182289418,0.0,11,371553.54981273424,0.0,0.0,0
2026-09-15,mom60,158804.8182289418,0.0,11,372475.84195503395,0.0,0.0,0
2026-09-16,mom60,158804.8182289418,0.0,11,384645.55302591284,0.0,0.0,0
2026-09-17,mom60,158804.8182289418,0.0,11,385260.763205162,0.0,0.0,0
2026-09-18,mom60,158804.8182289418,0.0,11,395390.6428464162,0.0,0.0,0
2026-09-21,mom60,158804.8182289418,0.0,11,397102.6467751397,0.0,0.0,0
2026-09-22,mom60,158804.8182289418,0.0,11,402212.1294536791,0.0,0.0,0
2026-09-23,mom60,158804.8182289418,0.0,11,400042.37427593896,0.0,0.0,0
2026-09-24,mom60,158804.8182289418,0.0,11,403687.1837401282,0.0,0.0,0
2026-09-29,mom60,158804.8182289418,0.0,11,405627.06320541067,0.0,0.0,0
2026-09-30,mom60,158804.8182289418,0.0,11,410515.7230270989,0.0,0.0,0
2026-10-01,mom60,33608.74051314179,137740.02526071807,11,417334.26577379985,263371.7145392358,793.4149943177074,4
2026-10-02,mom60,33608.74051314179,137740.02526071807,11,419257.4657737465,0.0,0.0,0
2024-01-02,rev_yoy,36605.54149091255,0.0,14,299600.2414909408,263019.65549999994,374.80300908749985,1
2024-01-03,rev_yoy,36605.54149091255,0.0,14,296814.4914909586,0.0,0.0,0
2024-01-04,rev_yoy,36605.54149091255,0.0,14,296304.7414910213,0.0,0.0,0
2024-01-05,rev_yoy,36605.54149091255,0.0,14,298765.84149104304,0.0,0.0,0
2024-01-08,rev_yoy,36605.54149091255,0.0,14,302106.3414911132,0.0,0.0,0
2024-01-09,rev_yoy,36605.54149091255,0.0,14,298861.5914911095,0.0,0.0,0
2024-01-10,rev_yoy,36605.54149091255,0.0,14,296231.94149108743,0.0,0.0,0
2024-01-11,rev_yoy,36605.54149091255,0.0,14,297338.6414907801,0.0,0.0,0
2024-01-12,rev_yoy,36605.54149091255,0.0,14,296515.2914910665,0.0,0.0,0
2024-01-15,rev_yoy,36605.54149091255,0.0,14,297172.89149086626,0.0,0.0,0
2024-01-16,rev_yoy,36605.54149091255,0.0,14,292182.54149093176,0.0,0.0,0
2024-01-17,rev_yoy,36605.54149091255,0.0,14,289168.841491042,0.0,0.0,0
2024-01-18,rev_yoy,36605.54149091255,0.0,14,289331.3914910658,0.0,0.0,0
2024-01-19,rev_yoy,36605.54149091255,0.0,14,289322.9914910343,0.0,0.0,0
2024-01-22,rev_yoy,36605.54149091255,0.0,14,291214.69149087643,0.0,0.0,0
2024-01-23,rev_yoy,36605.54149091255,0.0,14,291198.94149094226,0.0,0.0,0
2024-01-24,rev_yoy,36605.54149091255,0.0,14,292407.6414909464,0.0,0.0,0
2024-01-25,rev_yoy,36605.54149091255,0.0,14,290000.241490998,0.0,0.0,0
2024-01-26,rev_yoy,36605.54149091255,0.0,14,289436.24149103684,0.0,0.0,0
2024-01-29,rev_yoy,36605.54149091255,0.0,14,292473.591491119,0.0,0.0,0
2024-01-30,rev_yoy,36605.54149091255,0.0,14,290325.79149114655,0.0,0.0,0
2024-01-31,rev_yoy,36605.54149091255,0.0,14,289846.6414910293,0.0,0.0,0
2024-02-01,rev_yoy,15007.325505012548,90738.58587162501,12,288256.56137668126,112673.22249994986,470.00961422484954,3
2024-02-02,rev_yoy,15007.325505012548,90738.58587162501,12,287730.6613766339,0.0,0.0,0
2024-02-05,rev_yoy,105745.91137663755,0.0,12,288315.5113767621,0.0,0.0,0
2024-02-15,rev_yoy,105745.91137663755,0.0,12,287321.5613766714,0.0,0.0,0
2024-02-16,rev_yoy,105745.91137663755,0.0,12,287250.61137666414,0.0,0.0,0
2024-02-19,rev_yoy,105745.91137663755,0.0,12,288585.31137681915,0.0,0.0,0
2024-02-20,rev_yoy,105745.91137663755,0.0,12,288370.51137665357,0.0,0.0,0
2024-02-21,rev_yoy,105745.91137663755,0.0,12,289570.0113767074,0.0,0.0,0
2024-02-22,rev_yoy,105745.91137663755,0.0,12,290216.71137657703,0.0,0.0,0
2024-02-23,rev_yoy,105745.91137663755,0.0,12,288952.21137667925,0.0,0.0,0
2024-02-26,rev_yoy,105745.91137663755,0.0,12,291198.661376696,0.0,0.0,0
2024-02-27,rev_yoy,105745.91137663755,0.0,12,290613.86137678527,0.0,0.0,0
2024-02-29,rev_yoy,105745.91137663755,0.0,12,293308.51137659885,0.0,0.0,0
2024-03-01,rev_yoy,15002.412380087564,105951.45105545476,12,293394.81343553687,196998.6429999922,638.0339410874767,3
2024-03-04,rev_yoy,15002.412380087564,105951.45105545476,12,295685.8134355855,0.0,0.0,0
2024-03-05,rev_yoy,120953.86343554233,0.0,12,295674.0634355694,0.0,0.0,0
2024-03-06,rev_yoy,120953.86343554233,0.0,12,297397.31343550456,0.0,0.0,0
2024-03-07,rev_yoy,120953.86343554233,0.0,12,298492.96343542915,0.0,0.0,0
2024-03-08,rev_yoy,120953.86343554233,0.0,12,296282.4034355286,0.0,0.0,0
2024-03-11,rev_yoy,120953.86343554233,0.0,12,296392.2634356859,0.0,0.0,0
2024-03-12,rev_yoy,120953.86343554233,0.0,12,300255.21343552007,0.0,0.0,0
2024-03-13,rev_yoy,120953.86343554233,0.0,12,299930.09343537816,0.0,0.0,0
2024-03-14,rev_yoy,120953.86343554233,0.0,12,300599.29343550693,0.0,0.0,0
2024-03-15,rev_yoy,120953.86343554233,0.0,12,297953.1634355575,0.0,0.0,0
2024-03-18,rev_yoy,120953.86343554233,0.0,12,297430.0534355833,0.0,0.0,0
2024-03-19,rev_yoy,120953.86343554233,0.0,12,297078.38343561854,0.0,0.0,0
2024-03-20,rev_yoy,120953.86343554233,0.0,12,295703.2134354595,0.0,0.0,0
2024-03-21,rev_yoy,120953.86343554233,0.0,12,301336.0534355425,0.0,0.0,0
2024-03-22,rev_yoy,120953.86343554233,0.0,12,300151.3334353711,0.0,0.0,0
2024-03-25,rev_yoy,120953.86343554233,0.0,12,303189.88343544386,0.0,0.0,0
2024-03-26,rev_yoy,120953.86343554233,0.0,12,302100.223435549,0.0,0.0,0
2024-03-27,rev_yoy,120953.86343554233,0.0,12,306631.4434355777,0.0,0.0,0
2024-03-28,rev_yoy,120953.86343554233,0.0,12,306819.60343541263,0.0,0.0,0
2024-03-29,rev_yoy,120953.86343554233,0.0,12,305706.4834354886,0.0,0.0,0
2024-04-01,rev_yoy,26401.907263367317,102827.05301813464,11,306269.56028148544,197687.19130003476,645.9594540751041,4
2024-04-02,rev_yoy,26401.907263367317,102827.05301813464,11,305897.1602815328,0.0,0.0,0
2024-04-03,rev_yoy,129228.96028150196,0.0,11,306465.810281476,0.0,0.0,0
2024-04-08,rev_yoy,129228.96028150196,0.0,11,310120.3102815399,0.0,0.0,0
2024-04-09,rev_yoy,129228.96028150196,0.0,11,312843.8102814794,0.0,0.0,0
2024-04-10,rev_yoy,129228.96028150196,0.0,11,317232.16028156504,0.0,0.0,0
2024-04-11,rev_yoy,129228.96028150196,0.0,11,314520.71028146346,0.0,0.0,0
2024-04-12,rev_yoy,129228.96028150196,0.0,11,317048.5102814608,0.0,0.0,0
2024-04-15,rev_yoy,129228.96028150196,0.0,11,319527.3602815228,0.0,0.0,0
2024-04-16,rev_yoy,129228.96028150196,0.0,11,313158.2602814376,0.0,0.0,0
2024-04-17,rev_yoy,129228.96028150196,0.0,11,318661.26028141764,0.0,0.0,0
2024-04-18,rev_yoy,129228.96028150196,0.0,11,323327.2602814782,0.0,0.0,0
2024-04-19,rev_yoy,129228.96028150196,0.0,11,320079.2602814933,0.0,0.0,0
2024-04-22,rev_yoy,129228.96028150196,0.0,11,321255.8602815233,0.0,0.0,0
2024-04-23,rev_yoy,129228.96028150196,0.0,11,324360.4602815861,0.0,0.0,0
2024-04-24,rev_yoy,129228.96028150196,0.0,11,324396.660281515,0.0,0.0,0
2024-04-25,rev_yoy,129228.96028150196,0.0,11,327079.21045569127,0.0,0.0,0
2024-04-26,rev_yoy,129228.96028150196,0.0,11,329422.6803163566,0.0,0.0,0
2024-04-29,rev_yoy,129228.96028150196,0.0,11,337497.5277030645,0.0,0.0,0
2024-04-30,rev_yoy,129228.96028150196,0.0,11,337817.26132678404,0.0,0.0,0
2024-05-02,rev_yoy,55454.917083201966,137299.59759957338,9,340539.0613727169,211612.35000000463,784.749598731264,6
2024-05-03,rev_yoy,55454.917083201966,137299.59759957338,9,341613.0052751397,0.0,0.0,0
2024-05-06,rev_yoy,192754.51468277533,0.0,9,339656.05788827466,0.0,0.0,0
2024-05-07,rev_yoy,192754.51468277533,0.0,9,333354.62095455057,0.0,0.0,0
2024-05-08,rev_yoy,192754.51468277533,0.0,9,330689.92792323953,0.0,0.0,0
2024-05-09,rev_yoy,192754.51468277533,0.0,9,327998.01241803006,0.0,0.0,0
2024-05-10,rev_yoy,192754.51468277533,0.0,9,327173.90980473254,0.0,0.0,0
2024-05-13,rev_yoy,192754.51468277533,0.0,9,328454.77356777014,0.0,0.0,0
2024-05-14,rev_yoy,192754.51468277533,0.0,9,325230.4305364344,0.0,0.0,0
2024-05-15,rev_yoy,192754.51468277533,0.0,9,327196.30597189546,0.0,0.0,0
2024-05-16,rev_yoy,192754.51468277533,0.0,9,330695.06067577365,0.0,0.0,0
2024-05-17,rev_yoy,192754.51468277533,0.0,9,332610.43436927535,0.0,0.0,0
2024-05-20,rev_yoy,192754.51468277533,0.0,9,331870.5916863084,0.0,0.0,0
2024-05-21,rev_yoy,192754.51468277533,0.0,9,329721.9442994838,0.0,0.0,0
2024-05-22,rev_yoy,192754.51468277533,0.0,9,330727.6951707114,0.0,0.0,0
2024-05-23,rev_yoy,192754.51468277533,0.0,9,326343.38053646055,0.0,0.0,0
2024-05-24,rev_yoy,192754.51468277533,0.0,9,327670.6942995358,0.0,0.0,0
2024-05-27,rev_yoy,192754.51468277533,0.0,9,328724.7033588166,0.0,0.0,0
2024-05-28,rev_yoy,192754.51468277533,0.0,9,330882.4197350796,0.0,0.0,0
2024-05-29,rev_yoy,192754.51468277533,0.0,9,332225.3343691804,0.0,0.0,0
2024-05-30,rev_yoy,192754.51468277533,0.0,9,331856.21886398725,0.0,0.0,0
2024-05-31,rev_yoy,192754.51468277533,0.0,9,336047.85370720807,0.0,0.0,0
2024-06-03,rev_yoy,136095.00276880033,40538.66132408279,8,338111.98674095736,97331.69900005795,294.7755899501739,7
2024-06-04,rev_yoy,136095.00276880033,40538.66132408279,8,339533.42210681894,0.0,0.0,0
2024-06-05,rev_yoy,176633.66409288312,0.0,8,335684.04928453756,0.0,0.0,0
2024-06-06,rev_yoy,176633.66409288312,0.0,8,337043.3492845751,0.0,0.0,0
2024-06-07,rev_yoy,176633.66409288312,0.0,8,341661.9738490068,0.0,0.0,0
2024-06-11,rev_yoy,176633.66409288312,0.0,8,340375.94370960817,0.0,0.0,0
2024-06-12,rev_yoy,176633.66409288312,0.0,8,337829.62350056093,0.0,0.0,0
2024-06-13,rev_yoy,176633.66409288312,0.0,8,339525.5033982713,0.0,0.0,0
2024-06-14,rev_yoy,176633.66409288312,0.0,8,340557.63563382707,0.0,0.0,0
2024-06-17,rev_yoy,176633.66409288312,0.0,8,337326.85871465236,0.0,0.0,0
2024-06-18,rev_yoy,176633.66409288312,0.0,8,337943.16752099467,0.0,0.0,0
2024-06-19,rev_yoy,176633.66409288312,0.0,8,337581.41863376065,0.0,0.0,0
2024-06-20,rev_yoy,176633.66409288312,0.0,8,336910.25498871075,0.0,0.0,0
2024-06-21,rev_yoy,176633.66409288312,0.0,8,335703.55784919264,0.0,0.0,0
2024-06-24,rev_yoy,176633.66409288312,0.0,8,335874.5722417,0.0,0.0,0
2024-06-25,rev_yoy,176633.66409288312,0.0,8,336244.5030104905,0.0,0.0,0
2024-06-26,rev_yoy,176633.66409288312,0.0,8,334476.02633296855,0.0,0.0,0
2024-06-27,rev_yoy,176633.66409288312,0.0,8,334177.6583667422,0.0,0.0,0
2024-06-28,rev_yoy,176633.66409288312,0.0,8,335105.42997556494,0.0,0.0,0
2024-07-01,rev_yoy,15001.7058307644,111688.42328533696,12,338782.59298341855,273542.46145285806,770.546929639824,3
2024-07-02,rev_yoy,15001.7058307644,111688.42328533696,12,338913.4943720459,0.0,0.0,0
2024-07-03,rev_yoy,126690.12911610137,0.0,12,336802.2555991352,0.0,0.0,0
2024-07-04,rev_yoy,126690.12911610137,0.0,12,338119.9060621044,0.0,0.0,0
2024-07-05,rev_yoy,126690.12911610137,0.0,12,336940.3555992191,0.0,0.0,0
2024-07-08,rev_yoy,126690.12911610137,0.0,12,334405.6223807349,0.0,0.0,0
2024-07-09,rev_yoy,126690.12911610137,0.0,12,332706.42330642557,0.0,0.0,0
2024-07-10,rev_yoy,126690.12911610137,0.0,12,342194.40177816217,0.0,0.0,0
2024-07-11,rev_yoy,126690.12911610137,0.0,12,345174.604092487,0.0,0.0,0
2024-07-12,rev_yoy,126690.12911610137,0.0,12,342481.3274723933,0.0,0.0,0
2024-07-15,rev_yoy,126690.12911610137,0.0,12,351766.63024960615,0.0,0.0,0
2024-07-16,rev_yoy,126690.12911610137,0.0,12,357260.25645232433,0.0,0.0,0
2024-07-17,rev_yoy,126690.12911610137,0.0,12,356833.9694628309,0.0,0.0,0
2024-07-18,rev_yoy,126690.12911610137,0.0,12,358114.5504803059,0.0,0.0,0
2024-07-19,rev_yoy,126690.12911610137,0.0,12,350746.1197892515,0.0,0.0,0
2024-07-22,rev_yoy,126690.12911610137,0.0,12,343963.6491454227,0.0,0.0,0
2024-07-23,rev_yoy,126690.12911610137,0.0,12,347647.80131933733,0.0,0.0,0
2024-07-26,rev_yoy,126690.12911610137,0.0,12,348888.52843428263,0.0,0.0,0
2024-07-29,rev_yoy,126690.12911610137,0.0,12,351652.2263168013,0.0,0.0,0
2024-07-30,rev_yoy,126690.12911610137,0.0,12,357457.9940487812,0.0,0.0,0
2024-07-31,rev_yoy,126690.12911610137,0.0,12,353638.8857975587,0.0,0.0,0
2024-08-01,rev_yoy,51282.66958838886,68141.54381525675,11,356025.4373589925,143753.09798113766,444.68769359341303,4
2024-08-02,rev_yoy,51282.66958838886,68141.54381525675,11,345225.7567632615,0.0,0.0,0
2024-08-05,rev_yoy,119424.21340364561,0.0,11,323694.2707326866,0.0,0.0,0
2024-08-06,rev_yoy,119424.21340364561,0.0,11,312966.94860939746,0.0,0.0,0
2024-08-07,rev_yoy,119424.21340364561,0.0,11,327363.0879525494,0.0,0.0,0
2024-08-08,rev_yoy,119424.21340364561,0.0,11,323155.59793344804,0.0,0.0,0
2024-08-09,rev_yoy,119424.21340364561,0.0,11,326720.06744704995,0.0,0.0,0
2024-08-12,rev_yoy,119424.21340364561,0.0,11,330055.79366628424,0.0,0.0,0
2024-08-13,rev_yoy,119424.21340364561,0.0,11,331832.0750970092,0.0,0.0,0
2024-08-14,rev_yoy,119424.21340364561,0.0,11,335682.8625040088,0.0,0.0,0
2024-08-15,rev_yoy,119424.21340364561,0.0,11,340166.869771917,0.0,0.0,0
2024-08-16,rev_yoy,119424.21340364561,0.0,11,346459.97928812925,0.0,0.0,0
2024-08-19,rev_yoy,119424.21340364561,0.0,11,348163.98024330614,0.0,0.0,0
2024-08-20,rev_yoy,119424.21340364561,0.0,11,341334.41937047173,0.0,0.0,0
2024-08-21,rev_yoy,119424.21340364561,0.0,11,339498.75104082015,0.0,0.0,0
2024-08-22,rev_yoy,119424.21340364561,0.0,11,333036.7143146805,0.0,0.0,0
2024-08-23,rev_yoy,119424.21340364561,0.0,11,329058.7186979888,0.0,0.0,0
2024-08-26,rev_yoy,119424.21340364561,0.0,11,329310.95593425306,0.0,0.0,0
2024-08-27,rev_yoy,119424.21340364561,0.0,11,331099.6154363422,0.0,0.0,0
2024-08-28,rev_yoy,119424.21340364561,0.0,11,331049.78755990585,0.0,0.0,0
2024-08-29,rev_yoy,119424.21340364561,0.0,11,330680.63797172136,0.0,0.0,0
2024-08-30,rev_yoy,119424.21340364561,0.0,11,337126.48329533095,0.0,0.0,0
2024-09-02,rev_yoy,43978.89105245187,90506.9861057777,10,331325.16610240634,166262.12530644704,524.530051863091,5
2024-09-03,rev_yoy,43978.89105245187,90506.9861057777,10,327595.9549724031,0.0,0.0,0
2024-09-04,rev_yoy,134485.8771582296,0.0,10,320996.4816098936,0.0,0.0,0
2024-09-05,rev_yoy,134485.8771582296,0.0,10,320220.3573249432,0.0,0.0,0
2024-09-06,rev_yoy,134485.8771582296,0.0,10,318944.2430112313,0.0,0.0,0
2024-09-09,rev_yoy,134485.8771582296,0.0,10,317151.2148678198,0.0,0.0,0
2024-09-10,rev_yoy,134485.8771582296,0.0,10,312424.19320300303,0.0,0.0,0
2024-09-11,rev_yoy,134485.8771582296,0.0,10,309743.08473265724,0.0,0.0,0
2024-09-12,rev_yoy,134485.8771582296,0.0,10,309524.58590483095,0.0,0.0,0
2024-09-13,rev_yoy,134485.8771582296,0.0,10,312370.20766900404,0.0,0.0,0
2024-09-16,rev_yoy,134485.8771582296,0.0,10,313250.3024895501,0.0,0.0,0
2024-09-18,rev_yoy,134485.8771582296,0.0,10,315501.0679431802,0.0,0.0,0
2024-09-19,rev_yoy,134485.8771582296,0.0,10,320812.1135236161,0.0,0.0,0
2024-09-20,rev_yoy,134485.8771582296,0.0,10,309839.79868361854,0.0,0.0,0
2024-09-23,rev_yoy,134485.8771582296,0.0,10,304402.87476821314,0.0,0.0,0
2024-09-24,rev_yoy,134485.8771582296,0.0,10,303186.61656152166,0.0,0.0,0
2024-09-25,rev_yoy,134485.8771582296,0.0,10,305307.15534923994,0.0,0.0,0
2024-09-26,rev_yoy,134485.8771582296,0.0,10,306381.2256866094,0.0,0.0,0
2024-09-27,rev_yoy,134485.8771582296,0.0,10,307976.701802211,0.0,0.0,0
2024-09-30,rev_yoy,134485.8771582296,0.0,10,306351.48415700695,0.0,0.0,0
2024-10-01,rev_yoy,15020.247838429586,77638.68442670273,13,302165.1910767679,197268.68100005292,566.1118931501587,2
2024-10-04,rev_yoy,15020.247838429586,77638.68442670273,13,296623.870907319,0.0,0.0,0
2024-10-07,rev_yoy,92658.93226513232,0.0,13,299240.32699904894,0.0,0.0,0
2024-10-08,rev_yoy,92658.93226513232,0.0,13,295687.45582872746,0.0,0.0,0
2024-10-09,rev_yoy,92658.93226513232,0.0,13,295479.3439508959,0.0,0.0,0
2024-10-11,rev_yoy,92658.93226513232,0.0,13,293542.4305472041,0.0,0.0,0
2024-10-14,rev_yoy,92658.93226513232,0.0,13,294110.67974228563,0.0,0.0,0
2024-10-15,rev_yoy,92658.93226513232,0.0,13,293238.19033971993,0.0,0.0,0
2024-10-16,rev_yoy,92658.93226513232,0.0,13,294718.18055196054,0.0,0.0,0
2024-10-17,rev_yoy,92658.93226513232,0.0,13,294187.6379155426,0.0,0.0,0
2024-10-18,rev_yoy,92658.93226513232,0.0,13,292407.55743477796,0.0,0.0,0
2024-10-21,rev_yoy,92658.93226513232,0.0,13,291207.9596774558,0.0,0.0,0
2024-10-22,rev_yoy,92658.93226513232,0.0,13,289765.09125524363,0.0,0.0,0
2024-10-23,rev_yoy,92658.93226513232,0.0,13,288255.4188012979,0.0,0.0,0
2024-10-24,rev_yoy,92658.93226513232,0.0,13,285689.5205773602,0.0,0.0,0
2024-10-25,rev_yoy,92658.93226513232,0.0,13,285969.32839658123,0.0,0.0,0
2024-10-28,rev_yoy,92658.93226513232,0.0,13,287456.4781080249,0.0,0.0,0
2024-10-29,rev_yoy,92658.93226513232,0.0,13,284236.54709378927,0.0,0.0,0
2024-10-30,rev_yoy,92658.93226513232,0.0,13,285147.94697326276,0.0,0.0,0
2024-11-01,rev_yoy,15014.803457044824,82922.16131460911,13,289960.45336722746,160819.76125058587,585.9042440642577,2
2024-11-04,rev_yoy,15014.803457044824,82922.16131460911,13,285713.0524254512,0.0,0.0,0
2024-11-05,rev_yoy,97936.96477165393,0.0,13,284501.236567515,0.0,0.0,0
2024-11-06,rev_yoy,97936.96477165393,0.0,13,285296.57968741003,0.0,0.0,0
2024-11-07,rev_yoy,97936.96477165393,0.0,13,284733.3805274841,0.0,0.0,0
2024-11-08,rev_yoy,97936.96477165393,0.0,13,284171.81170127244,0.0,0.0,0
2024-11-11,rev_yoy,97936.96477165393,0.0,13,288611.42788030393,0.0,0.0,0
2024-11-12,rev_yoy,97936.96477165393,0.0,13,285202.08935715194,0.0,0.0,0
2024-11-13,rev_yoy,97936.96477165393,0.0,13,283883.87004895986,0.0,0.0,0
2024-11-14,rev_yoy,97936.96477165393,0.0,13,282400.9758551034,0.0,0.0,0
2024-11-15,rev_yoy,97936.96477165393,0.0,13,288458.4711299782,0.0,0.0,0
2024-11-18,rev_yoy,97936.96477165393,0.0,13,287985.1570653755,0.0,0.0,0
2024-11-19,rev_yoy,97936.96477165393,0.0,13,293453.07738554606,0.0,0.0,0
2024-11-20,rev_yoy,97936.96477165393,0.0,13,292814.15853839053,0.0,0.0,0
2024-11-21,rev_yoy,97936.96477165393,0.0,13,299110.3607915185,0.0,0.0,0
2024-11-22,rev_yoy,97936.96477165393,0.0,13,301477.32009930204,0.0,0.0,0
2024-11-25,rev_yoy,97936.96477165393,0.0,13,305411.6290442023,0.0,0.0,0
2024-11-26,rev_yoy,97936.96477165393,0.0,13,304672.25925581355,0.0,0.0,0
2024-11-27,rev_yoy,97936.96477165393,0.0,13,299847.93886612577,0.0,0.0,0
2024-11-28,rev_yoy,97936.96477165393,0.0,13,297270.00282650115,0.0,0.0,0
2024-11-29,rev_yoy,97936.96477165393,0.0,13,301501.52202243626,0.0,0.0,0
2024-12-02,rev_yoy,60339.27730517894,54682.392704538346,9,299628.022180842,92525.49900006353,352.4197620001906,6
2024-12-03,rev_yoy,60339.27730517894,54682.392704538346,9,299947.16066423676,0.0,0.0,0
2024-12-04,rev_yoy,115021.67000971729,0.0,9,300200.48007151554,0.0,0.0,0
2024-12-05,rev_yoy,115021.67000971729,0.0,9,298065.17440765037,0.0,0.0,0
2024-12-06,rev_yoy,115021.67000971729,0.0,9,301702.52462866204,0.0,0.0,0
2024-12-09,rev_yoy,115021.67000971729,0.0,9,300598.63730440394,0.0,0.0,0
2024-12-10,rev_yoy,115021.67000971729,0.0,9,297451.28256167995,0.0,0.0,0
2024-12-11,rev_yoy,115021.67000971729,0.0,9,296056.41944585496,0.0,0.0,0
2024-12-12,rev_yoy,115021.67000971729,0.0,9,293787.44693557604,0.0,0.0,0
2024-12-13,rev_yoy,115021.67000971729,0.0,9,290278.4233981577,0.0,0.0,0
2024-12-16,rev_yoy,115021.67000971729,0.0,9,288082.43212864536,0.0,0.0,0
2024-12-17,rev_yoy,115021.67000971729,0.0,9,286681.48632740305,0.0,0.0,0
2024-12-18,rev_yoy,115021.67000971729,0.0,9,285638.2671378001,0.0,0.0,0
2024-12-19,rev_yoy,115021.67000971729,0.0,9,285262.91464316024,0.0,0.0,0
2024-12-20,rev_yoy,115021.67000971729,0.0,9,283873.5867421998,0.0,0.0,0
2024-12-23,rev_yoy,115021.67000971729,0.0,9,287986.27963885275,0.0,0.0,0
2024-12-24,rev_yoy,115021.67000971729,0.0,9,288896.28936284804,0.0,0.0,0
2024-12-25,rev_yoy,115021.67000971729,0.0,9,290570.167579293,0.0,0.0,0
2024-12-26,rev_yoy,115021.67000971729,0.0,9,290879.27009156585,0.0,0.0,0
2024-12-27,rev_yoy,115021.67000971729,0.0,9,289517.7974504336,0.0,0.0,0
2024-12-30,rev_yoy,115021.67000971729,0.0,9,294035.53322902386,0.0,0.0,0
2024-12-31,rev_yoy,115021.67000971729,0.0,9,292983.0861520554,0.0,0.0,0
2025-01-02,rev_yoy,15015.131650229803,82585.33280393452,12,290992.5646874362,182784.8049926124,541.052548165337,3
2025-01-03,rev_yoy,15015.131650229803,82585.33280393452,12,288600.0674441722,0.0,0.0,0
2025-01-06,rev_yoy,97600.46445416432,0.0,12,291068.8987517572,0.0,0.0,0
2025-01-07,rev_yoy,97600.46445416432,0.0,12,289713.39614436653,0.0,0.0,0
2025-01-08,rev_yoy,97600.46445416432,0.0,12,291771.04439262475,0.0,0.0,0
2025-01-09,rev_yoy,97600.46445416432,0.0,12,287554.83396315516,0.0,0.0,0
2025-01-10,rev_yoy,97600.46445416432,0.0,12,280763.09380723425,0.0,0.0,0
2025-01-13,rev_yoy,97600.46445416432,0.0,12,278118.8213942017,0.0,0.0,0
2025-01-14,rev_yoy,97600.46445416432,0.0,12,279241.7593766741,0.0,0.0,0
2025-01-15,rev_yoy,97600.46445416432,0.0,12,278693.262133342,0.0,0.0,0
2025-01-16,rev_yoy,97600.46445416432,0.0,12,279460.98532729887,0.0,0.0,0
2025-01-17,rev_yoy,97600.46445416432,0.0,12,280005.09697845136,0.0,0.0,0
2025-01-20,rev_yoy,97600.46445416432,0.0,12,281222.5313558372,0.0,0.0,0
2025-01-21,rev_yoy,97600.46445416432,0.0,12,281064.4517254499,0.0,0.0,0
2025-01-22,rev_yoy,97600.46445416432,0.0,12,282562.1145114115,0.0,0.0,0
2025-02-03,rev_yoy,15061.495924639334,87166.62856300901,13,282389.44020939723,169933.13623532123,587.0817018372136,2
2025-02-04,rev_yoy,15061.495924639334,87166.62856300901,13,277211.302899346,0.0,0.0,0
2025-02-05,rev_yoy,102228.12448764834,0.0,13,278094.7909688682,0.0,0.0,0
2025-02-06,rev_yoy,102228.12448764834,0.0,13,279447.1909688398,0.0,0.0,0
2025-02-07,rev_yoy,102228.12448764834,0.0,13,279659.1911858871,0.0,0.0,0
2025-02-10,rev_yoy,102228.12448764834,0.0,13,279752.26580612187,0.0,0.0,0
2025-02-11,rev_yoy,102228.12448764834,0.0,13,282170.2783875203,0.0,0.0,0
2025-02-12,rev_yoy,102228.12448764834,0.0,13,281697.56580619677,0.0,0.0,0
2025-02-13,rev_yoy,102228.12448764834,0.0,13,283470.45289934846,0.0,0.0,0
2025-02-14,rev_yoy,102228.12448764834,0.0,13,282807.2280620435,0.0,0.0,0
2025-02-17,rev_yoy,102228.12448764834,0.0,13,284742.95279078046,0.0,0.0,0
2025-02-18,rev_yoy,102228.12448764834,0.0,13,285125.1027908018,0.0,0.0,0
2025-02-19,rev_yoy,102228.12448764834,0.0,13,288760.71515524597,0.0,0.0,0
2025-02-20,rev_yoy,102228.12448764834,0.0,13,289867.1522483715,0.0,0.0,0
2025-02-21,rev_yoy,102228.12448764834,0.0,13,292284.00192284596,0.0,0.0,0
2025-02-24,rev_yoy,102228.12448764834,0.0,13,294511.838799123,0.0,0.0,0
2025-02-25,rev_yoy,102228.12448764834,0.0,13,291981.4263262576,0.0,0.0,0
2025-02-26,rev_yoy,102228.12448764834,0.0,13,290935.0893415652,0.0,0.0,0
2025-02-27,rev_yoy,102228.12448764834,0.0,13,288741.4517059977,0.0,0.0,0
2025-03-03,rev_yoy,15003.534239810846,55202.641479375394,13,284109.2757192662,142582.25178536898,447.95155383110693,2
2025-03-04,rev_yoy,15003.534239810846,55202.641479375394,13,283916.87571926584,0.0,0.0,0
2025-03-05,rev_yoy,70206.17571918624,0.0,13,285236.67571940884,0.0,0.0,0
2025-03-06,rev_yoy,70206.17571918624,0.0,13,282991.6757192128,0.0,0.0,0
2025-03-07,rev_yoy,70206.17571918624,0.0,13,281020.02571940026,0.0,0.0,0
2025-03-10,rev_yoy,70206.17571918624,0.0,13,279736.07571927994,0.0,0.0,0
2025-03-11,rev_yoy,70206.17571918624,0.0,13,277689.175719396,0.0,0.0,0
2025-03-12,rev_yoy,70206.17571918624,0.0,13,279098.0757192306,0.0,0.0,0
2025-03-13,rev_yoy,70206.17571918624,0.0,13,276967.37571929913,0.0,0.0,0
2025-03-14,rev_yoy,70206.17571918624,0.0,13,276330.22254014824,0.0,0.0,0
2025-03-17,rev_yoy,70206.17571918624,0.0,13,276117.8722511495,0.0,0.0,0
2025-03-18,rev_yoy,70206.17571918624,0.0,13,276075.37543030194,0.0,0.0,0
2025-03-19,rev_yoy,70206.17571918624,0.0,13,274021.6907481227,0.0,0.0,0
2025-03-20,rev_yoy,70206.17571918624,0.0,13,276521.9627134871,0.0,0.0,0
2025-03-21,rev_yoy,70206.17571918624,0.0,13,280097.0286094317,0.0,0.0,0
2025-03-24,rev_yoy,70206.17571918624,0.0,13,280501.6225399914,0.0,0.0,0
2025-03-25,rev_yoy,70206.17571918624,0.0,13,278531.0037539244,0.0,0.0,0
2025-03-26,rev_yoy,70206.17571918624,0.0,13,280492.9288985449,0.0,0.0,0
2025-03-27,rev_yoy,70206.17571918624,0.0,13,280805.0413261851,0.0,0.0,0
2025-03-28,rev_yoy,70206.17571918624,0.0,13,275986.30028574774,0.0,0.0,0
2025-03-31,rev_yoy,70206.17571918624,0.0,13,265537.2121355172,0.0,0.0,0
2025-04-01,rev_yoy,15623.184887117492,80980.19945690897,10,267970.32711854915,135883.48525009674,475.6351252565402,5
2025-04-02,rev_yoy,15623.184887117492,80980.19945690897,10,267803.9551531869,0.0,0.0,0
2025-04-07,rev_yoy,96603.38434402646,0.0,10,250833.90370822197,0.0,0.0,0
2025-04-08,rev_yoy,96603.38434402646,0.0,10,242453.87740768847,0.0,0.0,0
2025-04-09,rev_yoy,96603.38434402646,0.0,10,231963.38336144434,0.0,0.0,0
2025-04-10,rev_yoy,96603.38434402646,0.0,10,244227.18694524386,0.0,0.0,0
2025-04-11,rev_yoy,96603.38434402646,0.0,10,243123.44619368913,0.0,0.0,0
2025-04-14,rev_yoy,96603.38434402646,0.0,10,245401.97133817186,0.0,0.0,0
2025-04-15,rev_yoy,96603.38434402646,0.0,10,251646.40919948183,0.0,0.0,0
2025-04-16,rev_yoy,96603.38434402646,0.0,10,249139.23405501695,0.0,0.0,0
2025-04-17,rev_yoy,96603.38434402646,0.0,10,249675.1996619496,0.0,0.0,0
2025-04-18,rev_yoy,96603.38434402646,0.0,10,249332.9340550382,0.0,0.0,0
2025-04-21,rev_yoy,96603.38434402646,0.0,10,247882.47451749683,0.0,0.0,0
2025-04-22,rev_yoy,96603.38434402646,0.0,10,246508.72301455995,0.0,0.0,0
2025-04-23,rev_yoy,96603.38434402646,0.0,10,249578.00891049783,0.0,0.0,0
2025-04-24,rev_yoy,96603.38434402646,0.0,10,249307.73474391567,0.0,0.0,0
2025-04-25,rev_yoy,96603.38434402646,0.0,10,251179.8995938917,0.0,0.0,0
2025-04-28,rev_yoy,96603.38434402646,0.0,10,252660.4246489902,0.0,0.0,0
2025-04-29,rev_yoy,96603.38434402646,0.0,10,253661.81046643236,0.0,0.0,0
2025-04-30,rev_yoy,96603.38434402646,0.0,10,253075.91162593884,0.0,0.0,0
2025-05-02,rev_yoy,21168.02567087021,61944.76194028011,10,260681.42605048104,137553.131851798,387.69608467414406,5
2025-05-05,rev_yoy,21168.02567087021,61944.76194028011,10,262528.2511948636,0.0,0.0,0
2025-05-06,rev_yoy,83112.78761115031,0.0,10,261010.3887670876,0.0,0.0,0
2025-05-07,rev_yoy,83112.78761115031,0.0,10,258974.33876718552,0.0,0.0,0
2025-05-08,rev_yoy,83112.78761115031,0.0,10,258920.2887671942,0.0,0.0,0
2025-05-09,rev_yoy,83112.78761115031,0.0,10,259161.93240882485,0.0,0.0,0
2025-05-12,rev_yoy,83112.78761115031,0.0,10,258168.43587697146,0.0,0.0,0
2025-05-13,rev_yoy,83112.78761115031,0.0,10,257734.97951857344,0.0,0.0,0
2025-05-14,rev_yoy,83112.78761115031,0.0,10,258141.08269774658,0.0,0.0,0
2025-05-15,rev_yoy,83112.78761115031,0.0,10,255680.8511948748,0.0,0.0,0
2025-05-16,rev_yoy,83112.78761115031,0.0,10,257796.58240884863,0.0,0.0,0
2025-05-19,rev_yoy,83112.78761115031,0.0,10,257039.1355879823,0.0,0.0,0
2025-05-20,rev_yoy,83112.78761115031,0.0,10,257887.2043741105,0.0,0.0,0
2025-05-21,rev_yoy,83112.78761115031,0.0,10,259824.77633940085,0.0,0.0,0
2025-05-22,rev_yoy,83112.78761115031,0.0,10,259155.0136226031,0.0,0.0,0
2025-05-23,rev_yoy,83112.78761115031,0.0,10,258487.16044352425,0.0,0.0,0
2025-05-26,rev_yoy,83112.78761115031,0.0,10,260019.00119499146,0.0,0.0,0
2025-05-27,rev_yoy,83112.78761115031,0.0,10,257583.66362266592,0.0,0.0,0
2025-05-28,rev_yoy,83112.78761115031,0.0,10,255026.35090582905,0.0,0.0,0
2025-05-29,rev_yoy,83112.78761115031,0.0,10,254049.04136831302,0.0,0.0,0
2025-06-02,rev_yoy,15008.868221512814,67599.7117410804,11,248847.6334308103,135870.51300001796,442.2396485750539,4
2025-06-03,rev_yoy,15008.868221512814,67599.7117410804,11,249727.6895000695,0.0,0.0,0
2025-06-04,rev_yoy,82608.57996259321,0.0,11,253218.58314175782,0.0,0.0,0
2025-06-05,rev_yoy,82608.57996259321,0.0,11,252527.1143556105,0.0,0.0,0
2025-06-06,rev_yoy,82608.57996259321,0.0,11,253791.31753478397,0.0,0.0,0
2025-06-09,rev_yoy,82608.57996259321,0.0,11,251627.99528048534,0.0,0.0,0
2025-06-10,rev_yoy,82608.57996259321,0.0,11,252859.27678332382,0.0,0.0,0
2025-06-11,rev_yoy,82608.57996259321,0.0,11,252534.17042488395,0.0,0.0,0
2025-06-12,rev_yoy,82608.57996259321,0.0,11,252804.86088742636,0.0,0.0,0
2025-06-13,rev_yoy,82608.57996259321,0.0,11,249913.248170631,0.0,0.0,0
2025-06-16,rev_yoy,82608.57996259321,0.0,11,250024.66984688936,0.0,0.0,0
2025-06-17,rev_yoy,82608.57996259321,0.0,11,250602.4042400093,0.0,0.0,0
2025-06-18,rev_yoy,82608.57996259321,0.0,11,251183.2337541654,0.0,0.0,0
2025-06-19,rev_yoy,82608.57996259321,0.0,11,249545.9666988809,0.0,0.0,0
2025-06-20,rev_yoy,82608.57996259321,0.0,11,247815.02528661973,0.0,0.0,0
2025-06-23,rev_yoy,82608.57996259321,0.0,11,246431.57222778906,0.0,0.0,0
2025-06-24,rev_yoy,82608.57996259321,0.0,11,249489.72317753977,0.0,0.0,0
2025-06-25,rev_yoy,82608.57996259321,0.0,11,250947.03337600754,0.0,0.0,0
2025-06-26,rev_yoy,82608.57996259321,0.0,11,251903.72975624324,0.0,0.0,0
2025-06-27,rev_yoy,82608.57996259321,0.0,11,252227.62997650573,0.0,0.0,0
2025-06-30,rev_yoy,82608.57996259321,0.0,11,250557.88827018446,0.0,0.0,0
2025-07-01,rev_yoy,26049.13285596822,72485.26685463429,9,250832.84219625412,129303.51782638846,458.71207837916535,6
2025-07-02,rev_yoy,26049.13285596822,72485.26685463429,9,251153.90444756256,0.0,0.0,0
2025-07-03,rev_yoy,98534.3997106025,0.0,9,252979.3985202889,0.0,0.0,0
2025-07-04,rev_yoy,98534.3997106025,0.0,9,249678.86264608923,0.0,0.0,0
2025-07-07,rev_yoy,98534.3997106025,0.0,9,246822.8139005673,0.0,0.0,0
2025-07-08,rev_yoy,98534.3997106025,0.0,9,245980.77154221112,0.0,0.0,0
2025-07-09,rev_yoy,98534.3997106025,0.0,9,249011.11853356526,0.0,0.0,0
2025-07-10,rev_yoy,98534.3997106025,0.0,9,250812.1673656791,0.0,0.0,0
2025-07-11,rev_yoy,98534.3997106025,0.0,9,251000.17486058446,0.0,0.0,0
2025-07-14,rev_yoy,98534.3997106025,0.0,9,248701.30558131143,0.0,0.0,0
2025-07-15,rev_yoy,98534.3997106025,0.0,9,248652.76196827437,0.0,0.0,0
2025-07-16,rev_yoy,98534.3997106025,0.0,9,248130.10931838804,0.0,0.0,0
2025-07-17,rev_yoy,98534.3997106025,0.0,9,248356.80937269962,0.0,0.0,0
2025-07-18,rev_yoy,98534.3997106025,0.0,9,246608.59651499882,0.0,0.0,0
2025-07-21,rev_yoy,98534.3997106025,0.0,9,245691.5770344313,0.0,0.0,0
2025-07-22,rev_yoy,98534.3997106025,0.0,9,243417.52563247064,0.0,0.0,0
2025-07-23,rev_yoy,98534.3997106025,0.0,9,246858.01275203592,0.0,0.0,0
2025-07-24,rev_yoy,98534.3997106025,0.0,9,246524.25858825247,0.0,0.0,0
2025-07-25,rev_yoy,98534.3997106025,0.0,9,245927.3625101449,0.0,0.0,0
2025-07-28,rev_yoy,98534.3997106025,0.0,9,246309.0465083669,0.0,0.0,0
2025-07-29,rev_yoy,98534.3997106025,0.0,9,244787.12499497863,0.0,0.0,0
2025-07-30,rev_yoy,98534.3997106025,0.0,9,244489.81461191972,0.0,0.0,0
2025-07-31,rev_yoy,98534.3997106025,0.0,9,243511.3407736597,0.0,0.0,0
2025-08-01,rev_yoy,15010.085545221265,48247.24347404449,13,244049.72463297733,131804.3201314764,434.6023228131792,2
2025-08-04,rev_yoy,15010.085545221265,48247.24347404449,13,244847.7125006662,0.0,0.0,0
2025-08-05,rev_yoy,63257.32901926575,0.0,13,248392.75524149876,0.0,0.0,0
2025-08-06,rev_yoy,63257.32901926575,0.0,13,249024.53996522943,0.0,0.0,0
2025-08-07,rev_yoy,63257.32901926575,0.0,13,250562.73704788438,0.0,0.0,0
2025-08-08,rev_yoy,63257.32901926575,0.0,13,249166.14547780095,0.0,0.0,0
2025-08-11,rev_yoy,63257.32901926575,0.0,13,247505.16173553132,0.0,0.0,0
2025-08-12,rev_yoy,63257.32901926575,0.0,13,,0.0,0.0,0
2025-08-13,rev_yoy,63257.32901926575,0.0,13,245014.39449768089,0.0,0.0,0
2025-08-14,rev_yoy,63257.32901926575,0.0,13,246054.42490274867,0.0,0.0,0
2025-08-15,rev_yoy,63257.32901926575,0.0,13,246631.99358194965,0.0,0.0,0
2025-08-18,rev_yoy,63257.32901926575,0.0,13,247191.5848870496,0.0,0.0,0
2025-08-19,rev_yoy,63257.32901926575,0.0,13,246202.58608735044,0.0,0.0,0
2025-08-20,rev_yoy,63257.32901926575,0.0,13,242875.4191798938,0.0,0.0,0
2025-08-21,rev_yoy,63257.32901926575,0.0,13,244314.32276439507,0.0,0.0,0
2025-08-22,rev_yoy,63257.32901926575,0.0,13,245552.11593137254,0.0,0.0,0
2025-08-25,rev_yoy,63257.32901926575,0.0,13,246718.4833356918,0.0,0.0,0
2025-08-26,rev_yoy,63257.32901926575,0.0,13,245007.12457722067,0.0,0.0,0
2025-08-27,rev_yoy,63257.32901926575,0.0,13,247776.8551499322,0.0,0.0,0
2025-08-28,rev_yoy,63257.32901926575,0.0,13,249243.04247347437,0.0,0.0,0
2025-08-29,rev_yoy,63257.32901926575,0.0,13,248736.1084901299,0.0,0.0,0
2025-09-01,rev_yoy,15001.713083015751,126967.30119695852,8,246048.85879394703,175767.20476116077,731.8975004522323,7
2025-09-02,rev_yoy,15001.713083015751,126967.30119695852,8,245768.8058018447,0.0,0.0,0
2025-09-03,rev_yoy,141969.01427997428,0.0,8,246666.99574779457,0.0,0.0,0
2025-09-04,rev_yoy,141969.01427997428,0.0,8,251469.30788141798,0.0,0.0,0
2025-09-05,rev_yoy,141969.01427997428,0.0,8,250367.1302086246,0.0,0.0,0
2025-09-08,rev_yoy,141969.01427997428,0.0,8,249857.05666164597,0.0,0.0,0
2025-09-09,rev_yoy,141969.01427997428,0.0,8,249048.650145196,0.0,0.0,0
2025-09-10,rev_yoy,141969.01427997428,0.0,8,247883.89670611435,0.0,0.0,0
2025-09-11,rev_yoy,141969.01427997428,0.0,8,246478.7167210272,0.0,0.0,0
2025-09-12,rev_yoy,141969.01427997428,0.0,8,248023.2100663569,0.0,0.0,0
2025-09-15,rev_yoy,141969.01427997428,0.0,8,247745.69223178673,0.0,0.0,0
2025-09-16,rev_yoy,141969.01427997428,0.0,8,248792.5649952675,0.0,0.0,0
2025-09-17,rev_yoy,141969.01427997428,0.0,8,248500.13996845146,0.0,0.0,0
2025-09-18,rev_yoy,141969.01427997428,0.0,8,249631.0001536415,0.0,0.0,0
2025-09-19,rev_yoy,141969.01427997428,0.0,8,248336.45237373025,0.0,0.0,0
2025-09-22,rev_yoy,141969.01427997428,0.0,8,246764.42677445023,0.0,0.0,0
2025-09-23,rev_yoy,141969.01427997428,0.0,8,246321.1349193615,0.0,0.0,0
2025-09-24,rev_yoy,141969.01427997428,0.0,8,246233.47766310602,0.0,0.0,0
2025-09-25,rev_yoy,141969.01427997428,0.0,8,247319.0426088185,0.0,0.0,0
2025-09-26,rev_yoy,141969.01427997428,0.0,8,245609.06985485263,0.0,0.0,0
2025-09-30,rev_yoy,141969.01427997428,0.0,8,247070.21769231255,0.0,0.0,0
2025-10-01,rev_yoy,50244.14909084302,64586.35435416163,9,245272.1430627129,156471.38958413276,421.2139191023983,6
2025-10-02,rev_yoy,50244.14909084302,64586.35435416163,9,244238.44595714723,0.0,0.0,0
2025-10-03,rev_yoy,114830.50344500465,0.0,9,243379.16229533957,0.0,0.0,0
2025-10-07,rev_yoy,114830.50344500465,0.0,9,243820.09875520063,0.0,0.0,0
2025-10-08,rev_yoy,114830.50344500465,0.0,9,243715.85821902467,0.0,0.0,0
2025-10-09,rev_yoy,114830.50344500465,0.0,9,242954.45168117638,0.0,0.0,0
2025-10-13,rev_yoy,114830.50344500465,0.0,9,243500.33205372698,0.0,0.0,0
2025-10-14,rev_yoy,114830.50344500465,0.0,9,243696.04163080986,0.0,0.0,0
2025-10-15,rev_yoy,114830.50344500465,0.0,9,246523.11303512164,0.0,0.0,0
2025-10-16,rev_yoy,114830.50344500465,0.0,9,247177.8098373973,0.0,0.0,0
2025-10-17,rev_yoy,114830.50344500465,0.0,9,245577.96528894673,0.0,0.0,0
2025-10-20,rev_yoy,114830.50344500465,0.0,9,245797.7177036666,0.0,0.0,0
2025-10-21,rev_yoy,114830.50344500465,0.0,9,247595.05649871298,0.0,0.0,0
2025-10-22,rev_yoy,114830.50344500465,0.0,9,248667.60916474473,0.0,0.0,0
2025-10-23,rev_yoy,114830.50344500465,0.0,9,248265.32930758374,0.0,0.0,0
2025-10-27,rev_yoy,114830.50344500465,0.0,9,249334.9474505203,0.0,0.0,0
2025-10-28,rev_yoy,114830.50344500465,0.0,9,247553.62468982046,0.0,0.0,0
2025-10-29,rev_yoy,114830.50344500465,0.0,9,247618.439522888,0.0,0.0,0
2025-10-30,rev_yoy,114830.50344500465,0.0,9,247141.70317445684,0.0,0.0,0
2025-10-31,rev_yoy,114830.50344500465,0.0,9,249089.07803056244,0.0,0.0,0
2025-11-03,rev_yoy,15020.447150717158,54655.78260372006,12,246215.06831302418,154537.71712688194,453.95681744939594,3
2025-11-04,rev_yoy,15020.447150717158,54655.78260372006,12,246402.18721560214,0.0,0.0,0
2025-11-05,rev_yoy,69676.22975443721,0.0,12,245277.60293239797,0.0,0.0,0
2025-11-06,rev_yoy,69676.22975443721,0.0,12,247348.63646093576,0.0,0.0,0
2025-11-07,rev_yoy,69676.22975443721,0.0,12,246018.80992735323,0.0,0.0,0
2025-11-10,rev_yoy,69676.22975443721,0.0,12,245092.65007613203,0.0,0.0,0
2025-11-11,rev_yoy,69676.22975443721,0.0,12,246635.49731927662,0.0,0.0,0
2025-11-12,rev_yoy,69676.22975443721,0.0,12,246774.11550435837,0.0,0.0,0
2025-11-13,rev_yoy,69676.22975443721,0.0,12,246192.14303889038,0.0,0.0,0
2025-11-14,rev_yoy,69676.22975443721,0.0,12,243726.88479358796,0.0,0.0,0
2025-11-17,rev_yoy,69676.22975443721,0.0,12,241845.85457695893,0.0,0.0,0
2025-11-18,rev_yoy,69676.22975443721,0.0,12,238520.84520692198,0.0,0.0,0
2025-11-19,rev_yoy,69676.22975443721,0.0,12,237213.66190649,0.0,0.0,0
2025-11-20,rev_yoy,69676.22975443721,0.0,12,239479.16987670865,0.0,0.0,0
2025-11-21,rev_yoy,69676.22975443721,0.0,12,237151.33733394393,0.0,0.0,0
2025-11-24,rev_yoy,69676.22975443721,0.0,12,239195.8462890337,0.0,0.0,0
2025-11-25,rev_yoy,69676.22975443721,0.0,12,239922.89727275068,0.0,0.0,0
2025-11-26,rev_yoy,69676.22975443721,0.0,12,243691.87882012496,0.0,0.0,0
2025-11-27,rev_yoy,69676.22975443721,0.0,12,245997.53122677183,0.0,0.0,0
2025-11-28,rev_yoy,69676.22975443721,0.0,12,248290.86961030966,0.0,0.0,0
2025-12-01,rev_yoy,15011.33518105597,104239.07032489269,8,245989.61319896387,159308.81617309948,599.5799215880485,7
2025-12-02,rev_yoy,15011.33518105597,104239.07032489269,8,246724.0323644039,0.0,0.0,0
2025-12-03,rev_yoy,119250.40550594866,0.0,8,247563.86984825096,0.0,0.0,0
2025-12-04,rev_yoy,119250.40550594866,0.0,8,247597.9315168247,0.0,0.0,0
2025-12-05,rev_yoy,119250.40550594866,0.0,8,247810.88151700475,0.0,0.0,0
2025-12-08,rev_yoy,119250.40550594866,0.0,8,249119.14318567998,0.0,0.0,0
2025-12-09,rev_yoy,119250.40550594866,0.0,8,252772.86652340647,0.0,0.0,0
2025-12-10,rev_yoy,119250.40550594866,0.0,8,251281.97301254398,0.0,0.0,0
2025-12-11,rev_yoy,119250.40550594866,0.0,8,250822.59181133547,0.0,0.0,0
2025-12-12,rev_yoy,119250.40550594866,0.0,8,253282.91661558027,0.0,0.0,0
2025-12-15,rev_yoy,119250.40550594866,0.0,8,255251.62301260635,0.0,0.0,0
2025-12-16,rev_yoy,119250.40550594866,0.0,8,254509.57940948335,0.0,0.0,0
2025-12-17,rev_yoy,119250.40550594866,0.0,8,253842.89857502322,0.0,0.0,0
2025-12-18,rev_yoy,119250.40550594866,0.0,8,254364.34626104508,0.0,0.0,0
2025-12-19,rev_yoy,119250.40550594866,0.0,8,256692.7980940953,0.0,0.0,0
2025-12-22,rev_yoy,119250.40550594866,0.0,8,258098.46872608236,0.0,0.0,0
2025-12-23,rev_yoy,119250.40550594866,0.0,8,257143.5950220839,0.0,0.0,0
2025-12-24,rev_yoy,119250.40550594866,0.0,8,256459.0216843115,0.0,0.0,0
2025-12-26,rev_yoy,119250.40550594866,0.0,8,256666.8582715384,0.0,0.0,0
2025-12-29,rev_yoy,119250.40550594866,0.0,8,255888.9256038337,0.0,0.0,0
2025-12-30,rev_yoy,119250.40550594866,0.0,8,255168.0770702479,0.0,0.0,0
2025-12-31,rev_yoy,119250.40550594866,0.0,8,253968.70458014176,0.0,0.0,0
2026-01-02,rev_yoy,15014.071662836164,55120.37645727355,11,254539.32431245776,159464.06724991705,456.38363575600124,4
2026-01-05,rev_yoy,15014.071662836164,55120.37645727355,11,252814.9378395467,0.0,0.0,0
2026-01-06,rev_yoy,70134.44812010972,0.0,11,254277.5446029813,0.0,0.0,0
2026-01-07,rev_yoy,70134.44812010972,0.0,11,256758.3942363363,0.0,0.0,0
2026-01-08,rev_yoy,70134.44812010972,0.0,11,256914.84831917152,0.0,0.0,0
2026-01-09,rev_yoy,70134.44812010972,0.0,11,254462.38876067568,0.0,0.0,0
2026-01-12,rev_yoy,70134.44812010972,0.0,11,256270.07275673858,0.0,0.0,0
2026-01-13,rev_yoy,70134.44812010972,0.0,11,256605.5975861466,0.0,0.0,0
2026-01-14,rev_yoy,70134.44812010972,0.0,11,260598.33137850667,0.0,0.0,0
2026-01-15,rev_yoy,70134.44812010972,0.0,11,265505.6077633212,0.0,0.0,0
2026-01-16,rev_yoy,70134.44812010972,0.0,11,265686.9385978804,0.0,0.0,0
2026-01-19,rev_yoy,70134.44812010972,0.0,11,271520.3189762793,0.0,0.0,0
2026-01-20,rev_yoy,70134.44812010972,0.0,11,271948.6118461218,0.0,0.0,0
2026-01-21,rev_yoy,70134.44812010972,0.0,11,264516.80434935924,0.0,0.0,0
2026-01-22,rev_yoy,70134.44812010972,0.0,11,266683.2475859932,0.0,0.0,0
2026-01-23,rev_yoy,70134.44812010972,0.0,11,268255.482592679,0.0,0.0,0
2026-01-26,rev_yoy,70134.44812010972,0.0,11,272966.05824405875,0.0,0.0,0
2026-01-27,rev_yoy,70134.44812010972,0.0,11,272138.6286238622,0.0,0.0,0
2026-01-28,rev_yoy,70134.44812010972,0.0,11,275250.8114054359,0.0,0.0,0
2026-01-29,rev_yoy,70134.44812010972,0.0,11,275729.0719744434,0.0,0.0,0
2026-01-30,rev_yoy,70134.44812010972,0.0,11,276221.80883914116,0.0,0.0,0
2026-02-02,rev_yoy,15015.238863409731,77519.059723775,11,270164.5751471079,132888.29374998747,486.36928291246244,4
2026-02-03,rev_yoy,15015.238863409731,77519.059723775,11,269100.68977408536,0.0,0.0,0
2026-02-04,rev_yoy,92534.29858718473,0.0,11,272252.4758803966,0.0,0.0,0
2026-02-05,rev_yoy,92534.29858718473,0.0,11,270046.2908739055,0.0,0.0,0
2026-02-06,rev_yoy,92534.29858718473,0.0,11,267254.0300525862,0.0,0.0,0
2026-02-09,rev_yoy,92534.29858718473,0.0,11,268632.9446793411,0.0,0.0,0
2026-02-10,rev_yoy,92534.29858718473,0.0,11,269755.3755137412,0.0,0.0,0
2026-02-11,rev_yoy,92534.29858718473,0.0,11,269578.37429972994,0.0,0.0,0
2026-02-23,rev_yoy,92534.29858718473,0.0,11,273119.24456513784,0.0,0.0,0
2026-02-24,rev_yoy,92534.29858718473,0.0,11,274175.10854794446,0.0,0.0,0
2026-02-25,rev_yoy,92534.29858718473,0.0,11,274293.79862314154,0.0,0.0,0
2026-02-26,rev_yoy,92534.29858718473,0.0,11,273619.36029200844,0.0,0.0,0
2026-03-02,rev_yoy,15018.097502947254,80588.85479254715,13,274580.95229567855,158317.32324498208,503.7140366724463,2
2026-03-03,rev_yoy,15018.097502947254,80588.85479254715,13,269188.3522955804,0.0,0.0,0
2026-03-04,rev_yoy,95606.95229549441,0.0,13,263618.25229566416,0.0,0.0,0
2026-03-05,rev_yoy,95606.95229549441,0.0,13,268699.30229567783,0.0,0.0,0
2026-03-06,rev_yoy,95606.95229549441,0.0,13,269316.7022956002,0.0,0.0,0
2026-03-09,rev_yoy,95606.95229549441,0.0,13,262104.65229576427,0.0,0.0,0
2026-03-10,rev_yoy,95606.95229549441,0.0,13,264572.0022957802,0.0,0.0,0
2026-03-11,rev_yoy,95606.95229549441,0.0,13,270192.5522955685,0.0,0.0,0
2026-03-12,rev_yoy,95606.95229549441,0.0,13,266853.6022955819,0.0,0.0,0
2026-03-13,rev_yoy,95606.95229549441,0.0,13,267236.0522955786,0.0,0.0,0
2026-03-16,rev_yoy,95606.95229549441,0.0,13,270029.0022955708,0.0,0.0,0
2026-03-17,rev_yoy,95606.95229549441,0.0,13,273497.70229556854,0.0,0.0,0
2026-03-18,rev_yoy,95606.95229549441,0.0,13,273506.2522954886,0.0,0.0,0
2026-03-19,rev_yoy,95606.95229549441,0.0,13,269401.80229555676,0.0,0.0,0
2026-03-20,rev_yoy,95606.95229549441,0.0,13,269213.05229548697,0.0,0.0,0
2026-03-23,rev_yoy,95606.95229549441,0.0,13,263566.90229556616,0.0,0.0,0
2026-03-24,rev_yoy,95606.95229549441,0.0,13,263657.3022956344,0.0,0.0,0
2026-03-25,rev_yoy,95606.95229549441,0.0,13,268758.45229561103,0.0,0.0,0
2026-03-26,rev_yoy,95606.95229549441,0.0,13,266595.55229559535,0.0,0.0,0
2026-03-27,rev_yoy,95606.95229549441,0.0,13,266236.35229564353,0.0,0.0,0
2026-03-30,rev_yoy,95606.95229549441,0.0,13,264564.8022957613,0.0,0.0,0
2026-03-31,rev_yoy,95606.95229549441,0.0,13,258653.55229561497,0.0,0.0,0
2026-04-01,rev_yoy,95606.95229549441,37672.7147405846,7,262222.96703621687,37915.46999995948,242.75525937487845,8
2026-04-02,rev_yoy,95606.95229549441,37672.7147405846,7,260323.26703624442,0.0,0.0,0
2026-04-07,rev_yoy,133279.66703607902,0.0,7,262347.16703615553,0.0,0.0,0
2026-04-08,rev_yoy,133279.66703607902,0.0,7,266831.4670361207,0.0,0.0,0
2026-04-09,rev_yoy,133279.66703607902,0.0,7,264018.0670362578,0.0,0.0,0
2026-04-10,rev_yoy,133279.66703607902,0.0,7,267385.7670362281,0.0,0.0,0
2026-04-13,rev_yoy,133279.66703607902,0.0,7,266641.56703629484,0.0,0.0,0
2026-04-14,rev_yoy,133279.66703607902,0.0,7,266712.2670360942,0.0,0.0,0
2026-04-15,rev_yoy,133279.66703607902,0.0,7,265570.7670361757,0.0,0.0,0
2026-04-16,rev_yoy,133279.66703607902,0.0,7,265395.76703610795,0.0,0.0,0
2026-04-17,rev_yoy,133279.66703607902,0.0,7,264017.2670363019,0.0,0.0,0
2026-04-20,rev_yoy,133279.66703607902,0.0,7,262726.6670361206,0.0,0.0,0
2026-04-21,rev_yoy,133279.66703607902,0.0,7,266468.6670361712,0.0,0.0,0
2026-04-22,rev_yoy,133279.66703607902,0.0,7,268336.7670361536,0.0,0.0,0
2026-04-23,rev_yoy,133279.66703607902,0.0,7,265602.7670363333,0.0,0.0,0
2026-04-24,rev_yoy,133279.66703607902,0.0,7,264344.3670361479,0.0,0.0,0
2026-04-27,rev_yoy,133279.66703607902,0.0,7,265147.1670361317,0.0,0.0,0
2026-04-28,rev_yoy,133279.66703607902,0.0,7,266671.6670361297,0.0,0.0,0
2026-04-29,rev_yoy,133279.66703607902,0.0,7,266688.36703609803,0.0,0.0,0
2026-04-30,rev_yoy,133279.66703607902,0.0,7,265405.4670363052,0.0,0.0,0
2026-05-04,rev_yoy,38774.25906700404,13233.320400039376,11,268207.12946718186,107626.72100003948,231.76656907511847,4
2026-05-05,rev_yoy,38774.25906700404,13233.320400039376,11,270178.5794670992,0.0,0.0,0
2026-05-06,rev_yoy,52007.57946704341,0.0,11,273428.37946709583,0.0,0.0,0
2026-05-07,rev_yoy,52007.57946704341,0.0,11,273538.1794669897,0.0,0.0,0
2026-05-08,rev_yoy,52007.57946704341,0.0,11,270451.9794671089,0.0,0.0,0
2026-05-11,rev_yoy,52007.57946704341,0.0,11,274658.6294670537,0.0,0.0,0
2026-05-12,rev_yoy,52007.57946704341,0.0,11,273618.3794670315,0.0,0.0,0
2026-05-13,rev_yoy,52007.57946704341,0.0,11,274863.0794670885,0.0,0.0,0
2026-05-14,rev_yoy,52007.57946704341,0.0,11,275258.22946700547,0.0,0.0,0
2026-05-15,rev_yoy,52007.57946704341,0.0,11,272049.729466987,0.0,0.0,0
2026-05-18,rev_yoy,52007.57946704341,0.0,11,270771.47946699243,0.0,0.0,0
2026-05-19,rev_yoy,52007.57946704341,0.0,11,268274.87946713774,0.0,0.0,0
2026-05-20,rev_yoy,52007.57946704341,0.0,11,266375.0794670375,0.0,0.0,0
2026-05-21,rev_yoy,52007.57946704341,0.0,11,270253.82946715446,0.0,0.0,0
2026-05-22,rev_yoy,52007.57946704341,0.0,11,272502.3794670238,0.0,0.0,0
2026-05-25,rev_yoy,52007.57946704341,0.0,11,269993.6794670999,0.0,0.0,0
2026-05-26,rev_yoy,52007.57946704341,0.0,11,268330.97946706007,0.0,0.0,0
2026-05-27,rev_yoy,52007.57946704341,0.0,11,267215.27946707315,0.0,0.0,0
2026-05-28,rev_yoy,52007.57946704341,0.0,11,268771.27946709597,0.0,0.0,0
2026-05-29,rev_yoy,52007.57946704341,0.0,11,271179.02946683805,0.0,0.0,0
2026-06-01,rev_yoy,15009.300329043415,87129.58016114449,9,273908.1804902273,124462.37774990671,479.55622676222015,6
2026-06-02,rev_yoy,15009.300329043415,87129.58016114449,9,276336.2636779284,0.0,0.0,0
2026-06-03,rev_yoy,102138.8804901879,0.0,9,278811.88529368443,0.0,0.0,0
2026-06-04,rev_yoy,102138.8804901879,0.0,9,280408.7112761586,0.0,0.0,0
2026-06-05,rev_yoy,102138.8804901879,0.0,9,276741.976996663,0.0,0.0,0
2026-06-08,rev_yoy,102138.8804901879,0.0,9,269440.353634374,0.0,0.0,0
2026-06-09,rev_yoy,102138.8804901879,0.0,9,271249.2536342959,0.0,0.0,0
2026-06-10,rev_yoy,102138.8804901879,0.0,9,269922.600359138,0.0,0.0,0
2026-06-11,rev_yoy,102138.8804901879,0.0,9,269650.5953373872,0.0,0.0,0
2026-06-12,rev_yoy,102138.8804901879,0.0,9,274814.1186997387,0.0,0.0,0
2026-06-15,rev_yoy,102138.8804901879,0.0,9,277744.0086561147,0.0,0.0,0
2026-06-16,rev_yoy,102138.8804901879,0.0,9,280501.9453373348,0.0,0.0,0
2026-06-17,rev_yoy,102138.8804901879,0.0,9,282545.59206216474,0.0,0.0,0
2026-06-18,rev_yoy,102138.8804901879,0.0,9,283056.57699672563,0.0,0.0,0
2026-06-22,rev_yoy,102138.8804901879,0.0,9,284422.41695306636,0.0,0.0,0
2026-06-23,rev_yoy,102138.8804901879,0.0,9,278732.95363420504,0.0,0.0,0
2026-06-24,rev_yoy,102138.8804901879,0.0,9,278414.80363430467,0.0,0.0,0
2026-06-25,rev_yoy,102138.8804901879,0.0,9,282279.008656102,0.0,0.0,0
2026-06-26,rev_yoy,102138.8804901879,0.0,9,276299.3205624125,0.0,0.0,0
2026-06-29,rev_yoy,102138.8804901879,0.0,9,277325.0773524841,0.0,0.0,0
2026-06-30,rev_yoy,102138.8804901879,0.0,9,278175.9096291374,0.0,0.0,0
2026-07-01,rev_yoy,64208.89452232541,55014.28500645979,8,273287.6950875515,93139.7869999722,332.15496137491664,7
2026-07-02,rev_yoy,64208.89452232541,55014.28500645979,8,272952.74940853514,0.0,0.0,0
2026-07-03,rev_yoy,119223.1795287852,0.0,8,275878.47294886,0.0,0.0,0
2026-07-06,rev_yoy,119223.1795287852,0.0,8,278569.6502872824,0.0,0.0,0
2026-07-07,rev_yoy,119223.1795287852,0.0,8,274519.6836656122,0.0,0.0,0
2026-07-08,rev_yoy,119223.1795287852,0.0,8,273775.46129300667,0.0,0.0,0
2026-07-09,rev_yoy,119223.1795287852,0.0,8,278295.43372438225,0.0,0.0,0
2026-07-13,rev_yoy,119223.1795287852,0.0,8,276442.77268248145,0.0,0.0,0
2026-07-14,rev_yoy,119223.1795287852,0.0,8,277976.86943056504,0.0,0.0,0
2026-07-15,rev_yoy,119223.1795287852,0.0,8,282863.14733040286,0.0,0.0,0
2026-07-16,rev_yoy,119223.1795287852,0.0,8,278618.9264757222,0.0,0.0,0
2026-07-17,rev_yoy,119223.1795287852,0.0,8,272236.688239369,0.0,0.0,0
2026-07-20,rev_yoy,119223.1795287852,0.0,8,270495.5734326957,0.0,0.0,0
2026-07-21,rev_yoy,119223.1795287852,0.0,8,273694.9150085414,0.0,0.0,0
2026-07-22,rev_yoy,119223.1795287852,0.0,8,278016.72681788646,0.0,0.0,0
2026-07-23,rev_yoy,119223.1795287852,0.0,8,276125.4656565355,0.0,0.0,0
2026-07-24,rev_yoy,119223.1795287852,0.0,8,273006.4436397596,0.0,0.0,0
2026-07-27,rev_yoy,119223.1795287852,0.0,8,275828.0374989591,0.0,0.0,0
2026-07-28,rev_yoy,119223.1795287852,0.0,8,269555.7349639121,0.0,0.0,0
2026-07-29,rev_yoy,119223.1795287852,0.0,8,264427.3025811602,0.0,0.0,0
2026-07-30,rev_yoy,119223.1795287852,0.0,8,262934.672030041,0.0,0.0,0
2026-07-31,rev_yoy,119223.1795287852,0.0,8,266982.5369609304,0.0,0.0,0
2026-08-03,rev_yoy,15030.601169647714,33278.76749013573,12,271584.6890166862,137479.8756505875,356.4755195892625,3
2026-08-04,rev_yoy,15030.601169647714,33278.76749013573,12,277629.46157051245,0.0,0.0,0
2026-08-05,rev_yoy,48309.368659783446,0.0,12,279891.4089358378,0.0,0.0,0
2026-08-06,rev_yoy,48309.368659783446,0.0,12,281577.2755117384,0.0,0.0,0
2026-08-07,rev_yoy,48309.368659783446,0.0,12,282490.1327186804,0.0,0.0,0
2026-08-10,rev_yoy,48309.368659783446,0.0,12,289251.21289026,0.0,0.0,0
2026-08-11,rev_yoy,48309.368659783446,0.0,12,283627.85857711243,0.0,0.0,0
2026-08-12,rev_yoy,48309.368659783446,0.0,12,284095.3778601353,0.0,0.0,0
2026-08-13,rev_yoy,48309.368659783446,0.0,12,288010.37614742114,0.0,0.0,0
2026-08-14,rev_yoy,48309.368659783446,0.0,12,287275.65487182344,0.0,0.0,0
2026-08-17,rev_yoy,48309.368659783446,0.0,12,288969.0074480866,0.0,0.0,0
2026-08-18,rev_yoy,48309.368659783446,0.0,12,286597.2390662426,0.0,0.0,0
2026-08-19,rev_yoy,48309.368659783446,0.0,12,283421.8860730904,0.0,0.0,0
2026-08-20,rev_yoy,48309.368659783446,0.0,12,290850.71367434,0.0,0.0,0
2026-08-21,rev_yoy,48309.368659783446,0.0,12,296895.61164683057,0.0,0.0,0
2026-08-24,rev_yoy,48309.368659783446,0.0,12,289735.6369636607,0.0,0.0,0
2026-08-25,rev_yoy,48309.368659783446,0.0,12,290059.7558460549,0.0,0.0,0
2026-08-26,rev_yoy,48309.368659783446,0.0,12,292915.61237357877,0.0,0.0,0
2026-08-27,rev_yoy,48309.368659783446,0.0,12,295739.5693258856,0.0,0.0,0
2026-08-28,rev_yoy,48309.368659783446,0.0,12,293243.09239507397,0.0,0.0,0
2026-08-31,rev_yoy,48309.368659783446,0.0,12,291891.1304527622,0.0,0.0,0
2026-09-01,rev_yoy,15026.53617852095,122409.69655567662,8,289018.01525236794,156188.55456254553,630.2859881313865,7
2026-09-02,rev_yoy,15026.53617852095,122409.69655567662,8,291070.46525235847,0.0,0.0,0
2026-09-03,rev_yoy,137436.23273419758,0.0,8,285293.3623238035,0.0,0.0,0
2026-09-04,rev_yoy,137436.23273419758,0.0,8,287674.2920566959,0.0,0.0,0
2026-09-07,rev_yoy,137436.23273419758,0.0,8,289681.4528344618,0.0,0.0,0
2026-09-08,rev_yoy,137436.23273419758,0.0,8,290176.2766862273,0.0,0.0,0
2026-09-09,rev_yoy,137436.23273419758,0.0,8,290625.8773422135,0.0,0.0,0
2026-09-10,rev_yoy,137436.23273419758,0.0,8,287850.1279984104,0.0,0.0,0
2026-09-11,rev_yoy,137436.23273419758,0.0,8,284560.0548026637,0.0,0.0,0
2026-09-14,rev_yoy,137436.23273419758,0.0,8,280253.4564427994,0.0,0.0,0
2026-09-15,rev_yoy,137436.23273419758,0.0,8,279383.61330791644,0.0,0.0,0
2026-09-16,rev_yoy,137436.23273419758,0.0,8,282971.698593683,0.0,0.0,0
2026-09-17,rev_yoy,137436.23273419758,0.0,8,282491.9427127242,0.0,0.0,0
2026-09-18,rev_yoy,137436.23273419758,0.0,8,289013.2021782391,0.0,0.0,0
2026-09-21,rev_yoy,137436.23273419758,0.0,8,287524.79041636596,0.0,0.0,0
2026-09-22,rev_yoy,137436.23273419758,0.0,8,284661.2044745678,0.0,0.0,0
2026-09-23,rev_yoy,137436.23273419758,0.0,8,283496.3638193544,0.0,0.0,0
2026-09-24,rev_yoy,137436.23273419758,0.0,8,282083.01480343286,0.0,0.0,0
2026-09-29,rev_yoy,137436.23273419758,0.0,8,281665.75877383526,0.0,0.0,0
2026-09-30,rev_yoy,137436.23273419758,0.0,8,283612.3440882453,0.0,0.0,0
2026-10-01,rev_yoy,15058.788606072603,13958.483364986556,14,284677.35720572615,136217.84174998652,242.20901312495954,1
2026-10-02,rev_yoy,15058.788606072603,13958.483364986556,14,285710.2963705459,0.0,0.0,0
